Property ID,Address,Postal_Code,Property_Type,Sale Type,Sale Date,Price,Total Sales,City,Floor_Count,Heating_Type,Link,Living_Area,Roof_Type,Rooms,URL,Wall_Material,Weighted_Area
raeveskovsvej-14a-2820-gentofte-01570670_14a_______,Ræveskovsvej 14A,2820,Villa,Tvangsauktion,04-02-2025,9814803.0,2,Gentofte,2.0,Centralvarme med én fyringsenhed,/adresse/raeveskovsvej-14a-2820-gentofte-01570670_14a_______,179.0,Tagpap med stor hældning,7.0,https://www.boligsiden.dk/adresse/raeveskovsvej-14a-2820-gentofte-01570670_14a_______,Andet materiale,189.75
vejlegaardsparken-82-0-mf-2665-vallensbaek-strand-01879267__82_st__mf,"Vejlegårdsparken 82, st. mf.",2665,Ejerlejlighed,Tvangsauktion,03-02-2025,1455883.0,3,Vallensbæk Strand,1,Fjernvarme/blokvarme,/adresse/vejlegaardsparken-82-0-mf-2665-vallensbaek-strand-01879267__82_st__mf,63.0,Tagpap med stor hældning,2.0,https://www.boligsiden.dk/adresse/vejlegaardsparken-82-0-mf-2665-vallensbaek-strand-01879267__82_st__mf,Betonelementer,Ikke oplyst
hulkaervej-2-2640-hedehusene-01692977___2_______,Hulkærvej 2,2640,Villa,Tvangsauktion,31-10-2024,4675000.0,3,Hedehusene,1.0,Fjernvarme/blokvarme,/adresse/hulkaervej-2-2640-hedehusene-01692977___2_______,218.0,Fibercement herunder asbest,3.0,https://www.boligsiden.dk/adresse/hulkaervej-2-2640-hedehusene-01692977___2_______,Letbetonsten,226.8
hulkaervej-2-2640-hedehusene-01692977___2_______,Hulkærvej 2,2640,Villa,Tvangsauktion,10-05-2023,4675000.0,3,Hedehusene,1.0,Fjernvarme/blokvarme,/adresse/hulkaervej-2-2640-hedehusene-01692977___2_______,218.0,Fibercement herunder asbest,3.0,https://www.boligsiden.dk/adresse/hulkaervej-2-2640-hedehusene-01692977___2_______,Letbetonsten,226.8
soellingsvej-11-2920-charlottenlund-01570831__11_______,Søllingsvej 11,2920,Villa,Tvangsauktion,22-10-2024,10200000.0,2,Charlottenlund,2.0,Centralvarme med én fyringsenhed,/adresse/soellingsvej-11-2920-charlottenlund-01570831__11_______,211.0,Tagpap med stor hældning,8.0,https://www.boligsiden.dk/adresse/soellingsvej-11-2920-charlottenlund-01570831__11_______,Mursten,262.6
vangeporten-3-1-2920-charlottenlund-01570907___3__1____,"Vangeporten 3, 1.",2920,Ejerlejlighed,Tvangsauktion,16-09-2024,4459254.0,3,Charlottenlund,2.0,Fjernvarme/blokvarme,/adresse/vangeporten-3-1-2920-charlottenlund-01570907___3__1____,121.0,Tegl,4.0,https://www.boligsiden.dk/adresse/vangeporten-3-1-2920-charlottenlund-01570907___3__1____,Mursten,Ikke oplyst
gamlehave-alle-12-2920-charlottenlund-01570267__12_______,Gamlehave Alle 12,2920,Villa,Tvangsauktion,15-08-2024,16804894.0,3,Charlottenlund,1.0,Fjernvarme/blokvarme,/adresse/gamlehave-alle-12-2920-charlottenlund-01570267__12_______,302.0,Tegl,11.0,https://www.boligsiden.dk/adresse/gamlehave-alle-12-2920-charlottenlund-01570267__12_______,Mursten,352.9
murskeen-2-2-23-2630-taastrup-01695125___2__2__23,"Murskeen 2, 2. 23.",2630,Ejerlejlighed,Tvangsauktion,07-04-2024,1435000.0,3,Taastrup,1,Fjernvarme/blokvarme,/adresse/murskeen-2-2-23-2630-taastrup-01695125___2__2__23,71.0,Tagpap med lille hældning,2.0,https://www.boligsiden.dk/adresse/murskeen-2-2-23-2630-taastrup-01695125___2__2__23,Betonelementer,Ikke oplyst
gerdasvej-51-2600-glostrup-01610169__51_______,Gerdasvej 51,2600,Villa,Tvangsauktion,01-04-2024,1400000.0,3,Glostrup,1.0,Centralvarme med én fyringsenhed,/adresse/gerdasvej-51-2600-glostrup-01610169__51_______,91.0,Tagpap med stor hældning,4.0,https://www.boligsiden.dk/adresse/gerdasvej-51-2600-glostrup-01610169__51_______,Mursten,126.6
gerdasvej-51-2600-glostrup-01610169__51_______,Gerdasvej 51,2600,Villa,Tvangsauktion,27-01-2014,1400000.0,3,Glostrup,1.0,Centralvarme med én fyringsenhed,/adresse/gerdasvej-51-2600-glostrup-01610169__51_______,91.0,Tagpap med stor hældning,4.0,https://www.boligsiden.dk/adresse/gerdasvej-51-2600-glostrup-01610169__51_______,Mursten,126.6
virum-overdrevsvej-26-2830-virum-01730868__26_______,Virum Overdrevsvej 26,2830,Villa,Tvangsauktion,05-03-2024,3876000.0,3,Virum,1.0,Centralvarme med én fyringsenhed,/adresse/virum-overdrevsvej-26-2830-virum-01730868__26_______,205.0,Tegl,7.0,https://www.boligsiden.dk/adresse/virum-overdrevsvej-26-2830-virum-01730868__26_______,Mursten,240.25
kildemosen-25-2880-bagsvaerd-01590410__25_______,Kildemosen 25,2880,Villa,Tvangsauktion,25-02-2024,6066440.0,2,Bagsværd,1.0,Centralvarme med én fyringsenhed,/adresse/kildemosen-25-2880-bagsvaerd-01590410__25_______,290.0,Tegl,4.0,https://www.boligsiden.dk/adresse/kildemosen-25-2880-bagsvaerd-01590410__25_______,Mursten,49
emtedalen-1b-2730-herlev-01631526__1b_______,Emtedalen 1B,2730,Villa,Tvangsauktion,06-11-2023,3220000.0,2,Herlev,1.0,Centralvarme med én fyringsenhed,/adresse/emtedalen-1b-2730-herlev-01631526__1b_______,183.0,Tagpap med stor hældning,6.0,https://www.boligsiden.dk/adresse/emtedalen-1b-2730-herlev-01631526__1b_______,Mursten,196
strandlyst-alle-55-2650-hvidovre-01678005__55_______,Strandlyst Alle 55,2650,Villa,Tvangsauktion,19-10-2023,3050000.0,3,Hvidovre,1.0,Centralvarme med én fyringsenhed,/adresse/strandlyst-alle-55-2650-hvidovre-01678005__55_______,96.0,Fibercement herunder asbest,4.0,https://www.boligsiden.dk/adresse/strandlyst-alle-55-2650-hvidovre-01678005__55_______,Letbetonsten,101.9
vejlegaardsparken-12-2-27-2665-vallensbaek-strand-01879267__12__2__27,"Vejlegårdsparken 12, 2. 27.",2665,Ejerlejlighed,Tvangsauktion,19-10-2023,2155000.0,3,Vallensbæk Strand,1,Fjernvarme/blokvarme,/adresse/vejlegaardsparken-12-2-27-2665-vallensbaek-strand-01879267__12__2__27,86.0,Tagpap med lille hældning,3.0,https://www.boligsiden.dk/adresse/vejlegaardsparken-12-2-27-2665-vallensbaek-strand-01879267__12__2__27,Betonelementer,Ikke oplyst
nordlundsvej-25-2650-hvidovre-01676033__25_______,Nordlundsvej 25,2650,Villa,Tvangsauktion,04-10-2023,3500000.0,2,Hvidovre,1.0,Centralvarme med én fyringsenhed,/adresse/nordlundsvej-25-2650-hvidovre-01676033__25_______,132.0,Fibercement herunder asbest,6.0,https://www.boligsiden.dk/adresse/nordlundsvej-25-2650-hvidovre-01676033__25_______,Mursten,137.55
hyrdevangen-15-2640-hedehusene-01693167__15_______,Hyrdevangen 15,2640,Villa,Tvangsauktion,18-09-2023,3000000.0,3,Hedehusene,1.0,Fjernvarme/blokvarme,/adresse/hyrdevangen-15-2640-hedehusene-01693167__15_______,114.0,Tegl,4.0,https://www.boligsiden.dk/adresse/hyrdevangen-15-2640-hedehusene-01693167__15_______,Mursten,149.9
hyrdevangen-15-2640-hedehusene-01693167__15_______,Hyrdevangen 15,2640,Villa,Tvangsauktion,16-11-2022,2541500.0,3,Hedehusene,1.0,Fjernvarme/blokvarme,/adresse/hyrdevangen-15-2640-hedehusene-01693167__15_______,114.0,Tegl,4.0,https://www.boligsiden.dk/adresse/hyrdevangen-15-2640-hedehusene-01693167__15_______,Mursten,149.9
klardam-4-2650-hvidovre-01674719___4_______,Klardam 4,2650,Villa,Tvangsauktion,22-06-2023,3128500.0,3,Hvidovre,1.0,Centralvarme med én fyringsenhed,/adresse/klardam-4-2650-hvidovre-01674719___4_______,62.0,Tegl,4.0,https://www.boligsiden.dk/adresse/klardam-4-2650-hvidovre-01674719___4_______,Mursten,89.05
lyngbyvej-365-0-2820-gentofte-01570527_365_st____,"Lyngbyvej 365, st.",2820,Villalejlighed,Tvangsauktion,14-06-2023,4186000.0,3,Gentofte,1.0,Centralvarme med én fyringsenhed,/adresse/lyngbyvej-365-0-2820-gentofte-01570527_365_st____,128.0,Tegl,4.0,https://www.boligsiden.dk/adresse/lyngbyvej-365-0-2820-gentofte-01570527_365_st____,Mursten,Ikke oplyst
lyngbyvej-365-0-2820-gentofte-01570527_365_st____,"Lyngbyvej 365, st.",2820,Villalejlighed,Tvangsauktion,08-07-2009,3300000.0,3,Gentofte,1.0,Centralvarme med én fyringsenhed,/adresse/lyngbyvej-365-0-2820-gentofte-01570527_365_st____,128.0,Tegl,4.0,https://www.boligsiden.dk/adresse/lyngbyvej-365-0-2820-gentofte-01570527_365_st____,Mursten,Ikke oplyst
lyngbyvej-365-1-1-2820-gentofte-01570527_365__1___1,"Lyngbyvej 365, 1. 1.",2820,Villalejlighed,Tvangsauktion,14-06-2023,4186000.0,3,Gentofte,1.0,Centralvarme med én fyringsenhed,/adresse/lyngbyvej-365-1-1-2820-gentofte-01570527_365__1___1,18.0,Tegl,1.0,https://www.boligsiden.dk/adresse/lyngbyvej-365-1-1-2820-gentofte-01570527_365__1___1,Mursten,Ikke oplyst
lyngbyvej-365-1-1-2820-gentofte-01570527_365__1___1,"Lyngbyvej 365, 1. 1.",2820,Villalejlighed,Tvangsauktion,08-07-2009,3300000.0,3,Gentofte,1.0,Centralvarme med én fyringsenhed,/adresse/lyngbyvej-365-1-1-2820-gentofte-01570527_365__1___1,18.0,Tegl,1.0,https://www.boligsiden.dk/adresse/lyngbyvej-365-1-1-2820-gentofte-01570527_365__1___1,Mursten,Ikke oplyst
lyngbyvej-365-1-2820-gentofte-01570527_365__1____,"Lyngbyvej 365, 1.",2820,Villalejlighed,Tvangsauktion,14-06-2023,4186000.0,3,Gentofte,1.0,Centralvarme med én fyringsenhed,/adresse/lyngbyvej-365-1-2820-gentofte-01570527_365__1____,80.0,Tegl,3.0,https://www.boligsiden.dk/adresse/lyngbyvej-365-1-2820-gentofte-01570527_365__1____,Mursten,Ikke oplyst
lyngbyvej-365-1-2820-gentofte-01570527_365__1____,"Lyngbyvej 365, 1.",2820,Villalejlighed,Tvangsauktion,08-07-2009,3300000.0,3,Gentofte,1.0,Centralvarme med én fyringsenhed,/adresse/lyngbyvej-365-1-2820-gentofte-01570527_365__1____,80.0,Tegl,3.0,https://www.boligsiden.dk/adresse/lyngbyvej-365-1-2820-gentofte-01570527_365__1____,Mursten,Ikke oplyst
vaarfluevej-21-2610-roedovre-01750968__21_______,Vårfluevej 21,2610,Villa,Tvangsauktion,30-05-2023,5325000.0,3,Rødovre,1.0,Centralvarme med én fyringsenhed,/adresse/vaarfluevej-21-2610-roedovre-01750968__21_______,172.0,Tegl,5.0,https://www.boligsiden.dk/adresse/vaarfluevej-21-2610-roedovre-01750968__21_______,Letbetonsten,200.8
aldershvilevej-125-2-th-2880-bagsvaerd-01590009_125__2__th,"Aldershvilevej 125, 2. th.",2880,Ejerlejlighed,Tvangsauktion,25-05-2023,2019946.0,3,Bagsværd,1,Fjernvarme/blokvarme,/adresse/aldershvilevej-125-2-th-2880-bagsvaerd-01590009_125__2__th,83.0,Fibercement herunder asbest,3.0,https://www.boligsiden.dk/adresse/aldershvilevej-125-2-th-2880-bagsvaerd-01590009_125__2__th,Mursten,Ikke oplyst
spaden-c-4-0-2-2630-taastrup-01697428___4_st___2,"Spaden C 4, st. 2.",2630,Ejerlejlighed,Tvangsauktion,15-05-2023,884302.0,3,Taastrup,4.0,Fjernvarme/blokvarme,/adresse/spaden-c-4-0-2-2630-taastrup-01697428___4_st___2,36.0,Tagpap med lille hældning,1.0,https://www.boligsiden.dk/adresse/spaden-c-4-0-2-2630-taastrup-01697428___4_st___2,Betonelementer,Ikke oplyst
niels-frederiksens-alle-6-2610-roedovre-01750595___6_______,Niels Frederiksens Alle 6,2610,Villa,Tvangsauktion,15-03-2023,2962048.0,3,Rødovre,1.0,Centralvarme med én fyringsenhed,/adresse/niels-frederiksens-alle-6-2610-roedovre-01750595___6_______,102.0,Fibercement herunder asbest,5.0,https://www.boligsiden.dk/adresse/niels-frederiksens-alle-6-2610-roedovre-01750595___6_______,Letbetonsten,112.2
ejbysvinget-60-2600-glostrup-01610099__60_______,Ejbysvinget 60,2600,Rækkehus,Tvangsauktion,07-02-2023,3910000.0,2,Glostrup,1.0,Centralvarme med én fyringsenhed,/adresse/ejbysvinget-60-2600-glostrup-01610099__60_______,131.0,Tegl,5.0,https://www.boligsiden.dk/adresse/ejbysvinget-60-2600-glostrup-01610099__60_______,Mursten,127.35
jernbane-alle-6-2630-taastrup-01693546___6_______,Jernbane Alle 6,2630,Villa,Tvangsauktion,12-01-2023,3725157.0,3,Taastrup,1.0,Fjernvarme/blokvarme,/adresse/jernbane-alle-6-2630-taastrup-01693546___6_______,245.0,Tegl,7.0,https://www.boligsiden.dk/adresse/jernbane-alle-6-2630-taastrup-01693546___6_______,Mursten,247.6
ved-renden-47-2870-dyssegaard-01570920__47_______,Ved Renden 47,2870,Villa,Tvangsauktion,02-11-2022,6920000.0,3,Dyssegård,1.0,Centralvarme med én fyringsenhed,/adresse/ved-renden-47-2870-dyssegaard-01570920__47_______,145.0,Tegl,6.0,https://www.boligsiden.dk/adresse/ved-renden-47-2870-dyssegaard-01570920__47_______,Mursten,179.35
gentoftegade-36-3-mf-2820-gentofte-01570278__36__3__mf,"Gentoftegade 36, 3. mf.",2820,Ejerlejlighed,Tvangsauktion,02-11-2022,1860000.0,3,Gentofte,1,Fjernvarme/blokvarme,/adresse/gentoftegade-36-3-mf-2820-gentofte-01570278__36__3__mf,47.0,Tagpap med stor hældning,1.0,https://www.boligsiden.dk/adresse/gentoftegade-36-3-mf-2820-gentofte-01570278__36__3__mf,Mursten,Ikke oplyst
boulevarden-14-0-65-2800-kongens-lyngby-01730086__14_st__65,"Boulevarden 14, st. 65.",2800,Ejerlejlighed,Tvangsauktion,24-08-2022,4350000.0,1,Kongens Lyngby,1,Centralvarme med én fyringsenhed,/adresse/boulevarden-14-0-65-2800-kongens-lyngby-01730086__14_st__65,115.0,Tagpap med lille hældning,4.0,https://www.boligsiden.dk/adresse/boulevarden-14-0-65-2800-kongens-lyngby-01730086__14_st__65,Fibercement uden asbest,Ikke oplyst
leen-d-2-1-4-2630-taastrup-01694320___2__1___4,"Leen D 2, 1. 4.",2630,Ejerlejlighed,Tvangsauktion,07-07-2022,1350000.0,3,Taastrup,1,Fjernvarme/blokvarme,/adresse/leen-d-2-1-4-2630-taastrup-01694320___2__1___4,57.0,Tagpap med lille hældning,2.0,https://www.boligsiden.dk/adresse/leen-d-2-1-4-2630-taastrup-01694320___2__1___4,Betonelementer,Ikke oplyst
topperne-7-0-2-2620-albertslund-01650532___7_st___2,"Topperne 7, st. 2.",2620,Ejerlejlighed,Tvangsauktion,21-04-2022,1020000.0,3,Albertslund,1,Fjernvarme/blokvarme,/adresse/topperne-7-0-2-2620-albertslund-01650532___7_st___2,33.0,Fibercement herunder asbest,1.0,https://www.boligsiden.dk/adresse/topperne-7-0-2-2620-albertslund-01650532___7_st___2,Betonelementer,Ikke oplyst
lindevangshusene-82-0-th-2630-taastrup-01694520__82_st__th,"Lindevangshusene 82, st. th.",2630,Ejerlejlighed,Tvangsauktion,11-01-2022,2240000.0,3,Taastrup,1,Fjernvarme/blokvarme,/adresse/lindevangshusene-82-0-th-2630-taastrup-01694520__82_st__th,82.0,Betontagsten,3.0,https://www.boligsiden.dk/adresse/lindevangshusene-82-0-th-2630-taastrup-01694520__82_st__th,Mursten,Ikke oplyst
landsbygaden-30a-2630-taastrup-01694288_30a_______,Landsbygaden 30A,2630,Rækkehus,Tvangsauktion,20-05-2021,2650000.0,1,Taastrup,1.0,Centralvarme med én fyringsenhed,/adresse/landsbygaden-30a-2630-taastrup-01694288_30a_______,85.0,Fibercement uden asbest,2.0,https://www.boligsiden.dk/adresse/landsbygaden-30a-2630-taastrup-01694288_30a_______,Mursten,197
landsbygaden-30b-2630-taastrup-01694288_30b_______,Landsbygaden 30B,2630,Rækkehus,Tvangsauktion,20-05-2021,2650000.0,1,,,,,,,,,,
herstedvestervej-12-2620-albertslund-01650190__12_______,Herstedvestervej 12,2620,Villa,Tvangsauktion,25-01-2021,3087200.0,3,Albertslund,1.0,Fjernvarme/blokvarme,/adresse/herstedvestervej-12-2620-albertslund-01650190__12_______,136.0,Tegl,5.0,https://www.boligsiden.dk/adresse/herstedvestervej-12-2620-albertslund-01650190__12_______,Mursten,164.7
herstedvestervej-12-2620-albertslund-01650190__12_______,Herstedvestervej 12,2620,Villa,Tvangsauktion,11-04-2016,841132.0,3,Albertslund,1.0,Fjernvarme/blokvarme,/adresse/herstedvestervej-12-2620-albertslund-01650190__12_______,136.0,Tegl,5.0,https://www.boligsiden.dk/adresse/herstedvestervej-12-2620-albertslund-01650190__12_______,Mursten,164.7
vejlebrovej-95-3-49-2635-ishoej-01830850__95__3__49,"Vejlebrovej 95, 3. 49.",2635,Ejerlejlighed,Tvangsauktion,20-10-2020,1130000.0,3,Ishøj,4.0,Fjernvarme/blokvarme,/adresse/vejlebrovej-95-3-49-2635-ishoej-01830850__95__3__49,46.0,Tagpap med lille hældning,2.0,https://www.boligsiden.dk/adresse/vejlebrovej-95-3-49-2635-ishoej-01830850__95__3__49,Mursten,Ikke oplyst
tranedalen-19-2635-ishoej-01830760__19_______,Tranedalen 19,2635,Villa,Tvangsauktion,20-10-2020,2600000.0,3,Ishøj,1.0,Fjernvarme/blokvarme,/adresse/tranedalen-19-2635-ishoej-01830760__19_______,144.0,Metal,4.0,https://www.boligsiden.dk/adresse/tranedalen-19-2635-ishoej-01830760__19_______,Mursten,144
bellevuekrogen-16-2930-klampenborg-01570043__16_______,Bellevuekrogen 16,2930,Rækkehus,Tvangsauktion,02-09-2020,6600000.0,1,Klampenborg,2.0,Centralvarme med én fyringsenhed,/adresse/bellevuekrogen-16-2930-klampenborg-01570043__16_______,124.0,Fibercement herunder asbest,4.0,https://www.boligsiden.dk/adresse/bellevuekrogen-16-2930-klampenborg-01570043__16_______,Mursten,148.8
aertemarken-119a-0-tv-2860-soeborg-01590981119a_st__tv,"Ærtemarken 119A, st. tv.",2860,Villalejlighed,Tvangsauktion,05-08-2020,8592634.0,2,,,,,,,,,,
aertemarken-119a-1-2860-soeborg-01590981119a__1____,"Ærtemarken 119A, 1.",2860,Villalejlighed,Tvangsauktion,05-08-2020,8592634.0,2,,,,,,,,,,
aertemarken-119a-0-th-2860-soeborg-01590981119a_st__th,"Ærtemarken 119A, st. th.",2860,Villalejlighed,Tvangsauktion,05-08-2020,8592634.0,2,,,,,,,,,,
taastrup-have-38-1-mf-2630-taastrup-01698960__38__1__mf,"Taastrup Have 38, 1. mf.",2630,Ejerlejlighed,Tvangsauktion,15-06-2020,1045000.0,3,Taastrup,1,Fjernvarme/blokvarme,/adresse/taastrup-have-38-1-mf-2630-taastrup-01698960__38__1__mf,41.0,Fibercement herunder asbest,1.0,https://www.boligsiden.dk/adresse/taastrup-have-38-1-mf-2630-taastrup-01698960__38__1__mf,Mursten,Ikke oplyst
nyhoejsvej-12-2630-taastrup-01695495__12_______,Nyhøjsvej 12,2630,Villa,Tvangsauktion,28-02-2020,2123700.0,2,Taastrup,1.0,Fjernvarme/blokvarme,/adresse/nyhoejsvej-12-2630-taastrup-01695495__12_______,158.0,Fibercement herunder asbest,5.0,https://www.boligsiden.dk/adresse/nyhoejsvej-12-2630-taastrup-01695495__12_______,Mursten,160.6
topperne-5-2-22-2620-albertslund-01650532___5__2__22,"Topperne 5, 2. 22.",2620,Ejerlejlighed,Tvangsauktion,13-01-2020,1058347.0,3,Albertslund,1,Fjernvarme/blokvarme,/adresse/topperne-5-2-22-2620-albertslund-01650532___5__2__22,49.0,Fibercement herunder asbest,2.0,https://www.boligsiden.dk/adresse/topperne-5-2-22-2620-albertslund-01650532___5__2__22,Betonelementer,Ikke oplyst
christiansdal-4-2610-roedovre-01750122___4_______,Christiansdal 4,2610,Villa,Tvangsauktion,29-11-2019,2884166.0,2,Rødovre,1.0,Centralvarme med én fyringsenhed,/adresse/christiansdal-4-2610-roedovre-01750122___4_______,140.0,Tegl,6.0,https://www.boligsiden.dk/adresse/christiansdal-4-2610-roedovre-01750122___4_______,Mursten,175.65
krarupvej-23-2610-roedovre-01750474__23_______,Krarupvej 23,2610,Villa,Tvangsauktion,11-10-2019,4283500.0,3,Rødovre,1.0,Centralvarme med én fyringsenhed,/adresse/krarupvej-23-2610-roedovre-01750474__23_______,183.0,Tegl,8.0,https://www.boligsiden.dk/adresse/krarupvej-23-2610-roedovre-01750474__23_______,Letbetonsten,193
leen-d-2-3-4-2630-taastrup-01694320___2__3___4,"Leen D 2, 3. 4.",2630,Ejerlejlighed,Tvangsauktion,24-09-2019,895000.0,3,Taastrup,1,Fjernvarme/blokvarme,/adresse/leen-d-2-3-4-2630-taastrup-01694320___2__3___4,35.0,Tagpap med lille hældning,1.0,https://www.boligsiden.dk/adresse/leen-d-2-3-4-2630-taastrup-01694320___2__3___4,Betonelementer,Ikke oplyst
leen-d-2-3-4-2630-taastrup-01694320___2__3___4,"Leen D 2, 3. 4.",2630,Ejerlejlighed,Tvangsauktion,03-11-2016,765000.0,3,Taastrup,1,Fjernvarme/blokvarme,/adresse/leen-d-2-3-4-2630-taastrup-01694320___2__3___4,35.0,Tagpap med lille hældning,1.0,https://www.boligsiden.dk/adresse/leen-d-2-3-4-2630-taastrup-01694320___2__3___4,Betonelementer,Ikke oplyst
hedegraensen-40-2605-broendby-01530231__40_______,Hedegrænsen 40,2605,Villa,Tvangsauktion,06-03-2019,2724393.0,2,Brøndby,1.0,Fjernvarme/blokvarme,/adresse/hedegraensen-40-2605-broendby-01530231__40_______,152.0,Fibercement herunder asbest,5.0,https://www.boligsiden.dk/adresse/hedegraensen-40-2605-broendby-01530231__40_______,Mursten,208.2
skovbrynet-61-2880-bagsvaerd-01590757__61_______,Skovbrynet 61,2880,Villa,Tvangsauktion,18-02-2019,4423000.0,1,Bagsværd,1.0,Centralvarme med én fyringsenhed,/adresse/skovbrynet-61-2880-bagsvaerd-01590757__61_______,169.0,Metal,5.0,https://www.boligsiden.dk/adresse/skovbrynet-61-2880-bagsvaerd-01590757__61_______,Betonelementer,183
jernbane-alle-15b-2630-taastrup-01693546_15b_______,Jernbane Alle 15B,2630,Villa,Tvangsauktion,21-01-2019,2895000.0,3,,,,,,,,,,
jernbane-alle-15b-2630-taastrup-01693546_15b_______,Jernbane Alle 15B,2630,Villa,Tvangsauktion,21-01-2019,2895000.0,3,,,,,,,,,,
fuglegaardsvaenget-90-1-th-2820-gentofte-01570262__90__1__th,"Fuglegårdsvænget 90, 1. th.",2820,Ejerlejlighed,Tvangsauktion,19-09-2018,1257500.0,3,Gentofte,1,Elvarme,/adresse/fuglegaardsvaenget-90-1-th-2820-gentofte-01570262__90__1__th,51.0,Tegl,2.0,https://www.boligsiden.dk/adresse/fuglegaardsvaenget-90-1-th-2820-gentofte-01570262__90__1__th,Mursten,Ikke oplyst
lilliendalsvej-18-2600-glostrup-01610298__18_______,Lilliendalsvej 18,2600,Rækkehus,Tvangsauktion,29-08-2018,2275000.0,1,Glostrup,1.0,Centralvarme med én fyringsenhed,/adresse/lilliendalsvej-18-2600-glostrup-01610298__18_______,171.0,Betontagsten,5.0,https://www.boligsiden.dk/adresse/lilliendalsvej-18-2600-glostrup-01610298__18_______,Mursten,168.2
saven-c-4-0-2-2630-taastrup-01696694___4_st___2,"Saven C 4, st. 2.",2630,Ejerlejlighed,Tvangsauktion,31-07-2018,769000.0,3,Taastrup,1,Fjernvarme/blokvarme,/adresse/saven-c-4-0-2-2630-taastrup-01696694___4_st___2,36.0,Tagpap med lille hældning,1.0,https://www.boligsiden.dk/adresse/saven-c-4-0-2-2630-taastrup-01696694___4_st___2,Betonelementer,Ikke oplyst
hovedvejen-60a-1-tv-2600-glostrup-01610213_60a__1__tv,"Hovedvejen 60A, 1. tv.",2600,Ejerlejlighed,Tvangsauktion,18-07-2018,1395000.0,3,Glostrup,1,Elvarme,/adresse/hovedvejen-60a-1-tv-2600-glostrup-01610213_60a__1__tv,51.0,Fibercement herunder asbest,2.0,https://www.boligsiden.dk/adresse/hovedvejen-60a-1-tv-2600-glostrup-01610213_60a__1__tv,Mursten,Ikke oplyst
hoejsgaards-alle-37-2900-hellerup-01570386__37_______,Højsgårds Alle 37,2900,Villa,Tvangsauktion,13-06-2018,4183589.0,1,Hellerup,1.0,Fjernvarme/blokvarme,/adresse/hoejsgaards-alle-37-2900-hellerup-01570386__37_______,141.0,Tegl,6.0,https://www.boligsiden.dk/adresse/hoejsgaards-alle-37-2900-hellerup-01570386__37_______,Mursten,183.45
agerlunden-34-2660-broendby-strand-01530002__34_______,Agerlunden 34,2660,Villa,Tvangsauktion,29-05-2018,3995000.0,2,Brøndby Strand,1.0,Fjernvarme/blokvarme,/adresse/agerlunden-34-2660-broendby-strand-01530002__34_______,168.0,Tegl,5.0,https://www.boligsiden.dk/adresse/agerlunden-34-2660-broendby-strand-01530002__34_______,Mursten,168
fagerbo-57-2640-hedehusene-01691597__57_______,Fagerbo 57,2640,Villa,Tvangsauktion,01-05-2018,1780000.0,3,Hedehusene,1.0,Centralvarme med én fyringsenhed,/adresse/fagerbo-57-2640-hedehusene-01691597__57_______,109.0,Fibercement herunder asbest,4.0,https://www.boligsiden.dk/adresse/fagerbo-57-2640-hedehusene-01691597__57_______,Mursten,148
bindesboellsvej-8-2920-charlottenlund-01570058___8_______,Bindesbøllsvej 8,2920,Villa,Tvangsauktion,18-04-2018,13750000.0,3,Charlottenlund,1.0,Centralvarme med én fyringsenhed,/adresse/bindesboellsvej-8-2920-charlottenlund-01570058___8_______,300.0,Tegl,8.0,https://www.boligsiden.dk/adresse/bindesboellsvej-8-2920-charlottenlund-01570058___8_______,Mursten,386
frederiksdalsvej-194-1-2830-virum-01730229_194__1____,"Frederiksdalsvej 194, 1.",2830,Villalejlighed,Tvangsauktion,04-04-2018,2337280.0,3,,,,,,,,,,
kallerupvej-35-2640-hedehusene-01693627__35_______,Kallerupvej 35,2640,Villa,Tvangsauktion,13-02-2018,780000.0,2,Hedehusene,1.0,Centralvarme med én fyringsenhed,/adresse/kallerupvej-35-2640-hedehusene-01693627__35_______,80.0,Fibercement herunder asbest,4.0,https://www.boligsiden.dk/adresse/kallerupvej-35-2640-hedehusene-01693627__35_______,Letbetonsten,95.75
viggo-rothes-vej-13-2920-charlottenlund-01570936__13_______,Viggo Rothes Vej 13,2920,Villa,Tvangsauktion,09-01-2018,20300000.0,3,Charlottenlund,2.0,Fjernvarme/blokvarme,/adresse/viggo-rothes-vej-13-2920-charlottenlund-01570936__13_______,274.0,Fibercement herunder asbest,7.0,https://www.boligsiden.dk/adresse/viggo-rothes-vej-13-2920-charlottenlund-01570936__13_______,Mursten,340.9
robinievej-60-2620-albertslund-01650387__60_______,Robinievej 60,2620,Rækkehus,Tvangsauktion,09-01-2018,2695000.0,2,Albertslund,2.0,Fjernvarme/blokvarme,/adresse/robinievej-60-2620-albertslund-01650387__60_______,110.0,Tagpap med stor hældning,4.0,https://www.boligsiden.dk/adresse/robinievej-60-2620-albertslund-01650387__60_______,Mursten,111.25
gammelgaards-alle-27-2-26-2665-vallensbaek-strand-01871704__27__2__26,"Gammelgårds Alle 27, 2. 26.",2665,Ejerlejlighed,Tvangsauktion,06-12-2017,1551000.0,3,Vallensbæk Strand,1,Fjernvarme/blokvarme,/adresse/gammelgaards-alle-27-2-26-2665-vallensbaek-strand-01871704__27__2__26,88.0,Tagpap med lille hældning,3.0,https://www.boligsiden.dk/adresse/gammelgaards-alle-27-2-26-2665-vallensbaek-strand-01871704__27__2__26,Betonelementer,Ikke oplyst
birkevang-40-2640-hedehusene-01690430__40_______,Birkevang 40,2640,Villa,Tvangsauktion,05-12-2017,1857000.0,3,Hedehusene,1.0,Centralvarme med én fyringsenhed,/adresse/birkevang-40-2640-hedehusene-01690430__40_______,98.0,Fibercement herunder asbest,4.0,https://www.boligsiden.dk/adresse/birkevang-40-2640-hedehusene-01690430__40_______,Mursten,110
batterivej-1-2860-soeborg-01590055___1_______,Batterivej 1,2860,Villa,Tvangsauktion,10-10-2017,3050000.0,3,Søborg,1.0,Centralvarme med én fyringsenhed,/adresse/batterivej-1-2860-soeborg-01590055___1_______,100.0,Tegl,4.0,https://www.boligsiden.dk/adresse/batterivej-1-2860-soeborg-01590055___1_______,Mursten,134.15
froehaven-28-2630-taastrup-01691908__28_______,Frøhaven 28,2630,Villa,Tvangsauktion,17-05-2017,2907000.0,1,Taastrup,1.0,Fjernvarme/blokvarme,/adresse/froehaven-28-2630-taastrup-01691908__28_______,184.0,Betontagsten,7.0,https://www.boligsiden.dk/adresse/froehaven-28-2630-taastrup-01691908__28_______,Træ,183.8
almeengen-3-2740-skovlunde-01510507___3_______,Almeengen 3,2740,Villa,Tvangsauktion,16-05-2017,3495000.0,2,Skovlunde,1.0,Centralvarme med én fyringsenhed,/adresse/almeengen-3-2740-skovlunde-01510507___3_______,141.0,Fibercement herunder asbest,4.0,https://www.boligsiden.dk/adresse/almeengen-3-2740-skovlunde-01510507___3_______,Mursten,153.25
klovtofteparken-12-2630-taastrup-01693871__12_______,Klovtofteparken 12,2630,Rækkehus,Tvangsauktion,18-04-2017,2100000.0,3,Taastrup,1.0,Fjernvarme/blokvarme,/adresse/klovtofteparken-12-2630-taastrup-01693871__12_______,118.0,Betontagsten,5.0,https://www.boligsiden.dk/adresse/klovtofteparken-12-2630-taastrup-01693871__12_______,Mursten,139.2
ulborgvej-16-2760-maaloev-01510807__16_______,Ulborgvej 16,2760,Villa,Tvangsauktion,18-04-2017,1973400.0,2,Måløv,1.0,Centralvarme med én fyringsenhed,/adresse/ulborgvej-16-2760-maaloev-01510807__16_______,189.0,Tagpap med stor hældning,7.0,https://www.boligsiden.dk/adresse/ulborgvej-16-2760-maaloev-01510807__16_______,Mursten,195.4
pileskovvej-13-2635-ishoej-01830560__13_______,Pileskovvej 13,2635,Villa,Tvangsauktion,31-03-2017,2768300.0,2,Ishøj,1.0,Centralvarme med én fyringsenhed,/adresse/pileskovvej-13-2635-ishoej-01830560__13_______,179.0,Fibercement herunder asbest,3.0,https://www.boligsiden.dk/adresse/pileskovvej-13-2635-ishoej-01830560__13_______,Mursten,181.3
skovvej-7-2750-ballerup-01510309___7_______,Skovvej 7,2750,Villa,Tvangsauktion,21-03-2017,2674063.0,2,Ballerup,1.0,Centralvarme med én fyringsenhed,/adresse/skovvej-7-2750-ballerup-01510309___7_______,222.0,Tegl,6.0,https://www.boligsiden.dk/adresse/skovvej-7-2750-ballerup-01510309___7_______,Mursten,240.9
groennevej-42-2830-virum-01730302__42_______,Grønnevej 42,2830,Rækkehus,Tvangsauktion,01-03-2017,6600000.0,1,Virum,2.0,Centralvarme med én fyringsenhed,/adresse/groennevej-42-2830-virum-01730302__42_______,150.0,Tagpap med stor hældning,5.0,https://www.boligsiden.dk/adresse/groennevej-42-2830-virum-01730302__42_______,Mursten,180
lundtoftevej-293-0-tv-2800-kongens-lyngby-01730527_293_st__tv,"Lundtoftevej 293, st. tv.",2800,Ejerlejlighed,Tvangsauktion,01-03-2017,5028400.0,2,Kongens Lyngby,1,Centralvarme med én fyringsenhed,/adresse/lundtoftevej-293-0-tv-2800-kongens-lyngby-01730527_293_st__tv,222.0,Tagpap med stor hældning,6.0,https://www.boligsiden.dk/adresse/lundtoftevej-293-0-tv-2800-kongens-lyngby-01730527_293_st__tv,Mursten,Ikke oplyst
saksen-d-2-0-1-2630-taastrup-01696642___2_st___1,"Saksen D 2, st. 1.",2630,Ejerlejlighed,Tvangsauktion,21-02-2017,1316296.0,3,Taastrup,1,Fjernvarme/blokvarme,/adresse/saksen-d-2-0-1-2630-taastrup-01696642___2_st___1,85.0,Tagpap med lille hældning,3.0,https://www.boligsiden.dk/adresse/saksen-d-2-0-1-2630-taastrup-01696642___2_st___1,Betonelementer,Ikke oplyst
smedevaenget-28-2640-hedehusene-01697065__28_______,Smedevænget 28,2640,Villa,Tvangsauktion,18-01-2017,2631275.0,3,,,,,,,,,,
ordrupvej-37a-1-th-2920-charlottenlund-01570622_37a__1__th,"Ordrupvej 37A, 1. th.",2920,Ejerlejlighed,Tvangsauktion,18-01-2017,1234835.0,2,Charlottenlund,1,Fjernvarme/blokvarme,/adresse/ordrupvej-37a-1-th-2920-charlottenlund-01570622_37a__1__th,53.0,Tagpap med stor hældning,2.0,https://www.boligsiden.dk/adresse/ordrupvej-37a-1-th-2920-charlottenlund-01570622_37a__1__th,Mursten,Ikke oplyst
vangede-bygade-103-0-tv-2820-gentofte-01570903_103_st__tv,"Vangede Bygade 103, st. tv.",2820,Ejerlejlighed,Tvangsauktion,04-01-2017,1131800.0,3,Gentofte,1,Fjernvarme/blokvarme,/adresse/vangede-bygade-103-0-tv-2820-gentofte-01570903_103_st__tv,62.0,Tegl,2.0,https://www.boligsiden.dk/adresse/vangede-bygade-103-0-tv-2820-gentofte-01570903_103_st__tv,Mursten,Ikke oplyst
moerkager-53-2620-albertslund-01650329__53_______,Mørkager 53,2620,Villa,Tvangsauktion,03-01-2017,3450000.0,2,Albertslund,1.0,Fjernvarme/blokvarme,/adresse/moerkager-53-2620-albertslund-01650329__53_______,129.0,Fibercement herunder asbest,5.0,https://www.boligsiden.dk/adresse/moerkager-53-2620-albertslund-01650329__53_______,Mursten,166.65
fyrmestervej-16-2660-broendby-strand-01530168__16_______,Fyrmestervej 16,2660,Villa,Tvangsauktion,25-10-2016,2134000.0,2,Brøndby Strand,1.0,Centralvarme med én fyringsenhed,/adresse/fyrmestervej-16-2660-broendby-strand-01530168__16_______,122.0,Fibercement herunder asbest,4.0,https://www.boligsiden.dk/adresse/fyrmestervej-16-2660-broendby-strand-01530168__16_______,Mursten,125.3
baekgaardsvej-6-2640-hedehusene-01690974___6_______,Bækgårdsvej 6,2640,Villa,Tvangsauktion,15-10-2016,1100000.0,2,,,,,,,,,,
stengaards-alle-6-0-1-2800-kongens-lyngby-01730776___6_st___1,"Stengårds Alle 6, st. 1.",2800,Ejerlejlighed,Tvangsauktion,30-09-2016,699310.0,3,Kongens Lyngby,1,Centralvarme med én fyringsenhed,/adresse/stengaards-alle-6-0-1-2800-kongens-lyngby-01730776___6_st___1,41.0,Fibercement herunder asbest,1.0,https://www.boligsiden.dk/adresse/stengaards-alle-6-0-1-2800-kongens-lyngby-01730776___6_st___1,Mursten,Ikke oplyst
hollandsvej-21-1-tv-2800-kongens-lyngby-01730344__21__1__tv,"Hollandsvej 21, 1. tv.",2800,Ejerlejlighed,Tvangsauktion,06-07-2016,1186385.0,3,Kongens Lyngby,1,Fjernvarme/blokvarme,/adresse/hollandsvej-21-1-tv-2800-kongens-lyngby-01730344__21__1__tv,55.0,Tegl,2.0,https://www.boligsiden.dk/adresse/hollandsvej-21-1-tv-2800-kongens-lyngby-01730344__21__1__tv,Mursten,Ikke oplyst
i.h.mundts-vej-24-2830-virum-01730375__24_______,I.H.Mundts Vej 24,2830,Villa,Tvangsauktion,15-06-2016,5500000.0,3,,,,,,,,,,
i.h.mundts-vej-24-2830-virum-01730375__24_______,I.H.Mundts Vej 24,2830,Villa,Tvangsauktion,15-06-2016,5500000.0,3,,,,,,,,,,
ellebaekvej-68-0-tv-2820-gentofte-01570177__68_st__tv,"Ellebækvej 68, st. tv.",2820,Ejerlejlighed,Tvangsauktion,18-05-2016,1245000.0,3,Gentofte,1,Fjernvarme/blokvarme,/adresse/ellebaekvej-68-0-tv-2820-gentofte-01570177__68_st__tv,55.0,Fibercement herunder asbest,2.0,https://www.boligsiden.dk/adresse/ellebaekvej-68-0-tv-2820-gentofte-01570177__68_st__tv,Mursten,Ikke oplyst
vejledalen-362-2635-ishoej-01830854_362_______,Vejledalen 362,2635,Rækkehus,Tvangsauktion,10-05-2016,1695000.0,3,Ishøj,2.0,Fjernvarme/blokvarme,/adresse/vejledalen-362-2635-ishoej-01830854_362_______,101.0,Betontagsten,4.0,https://www.boligsiden.dk/adresse/vejledalen-362-2635-ishoej-01830854_362_______,Træ,98.5
vejledalen-362-2635-ishoej-01830854_362_______,Vejledalen 362,2635,Rækkehus,Tvangsauktion,29-03-1993,195000.0,3,Ishøj,2.0,Fjernvarme/blokvarme,/adresse/vejledalen-362-2635-ishoej-01830854_362_______,101.0,Betontagsten,4.0,https://www.boligsiden.dk/adresse/vejledalen-362-2635-ishoej-01830854_362_______,Træ,98.5
leen-a-3-3-1-2630-taastrup-01694314___3__3___1,"Leen A 3, 3. 1.",2630,Ejerlejlighed,Tvangsauktion,11-04-2016,550000.0,2,Taastrup,1,Fjernvarme/blokvarme,/adresse/leen-a-3-3-1-2630-taastrup-01694314___3__3___1,35.0,Tagpap med lille hældning,1.0,https://www.boligsiden.dk/adresse/leen-a-3-3-1-2630-taastrup-01694314___3__3___1,Betonelementer,Ikke oplyst
ordrupvej-75a-1-th-2920-charlottenlund-01570622_75a__1__th,"Ordrupvej 75A, 1. th.",2920,Ejerlejlighed,Tvangsauktion,06-04-2016,975000.0,3,Charlottenlund,1,Fjernvarme/blokvarme,/adresse/ordrupvej-75a-1-th-2920-charlottenlund-01570622_75a__1__th,63.0,Tegl,2.0,https://www.boligsiden.dk/adresse/ordrupvej-75a-1-th-2920-charlottenlund-01570622_75a__1__th,Mursten,Ikke oplyst
lille-strandvej-5-2900-hellerup-01570510___5_______,Lille Strandvej 5,2900,Villa,Tvangsauktion,09-03-2016,6000000.0,3,Hellerup,1.0,Fjernvarme/blokvarme,/adresse/lille-strandvej-5-2900-hellerup-01570510___5_______,216.0,Fibercement herunder asbest,6.0,https://www.boligsiden.dk/adresse/lille-strandvej-5-2900-hellerup-01570510___5_______,Mursten,267.4
roedovre-parkvej-229-1-2610-roedovre-01750702_229__1____,"Rødovre Parkvej 229, 1.",2610,Ejerlejlighed,Tvangsauktion,22-02-2016,1173000.0,3,Rødovre,1,Fjernvarme/blokvarme,/adresse/roedovre-parkvej-229-1-2610-roedovre-01750702_229__1____,61.0,Tagpap med stor hældning,2.0,https://www.boligsiden.dk/adresse/roedovre-parkvej-229-1-2610-roedovre-01750702_229__1____,Mursten,Ikke oplyst
roedovre-parkvej-229-1-2610-roedovre-01750702_229__1____,"Rødovre Parkvej 229, 1.",2610,Ejerlejlighed,Tvangsauktion,15-09-1998,362000.0,3,Rødovre,1,Fjernvarme/blokvarme,/adresse/roedovre-parkvej-229-1-2610-roedovre-01750702_229__1____,61.0,Tagpap med stor hældning,2.0,https://www.boligsiden.dk/adresse/roedovre-parkvej-229-1-2610-roedovre-01750702_229__1____,Mursten,Ikke oplyst
leen-b-2-3-1-2630-taastrup-01694316___2__3___1,"Leen B 2, 3. 1.",2630,Ejerlejlighed,Tvangsauktion,09-02-2016,534700.0,3,Taastrup,1,Fjernvarme/blokvarme,/adresse/leen-b-2-3-1-2630-taastrup-01694316___2__3___1,35.0,Tagpap med lille hældning,1.0,https://www.boligsiden.dk/adresse/leen-b-2-3-1-2630-taastrup-01694316___2__3___1,Betonelementer,Ikke oplyst
skelvej-10-2640-hedehusene-01696794__10_______,Skelvej 10,2640,Villa,Tvangsauktion,16-12-2015,1240000.0,3,Hedehusene,1.0,Fjernvarme/blokvarme,/adresse/skelvej-10-2640-hedehusene-01696794__10_______,107.0,Fibercement herunder asbest,4.0,https://www.boligsiden.dk/adresse/skelvej-10-2640-hedehusene-01696794__10_______,Letbetonsten,127
gammel-koege-landevej-220b-1-th-2650-hvidovre-01672807220b__1__th,"Gammel Køge Landevej 220B, 1. th.",2650,Ejerlejlighed,Tvangsauktion,15-12-2015,910000.0,2,Hvidovre,1,Centralvarme med én fyringsenhed,/adresse/gammel-koege-landevej-220b-1-th-2650-hvidovre-01672807220b__1__th,57.0,Fibercement herunder asbest,2.0,https://www.boligsiden.dk/adresse/gammel-koege-landevej-220b-1-th-2650-hvidovre-01672807220b__1__th,Mursten,Ikke oplyst
kratager-5-2620-albertslund-01650283___5_______,Kratager 5,2620,Villa,Tvangsauktion,25-11-2015,2241000.0,3,Albertslund,1.0,Fjernvarme/blokvarme,/adresse/kratager-5-2620-albertslund-01650283___5_______,171.0,Fibercement herunder asbest,6.0,https://www.boligsiden.dk/adresse/kratager-5-2620-albertslund-01650283___5_______,Mursten,175.15
sofielundsvej-19-2600-glostrup-01610427__19_______,Sofielundsvej 19,2600,Villa,Tvangsauktion,25-11-2015,3700000.0,2,Glostrup,1.0,Centralvarme med én fyringsenhed,/adresse/sofielundsvej-19-2600-glostrup-01610427__19_______,171.0,Tegl,6.0,https://www.boligsiden.dk/adresse/sofielundsvej-19-2600-glostrup-01610427__19_______,Mursten,197.2
bygaden-44-2605-broendby-01530096__44_______,Bygaden 44,2605,Villa,Tvangsauktion,23-11-2015,1518900.0,3,Brøndby,1.0,Fjernvarme/blokvarme,/adresse/bygaden-44-2605-broendby-01530096__44_______,90.0,Tegl,3.0,https://www.boligsiden.dk/adresse/bygaden-44-2605-broendby-01530096__44_______,Mursten,104.5
vejlebrovej-70-3-3-2635-ishoej-01830850__70__3___3,"Vejlebrovej 70, 3. 3.",2635,Ejerlejlighed,Tvangsauktion,16-11-2015,463500.0,3,Ishøj,1,Fjernvarme/blokvarme,/adresse/vejlebrovej-70-3-3-2635-ishoej-01830850__70__3___3,40.0,Tagpap med lille hældning,1.0,https://www.boligsiden.dk/adresse/vejlebrovej-70-3-3-2635-ishoej-01830850__70__3___3,Betonelementer,Ikke oplyst
ibstrupvej-7a-2820-gentofte-01570395__7a_______,Ibstrupvej 7A,2820,Villa,Tvangsauktion,04-11-2015,6425000.0,3,Gentofte,1.0,Centralvarme med én fyringsenhed,/adresse/ibstrupvej-7a-2820-gentofte-01570395__7a_______,170.0,Tegl,6.0,https://www.boligsiden.dk/adresse/ibstrupvej-7a-2820-gentofte-01570395__7a_______,Mursten,207.7
strandloebervej-10-2650-hvidovre-01678035__10_______,Strandløbervej 10,2650,Villa,Tvangsauktion,03-11-2015,2600000.0,3,Hvidovre,1.0,Centralvarme med én fyringsenhed,/adresse/strandloebervej-10-2650-hvidovre-01678035__10_______,77.0,Fibercement uden asbest,3.0,https://www.boligsiden.dk/adresse/strandloebervej-10-2650-hvidovre-01678035__10_______,Mursten,115
broager-4-2600-glostrup-01610603___4_______,Broager 4,2600,Villa,Tvangsauktion,02-11-2015,3575000.0,2,Glostrup,1.0,Centralvarme med én fyringsenhed,/adresse/broager-4-2600-glostrup-01610603___4_______,140.0,Betontagsten,4.0,https://www.boligsiden.dk/adresse/broager-4-2600-glostrup-01610603___4_______,Mursten,137.2
hyldager-8-2640-hedehusene-01693140___8_______,Hyldager 8,2640,Villa,Tvangsauktion,14-09-2015,1200000.0,1,Hedehusene,1.0,Fjernvarme/blokvarme,/adresse/hyldager-8-2640-hedehusene-01693140___8_______,135.0,Fibercement herunder asbest,4.0,https://www.boligsiden.dk/adresse/hyldager-8-2640-hedehusene-01693140___8_______,Mursten,147.5
vejlebrovej-85-2-146-2635-ishoej-01830850__85__2_146,"Vejlebrovej 85, 2. 146.",2635,Ejerlejlighed,Tvangsauktion,10-08-2015,835000.0,3,Ishøj,1,Fjernvarme/blokvarme,/adresse/vejlebrovej-85-2-146-2635-ishoej-01830850__85__2_146,51.0,Tagpap med lille hældning,2.0,https://www.boligsiden.dk/adresse/vejlebrovej-85-2-146-2635-ishoej-01830850__85__2_146,Mursten,Ikke oplyst
hovmarken-6-2640-hedehusene-01692900___6_______,Hovmarken 6,2640,Villa,Tvangsauktion,20-07-2015,1760000.0,2,Hedehusene,1.0,Centralvarme med én fyringsenhed,/adresse/hovmarken-6-2640-hedehusene-01692900___6_______,138.0,Fibercement herunder asbest,5.0,https://www.boligsiden.dk/adresse/hovmarken-6-2640-hedehusene-01692900___6_______,Mursten,153
vaerebrovej-65-2880-bagsvaerd-01590971__65_______,Værebrovej 65,2880,Villa,Tvangsauktion,15-07-2015,4630000.0,1,Bagsværd,1.0,Centralvarme med én fyringsenhed,/adresse/vaerebrovej-65-2880-bagsvaerd-01590971__65_______,247.0,Fibercement herunder asbest,6.0,https://www.boligsiden.dk/adresse/vaerebrovej-65-2880-bagsvaerd-01590971__65_______,Mursten,247.2
magnoliavej-27-2640-hedehusene-01694926__27_______,Magnoliavej 27,2640,Villa,Tvangsauktion,29-06-2015,1923139.0,3,,,,,,,,,,
helmsvej-6a-2880-bagsvaerd-01590302__6a_______,Helmsvej 6A,2880,Villa,Tvangsauktion,08-06-2015,4400000.0,2,Bagsværd,1.0,Centralvarme med én fyringsenhed,/adresse/helmsvej-6a-2880-bagsvaerd-01590302__6a_______,193.0,Tegl,6.0,https://www.boligsiden.dk/adresse/helmsvej-6a-2880-bagsvaerd-01590302__6a_______,Mursten,236.7
digterparken-14-2750-ballerup-01510080__14_______,Digterparken 14,2750,Villa,Tvangsauktion,08-06-2015,3475000.0,2,Ballerup,1.0,Centralvarme med én fyringsenhed,/adresse/digterparken-14-2750-ballerup-01510080__14_______,137.0,Fibercement herunder asbest,5.0,https://www.boligsiden.dk/adresse/digterparken-14-2750-ballerup-01510080__14_______,Mursten,166.05
magnoliavej-25-2640-hedehusene-01694926__25_______,Magnoliavej 25,2640,Villa,Tvangsauktion,01-06-2015,2193014.0,2,,,,,,,,,,
haekmosen-38-2730-herlev-01633594__38_______,Hækmosen 38,2730,Villa,Tvangsauktion,01-06-2015,2312500.0,3,Herlev,1.0,Varmepumpe,/adresse/haekmosen-38-2730-herlev-01633594__38_______,111.0,Fibercement herunder asbest,4.0,https://www.boligsiden.dk/adresse/haekmosen-38-2730-herlev-01633594__38_______,Mursten,117.75
kingosvej-8b-2630-taastrup-01693708__8b_______,Kingosvej 8B,2630,Rækkehus,Tvangsauktion,07-04-2015,1996000.0,2,Taastrup,2.0,Fjernvarme/blokvarme,/adresse/kingosvej-8b-2630-taastrup-01693708__8b_______,206.0,Tagpap med stor hældning,6.0,https://www.boligsiden.dk/adresse/kingosvej-8b-2630-taastrup-01693708__8b_______,Mursten,Ikke oplyst
roedager-alle-65-2-mf-2610-roedovre-01750699__65__2__mf,"Rødager Alle 65, 2. mf.",2610,Ejerlejlighed,Tvangsauktion,07-04-2015,500000.0,3,Rødovre,1,Fjernvarme/blokvarme,/adresse/roedager-alle-65-2-mf-2610-roedovre-01750699__65__2__mf,40.0,Fibercement herunder asbest,1.0,https://www.boligsiden.dk/adresse/roedager-alle-65-2-mf-2610-roedovre-01750699__65__2__mf,Mursten,Ikke oplyst
kratager-29-2620-albertslund-01650283__29_______,Kratager 29,2620,Villa,Tvangsauktion,04-03-2015,2089000.0,3,Albertslund,1.0,Fjernvarme/blokvarme,/adresse/kratager-29-2620-albertslund-01650283__29_______,200.0,Tegl,6.0,https://www.boligsiden.dk/adresse/kratager-29-2620-albertslund-01650283__29_______,Mursten,205.6
christoffers-alle-88a-1-th-2800-kongens-lyngby-01590111_88a__1__th,"Christoffers Alle 88A, 1. th.",2800,Ejerlejlighed,Tvangsauktion,18-02-2015,674000.0,3,Kongens Lyngby,1,Centralvarme med én fyringsenhed,/adresse/christoffers-alle-88a-1-th-2800-kongens-lyngby-01590111_88a__1__th,41.0,Metal,2.0,https://www.boligsiden.dk/adresse/christoffers-alle-88a-1-th-2800-kongens-lyngby-01590111_88a__1__th,Mursten,Ikke oplyst
elverhoejen-16-1-2730-herlev-01631477__16__1____,"Elverhøjen 16, 1.",2730,Villalejlighed,Tvangsauktion,09-02-2015,1380000.0,3,Herlev,1,Centralvarme med én fyringsenhed,/adresse/elverhoejen-16-1-2730-herlev-01631477__16__1____,81.0,Tegl,4.0,https://www.boligsiden.dk/adresse/elverhoejen-16-1-2730-herlev-01631477__16__1____,Mursten,Ikke oplyst
elverhoejen-16-0-2730-herlev-01631477__16_st____,"Elverhøjen 16, st.",2730,Villalejlighed,Tvangsauktion,09-02-2015,1380000.0,3,Herlev,1,Centralvarme med én fyringsenhed,/adresse/elverhoejen-16-0-2730-herlev-01631477__16_st____,89.0,Tegl,4.0,https://www.boligsiden.dk/adresse/elverhoejen-16-0-2730-herlev-01631477__16_st____,Mursten,Ikke oplyst
taastrup-have-10-1-th-2630-taastrup-01698960__10__1__th,"Taastrup Have 10, 1. th.",2630,Ejerlejlighed,Tvangsauktion,27-01-2015,980000.0,3,Taastrup,1,Fjernvarme/blokvarme,/adresse/taastrup-have-10-1-th-2630-taastrup-01698960__10__1__th,57.0,Fibercement herunder asbest,2.0,https://www.boligsiden.dk/adresse/taastrup-have-10-1-th-2630-taastrup-01698960__10__1__th,Mursten,Ikke oplyst
gentoftegade-46-1-th-2820-gentofte-01570278__46__1__th,"Gentoftegade 46, 1. th.",2820,Ejerlejlighed,Tvangsauktion,17-12-2014,1139000.0,3,Gentofte,1,Fjernvarme/blokvarme,/adresse/gentoftegade-46-1-th-2820-gentofte-01570278__46__1__th,52.0,Tagpap med stor hældning,1.0,https://www.boligsiden.dk/adresse/gentoftegade-46-1-th-2820-gentofte-01570278__46__1__th,Mursten,Ikke oplyst
ved-vandloebet-9-1-2610-roedovre-01750941___9__1____,"Ved Vandløbet 9, 1.",2610,Villalejlighed,Tvangsauktion,16-12-2014,960000.0,3,Rødovre,1,Varmepumpe,/adresse/ved-vandloebet-9-1-2610-roedovre-01750941___9__1____,64.0,Tegl,3.0,https://www.boligsiden.dk/adresse/ved-vandloebet-9-1-2610-roedovre-01750941___9__1____,Mursten,Ikke oplyst
ved-vandloebet-9-0-2610-roedovre-01750941___9_st____,"Ved Vandløbet 9, st.",2610,Villalejlighed,Tvangsauktion,16-12-2014,960000.0,3,Rødovre,1,Varmepumpe,/adresse/ved-vandloebet-9-0-2610-roedovre-01750941___9_st____,85.0,Tegl,3.0,https://www.boligsiden.dk/adresse/ved-vandloebet-9-0-2610-roedovre-01750941___9_st____,Mursten,Ikke oplyst
gildbrovej-51-2-196-2635-ishoej-01830205__51__2_196,"Gildbrovej 51, 2. 196.",2635,Ejerlejlighed,Tvangsauktion,02-12-2014,1254596.0,3,Ishøj,1,Fjernvarme/blokvarme,/adresse/gildbrovej-51-2-196-2635-ishoej-01830205__51__2_196,97.0,Tagpap med lille hældning,3.0,https://www.boligsiden.dk/adresse/gildbrovej-51-2-196-2635-ishoej-01830205__51__2_196,Mursten,Ikke oplyst
vesterkoeb-45-1-4-2640-hedehusene-01699339__45__1___4,"Vesterkøb 45, 1. 4.",2640,Ejerlejlighed,Tvangsauktion,01-12-2014,654000.0,3,Hedehusene,1,Fjernvarme/blokvarme,/adresse/vesterkoeb-45-1-4-2640-hedehusene-01699339__45__1___4,54.0,Fibercement herunder asbest,2.0,https://www.boligsiden.dk/adresse/vesterkoeb-45-1-4-2640-hedehusene-01699339__45__1___4,Mursten,Ikke oplyst
tvaerdiget-32-2740-skovlunde-01510686__32_______,Tværdiget 32,2740,Rækkehus,Tvangsauktion,26-11-2014,2750000.0,2,Skovlunde,1.0,Centralvarme med én fyringsenhed,/adresse/tvaerdiget-32-2740-skovlunde-01510686__32_______,103.0,Tagpap med lille hældning,4.0,https://www.boligsiden.dk/adresse/tvaerdiget-32-2740-skovlunde-01510686__32_______,Mursten,105.8
broendbyvestervej-10-2-m-2600-glostrup-01610044__10__2___m,"Brøndbyvestervej 10, 2. m.",2600,Ejerlejlighed,Tvangsauktion,25-11-2014,976000.0,3,Glostrup,1,Fjernvarme/blokvarme,/adresse/broendbyvestervej-10-2-m-2600-glostrup-01610044__10__2___m,84.0,Fibercement uden asbest,3.0,https://www.boligsiden.dk/adresse/broendbyvestervej-10-2-m-2600-glostrup-01610044__10__2___m,Mursten,Ikke oplyst
sommerfuglevej-9-2610-roedovre-01750800___9_______,Sommerfuglevej 9,2610,Villa,Tvangsauktion,22-10-2014,1650000.0,2,Rødovre,1.0,Varmepumpe,/adresse/sommerfuglevej-9-2610-roedovre-01750800___9_______,113.0,Metal,3.0,https://www.boligsiden.dk/adresse/sommerfuglevej-9-2610-roedovre-01750800___9_______,Mursten,119.9
hedevej-7-2640-hedehusene-01692707___7_______,Hedevej 7,2640,Villa,Tvangsauktion,30-09-2014,1000000.0,3,Hedehusene,1.0,Fjernvarme/blokvarme,/adresse/hedevej-7-2640-hedehusene-01692707___7_______,186.0,Fibercement uden asbest,4.0,https://www.boligsiden.dk/adresse/hedevej-7-2640-hedehusene-01692707___7_______,Mursten,190.1
hedekaeret-44-2-th-2640-hedehusene-01692652__44__2__th,"Hedekæret 44, 2. th.",2640,Ejerlejlighed,Tvangsauktion,03-09-2014,883000.0,3,Hedehusene,1,Fjernvarme/blokvarme,/adresse/hedekaeret-44-2-th-2640-hedehusene-01692652__44__2__th,78.0,Fibercement herunder asbest,3.0,https://www.boligsiden.dk/adresse/hedekaeret-44-2-th-2640-hedehusene-01692652__44__2__th,Mursten,Ikke oplyst
vejledalen-78-1-th-2635-ishoej-01830854__78__1__th,"Vejledalen 78, 1. th.",2635,Ejerlejlighed,Tvangsauktion,02-09-2014,684000.0,3,Ishøj,1,Fjernvarme/blokvarme,/adresse/vejledalen-78-1-th-2635-ishoej-01830854__78__1__th,70.0,Tagpap med lille hældning,2.0,https://www.boligsiden.dk/adresse/vejledalen-78-1-th-2635-ishoej-01830854__78__1__th,Betonelementer,Ikke oplyst
ordrupvej-75b-1-th-2920-charlottenlund-01570622_75b__1__th,"Ordrupvej 75B, 1. th.",2920,Ejerlejlighed,Tvangsauktion,13-08-2014,790000.0,2,Charlottenlund,1,Fjernvarme/blokvarme,/adresse/ordrupvej-75b-1-th-2920-charlottenlund-01570622_75b__1__th,66.0,Tegl,2.0,https://www.boligsiden.dk/adresse/ordrupvej-75b-1-th-2920-charlottenlund-01570622_75b__1__th,Mursten,Ikke oplyst
vejlegaardsparken-60-2-23-2665-vallensbaek-strand-01879267__60__2__23,"Vejlegårdsparken 60, 2. 23.",2665,Ejerlejlighed,Tvangsauktion,18-07-2014,931500.0,2,Vallensbæk Strand,1,Fjernvarme/blokvarme,/adresse/vejlegaardsparken-60-2-23-2665-vallensbaek-strand-01879267__60__2__23,86.0,Tagpap med lille hældning,3.0,https://www.boligsiden.dk/adresse/vejlegaardsparken-60-2-23-2665-vallensbaek-strand-01879267__60__2__23,Betonelementer,Ikke oplyst
lindetoften-5-2630-taastrup-01694493___5_______,Lindetoften 5,2630,Villa,Tvangsauktion,16-07-2014,2429500.0,3,Taastrup,1.0,Varmepumpe,/adresse/lindetoften-5-2630-taastrup-01694493___5_______,209.0,Fibercement herunder asbest,6.0,https://www.boligsiden.dk/adresse/lindetoften-5-2630-taastrup-01694493___5_______,Mursten,221.35
broksoevej-47-2665-vallensbaek-strand-01870639__47_______,Broksøvej 47,2665,Rækkehus,Tvangsauktion,01-07-2014,2260000.0,3,Vallensbæk Strand,1.0,Elvarme,/adresse/broksoevej-47-2665-vallensbaek-strand-01870639__47_______,162.0,Fibercement herunder asbest,5.0,https://www.boligsiden.dk/adresse/broksoevej-47-2665-vallensbaek-strand-01870639__47_______,Mursten,157.15
vejledalen-60-3-tv-2635-ishoej-01830854__60__3__tv,"Vejledalen 60, 3. tv.",2635,Ejerlejlighed,Tvangsauktion,17-06-2014,730980.0,3,Ishøj,1,Fjernvarme/blokvarme,/adresse/vejledalen-60-3-tv-2635-ishoej-01830854__60__3__tv,63.0,Tagpap med lille hældning,2.0,https://www.boligsiden.dk/adresse/vejledalen-60-3-tv-2635-ishoej-01830854__60__3__tv,Betonelementer,Ikke oplyst
lyngmosevej-10-2620-albertslund-01650314__10_______,Lyngmosevej 10,2620,Villa,Tvangsauktion,16-06-2014,1750000.0,3,Albertslund,1.0,Fjernvarme/blokvarme,/adresse/lyngmosevej-10-2620-albertslund-01650314__10_______,132.0,Tegl,5.0,https://www.boligsiden.dk/adresse/lyngmosevej-10-2620-albertslund-01650314__10_______,Mursten,134.2
berings-gade-20-1-th-2630-taastrup-01690370__20__1__th,"Berings Gade 20, 1. th.",2630,Ejerlejlighed,Tvangsauktion,27-05-2014,1895000.0,2,Taastrup,1,Fjernvarme/blokvarme,/adresse/berings-gade-20-1-th-2630-taastrup-01690370__20__1__th,98.0,Tagpap med stor hældning,4.0,https://www.boligsiden.dk/adresse/berings-gade-20-1-th-2630-taastrup-01690370__20__1__th,Mursten,Ikke oplyst
kirkebakken-8-2605-broendby-01530336___8_______,Kirkebakken 8,2605,Villa,Tvangsauktion,26-05-2014,1559000.0,3,Brøndby,1.0,Centralvarme med én fyringsenhed,/adresse/kirkebakken-8-2605-broendby-01530336___8_______,102.0,Tagpap med stor hældning,4.0,https://www.boligsiden.dk/adresse/kirkebakken-8-2605-broendby-01530336___8_______,Betonelementer,106.9
ericavej-163-0-106-2820-gentofte-01570203_163_st_106,"Ericavej 163, st. 106.",2820,Ejerlejlighed,Tvangsauktion,16-05-2014,765000.0,3,Gentofte,3.0,Centralvarme med én fyringsenhed,/adresse/ericavej-163-0-106-2820-gentofte-01570203_163_st_106,50.0,Fibercement herunder asbest,1.0,https://www.boligsiden.dk/adresse/ericavej-163-0-106-2820-gentofte-01570203_163_st_106,Mursten,Ikke oplyst
gammel-koege-landevej-735a-2660-broendby-strand-01530176735a_______,Gammel Køge Landevej 735A,2660,Rækkehus,Tvangsauktion,05-05-2014,1440000.0,3,Brøndby Strand,1.0,Varmepumpe,/adresse/gammel-koege-landevej-735a-2660-broendby-strand-01530176735a_______,103.0,Andet materiale,4.0,https://www.boligsiden.dk/adresse/gammel-koege-landevej-735a-2660-broendby-strand-01530176735a_______,Letbetonsten,Ikke oplyst
marievej-23-2900-hellerup-01570550__23_______,Marievej 23,2900,Villa,Tvangsauktion,30-04-2014,31095000.0,3,Hellerup,2.0,Fjernvarme/blokvarme,/adresse/marievej-23-2900-hellerup-01570550__23_______,381.0,Andet materiale,10.0,https://www.boligsiden.dk/adresse/marievej-23-2900-hellerup-01570550__23_______,Mursten,467.95
slettebjergvej-2-1-tv-2750-ballerup-01510313___2__1__tv,"Slettebjergvej 2, 1. tv.",2750,Ejerlejlighed,Tvangsauktion,30-04-2014,720000.0,3,Ballerup,1,Centralvarme med én fyringsenhed,/adresse/slettebjergvej-2-1-tv-2750-ballerup-01510313___2__1__tv,57.0,Tegl,2.0,https://www.boligsiden.dk/adresse/slettebjergvej-2-1-tv-2750-ballerup-01510313___2__1__tv,Mursten,Ikke oplyst
rebaek-soepark-3-10-1011-2650-hvidovre-01676690___3_101011,"Rebæk Søpark 3, 10. 1011.",1011,Ejerlejlighed,Tvangsauktion,07-04-2014,470000.0,2,Hvidovre,1,Fjernvarme/blokvarme,/adresse/rebaek-soepark-3-10-1011-2650-hvidovre-01676690___3_101011,61.0,Tagpap med stor hældning,2.0,https://www.boligsiden.dk/adresse/rebaek-soepark-3-10-1011-2650-hvidovre-01676690___3_101011,Letbetonsten,Ikke oplyst
strandvejen-262a-0-2920-charlottenlund-01570802262a_st____,"Strandvejen 262A, st.",2920,Villalejlighed,Tvangsauktion,31-03-2014,3250000.0,3,Charlottenlund,1,Ovn til fast og flydende brændsel,/adresse/strandvejen-262a-0-2920-charlottenlund-01570802262a_st____,89.0,Fibercement herunder asbest,3.0,https://www.boligsiden.dk/adresse/strandvejen-262a-0-2920-charlottenlund-01570802262a_st____,Mursten,Ikke oplyst
strandvejen-262a-1-2920-charlottenlund-01570802262a__1____,"Strandvejen 262A, 1.",2920,Villalejlighed,Tvangsauktion,31-03-2014,3250000.0,3,Charlottenlund,1,Ovn til fast og flydende brændsel,/adresse/strandvejen-262a-1-2920-charlottenlund-01570802262a__1____,89.0,Fibercement herunder asbest,4.0,https://www.boligsiden.dk/adresse/strandvejen-262a-1-2920-charlottenlund-01570802262a__1____,Mursten,Ikke oplyst
ved-kagsaa-2b-2860-soeborg-01590956__2b_______,Ved Kagså 2B,2860,Ejerlejlighed,Tvangsauktion,26-03-2014,710000.0,3,Søborg,1.0,Centralvarme med én fyringsenhed,/adresse/ved-kagsaa-2b-2860-soeborg-01590956__2b_______,45.0,Fibercement herunder asbest,1.0,https://www.boligsiden.dk/adresse/ved-kagsaa-2b-2860-soeborg-01590956__2b_______,Betonelementer,Ikke oplyst
mosevej-12-2635-ishoej-01830480__12_______,Mosevej 12,2635,Villa,Tvangsauktion,20-03-2014,3500000.0,2,Ishøj,1.0,Centralvarme med én fyringsenhed,/adresse/mosevej-12-2635-ishoej-01830480__12_______,150.0,Tegl,4.0,https://www.boligsiden.dk/adresse/mosevej-12-2635-ishoej-01830480__12_______,Mursten,158.25
tvaervej-22-1-tv-2640-hedehusene-01698878__22__1__tv,"Tværvej 22, 1. tv.",2640,Ejerlejlighed,Tvangsauktion,11-03-2014,3700000.0,3,Hedehusene,1,Fjernvarme/blokvarme,/adresse/tvaervej-22-1-tv-2640-hedehusene-01698878__22__1__tv,95.0,Tagpap med stor hældning,3.0,https://www.boligsiden.dk/adresse/tvaervej-22-1-tv-2640-hedehusene-01698878__22__1__tv,Mursten,Ikke oplyst
tvaervej-22-1-tv-2640-hedehusene-01698878__22__1__tv,"Tværvej 22, 1. tv.",2640,Ejerlejlighed,Tvangsauktion,01-06-2010,5150000.0,3,Hedehusene,1,Fjernvarme/blokvarme,/adresse/tvaervej-22-1-tv-2640-hedehusene-01698878__22__1__tv,95.0,Tagpap med stor hældning,3.0,https://www.boligsiden.dk/adresse/tvaervej-22-1-tv-2640-hedehusene-01698878__22__1__tv,Mursten,Ikke oplyst
tvaervej-22-1-th-2640-hedehusene-01698878__22__1__th,"Tværvej 22, 1. th.",2640,Ejerlejlighed,Tvangsauktion,11-03-2014,3700000.0,3,Hedehusene,1,Fjernvarme/blokvarme,/adresse/tvaervej-22-1-th-2640-hedehusene-01698878__22__1__th,95.0,Tagpap med stor hældning,3.0,https://www.boligsiden.dk/adresse/tvaervej-22-1-th-2640-hedehusene-01698878__22__1__th,Mursten,Ikke oplyst
tvaervej-22-1-th-2640-hedehusene-01698878__22__1__th,"Tværvej 22, 1. th.",2640,Ejerlejlighed,Tvangsauktion,01-06-2010,5150000.0,3,Hedehusene,1,Fjernvarme/blokvarme,/adresse/tvaervej-22-1-th-2640-hedehusene-01698878__22__1__th,95.0,Tagpap med stor hældning,3.0,https://www.boligsiden.dk/adresse/tvaervej-22-1-th-2640-hedehusene-01698878__22__1__th,Mursten,Ikke oplyst
spaden-c-4-0-3-2630-taastrup-01697428___4_st___3,"Spaden C 4, st. 3.",2630,Ejerlejlighed,Tvangsauktion,04-03-2014,445000.0,3,Taastrup,1,Fjernvarme/blokvarme,/adresse/spaden-c-4-0-3-2630-taastrup-01697428___4_st___3,57.0,Tagpap med lille hældning,2.0,https://www.boligsiden.dk/adresse/spaden-c-4-0-3-2630-taastrup-01697428___4_st___3,Betonelementer,Ikke oplyst
greve-alle-57-2650-hvidovre-01672957__57_______,Greve Alle 57,2650,Villa,Tvangsauktion,25-02-2014,2870000.0,3,Hvidovre,1.0,Fjernvarme/blokvarme,/adresse/greve-alle-57-2650-hvidovre-01672957__57_______,117.0,Tegl,5.0,https://www.boligsiden.dk/adresse/greve-alle-57-2650-hvidovre-01672957__57_______,Mursten,151.3
egholmsvej-5f-2830-virum-01730187__5f_______,Egholmsvej 5F,2830,Rækkehus,Tvangsauktion,21-02-2014,4786000.0,2,Virum,2.0,Varmepumpe,/adresse/egholmsvej-5f-2830-virum-01730187__5f_______,212.0,Tegl,5.0,https://www.boligsiden.dk/adresse/egholmsvej-5f-2830-virum-01730187__5f_______,Mursten,Ikke oplyst
vejledalen-80-0-mf-2635-ishoej-01830854__80_st__mf,"Vejledalen 80, st. mf.",2635,Ejerlejlighed,Tvangsauktion,18-02-2014,325100.0,3,Ishøj,1,Fjernvarme/blokvarme,/adresse/vejledalen-80-0-mf-2635-ishoej-01830854__80_st__mf,44.0,Tagpap med lille hældning,1.0,https://www.boligsiden.dk/adresse/vejledalen-80-0-mf-2635-ishoej-01830854__80_st__mf,Betonelementer,Ikke oplyst
smedeengen-8-2635-ishoej-01830600___8_______,Smedeengen 8,2635,Rækkehus,Tvangsauktion,18-02-2014,1401000.0,1,Ishøj,1.0,Elvarme,/adresse/smedeengen-8-2635-ishoej-01830600___8_______,103.0,Tegl,4.0,https://www.boligsiden.dk/adresse/smedeengen-8-2635-ishoej-01830600___8_______,Mursten,105
smakkegaardsvej-161-1-th-2820-gentofte-01570753_161__1__th,"Smakkegårdsvej 161, 1. th.",2820,Ejerlejlighed,Tvangsauktion,15-01-2014,1116000.0,3,Gentofte,1,Fjernvarme/blokvarme,/adresse/smakkegaardsvej-161-1-th-2820-gentofte-01570753_161__1__th,67.0,Tagpap med stor hældning,2.0,https://www.boligsiden.dk/adresse/smakkegaardsvej-161-1-th-2820-gentofte-01570753_161__1__th,Mursten,Ikke oplyst
vejlegaardsparken-2-0-2-2665-vallensbaek-strand-01879267___2_st___2,"Vejlegårdsparken 2, st. 2.",2665,Ejerlejlighed,Tvangsauktion,15-01-2014,811211.0,3,Vallensbæk Strand,1,Fjernvarme/blokvarme,/adresse/vejlegaardsparken-2-0-2-2665-vallensbaek-strand-01879267___2_st___2,88.0,Tagpap med lille hældning,3.0,https://www.boligsiden.dk/adresse/vejlegaardsparken-2-0-2-2665-vallensbaek-strand-01879267___2_st___2,Betonelementer,Ikke oplyst
holmelins-tvaervej-8c-1-tv-2800-kongens-lyngby-01730347__8c__1__tv,"Holmelins Tværvej 8C, 1. tv.",2800,Ejerlejlighed,Tvangsauktion,10-01-2014,601200.0,3,Kongens Lyngby,1,Fjernvarme/blokvarme,/adresse/holmelins-tvaervej-8c-1-tv-2800-kongens-lyngby-01730347__8c__1__tv,52.0,Tegl,2.0,https://www.boligsiden.dk/adresse/holmelins-tvaervej-8c-1-tv-2800-kongens-lyngby-01730347__8c__1__tv,Mursten,Ikke oplyst
espensstraede-10-2620-albertslund-01650095__10_______,Espensstræde 10,2620,Ejerlejlighed,Tvangsauktion,06-01-2014,1977000.0,3,Albertslund,1.0,Fjernvarme/blokvarme,/adresse/espensstraede-10-2620-albertslund-01650095__10_______,136.0,Fibercement herunder asbest,3.0,https://www.boligsiden.dk/adresse/espensstraede-10-2620-albertslund-01650095__10_______,Mursten,Ikke oplyst
reerslevvej-11-2640-hedehusene-01696118__11_______,Reerslevvej 11,2640,Villa,Tvangsauktion,28-11-2013,1950000.0,3,,,,,,,,,,
reerslevvej-11-2640-hedehusene-01696118__11_______,Reerslevvej 11,2640,Villa,Tvangsauktion,28-11-2013,1950000.0,3,,,,,,,,,,
gammelgaards-alle-7-0-3-2665-vallensbaek-strand-01871704___7_st___3,"Gammelgårds Alle 7, st. 3.",2665,Ejerlejlighed,Tvangsauktion,09-11-2013,462000.0,3,Vallensbæk Strand,1,Fjernvarme/blokvarme,/adresse/gammelgaards-alle-7-0-3-2665-vallensbaek-strand-01871704___7_st___3,49.0,Tagpap med lille hældning,2.0,https://www.boligsiden.dk/adresse/gammelgaards-alle-7-0-3-2665-vallensbaek-strand-01871704___7_st___3,Betonelementer,Ikke oplyst
molndalsparken-24-2620-albertslund-01650328__24_______,Mölndalsparken 24,2620,Ejerlejlighed,Tvangsauktion,05-11-2013,1100000.0,3,Albertslund,2.0,Fjernvarme/blokvarme,/adresse/molndalsparken-24-2620-albertslund-01650328__24_______,61.0,Betontagsten,2.0,https://www.boligsiden.dk/adresse/molndalsparken-24-2620-albertslund-01650328__24_______,Mursten,Ikke oplyst
selma-lagerloefs-alle-7-1-tv-2860-soeborg-01590734___7__1__tv,"Selma Lagerløfs Alle 7, 1. tv.",2860,Ejerlejlighed,Tvangsauktion,28-10-2013,470000.0,3,Søborg,1,Fjernvarme/blokvarme,/adresse/selma-lagerloefs-alle-7-1-tv-2860-soeborg-01590734___7__1__tv,38.0,Fibercement herunder asbest,2.0,https://www.boligsiden.dk/adresse/selma-lagerloefs-alle-7-1-tv-2860-soeborg-01590734___7__1__tv,Mursten,Ikke oplyst
leen-b-2-3-2-2630-taastrup-01694316___2__3___2,"Leen B 2, 3. 2.",2630,Ejerlejlighed,Tvangsauktion,22-10-2013,1180000.0,3,Taastrup,1,Fjernvarme/blokvarme,/adresse/leen-b-2-3-2-2630-taastrup-01694316___2__3___2,98.0,Tagpap med lille hældning,4.0,https://www.boligsiden.dk/adresse/leen-b-2-3-2-2630-taastrup-01694316___2__3___2,Betonelementer,Ikke oplyst
marbaek-park-2-1-3-2750-ballerup-01510622___2__1___3,"Marbæk Park 2, 1. 3.",2750,Ejerlejlighed,Tvangsauktion,16-10-2013,1600000.0,2,Ballerup,1,Fjernvarme/blokvarme,/adresse/marbaek-park-2-1-3-2750-ballerup-01510622___2__1___3,77.0,Tagpap med stor hældning,2.0,https://www.boligsiden.dk/adresse/marbaek-park-2-1-3-2750-ballerup-01510622___2__1___3,Mursten,Ikke oplyst
stroemsvej-14-2630-taastrup-01697754__14_______,Strømsvej 14,2630,Fritidsbolig,Tvangsauktion,30-09-2013,520000.0,3,Taastrup,1.0,Elvarme,/adresse/stroemsvej-14-2630-taastrup-01697754__14_______,105.0,Tagpap med stor hældning,3.0,https://www.boligsiden.dk/adresse/stroemsvej-14-2630-taastrup-01697754__14_______,Træ,118.65
buddingevej-297-0-tv-2860-soeborg-01590088_297_st__tv,"Buddingevej 297, st. tv.",2860,Ejerlejlighed,Tvangsauktion,30-09-2013,880000.0,3,,,,,,,,,,
leen-a-3-2-1-2630-taastrup-01694314___3__2___1,"Leen A 3, 2. 1.",2630,Ejerlejlighed,Tvangsauktion,30-09-2013,546500.0,3,Taastrup,1,Fjernvarme/blokvarme,/adresse/leen-a-3-2-1-2630-taastrup-01694314___3__2___1,57.0,Tagpap med lille hældning,2.0,https://www.boligsiden.dk/adresse/leen-a-3-2-1-2630-taastrup-01694314___3__2___1,Betonelementer,Ikke oplyst
roedvig-alle-6a-2650-hvidovre-01677019__6a_______,Rødvig Alle 6A,2650,Rækkehus,Tvangsauktion,23-09-2013,2695000.0,2,Hvidovre,1.0,Centralvarme med én fyringsenhed,/adresse/roedvig-alle-6a-2650-hvidovre-01677019__6a_______,74.0,Tagpap med stor hældning,3.0,https://www.boligsiden.dk/adresse/roedvig-alle-6a-2650-hvidovre-01677019__6a_______,Mursten,103.6
vejlebrovej-85-1-140-2635-ishoej-01830850__85__1_140,"Vejlebrovej 85, 1. 140.",2635,Ejerlejlighed,Tvangsauktion,16-09-2013,1218000.0,1,Ishøj,1,Fjernvarme/blokvarme,/adresse/vejlebrovej-85-1-140-2635-ishoej-01830850__85__1_140,105.0,Tagpap med lille hældning,4.0,https://www.boligsiden.dk/adresse/vejlebrovej-85-1-140-2635-ishoej-01830850__85__1_140,Mursten,Ikke oplyst
hammeren-31-2-185-2630-taastrup-01692530__31__2_185,"Hammeren 31, 2. 185.",2630,Ejerlejlighed,Tvangsauktion,26-08-2013,895000.0,3,Taastrup,1,Fjernvarme/blokvarme,/adresse/hammeren-31-2-185-2630-taastrup-01692530__31__2_185,71.0,Tagpap med lille hældning,2.0,https://www.boligsiden.dk/adresse/hammeren-31-2-185-2630-taastrup-01692530__31__2_185,Betonelementer,Ikke oplyst
kratvaenget-21-2920-charlottenlund-01570486__21_______,Kratvænget 21,2920,Villa,Tvangsauktion,07-08-2013,7595073.0,3,Charlottenlund,2.0,Fjernvarme/blokvarme,/adresse/kratvaenget-21-2920-charlottenlund-01570486__21_______,227.0,Tagpap med stor hældning,7.0,https://www.boligsiden.dk/adresse/kratvaenget-21-2920-charlottenlund-01570486__21_______,Mursten,276.6
vejlebrovej-62-3-mf-2635-ishoej-01830850__62__3__mf,"Vejlebrovej 62, 3. mf.",2635,Ejerlejlighed,Tvangsauktion,05-08-2013,373500.0,3,Ishøj,1,Fjernvarme/blokvarme,/adresse/vejlebrovej-62-3-mf-2635-ishoej-01830850__62__3__mf,36.0,Tagpap med lille hældning,1.0,https://www.boligsiden.dk/adresse/vejlebrovej-62-3-mf-2635-ishoej-01830850__62__3__mf,Betonelementer,Ikke oplyst
augustvej-50-2860-soeborg-01590033__50_______,Augustvej 50,2860,Villa,Tvangsauktion,29-07-2013,2000000.0,2,Søborg,1.0,Centralvarme med én fyringsenhed,/adresse/augustvej-50-2860-soeborg-01590033__50_______,74.0,Tegl,3.0,https://www.boligsiden.dk/adresse/augustvej-50-2860-soeborg-01590033__50_______,Mursten,78.5
refmosevej-8-2640-hedehusene-01696199___8_______,Refmosevej 8,2640,Villa,Tvangsauktion,09-07-2013,1900000.0,3,Hedehusene,1.0,Fjernvarme/blokvarme,/adresse/refmosevej-8-2640-hedehusene-01696199___8_______,118.0,Fibercement herunder asbest,4.0,https://www.boligsiden.dk/adresse/refmosevej-8-2640-hedehusene-01696199___8_______,Mursten,169.15
virum-stationsvej-141b-1-tv-2830-virum-01730869141b__1__tv,"Virum Stationsvej 141B, 1. tv.",2830,Ejerlejlighed,Tvangsauktion,05-07-2013,279000.0,3,Virum,1,Centralvarme med én fyringsenhed,/adresse/virum-stationsvej-141b-1-tv-2830-virum-01730869141b__1__tv,50.0,Fibercement herunder asbest,1.0,https://www.boligsiden.dk/adresse/virum-stationsvej-141b-1-tv-2830-virum-01730869141b__1__tv,Mursten,Ikke oplyst
mandholmen-12-2650-hvidovre-01675645__12_______,Mandholmen 12,2650,Rækkehus,Tvangsauktion,03-07-2013,1678642.0,2,Hvidovre,1.0,Centralvarme med én fyringsenhed,/adresse/mandholmen-12-2650-hvidovre-01675645__12_______,121.0,Tegl,5.0,https://www.boligsiden.dk/adresse/mandholmen-12-2650-hvidovre-01675645__12_______,Mursten,149.4
roskildevej-378-0-1-2630-taastrup-01696362_378_st___1,"Roskildevej 378, st. 1.",2630,Ejerlejlighed,Tvangsauktion,02-07-2013,442758.0,3,Taastrup,1,Fjernvarme/blokvarme,/adresse/roskildevej-378-0-1-2630-taastrup-01696362_378_st___1,49.0,Fibercement herunder asbest,2.0,https://www.boligsiden.dk/adresse/roskildevej-378-0-1-2630-taastrup-01696362_378_st___1,Mursten,Ikke oplyst
lyngevej-16-2640-hedehusene-01694683__16_______,Lyngevej 16,2640,Villa,Tvangsauktion,19-06-2013,2000000.0,1,,,,,,,,,,
slotsvej-79-2920-charlottenlund-01570750__79_______,Slotsvej 79,2920,Villa,Tvangsauktion,19-06-2013,4850000.0,1,Charlottenlund,1.0,Centralvarme med én fyringsenhed,/adresse/slotsvej-79-2920-charlottenlund-01570750__79_______,183.0,Fibercement herunder asbest,4.0,https://www.boligsiden.dk/adresse/slotsvej-79-2920-charlottenlund-01570750__79_______,Træ,192.8
daglykkevej-6-2650-hvidovre-01671523___6_______,Daglykkevej 6,2650,Villa,Tvangsauktion,18-06-2013,4000000.0,2,Hvidovre,1.0,Centralvarme med én fyringsenhed,/adresse/daglykkevej-6-2650-hvidovre-01671523___6_______,116.0,Fibercement herunder asbest,6.0,https://www.boligsiden.dk/adresse/daglykkevej-6-2650-hvidovre-01671523___6_______,Mursten,142.65
taastrup-have-30-0-th-2630-taastrup-01698960__30_st__th,"Taastrup Have 30, st. th.",2630,Ejerlejlighed,Tvangsauktion,12-06-2013,455000.0,3,Taastrup,1,Fjernvarme/blokvarme,/adresse/taastrup-have-30-0-th-2630-taastrup-01698960__30_st__th,57.0,Fibercement herunder asbest,2.0,https://www.boligsiden.dk/adresse/taastrup-have-30-0-th-2630-taastrup-01698960__30_st__th,Mursten,Ikke oplyst
saksen-c-4-2-4-2630-taastrup-01696640___4__2___4,"Saksen C 4, 2. 4.",2630,Ejerlejlighed,Tvangsauktion,12-06-2013,745000.0,2,Taastrup,1,Fjernvarme/blokvarme,/adresse/saksen-c-4-2-4-2630-taastrup-01696640___4__2___4,57.0,Tagpap med lille hældning,2.0,https://www.boligsiden.dk/adresse/saksen-c-4-2-4-2630-taastrup-01696640___4__2___4,Betonelementer,Ikke oplyst
koegevej-200-2635-ishoej-01830380_200_______,Køgevej 200,2635,Villa,Tvangsauktion,04-06-2013,420000.0,2,,,,,,,,,,
vandmestervej-32b-2630-taastrup-01699122_32b_______,Vandmestervej 32B,2630,Villa,Tvangsauktion,22-04-2013,4100000.0,2,,,,,,,,,,
bueparken-12-2750-ballerup-01510054__12_______,Bueparken 12,2750,Villa,Tvangsauktion,17-04-2013,2171033.0,3,Ballerup,1.0,Centralvarme med én fyringsenhed,/adresse/bueparken-12-2750-ballerup-01510054__12_______,160.0,Fibercement herunder asbest,5.0,https://www.boligsiden.dk/adresse/bueparken-12-2750-ballerup-01510054__12_______,Mursten,199.15
lindevang-12-2660-broendby-strand-01530386__12_______,Lindevang 12,2660,Villa,Tvangsauktion,16-04-2013,2150000.0,3,Brøndby Strand,1.0,Varmepumpe,/adresse/lindevang-12-2660-broendby-strand-01530386__12_______,250.0,Tegl,8.0,https://www.boligsiden.dk/adresse/lindevang-12-2660-broendby-strand-01530386__12_______,Letbetonsten,254.5
soeborg-hovedgade-14-0-tv-2870-dyssegaard-01570821__14_st__tv,"Søborg Hovedgade 14, st. tv.",2870,Ejerlejlighed,Tvangsauktion,10-04-2013,1250000.0,2,Dyssegård,1,Fjernvarme/blokvarme,/adresse/soeborg-hovedgade-14-0-tv-2870-dyssegaard-01570821__14_st__tv,40.0,Fibercement herunder asbest,2.0,https://www.boligsiden.dk/adresse/soeborg-hovedgade-14-0-tv-2870-dyssegaard-01570821__14_st__tv,Mursten,Ikke oplyst
gammel-koege-landevej-516-2650-hvidovre-01672807_516_______,Gammel Køge Landevej 516,2650,Villa,Tvangsauktion,09-04-2013,2000000.0,3,Hvidovre,1.0,Centralvarme med én fyringsenhed,/adresse/gammel-koege-landevej-516-2650-hvidovre-01672807_516_______,124.0,Betontagsten,4.0,https://www.boligsiden.dk/adresse/gammel-koege-landevej-516-2650-hvidovre-01672807_516_______,Mursten,126.3
ishoej-bygade-90-2635-ishoej-01830290__90_______,Ishøj Bygade 90,2635,Villa,Tvangsauktion,08-04-2013,500000.0,1,Ishøj,1.0,Varmepumpe,/adresse/ishoej-bygade-90-2635-ishoej-01830290__90_______,120.0,Tegl,4.0,https://www.boligsiden.dk/adresse/ishoej-bygade-90-2635-ishoej-01830290__90_______,Mursten,133.8
kraghave-parkvej-10-2630-taastrup-01694060__10_______,Kraghave Parkvej 10,2630,Villa,Tvangsauktion,20-03-2013,2750000.0,3,Taastrup,1.0,Centralvarme med én fyringsenhed,/adresse/kraghave-parkvej-10-2630-taastrup-01694060__10_______,176.0,Betontagsten,5.0,https://www.boligsiden.dk/adresse/kraghave-parkvej-10-2630-taastrup-01694060__10_______,Mursten,183
leen-c-1-0-2-2630-taastrup-01694318___1_st___2,"Leen C 1, st. 2.",2630,Ejerlejlighed,Tvangsauktion,11-03-2013,162500.0,3,Taastrup,1,Fjernvarme/blokvarme,/adresse/leen-c-1-0-2-2630-taastrup-01694318___1_st___2,36.0,Tagpap med lille hældning,1.0,https://www.boligsiden.dk/adresse/leen-c-1-0-2-2630-taastrup-01694318___1_st___2,Betonelementer,Ikke oplyst
vejlebrovej-114-2-tv-2635-ishoej-01830850_114__2__tv,"Vejlebrovej 114, 2. tv.",2635,Ejerlejlighed,Tvangsauktion,06-03-2013,630000.0,3,Ishøj,1,Fjernvarme/blokvarme,/adresse/vejlebrovej-114-2-tv-2635-ishoej-01830850_114__2__tv,76.0,Tagpap med lille hældning,2.0,https://www.boligsiden.dk/adresse/vejlebrovej-114-2-tv-2635-ishoej-01830850_114__2__tv,Betonelementer,Ikke oplyst
kratkrogen-3-2920-charlottenlund-01570485___3_______,Kratkrogen 3,2920,Villa,Tvangsauktion,05-03-2013,8267300.0,3,Charlottenlund,1.0,Centralvarme med én fyringsenhed,/adresse/kratkrogen-3-2920-charlottenlund-01570485___3_______,200.0,Betontagsten,5.0,https://www.boligsiden.dk/adresse/kratkrogen-3-2920-charlottenlund-01570485___3_______,Mursten,253.45
saven-a-2-2-1-2630-taastrup-01696690___2__2___1,"Saven A 2, 2. 1.",2630,Ejerlejlighed,Tvangsauktion,04-03-2013,640000.0,2,Taastrup,1,Fjernvarme/blokvarme,/adresse/saven-a-2-2-1-2630-taastrup-01696690___2__2___1,57.0,Tagpap med lille hældning,2.0,https://www.boligsiden.dk/adresse/saven-a-2-2-1-2630-taastrup-01696690___2__2___1,Betonelementer,Ikke oplyst
tavlebakkevej-4-2605-broendby-01530691___4_______,Tavlebakkevej 4,2605,Villa,Tvangsauktion,26-02-2013,1859000.0,3,Brøndby,1.0,Fjernvarme/blokvarme,/adresse/tavlebakkevej-4-2605-broendby-01530691___4_______,141.0,Tegl,5.0,https://www.boligsiden.dk/adresse/tavlebakkevej-4-2605-broendby-01530691___4_______,Mursten,139.5
nordre-ringvej-5-2-th-2600-glostrup-01610358___5__2__th,"Nordre Ringvej 5, 2. th.",2600,Ejerlejlighed,Tvangsauktion,25-02-2013,450000.0,2,Glostrup,1,Fjernvarme/blokvarme,/adresse/nordre-ringvej-5-2-th-2600-glostrup-01610358___5__2__th,68.0,Tegl,3.0,https://www.boligsiden.dk/adresse/nordre-ringvej-5-2-th-2600-glostrup-01610358___5__2__th,Mursten,Ikke oplyst
jernbane-alle-51a-2630-taastrup-01693546_51a_______,Jernbane Alle 51A,2630,Villa,Tvangsauktion,28-01-2013,1065141.0,2,Taastrup,1.0,Fjernvarme/blokvarme,/adresse/jernbane-alle-51a-2630-taastrup-01693546_51a_______,145.0,Betontagsten,5.0,https://www.boligsiden.dk/adresse/jernbane-alle-51a-2630-taastrup-01693546_51a_______,Træ,148.25
topperne-28-0-4-2620-albertslund-01650532__28_st___4,"Topperne 28, st. 4.",2620,Ejerlejlighed,Tvangsauktion,22-01-2013,486800.0,3,Albertslund,1,Fjernvarme/blokvarme,/adresse/topperne-28-0-4-2620-albertslund-01650532__28_st___4,49.0,Fibercement herunder asbest,2.0,https://www.boligsiden.dk/adresse/topperne-28-0-4-2620-albertslund-01650532__28_st___4,Betonelementer,Ikke oplyst
merlegaardsvej-6-2635-ishoej-01830460___6_______,Merlegårdsvej 6,2635,Villa,Tvangsauktion,15-01-2013,2125000.0,3,Ishøj,1.0,Varmepumpe,/adresse/merlegaardsvej-6-2635-ishoej-01830460___6_______,265.0,Betontagsten,6.0,https://www.boligsiden.dk/adresse/merlegaardsvej-6-2635-ishoej-01830460___6_______,Mursten,284.5
gjoerdingvej-10-2760-maaloev-01510736__10_______,Gjørdingvej 10,2760,Villa,Tvangsauktion,08-01-2013,2350000.0,3,Måløv,1.0,Centralvarme med én fyringsenhed,/adresse/gjoerdingvej-10-2760-maaloev-01510736__10_______,160.0,Fibercement herunder asbest,5.0,https://www.boligsiden.dk/adresse/gjoerdingvej-10-2760-maaloev-01510736__10_______,Mursten,167.4
ejgaardsvej-22--1-th-2920-charlottenlund-01570175__22_kl__th,"Ejgårdsvej 22, kl. th.",2920,Ejerlejlighed,Tvangsauktion,08-01-2013,650000.0,2,Charlottenlund,1,Fjernvarme/blokvarme,/adresse/ejgaardsvej-22--1-th-2920-charlottenlund-01570175__22_kl__th,61.0,Fibercement herunder asbest,2.0,https://www.boligsiden.dk/adresse/ejgaardsvej-22--1-th-2920-charlottenlund-01570175__22_kl__th,Mursten,Ikke oplyst
hyldemorsvej-40a-2730-herlev-01633397_40a_______,Hyldemorsvej 40A,2730,Villa,Tvangsauktion,07-01-2013,1112800.0,2,Herlev,1.0,Centralvarme med én fyringsenhed,/adresse/hyldemorsvej-40a-2730-herlev-01633397_40a_______,84.0,Fibercement herunder asbest,3.0,https://www.boligsiden.dk/adresse/hyldemorsvej-40a-2730-herlev-01633397_40a_______,Mursten,123.6
broendbyvestervej-60a-1-2-2605-broendby-01530071_60a__1___2,"Brøndbyvestervej 60A, 1. 2.",2605,Ejerlejlighed,Tvangsauktion,18-12-2012,448447.0,3,Brøndby,1,Fjernvarme/blokvarme,/adresse/broendbyvestervej-60a-1-2-2605-broendby-01530071_60a__1___2,46.0,Metal,1.0,https://www.boligsiden.dk/adresse/broendbyvestervej-60a-1-2-2605-broendby-01530071_60a__1___2,Mursten,Ikke oplyst
lille-bygade-11-2635-ishoej-01830400__11_______,Lille Bygade 11,2635,Villa,Tvangsauktion,18-12-2012,1055000.0,3,Ishøj,1.0,Centralvarme med én fyringsenhed,/adresse/lille-bygade-11-2635-ishoej-01830400__11_______,95.0,Metal,4.0,https://www.boligsiden.dk/adresse/lille-bygade-11-2635-ishoej-01830400__11_______,Mursten,106.5
parcelvej-111-2830-virum-01730640_111_______,Parcelvej 111,2830,Villa,Tvangsauktion,12-12-2012,5405000.0,3,Virum,1.0,Centralvarme med to fyringsenheder,/adresse/parcelvej-111-2830-virum-01730640_111_______,199.0,Betontagsten,6.0,https://www.boligsiden.dk/adresse/parcelvej-111-2830-virum-01730640_111_______,Træ,256.5
plantevej-23-2-th-2870-dyssegaard-01570631__23__2__th,"Plantevej 23, 2. th.",2870,Ejerlejlighed,Tvangsauktion,12-12-2012,590000.0,3,Dyssegård,1,Fjernvarme/blokvarme,/adresse/plantevej-23-2-th-2870-dyssegaard-01570631__23__2__th,57.0,Tagpap med stor hældning,2.0,https://www.boligsiden.dk/adresse/plantevej-23-2-th-2870-dyssegaard-01570631__23__2__th,Mursten,Ikke oplyst
natsvaermervej-50-2610-roedovre-01750017__50_______,Natsværmervej 50,2610,Villa,Tvangsauktion,12-12-2012,2300000.0,3,Rødovre,1.0,Centralvarme med én fyringsenhed,/adresse/natsvaermervej-50-2610-roedovre-01750017__50_______,70.0,Tegl,3.0,https://www.boligsiden.dk/adresse/natsvaermervej-50-2610-roedovre-01750017__50_______,Mursten,72.75
roskildevej-346-2630-taastrup-01696362_346_______,Roskildevej 346,2630,Rækkehus,Tvangsauktion,11-12-2012,1044331.0,3,Taastrup,1.0,Centralvarme med én fyringsenhed,/adresse/roskildevej-346-2630-taastrup-01696362_346_______,131.0,Tegl,3.0,https://www.boligsiden.dk/adresse/roskildevej-346-2630-taastrup-01696362_346_______,Mursten,133.5
leen-b-1-3-1-2630-taastrup-01694316___1__3___1,"Leen B 1, 3. 1.",2630,Ejerlejlighed,Tvangsauktion,05-12-2012,315000.0,3,Taastrup,1,Fjernvarme/blokvarme,/adresse/leen-b-1-3-1-2630-taastrup-01694316___1__3___1,35.0,Tagpap med lille hældning,1.0,https://www.boligsiden.dk/adresse/leen-b-1-3-1-2630-taastrup-01694316___1__3___1,Betonelementer,Ikke oplyst
rybjerg-alle-84-2860-soeborg-01590702__84_______,Rybjerg Alle 84,2860,Villa,Tvangsauktion,04-12-2012,2200000.0,3,Søborg,1.0,Fjernvarme/blokvarme,/adresse/rybjerg-alle-84-2860-soeborg-01590702__84_______,124.0,Tegl,3.0,https://www.boligsiden.dk/adresse/rybjerg-alle-84-2860-soeborg-01590702__84_______,Mursten,129
gyngemose-parkvej-59-1-tv-2860-soeborg-01590259__59__1__tv,"Gyngemose Parkvej 59, 1. tv.",2860,Ejerlejlighed,Tvangsauktion,27-11-2012,1090000.0,1,Søborg,1,Fjernvarme/blokvarme,/adresse/gyngemose-parkvej-59-1-tv-2860-soeborg-01590259__59__1__tv,85.0,Tagpap med lille hældning,4.0,https://www.boligsiden.dk/adresse/gyngemose-parkvej-59-1-tv-2860-soeborg-01590259__59__1__tv,Mursten,Ikke oplyst
hvidovrevej-180-1-115-2650-hvidovre-01674032_180__1_115,"Hvidovrevej 180, 1. 115.",2650,Ejerlejlighed,Tvangsauktion,30-10-2012,404000.0,3,Hvidovre,1,Fjernvarme/blokvarme,/adresse/hvidovrevej-180-1-115-2650-hvidovre-01674032_180__1_115,47.0,Tagpap med lille hældning,1.0,https://www.boligsiden.dk/adresse/hvidovrevej-180-1-115-2650-hvidovre-01674032_180__1_115,Mursten,Ikke oplyst
albertslundvej-87-0-tv-2625-vallensbaek-01870106__87_st__tv,"Albertslundvej 87, st. tv.",2625,Ejerlejlighed,Tvangsauktion,30-10-2012,622000.0,3,Vallensbæk,1,Fjernvarme/blokvarme,/adresse/albertslundvej-87-0-tv-2625-vallensbaek-01870106__87_st__tv,107.0,Tagpap med lille hældning,4.0,https://www.boligsiden.dk/adresse/albertslundvej-87-0-tv-2625-vallensbaek-01870106__87_st__tv,Mursten,Ikke oplyst
saven-d-3-1-1-2630-taastrup-01696696___3__1___1,"Saven D 3, 1. 1.",2630,Ejerlejlighed,Tvangsauktion,22-10-2012,410000.0,3,Taastrup,1,Fjernvarme/blokvarme,/adresse/saven-d-3-1-1-2630-taastrup-01696696___3__1___1,57.0,Tagpap med lille hældning,2.0,https://www.boligsiden.dk/adresse/saven-d-3-1-1-2630-taastrup-01696696___3__1___1,Betonelementer,Ikke oplyst
tjaereborgvej-33-2760-maaloev-01510803__33_______,Tjæreborgvej 33,2760,Villa,Tvangsauktion,25-09-2012,1275000.0,1,Måløv,1.0,Centralvarme med én fyringsenhed,/adresse/tjaereborgvej-33-2760-maaloev-01510803__33_______,195.0,Tegl,5.0,https://www.boligsiden.dk/adresse/tjaereborgvej-33-2760-maaloev-01510803__33_______,Mursten,199.1
parkvej-153-1-th-2630-taastrup-01695738_153__1__th,"Parkvej 153, 1. th.",2630,Ejerlejlighed,Tvangsauktion,24-09-2012,1045000.0,3,Taastrup,1,Fjernvarme/blokvarme,/adresse/parkvej-153-1-th-2630-taastrup-01695738_153__1__th,76.0,Betontagsten,2.0,https://www.boligsiden.dk/adresse/parkvej-153-1-th-2630-taastrup-01695738_153__1__th,Mursten,Ikke oplyst
jernbanevej-6-1-a-2800-kongens-lyngby-01730387___6__1___a,"Jernbanevej 6, 1. a.",2800,Ejerlejlighed,Tvangsauktion,21-09-2012,2150000.0,3,Kongens Lyngby,1,Fjernvarme/blokvarme,/adresse/jernbanevej-6-1-a-2800-kongens-lyngby-01730387___6__1___a,79.0,Fibercement uden asbest,2.0,https://www.boligsiden.dk/adresse/jernbanevej-6-1-a-2800-kongens-lyngby-01730387___6__1___a,Mursten,Ikke oplyst
jernbanevej-6-1-a-2800-kongens-lyngby-01730387___6__1___a,"Jernbanevej 6, 1. a.",2800,Ejerlejlighed,Tvangsauktion,27-08-2009,2006604.0,3,Kongens Lyngby,1,Fjernvarme/blokvarme,/adresse/jernbanevej-6-1-a-2800-kongens-lyngby-01730387___6__1___a,79.0,Fibercement uden asbest,2.0,https://www.boligsiden.dk/adresse/jernbanevej-6-1-a-2800-kongens-lyngby-01730387___6__1___a,Mursten,Ikke oplyst
platanhaven-91-2600-glostrup-01650362__91_______,Platanhaven 91,2600,Villa,Tvangsauktion,10-09-2012,2270000.0,1,Glostrup,1.0,Centralvarme med én fyringsenhed,/adresse/platanhaven-91-2600-glostrup-01650362__91_______,202.0,Tegl,4.0,https://www.boligsiden.dk/adresse/platanhaven-91-2600-glostrup-01650362__91_______,Mursten,219.6
bagsvaerd-hovedgade-99-9-a-2880-bagsvaerd-01590039__99__9___a,"Bagsværd Hovedgade 99, 9. a.",2880,Ejerlejlighed,Tvangsauktion,29-08-2012,360000.0,3,Bagsværd,1,Fjernvarme/blokvarme,/adresse/bagsvaerd-hovedgade-99-9-a-2880-bagsvaerd-01590039__99__9___a,50.0,Tagpap med stor hældning,1.0,https://www.boligsiden.dk/adresse/bagsvaerd-hovedgade-99-9-a-2880-bagsvaerd-01590039__99__9___a,Betonelementer,Ikke oplyst
roennevangshusene-57-2-tv-2630-taastrup-01696605__57__2__tv,"Rønnevangshusene 57, 2. tv.",2630,Ejerlejlighed,Tvangsauktion,27-08-2012,900000.0,3,Taastrup,1,Fjernvarme/blokvarme,/adresse/roennevangshusene-57-2-tv-2630-taastrup-01696605__57__2__tv,96.0,Betontagsten,4.0,https://www.boligsiden.dk/adresse/roennevangshusene-57-2-tv-2630-taastrup-01696605__57__2__tv,Mursten,Ikke oplyst
exnersvej-48-2930-klampenborg-01570221__48_______,Exnersvej 48,2930,Villa,Tvangsauktion,22-08-2012,8800000.0,3,Klampenborg,2.0,Centralvarme med én fyringsenhed,/adresse/exnersvej-48-2930-klampenborg-01570221__48_______,288.0,Tegl,9.0,https://www.boligsiden.dk/adresse/exnersvej-48-2930-klampenborg-01570221__48_______,Mursten,347.2
taastrup-have-5-0-tv-2630-taastrup-01698960___5_st__tv,"Taastrup Have 5, st. tv.",2630,Ejerlejlighed,Tvangsauktion,21-08-2012,550000.0,3,Taastrup,1,Fjernvarme/blokvarme,/adresse/taastrup-have-5-0-tv-2630-taastrup-01698960___5_st__tv,57.0,Fibercement herunder asbest,2.0,https://www.boligsiden.dk/adresse/taastrup-have-5-0-tv-2630-taastrup-01698960___5_st__tv,Mursten,Ikke oplyst
ulrikkenborg-alle-39-2-mf-2800-kongens-lyngby-01730831__39__2__mf,"Ulrikkenborg Alle 39, 2. mf.",2800,Ejerlejlighed,Tvangsauktion,15-08-2012,590000.0,3,Kongens Lyngby,1,Fjernvarme/blokvarme,/adresse/ulrikkenborg-alle-39-2-mf-2800-kongens-lyngby-01730831__39__2__mf,45.0,Tagpap med stor hældning,1.0,https://www.boligsiden.dk/adresse/ulrikkenborg-alle-39-2-mf-2800-kongens-lyngby-01730831__39__2__mf,Mursten,Ikke oplyst
vibeholms-vaenge-9-2635-ishoej-01830878___9_______,Vibeholms Vænge 9,2635,Villa,Tvangsauktion,23-07-2012,2325000.0,1,Ishøj,1.0,Centralvarme med én fyringsenhed,/adresse/vibeholms-vaenge-9-2635-ishoej-01830878___9_______,177.0,Fibercement herunder asbest,5.0,https://www.boligsiden.dk/adresse/vibeholms-vaenge-9-2635-ishoej-01830878___9_______,Mursten,179
topperne-3-2-24-2620-albertslund-01650532___3__2__24,"Topperne 3, 2. 24.",2620,Ejerlejlighed,Tvangsauktion,17-07-2012,420000.0,3,Albertslund,1,Fjernvarme/blokvarme,/adresse/topperne-3-2-24-2620-albertslund-01650532___3__2__24,49.0,Fibercement herunder asbest,2.0,https://www.boligsiden.dk/adresse/topperne-3-2-24-2620-albertslund-01650532___3__2__24,Betonelementer,Ikke oplyst
elverhoejen-1e-1-tv-2730-herlev-01631477__1e__1__tv,"Elverhøjen 1E, 1. tv.",2730,Ejerlejlighed,Tvangsauktion,11-07-2012,560000.0,3,Herlev,1,Fjernvarme/blokvarme,/adresse/elverhoejen-1e-1-tv-2730-herlev-01631477__1e__1__tv,56.0,Tegl,2.0,https://www.boligsiden.dk/adresse/elverhoejen-1e-1-tv-2730-herlev-01631477__1e__1__tv,Mursten,Ikke oplyst
vejlegaardsparken-50-0-4-2665-vallensbaek-strand-01879267__50_st___4,"Vejlegårdsparken 50, st. 4.",2665,Ejerlejlighed,Tvangsauktion,10-07-2012,349000.0,3,Vallensbæk Strand,1,Fjernvarme/blokvarme,/adresse/vejlegaardsparken-50-0-4-2665-vallensbaek-strand-01879267__50_st___4,47.0,Tagpap med lille hældning,2.0,https://www.boligsiden.dk/adresse/vejlegaardsparken-50-0-4-2665-vallensbaek-strand-01879267__50_st___4,Betonelementer,Ikke oplyst
tukshoejen-61-2730-herlev-01638617__61_______,Tukshøjen 61,2730,Villa,Tvangsauktion,09-07-2012,1580000.0,1,Herlev,1.0,Centralvarme med to fyringsenheder,/adresse/tukshoejen-61-2730-herlev-01638617__61_______,143.0,Andet materiale,4.0,https://www.boligsiden.dk/adresse/tukshoejen-61-2730-herlev-01638617__61_______,Mursten,179.9
riggervej-15-2660-broendby-strand-01530536__15_______,Riggervej 15,2660,Villa,Tvangsauktion,19-06-2012,2195000.0,3,Brøndby Strand,1.0,Centralvarme med én fyringsenhed,/adresse/riggervej-15-2660-broendby-strand-01530536__15_______,132.0,Fibercement herunder asbest,5.0,https://www.boligsiden.dk/adresse/riggervej-15-2660-broendby-strand-01530536__15_______,Letbetonsten,149.25
aldershvilevej-123-0-th-2880-bagsvaerd-01590009_123_st__th,"Aldershvilevej 123, st. th.",2880,Ejerlejlighed,Tvangsauktion,06-06-2012,380000.0,1,Bagsværd,1,Fjernvarme/blokvarme,/adresse/aldershvilevej-123-0-th-2880-bagsvaerd-01590009_123_st__th,37.0,Fibercement herunder asbest,1.0,https://www.boligsiden.dk/adresse/aldershvilevej-123-0-th-2880-bagsvaerd-01590009_123_st__th,Mursten,Ikke oplyst
medelbyvej-60-2610-roedovre-01750555__60_______,Medelbyvej 60,2610,Villa,Tvangsauktion,30-05-2012,2640000.0,1,Rødovre,1.0,Centralvarme med én fyringsenhed,/adresse/medelbyvej-60-2610-roedovre-01750555__60_______,202.0,Fibercement herunder asbest,6.0,https://www.boligsiden.dk/adresse/medelbyvej-60-2610-roedovre-01750555__60_______,Mursten,202.1
randvolden-11-2730-herlev-01636330__11_______,Randvolden 11,2730,Villa,Tvangsauktion,25-05-2012,2630000.0,2,Herlev,1.0,Centralvarme med én fyringsenhed,/adresse/randvolden-11-2730-herlev-01636330__11_______,153.0,Betontagsten,5.0,https://www.boligsiden.dk/adresse/randvolden-11-2730-herlev-01636330__11_______,Mursten,156.45
skjeberg-alle-33-0-tv-2630-taastrup-01696800__33_st__tv,"Skjeberg Alle 33, st. tv.",2630,Ejerlejlighed,Tvangsauktion,23-05-2012,740000.0,2,Taastrup,1,Fjernvarme/blokvarme,/adresse/skjeberg-alle-33-0-tv-2630-taastrup-01696800__33_st__tv,75.0,Metal,2.0,https://www.boligsiden.dk/adresse/skjeberg-alle-33-0-tv-2630-taastrup-01696800__33_st__tv,Mursten,Ikke oplyst
mosebyvej-48-0-2730-herlev-01635859__48_st____,"Mosebyvej 48, st.",2730,Villa,Tvangsauktion,23-05-2012,1325000.0,2,Herlev,1,Centralvarme med én fyringsenhed,/adresse/mosebyvej-48-0-2730-herlev-01635859__48_st____,175.0,Betontagsten,6.0,https://www.boligsiden.dk/adresse/mosebyvej-48-0-2730-herlev-01635859__48_st____,Mursten,175
roedovrevej-321-1-th-2610-roedovre-01750705_321__1__th,"Rødovrevej 321, 1. th.",2610,Ejerlejlighed,Tvangsauktion,22-05-2012,1405000.0,3,Rødovre,1,Fjernvarme/blokvarme,/adresse/roedovrevej-321-1-th-2610-roedovre-01750705_321__1__th,83.0,Fibercement uden asbest,3.0,https://www.boligsiden.dk/adresse/roedovrevej-321-1-th-2610-roedovre-01750705_321__1__th,Mursten,Ikke oplyst
vibeholms-alle-14-2605-broendby-01530791__14_______,Vibeholms Allé 14,2605,Villa,Tvangsauktion,21-05-2012,2500000.0,3,Brøndby,1,Varmepumpe,/adresse/vibeholms-alle-14-2605-broendby-01530791__14_______,152.0,Tegl,4.0,https://www.boligsiden.dk/adresse/vibeholms-alle-14-2605-broendby-01530791__14_______,Mursten,182.8
soeborg-hovedgade-7-1-2870-dyssegaard-01570821___7__1____,"Søborg Hovedgade 7, 1.",2870,Villalejlighed,Tvangsauktion,16-05-2012,2080396.0,2,,,,,,,,,,
leen-b-1-0-4-2630-taastrup-01694316___1_st___4,"Leen B 1, st. 4.",2630,Ejerlejlighed,Tvangsauktion,15-05-2012,120000.0,3,Taastrup,1,Fjernvarme/blokvarme,/adresse/leen-b-1-0-4-2630-taastrup-01694316___1_st___4,36.0,Tagpap med lille hældning,1.0,https://www.boligsiden.dk/adresse/leen-b-1-0-4-2630-taastrup-01694316___1_st___4,Betonelementer,Ikke oplyst
tvaervej-14b-2640-hedehusene-01698878_14b_______,Tværvej 14B,2640,Rækkehus,Tvangsauktion,09-05-2012,1125000.0,3,,,,,,,,,,
tvaervej-14a-2640-hedehusene-01698878_14a_______,Tværvej 14A,2640,Rækkehus,Tvangsauktion,09-05-2012,1125000.0,3,Hedehusene,1.0,Fjernvarme/blokvarme,/adresse/tvaervej-14a-2640-hedehusene-01698878_14a_______,100.0,Tegl,3.0,https://www.boligsiden.dk/adresse/tvaervej-14a-2640-hedehusene-01698878_14a_______,Mursten,204.35
roedovrevej-311-1-mf-2610-roedovre-01750705_311__1__mf,"Rødovrevej 311, 1. mf.",2610,Ejerlejlighed,Tvangsauktion,25-04-2012,230000.0,3,Rødovre,1,Fjernvarme/blokvarme,/adresse/roedovrevej-311-1-mf-2610-roedovre-01750705_311__1__mf,45.0,Fibercement uden asbest,1.0,https://www.boligsiden.dk/adresse/roedovrevej-311-1-mf-2610-roedovre-01750705_311__1__mf,Mursten,Ikke oplyst
vejlegaardsparken-2-3-37-2665-vallensbaek-strand-01879267___2__3__37,"Vejlegårdsparken 2, 3. 37.",2665,Ejerlejlighed,Tvangsauktion,25-04-2012,330000.0,3,Vallensbæk Strand,1,Fjernvarme/blokvarme,/adresse/vejlegaardsparken-2-3-37-2665-vallensbaek-strand-01879267___2__3__37,49.0,Tagpap med lille hældning,2.0,https://www.boligsiden.dk/adresse/vejlegaardsparken-2-3-37-2665-vallensbaek-strand-01879267___2__3__37,Betonelementer,Ikke oplyst
kanaltorvet-8-3-33-2620-albertslund-01650257___8__3__33,"Kanaltorvet 8, 3. 33.",2620,Ejerlejlighed,Tvangsauktion,23-04-2012,414000.0,3,Albertslund,1,Fjernvarme/blokvarme,/adresse/kanaltorvet-8-3-33-2620-albertslund-01650257___8__3__33,59.0,Tagpap med lille hældning,2.0,https://www.boligsiden.dk/adresse/kanaltorvet-8-3-33-2620-albertslund-01650257___8__3__33,Betonelementer,Ikke oplyst
moelleaaparken-57-1-b-2800-kongens-lyngby-01730601__57__1___b,"Mølleåparken 57, 1. b.",2800,Ejerlejlighed,Tvangsauktion,18-04-2012,730000.0,3,Kongens Lyngby,1,Fjernvarme/blokvarme,/adresse/moelleaaparken-57-1-b-2800-kongens-lyngby-01730601__57__1___b,61.0,Tagpap med lille hældning,2.0,https://www.boligsiden.dk/adresse/moelleaaparken-57-1-b-2800-kongens-lyngby-01730601__57__1___b,Betonelementer,Ikke oplyst
hvidovrevej-180-1-102-2650-hvidovre-01674032_180__1_102,"Hvidovrevej 180, 1. 102.",2650,Ejerlejlighed,Tvangsauktion,18-04-2012,270000.0,3,Hvidovre,1,Fjernvarme/blokvarme,/adresse/hvidovrevej-180-1-102-2650-hvidovre-01674032_180__1_102,47.0,Tagpap med lille hældning,1.0,https://www.boligsiden.dk/adresse/hvidovrevej-180-1-102-2650-hvidovre-01674032_180__1_102,Mursten,Ikke oplyst
brannersvej-25-1-59-2920-charlottenlund-01570078__25__1__59,"Brannersvej 25, 1. 59.",2920,Ejerlejlighed,Tvangsauktion,18-04-2012,630000.0,3,Charlottenlund,1,Fjernvarme/blokvarme,/adresse/brannersvej-25-1-59-2920-charlottenlund-01570078__25__1__59,54.0,Tagpap med lille hældning,2.0,https://www.boligsiden.dk/adresse/brannersvej-25-1-59-2920-charlottenlund-01570078__25__1__59,Betonelementer,Ikke oplyst
multebaervaenget-15-2650-hvidovre-01675764__15_______,Multebærvænget 15,2650,Rækkehus,Tvangsauktion,10-04-2012,1500000.0,2,Hvidovre,1.0,Varmepumpe,/adresse/multebaervaenget-15-2650-hvidovre-01675764__15_______,109.0,Fibercement uden asbest,3.0,https://www.boligsiden.dk/adresse/multebaervaenget-15-2650-hvidovre-01675764__15_______,Letbetonsten,115.15
vejlebrovej-86-2-2-2635-ishoej-01830850__86__2___2,"Vejlebrovej 86, 2. 2.",2635,Ejerlejlighed,Tvangsauktion,04-04-2012,210000.0,1,Ishøj,1,Fjernvarme/blokvarme,/adresse/vejlebrovej-86-2-2-2635-ishoej-01830850__86__2___2,35.0,Tagpap med lille hældning,1.0,https://www.boligsiden.dk/adresse/vejlebrovej-86-2-2-2635-ishoej-01830850__86__2___2,Betonelementer,Ikke oplyst
gammel-klausdalsbrovej-565-2730-herlev-01632030_565_______,Gammel Klausdalsbrovej 565,2730,Villa,Tvangsauktion,28-03-2012,3410000.0,2,Herlev,1.0,Elvarme,/adresse/gammel-klausdalsbrovej-565-2730-herlev-01632030_565_______,186.0,Betontagsten,5.0,https://www.boligsiden.dk/adresse/gammel-klausdalsbrovej-565-2730-herlev-01632030_565_______,Træ,195.4
horsbred-123-2625-vallensbaek-01872449_123_______,Horsbred 123,2625,Rækkehus,Tvangsauktion,26-03-2012,1789000.0,2,Vallensbæk,1.0,Fjernvarme/blokvarme,/adresse/horsbred-123-2625-vallensbaek-01872449_123_______,147.0,Fibercement herunder asbest,5.0,https://www.boligsiden.dk/adresse/horsbred-123-2625-vallensbaek-01872449_123_______,Betonelementer,148.3
bovang-18-2660-broendby-strand-01530036__18_______,Bovang 18,2660,Villa,Tvangsauktion,20-03-2012,2150000.0,3,Brøndby Strand,1.0,Centralvarme med én fyringsenhed,/adresse/bovang-18-2660-broendby-strand-01530036__18_______,143.0,Betontagsten,3.0,https://www.boligsiden.dk/adresse/bovang-18-2660-broendby-strand-01530036__18_______,Betonelementer,152.9
h-p-olsens-vaenge-32-2630-taastrup-01692950__32_______,H P Olsens Vænge 32,2630,Rækkehus,Tvangsauktion,19-03-2012,1300000.0,1,Taastrup,1.0,Fjernvarme/blokvarme,/adresse/h-p-olsens-vaenge-32-2630-taastrup-01692950__32_______,80.0,Fibercement herunder asbest,3.0,https://www.boligsiden.dk/adresse/h-p-olsens-vaenge-32-2630-taastrup-01692950__32_______,Mursten,82.8
augustvej-2-2860-soeborg-01590033___2_______,Augustvej 2,2860,Villa,Tvangsauktion,14-03-2012,2875000.0,3,Søborg,1.0,Centralvarme med én fyringsenhed,/adresse/augustvej-2-2860-soeborg-01590033___2_______,160.0,Metal,5.0,https://www.boligsiden.dk/adresse/augustvej-2-2860-soeborg-01590033___2_______,Mursten,171.75
loenborgvej-1-2650-hvidovre-01675555___1_______,Lønborgvej 1,2650,Villa,Tvangsauktion,12-03-2012,2300000.0,3,Hvidovre,1.0,Centralvarme med én fyringsenhed,/adresse/loenborgvej-1-2650-hvidovre-01675555___1_______,113.0,Fibercement herunder asbest,4.0,https://www.boligsiden.dk/adresse/loenborgvej-1-2650-hvidovre-01675555___1_______,Mursten,116
gammel-koege-landevej-266-1-d-2650-hvidovre-01672807_266__1___d,"Gammel Køge Landevej 266, 1. d.",2650,Ejerlejlighed,Tvangsauktion,12-03-2012,600000.0,3,Hvidovre,1,Fjernvarme/blokvarme,/adresse/gammel-koege-landevej-266-1-d-2650-hvidovre-01672807_266__1___d,52.0,Fibercement herunder asbest,2.0,https://www.boligsiden.dk/adresse/gammel-koege-landevej-266-1-d-2650-hvidovre-01672807_266__1___d,Mursten,Ikke oplyst
lindebo-21-1-126-2630-taastrup-01694470__21__1_126,"Lindebo 21, 1. 126.",2630,Ejerlejlighed,Tvangsauktion,07-03-2012,300000.0,3,Taastrup,1,Fjernvarme/blokvarme,/adresse/lindebo-21-1-126-2630-taastrup-01694470__21__1_126,42.0,Fibercement herunder asbest,1.0,https://www.boligsiden.dk/adresse/lindebo-21-1-126-2630-taastrup-01694470__21__1_126,Mursten,Ikke oplyst
malervangen-14-2600-glostrup-01610001__14_______,Malervangen 14,2600,Villa,Tvangsauktion,05-03-2012,1600000.0,3,Glostrup,1.0,Centralvarme med én fyringsenhed,/adresse/malervangen-14-2600-glostrup-01610001__14_______,117.0,Tegl,5.0,https://www.boligsiden.dk/adresse/malervangen-14-2600-glostrup-01610001__14_______,Mursten,143.3
gammelgaards-alle-7-4-43-2665-vallensbaek-strand-01871704___7__4__43,"Gammelgårds Alle 7, 4. 43.",2665,Ejerlejlighed,Tvangsauktion,05-03-2012,438900.0,2,Vallensbæk Strand,1,Fjernvarme/blokvarme,/adresse/gammelgaards-alle-7-4-43-2665-vallensbaek-strand-01871704___7__4__43,49.0,Tagpap med lille hældning,2.0,https://www.boligsiden.dk/adresse/gammelgaards-alle-7-4-43-2665-vallensbaek-strand-01871704___7__4__43,Betonelementer,Ikke oplyst
mosehusvej-4-2610-roedovre-01750580___4_______,Mosehusvej 4,2610,Villa,Tvangsauktion,05-03-2012,1600000.0,2,Rødovre,1.0,Varmepumpe,/adresse/mosehusvej-4-2610-roedovre-01750580___4_______,148.0,Tagpap med lille hældning,4.0,https://www.boligsiden.dk/adresse/mosehusvej-4-2610-roedovre-01750580___4_______,Mursten,153.75
margrethevej-33-1-2900-hellerup-01570547__33__1____,"Margrethevej 33, 1.",2900,Villalejlighed,Tvangsauktion,02-03-2012,4100000.0,3,Hellerup,1,Fjernvarme/blokvarme,/adresse/margrethevej-33-1-2900-hellerup-01570547__33__1____,169.0,Fibercement herunder asbest,3.0,https://www.boligsiden.dk/adresse/margrethevej-33-1-2900-hellerup-01570547__33__1____,Mursten,Ikke oplyst
margrethevej-33-1-2900-hellerup-01570547__33__1____,"Margrethevej 33, 1.",2900,Villalejlighed,Tvangsauktion,02-03-2012,4100000.0,3,Hellerup,1,Fjernvarme/blokvarme,/adresse/margrethevej-33-1-2900-hellerup-01570547__33__1____,169.0,Fibercement herunder asbest,3.0,https://www.boligsiden.dk/adresse/margrethevej-33-1-2900-hellerup-01570547__33__1____,Mursten,Ikke oplyst
margrethevej-33-0-2900-hellerup-01570547__33_st____,"Margrethevej 33, st.",2900,Villalejlighed,Tvangsauktion,02-03-2012,4100000.0,3,Hellerup,1,Fjernvarme/blokvarme,/adresse/margrethevej-33-0-2900-hellerup-01570547__33_st____,169.0,Fibercement herunder asbest,3.0,https://www.boligsiden.dk/adresse/margrethevej-33-0-2900-hellerup-01570547__33_st____,Mursten,Ikke oplyst
margrethevej-33-0-2900-hellerup-01570547__33_st____,"Margrethevej 33, st.",2900,Villalejlighed,Tvangsauktion,02-03-2012,4100000.0,3,Hellerup,1,Fjernvarme/blokvarme,/adresse/margrethevej-33-0-2900-hellerup-01570547__33_st____,169.0,Fibercement herunder asbest,3.0,https://www.boligsiden.dk/adresse/margrethevej-33-0-2900-hellerup-01570547__33_st____,Mursten,Ikke oplyst
hortensiavej-9-0-2600-glostrup-01610208___9_st____,"Hortensiavej 9, st.",2600,Ejerlejlighed,Tvangsauktion,15-02-2012,6800000.0,1,Glostrup,1,Centralvarme med én fyringsenhed,/adresse/hortensiavej-9-0-2600-glostrup-01610208___9_st____,75.0,Tegl,3.0,https://www.boligsiden.dk/adresse/hortensiavej-9-0-2600-glostrup-01610208___9_st____,Mursten,Ikke oplyst
h-c-bojsensvej-15-2650-hvidovre-01673315__15_______,H C Bojsensvej 15,2650,Villa,Tvangsauktion,15-02-2012,2725000.0,2,Hvidovre,1.0,Centralvarme med én fyringsenhed,/adresse/h-c-bojsensvej-15-2650-hvidovre-01673315__15_______,180.0,Fibercement herunder asbest,5.0,https://www.boligsiden.dk/adresse/h-c-bojsensvej-15-2650-hvidovre-01673315__15_______,Mursten,220.65
vildtbaneparken-75-2635-ishoej-01830889__75_______,Vildtbaneparken 75,2635,Rækkehus,Tvangsauktion,07-02-2012,1215000.0,3,Ishøj,2.0,Centralvarme med én fyringsenhed,/adresse/vildtbaneparken-75-2635-ishoej-01830889__75_______,134.0,Tagpap med lille hældning,4.0,https://www.boligsiden.dk/adresse/vildtbaneparken-75-2635-ishoej-01830889__75_______,Mursten,139
porsager-35-2620-albertslund-01650365__35_______,Porsager 35,2620,Villa,Tvangsauktion,07-02-2012,1572217.0,2,Albertslund,1.0,Fjernvarme/blokvarme,/adresse/porsager-35-2620-albertslund-01650365__35_______,110.0,Fibercement herunder asbest,4.0,https://www.boligsiden.dk/adresse/porsager-35-2620-albertslund-01650365__35_______,Mursten,124.1
strandvangen-3-2650-hvidovre-01678154___3_______,Strandvangen 3,2650,Villa,Tvangsauktion,31-01-2012,1000000.0,3,Hvidovre,1.0,Centralvarme med én fyringsenhed,/adresse/strandvangen-3-2650-hvidovre-01678154___3_______,208.0,Betontagsten,5.0,https://www.boligsiden.dk/adresse/strandvangen-3-2650-hvidovre-01678154___3_______,Mursten,210
kaerbyvej-137-2610-roedovre-01750485_137_______,Kærbyvej 137,2610,Villa,Tvangsauktion,24-01-2012,2175000.0,3,Rødovre,1.0,Varmepumpe,/adresse/kaerbyvej-137-2610-roedovre-01750485_137_______,215.0,Tegl,7.0,https://www.boligsiden.dk/adresse/kaerbyvej-137-2610-roedovre-01750485_137_______,Mursten,214.25
vejlegaardsparken-12-1-16-2665-vallensbaek-strand-01879267__12__1__16,"Vejlegårdsparken 12, 1. 16.",2665,Ejerlejlighed,Tvangsauktion,23-01-2012,360000.0,3,Vallensbæk Strand,1,Fjernvarme/blokvarme,/adresse/vejlegaardsparken-12-1-16-2665-vallensbaek-strand-01879267__12__1__16,47.0,Tagpap med lille hældning,2.0,https://www.boligsiden.dk/adresse/vejlegaardsparken-12-1-16-2665-vallensbaek-strand-01879267__12__1__16,Betonelementer,Ikke oplyst
jaegersborg-alle-137c-1-2820-gentofte-01570423137c__1____,"Jægersborg Alle 137C, 1.",2820,Ejerlejlighed,Tvangsauktion,18-01-2012,1261867.0,2,Gentofte,1,Centralvarme med én fyringsenhed,/adresse/jaegersborg-alle-137c-1-2820-gentofte-01570423137c__1____,168.0,Tegl,5.0,https://www.boligsiden.dk/adresse/jaegersborg-alle-137c-1-2820-gentofte-01570423137c__1____,Mursten,Ikke oplyst
bagsvaerd-hovedgade-99-2-j-2880-bagsvaerd-01590039__99__2___j,"Bagsværd Hovedgade 99, 2. j.",2880,Ejerlejlighed,Tvangsauktion,16-01-2012,310000.0,3,Bagsværd,1,Fjernvarme/blokvarme,/adresse/bagsvaerd-hovedgade-99-2-j-2880-bagsvaerd-01590039__99__2___j,48.0,Tagpap med stor hældning,1.0,https://www.boligsiden.dk/adresse/bagsvaerd-hovedgade-99-2-j-2880-bagsvaerd-01590039__99__2___j,Betonelementer,Ikke oplyst
snogegaardsvej-8k-1-tv-2820-gentofte-01570761__8k__1__tv,"Snogegårdsvej 8K, 1. tv.",2820,Ejerlejlighed,Tvangsauktion,11-01-2012,600000.0,3,Gentofte,1,Fjernvarme/blokvarme,/adresse/snogegaardsvej-8k-1-tv-2820-gentofte-01570761__8k__1__tv,61.0,Tagpap med stor hældning,2.0,https://www.boligsiden.dk/adresse/snogegaardsvej-8k-1-tv-2820-gentofte-01570761__8k__1__tv,Mursten,Ikke oplyst
brogaardsvej-69-0-tv-2820-gentofte-01570087__69_st__tv,"Brogårdsvej 69, st. tv.",2820,Ejerlejlighed,Tvangsauktion,10-01-2012,1035000.0,3,Gentofte,1,Fjernvarme/blokvarme,/adresse/brogaardsvej-69-0-tv-2820-gentofte-01570087__69_st__tv,71.0,Tegl,2.0,https://www.boligsiden.dk/adresse/brogaardsvej-69-0-tv-2820-gentofte-01570087__69_st__tv,Mursten,Ikke oplyst
vejlebrovej-124-3-mf-2635-ishoej-01830850_124__3__mf,"Vejlebrovej 124, 3. mf.",2635,Ejerlejlighed,Tvangsauktion,14-12-2011,220000.0,3,Ishøj,1,Fjernvarme/blokvarme,/adresse/vejlebrovej-124-3-mf-2635-ishoej-01830850_124__3__mf,35.0,Tagpap med lille hældning,1.0,https://www.boligsiden.dk/adresse/vejlebrovej-124-3-mf-2635-ishoej-01830850_124__3__mf,Betonelementer,Ikke oplyst
vejlegaardsparken-2-4-43-2665-vallensbaek-strand-01879267___2__4__43,"Vejlegårdsparken 2, 4. 43.",2665,Ejerlejlighed,Tvangsauktion,13-12-2011,300000.0,3,Vallensbæk Strand,1,Fjernvarme/blokvarme,/adresse/vejlegaardsparken-2-4-43-2665-vallensbaek-strand-01879267___2__4__43,49.0,Tagpap med lille hældning,2.0,https://www.boligsiden.dk/adresse/vejlegaardsparken-2-4-43-2665-vallensbaek-strand-01879267___2__4__43,Betonelementer,Ikke oplyst
eremitageparken-201-2-c-2800-kongens-lyngby-01730209_201__2___c,"Eremitageparken 201, 2. c.",2800,Ejerlejlighed,Tvangsauktion,07-12-2011,740000.0,3,Kongens Lyngby,1,Fjernvarme/blokvarme,/adresse/eremitageparken-201-2-c-2800-kongens-lyngby-01730209_201__2___c,62.0,Tagpap med stor hældning,2.0,https://www.boligsiden.dk/adresse/eremitageparken-201-2-c-2800-kongens-lyngby-01730209_201__2___c,Betonelementer,Ikke oplyst
lyngbyvej-343d-0-mf-2820-gentofte-01570527343d_st__mf,"Lyngbyvej 343D, st. mf.",2820,Ejerlejlighed,Tvangsauktion,07-12-2011,410000.0,3,Gentofte,1,Fjernvarme/blokvarme,/adresse/lyngbyvej-343d-0-mf-2820-gentofte-01570527343d_st__mf,41.0,Tegl,2.0,https://www.boligsiden.dk/adresse/lyngbyvej-343d-0-mf-2820-gentofte-01570527343d_st__mf,Mursten,Ikke oplyst
lystoftevej-18a-1-th-2800-kongens-lyngby-01730550_18a__1__th,"Lystoftevej 18A, 1. th.",2800,Ejerlejlighed,Tvangsauktion,07-12-2011,3000000.0,1,Kongens Lyngby,1,Fjernvarme/blokvarme,/adresse/lystoftevej-18a-1-th-2800-kongens-lyngby-01730550_18a__1__th,70.0,Tegl,3.0,https://www.boligsiden.dk/adresse/lystoftevej-18a-1-th-2800-kongens-lyngby-01730550_18a__1__th,Mursten,Ikke oplyst
saven-c-1-1-2-2630-taastrup-01696694___1__1___2,"Saven C 1, 1. 2.",2630,Ejerlejlighed,Tvangsauktion,06-12-2011,958000.0,3,Taastrup,1,Fjernvarme/blokvarme,/adresse/saven-c-1-1-2-2630-taastrup-01696694___1__1___2,120.0,Tagpap med lille hældning,4.0,https://www.boligsiden.dk/adresse/saven-c-1-1-2-2630-taastrup-01696694___1__1___2,Betonelementer,Ikke oplyst
mosevej-23-2860-soeborg-01590577__23_______,Mosevej 23,2860,Rækkehus,Tvangsauktion,05-12-2011,2275000.0,1,Søborg,1.0,Centralvarme med én fyringsenhed,/adresse/mosevej-23-2860-soeborg-01590577__23_______,87.0,Tegl,4.0,https://www.boligsiden.dk/adresse/mosevej-23-2860-soeborg-01590577__23_______,Mursten,102.3
taastrup-have-23-1-th-2630-taastrup-01698960__23__1__th,"Taastrup Have 23, 1. th.",2630,Ejerlejlighed,Tvangsauktion,16-11-2011,610000.0,2,Taastrup,1,Fjernvarme/blokvarme,/adresse/taastrup-have-23-1-th-2630-taastrup-01698960__23__1__th,72.0,Fibercement herunder asbest,3.0,https://www.boligsiden.dk/adresse/taastrup-have-23-1-th-2630-taastrup-01698960__23__1__th,Mursten,Ikke oplyst
vejlebrovej-60-1-tv-2635-ishoej-01830850__60__1__tv,"Vejlebrovej 60, 1. tv.",2635,Ejerlejlighed,Tvangsauktion,14-11-2011,700000.0,3,Ishøj,1,Fjernvarme/blokvarme,/adresse/vejlebrovej-60-1-tv-2635-ishoej-01830850__60__1__tv,77.0,Tagpap med lille hældning,2.0,https://www.boligsiden.dk/adresse/vejlebrovej-60-1-tv-2635-ishoej-01830850__60__1__tv,Betonelementer,Ikke oplyst
prinsesse-alexandrines-alle-18-2-th-2920-charlottenlund-01570636__18__2__th,"Prinsesse Alexandrines Alle 18, 2. th.",2920,Ejerlejlighed,Tvangsauktion,10-11-2011,1475000.0,3,Charlottenlund,1,Fjernvarme/blokvarme,/adresse/prinsesse-alexandrines-alle-18-2-th-2920-charlottenlund-01570636__18__2__th,64.0,Fibercement herunder asbest,2.0,https://www.boligsiden.dk/adresse/prinsesse-alexandrines-alle-18-2-th-2920-charlottenlund-01570636__18__2__th,Mursten,Ikke oplyst
strandvejen-141-2-th-2900-hellerup-01570802_141__2__th,"Strandvejen 141, 2. th.",2900,Ejerlejlighed,Tvangsauktion,09-11-2011,19000000.0,1,Hellerup,1,Fjernvarme/blokvarme,/adresse/strandvejen-141-2-th-2900-hellerup-01570802_141__2__th,86.0,Tegl,3.0,https://www.boligsiden.dk/adresse/strandvejen-141-2-th-2900-hellerup-01570802_141__2__th,Mursten,Ikke oplyst
strandvejen-141-1-th-2900-hellerup-01570802_141__1__th,"Strandvejen 141, 1. th.",2900,Ejerlejlighed,Tvangsauktion,09-11-2011,19000000.0,1,Hellerup,1,Fjernvarme/blokvarme,/adresse/strandvejen-141-1-th-2900-hellerup-01570802_141__1__th,98.0,Tegl,4.0,https://www.boligsiden.dk/adresse/strandvejen-141-1-th-2900-hellerup-01570802_141__1__th,Mursten,Ikke oplyst
henningsens-alle-4b-1-2900-hellerup-01570337__4b__1____,"Henningsens Alle 4B, 1.",2900,Ejerlejlighed,Tvangsauktion,09-11-2011,2150000.0,3,Hellerup,1,Fjernvarme/blokvarme,/adresse/henningsens-alle-4b-1-2900-hellerup-01570337__4b__1____,183.0,Tegl,5.0,https://www.boligsiden.dk/adresse/henningsens-alle-4b-1-2900-hellerup-01570337__4b__1____,Mursten,Ikke oplyst
strandvejen-141-2-tv-2900-hellerup-01570802_141__2__tv,"Strandvejen 141, 2. tv.",2900,Ejerlejlighed,Tvangsauktion,09-11-2011,19000000.0,1,Hellerup,1,Fjernvarme/blokvarme,/adresse/strandvejen-141-2-tv-2900-hellerup-01570802_141__2__tv,99.0,Tegl,2.0,https://www.boligsiden.dk/adresse/strandvejen-141-2-tv-2900-hellerup-01570802_141__2__tv,Mursten,Ikke oplyst
vejlegaardsparken-14-3-34-2665-vallensbaek-strand-01879267__14__3__34,"Vejlegårdsparken 14, 3. 34.",2665,Ejerlejlighed,Tvangsauktion,07-11-2011,590000.0,3,Vallensbæk Strand,6.0,Fjernvarme/blokvarme,/adresse/vejlegaardsparken-14-3-34-2665-vallensbaek-strand-01879267__14__3__34,88.0,Tagpap med lille hældning,3.0,https://www.boligsiden.dk/adresse/vejlegaardsparken-14-3-34-2665-vallensbaek-strand-01879267__14__3__34,Betonelementer,Ikke oplyst
egebjergvej-57a-2750-ballerup-01510093_57a_______,Egebjergvej 57A,2750,Villa,Tvangsauktion,05-11-2011,3075000.0,3,Ballerup,1.0,Centralvarme med én fyringsenhed,/adresse/egebjergvej-57a-2750-ballerup-01510093_57a_______,155.0,Betontagsten,5.0,https://www.boligsiden.dk/adresse/egebjergvej-57a-2750-ballerup-01510093_57a_______,Mursten,164
m-bechs-alle-168-2650-hvidovre-01675585_168_______,M Bechs Alle 168,2650,Villa,Tvangsauktion,26-10-2011,1600000.0,2,Hvidovre,1.0,Centralvarme med én fyringsenhed,/adresse/m-bechs-alle-168-2650-hvidovre-01675585_168_______,77.0,Tagpap med stor hældning,3.0,https://www.boligsiden.dk/adresse/m-bechs-alle-168-2650-hvidovre-01675585_168_______,Mursten,112.05
virumvej-28-1-2-2830-virum-01730873__28__1___2,"Virumvej 28, 1. 2.",2830,Ejerlejlighed,Tvangsauktion,26-10-2011,10459700.0,1,Virum,1,Centralvarme med én fyringsenhed,/adresse/virumvej-28-1-2-2830-virum-01730873__28__1___2,184.0,Tegl,5.0,https://www.boligsiden.dk/adresse/virumvej-28-1-2-2830-virum-01730873__28__1___2,Mursten,Ikke oplyst
virumvej-28-0-5-2830-virum-01730873__28_st___5,"Virumvej 28, st. 5.",2830,Ejerlejlighed,Tvangsauktion,26-10-2011,10459700.0,1,Virum,1,Centralvarme med én fyringsenhed,/adresse/virumvej-28-0-5-2830-virum-01730873__28_st___5,106.0,Tegl,4.0,https://www.boligsiden.dk/adresse/virumvej-28-0-5-2830-virum-01730873__28_st___5,Mursten,Ikke oplyst
virumvej-28-0-4-2830-virum-01730873__28_st___4,"Virumvej 28, st. 4.",2830,Ejerlejlighed,Tvangsauktion,26-10-2011,10459700.0,1,Virum,1,Centralvarme med én fyringsenhed,/adresse/virumvej-28-0-4-2830-virum-01730873__28_st___4,144.0,Tegl,4.0,https://www.boligsiden.dk/adresse/virumvej-28-0-4-2830-virum-01730873__28_st___4,Mursten,Ikke oplyst
virumvej-28-0-1-2830-virum-01730873__28_st___1,"Virumvej 28, st. 1.",2830,Ejerlejlighed,Tvangsauktion,26-10-2011,10459700.0,1,Virum,1,Centralvarme med én fyringsenhed,/adresse/virumvej-28-0-1-2830-virum-01730873__28_st___1,132.0,Tegl,4.0,https://www.boligsiden.dk/adresse/virumvej-28-0-1-2830-virum-01730873__28_st___1,Mursten,Ikke oplyst
roedovre-parkvej-315-2-2610-roedovre-01750702_315__2____,"Rødovre Parkvej 315, 2.",2610,Ejerlejlighed,Tvangsauktion,24-10-2011,440000.0,3,Rødovre,1,Fjernvarme/blokvarme,/adresse/roedovre-parkvej-315-2-2610-roedovre-01750702_315__2____,50.0,Tagpap med stor hældning,1.0,https://www.boligsiden.dk/adresse/roedovre-parkvej-315-2-2610-roedovre-01750702_315__2____,Mursten,Ikke oplyst
hedekaeret-51-2-1-2640-hedehusene-01692652__51__2___1,"Hedekæret 51, 2. 1.",2640,Ejerlejlighed,Tvangsauktion,11-10-2011,275000.0,3,Hedehusene,1,Fjernvarme/blokvarme,/adresse/hedekaeret-51-2-1-2640-hedehusene-01692652__51__2___1,49.0,Fibercement herunder asbest,1.0,https://www.boligsiden.dk/adresse/hedekaeret-51-2-1-2640-hedehusene-01692652__51__2___1,Mursten,Ikke oplyst
vejlegaardsparken-66-2-th-2665-vallensbaek-strand-01879267__66__2__th,"Vejlegårdsparken 66, 2. th.",2665,Ejerlejlighed,Tvangsauktion,10-10-2011,1150000.0,3,Vallensbæk Strand,1,Fjernvarme/blokvarme,/adresse/vejlegaardsparken-66-2-th-2665-vallensbaek-strand-01879267__66__2__th,87.0,Tagpap med lille hældning,3.0,https://www.boligsiden.dk/adresse/vejlegaardsparken-66-2-th-2665-vallensbaek-strand-01879267__66__2__th,Betonelementer,Ikke oplyst
brandholms-alle-22h-1-2-2610-roedovre-01750085_22h__1___2,"Brandholms Alle 22H, 1. 2.",2610,Ejerlejlighed,Tvangsauktion,03-10-2011,425000.0,2,Rødovre,1,Fjernvarme/blokvarme,/adresse/brandholms-alle-22h-1-2-2610-roedovre-01750085_22h__1___2,53.0,Fibercement herunder asbest,2.0,https://www.boligsiden.dk/adresse/brandholms-alle-22h-1-2-2610-roedovre-01750085_22h__1___2,Mursten,Ikke oplyst
vigerslev-alle-362-2650-hvidovre-01679379_362_______,Vigerslev Alle 362,2650,Villa,Tvangsauktion,21-09-2011,810000.0,2,Hvidovre,1.0,Varmepumpe,/adresse/vigerslev-alle-362-2650-hvidovre-01679379_362_______,161.0,Tegl,6.0,https://www.boligsiden.dk/adresse/vigerslev-alle-362-2650-hvidovre-01679379_362_______,Mursten,198.85
vejlebrovej-76-3-1-2635-ishoej-01830850__76__3___1,"Vejlebrovej 76, 3. 1.",2635,Ejerlejlighed,Tvangsauktion,20-09-2011,2310000.0,1,Ishøj,1,Fjernvarme/blokvarme,/adresse/vejlebrovej-76-3-1-2635-ishoej-01830850__76__3___1,75.0,Tagpap med lille hældning,2.0,https://www.boligsiden.dk/adresse/vejlebrovej-76-3-1-2635-ishoej-01830850__76__3___1,Betonelementer,Ikke oplyst
vejlegaardsparken-2-0-8-2665-vallensbaek-strand-01879267___2_st___8,"Vejlegårdsparken 2, st. 8.",2665,Ejerlejlighed,Tvangsauktion,20-09-2011,890000.0,3,Vallensbæk Strand,1,Fjernvarme/blokvarme,/adresse/vejlegaardsparken-2-0-8-2665-vallensbaek-strand-01879267___2_st___8,88.0,Tagpap med lille hældning,3.0,https://www.boligsiden.dk/adresse/vejlegaardsparken-2-0-8-2665-vallensbaek-strand-01879267___2_st___8,Betonelementer,Ikke oplyst
hoejagerparken-7-0-2750-ballerup-01510158___7_st____,"Højagerparken 7, st.",2750,Ejerlejlighed,Tvangsauktion,12-09-2011,390000.0,3,Ballerup,1,Fjernvarme/blokvarme,/adresse/hoejagerparken-7-0-2750-ballerup-01510158___7_st____,46.0,Tagpap med lille hældning,1.0,https://www.boligsiden.dk/adresse/hoejagerparken-7-0-2750-ballerup-01510158___7_st____,Mursten,Ikke oplyst
nellikevaenget-13-2625-vallensbaek-01875525__13_______,Nellikevænget 13,2625,Villa,Tvangsauktion,30-08-2011,2620000.0,3,Vallensbæk,1.0,Fjernvarme/blokvarme,/adresse/nellikevaenget-13-2625-vallensbaek-01875525__13_______,126.0,Tegl,4.0,https://www.boligsiden.dk/adresse/nellikevaenget-13-2625-vallensbaek-01875525__13_______,Mursten,129.15
c-l-ibsens-vej-10-2-2820-gentofte-01570123__10__2____,"C L Ibsens Vej 10, 2.",2820,Villalejlighed,Tvangsauktion,24-08-2011,4700000.0,3,Gentofte,1,Centralvarme med én fyringsenhed,/adresse/c-l-ibsens-vej-10-2-2820-gentofte-01570123__10__2____,85.0,Fibercement herunder asbest,3.0,https://www.boligsiden.dk/adresse/c-l-ibsens-vej-10-2-2820-gentofte-01570123__10__2____,Mursten,Ikke oplyst
c-l-ibsens-vej-10-1-2820-gentofte-01570123__10__1____,"C L Ibsens Vej 10, 1.",2820,Villalejlighed,Tvangsauktion,24-08-2011,4700000.0,3,Gentofte,1,Centralvarme med én fyringsenhed,/adresse/c-l-ibsens-vej-10-1-2820-gentofte-01570123__10__1____,113.0,Fibercement herunder asbest,4.0,https://www.boligsiden.dk/adresse/c-l-ibsens-vej-10-1-2820-gentofte-01570123__10__1____,Mursten,Ikke oplyst
c-l-ibsens-vej-10-0-2820-gentofte-01570123__10_st____,"C L Ibsens Vej 10, st.",2820,Villalejlighed,Tvangsauktion,24-08-2011,4700000.0,3,Gentofte,1,Centralvarme med én fyringsenhed,/adresse/c-l-ibsens-vej-10-0-2820-gentofte-01570123__10_st____,118.0,Fibercement herunder asbest,4.0,https://www.boligsiden.dk/adresse/c-l-ibsens-vej-10-0-2820-gentofte-01570123__10_st____,Mursten,Ikke oplyst
jyllingevej-255-2610-roedovre-01750415_255_______,Jyllingevej 255,2610,Villa,Tvangsauktion,11-08-2011,1000000.0,3,Rødovre,1.0,Centralvarme med én fyringsenhed,/adresse/jyllingevej-255-2610-roedovre-01750415_255_______,100.0,Fibercement herunder asbest,5.0,https://www.boligsiden.dk/adresse/jyllingevej-255-2610-roedovre-01750415_255_______,Mursten,106.15
landlyst-vaenge-50-2635-ishoej-01830385__50_______,Landlyst Vænge 50,2635,Rækkehus,Tvangsauktion,09-08-2011,800000.0,3,Ishøj,2.0,Elvarme,/adresse/landlyst-vaenge-50-2635-ishoej-01830385__50_______,112.0,Tagpap med lille hældning,4.0,https://www.boligsiden.dk/adresse/landlyst-vaenge-50-2635-ishoej-01830385__50_______,Fibercement herunder asbest,115.8
damgaardsvej-19-2620-albertslund-01650065__19_______,Damgårdsvej 19,2620,Villa,Tvangsauktion,08-08-2011,800000.0,3,Albertslund,1.0,Fjernvarme/blokvarme,/adresse/damgaardsvej-19-2620-albertslund-01650065__19_______,196.0,Tagpap med stor hældning,7.0,https://www.boligsiden.dk/adresse/damgaardsvej-19-2620-albertslund-01650065__19_______,Træ,253.3
digterparken-110-2750-ballerup-01510080_110_______,Digterparken 110,2750,Villa,Tvangsauktion,08-08-2011,2650000.0,2,Ballerup,1.0,Varmepumpe,/adresse/digterparken-110-2750-ballerup-01510080_110_______,174.0,Tagpap med lille hældning,6.0,https://www.boligsiden.dk/adresse/digterparken-110-2750-ballerup-01510080_110_______,Mursten,253.6
aagesholmsvej-2-2640-hedehusene-01699726___2_______,Ågesholmsvej 2,2640,Villa,Tvangsauktion,08-08-2011,2500000.0,3,,,,,,,,,,
haspegaardsvej-59b-2880-bagsvaerd-01590286_59b_______,Haspegårdsvej 59B,2880,Villa,Tvangsauktion,25-07-2011,2050000.0,2,Bagsværd,1.0,Varmepumpe,/adresse/haspegaardsvej-59b-2880-bagsvaerd-01590286_59b_______,84.0,Tagpap med lille hældning,3.0,https://www.boligsiden.dk/adresse/haspegaardsvej-59b-2880-bagsvaerd-01590286_59b_______,Letbetonsten,121.1
leen-d-4-3-4-2630-taastrup-01694320___4__3___4,"Leen D 4, 3. 4.",2630,Ejerlejlighed,Tvangsauktion,21-07-2011,376000.0,3,Taastrup,1,Fjernvarme/blokvarme,/adresse/leen-d-4-3-4-2630-taastrup-01694320___4__3___4,35.0,Tagpap med lille hældning,1.0,https://www.boligsiden.dk/adresse/leen-d-4-3-4-2630-taastrup-01694320___4__3___4,Betonelementer,Ikke oplyst
saven-a-2-2-4-2630-taastrup-01696690___2__2___4,"Saven A 2, 2. 4.",2630,Ejerlejlighed,Tvangsauktion,14-07-2011,485000.0,3,Taastrup,1,Fjernvarme/blokvarme,/adresse/saven-a-2-2-4-2630-taastrup-01696690___2__2___4,57.0,Tagpap med lille hældning,2.0,https://www.boligsiden.dk/adresse/saven-a-2-2-4-2630-taastrup-01696690___2__2___4,Betonelementer,Ikke oplyst
vejlebrovej-14c-2635-ishoej-01830850_14c_______,Vejlebrovej 14C,2635,Rækkehus,Tvangsauktion,05-07-2011,1650000.0,2,Ishøj,2.0,Elvarme,/adresse/vejlebrovej-14c-2635-ishoej-01830850_14c_______,138.0,Fibercement herunder asbest,5.0,https://www.boligsiden.dk/adresse/vejlebrovej-14c-2635-ishoej-01830850_14c_______,Betonelementer,141.35
brandhoejgaardsvej-98-2640-hedehusene-01690680__98_______,Brandhøjgårdsvej 98,2640,Villa,Tvangsauktion,05-07-2011,1000000.0,2,Hedehusene,1.0,Varmepumpe,/adresse/brandhoejgaardsvej-98-2640-hedehusene-01690680__98_______,164.0,Fibercement uden asbest,5.0,https://www.boligsiden.dk/adresse/brandhoejgaardsvej-98-2640-hedehusene-01690680__98_______,Mursten,178.75
vejledalen-80-1-th-2635-ishoej-01830854__80__1__th,"Vejledalen 80, 1. th.",2635,Ejerlejlighed,Tvangsauktion,04-07-2011,720000.0,3,Ishøj,1,Fjernvarme/blokvarme,/adresse/vejledalen-80-1-th-2635-ishoej-01830854__80__1__th,101.0,Tagpap med lille hældning,3.0,https://www.boligsiden.dk/adresse/vejledalen-80-1-th-2635-ishoej-01830854__80__1__th,Betonelementer,Ikke oplyst
saven-b-1-2-4-2630-taastrup-01696692___1__2___4,"Saven B 1, 2. 4.",2630,Ejerlejlighed,Tvangsauktion,28-06-2011,505000.0,3,Taastrup,1,Fjernvarme/blokvarme,/adresse/saven-b-1-2-4-2630-taastrup-01696692___1__2___4,57.0,Tagpap med lille hældning,2.0,https://www.boligsiden.dk/adresse/saven-b-1-2-4-2630-taastrup-01696692___1__2___4,Betonelementer,Ikke oplyst
nordre-ringvej-90-2600-glostrup-01610358__90_______,Nordre Ringvej 90,2600,Villa,Tvangsauktion,28-06-2011,1700000.0,3,Glostrup,1.0,Centralvarme med én fyringsenhed,/adresse/nordre-ringvej-90-2600-glostrup-01610358__90_______,158.0,Tegl,5.0,https://www.boligsiden.dk/adresse/nordre-ringvej-90-2600-glostrup-01610358__90_______,Mursten,192.3
plovheldvej-9-2650-hvidovre-01676481___9_______,Plovheldvej 9,2650,Villa,Tvangsauktion,21-06-2011,2100000.0,3,Hvidovre,1.0,Fjernvarme/blokvarme,/adresse/plovheldvej-9-2650-hvidovre-01676481___9_______,105.0,Tagpap med stor hældning,4.0,https://www.boligsiden.dk/adresse/plovheldvej-9-2650-hvidovre-01676481___9_______,Mursten,146.9
vejlebrovej-106-3-th-2635-ishoej-01830850_106__3__th,"Vejlebrovej 106, 3. th.",2635,Ejerlejlighed,Tvangsauktion,15-06-2011,850000.0,3,Ishøj,1,Fjernvarme/blokvarme,/adresse/vejlebrovej-106-3-th-2635-ishoej-01830850_106__3__th,85.0,Tagpap med lille hældning,3.0,https://www.boligsiden.dk/adresse/vejlebrovej-106-3-th-2635-ishoej-01830850_106__3__th,Betonelementer,Ikke oplyst
topperne-12-1-12-2620-albertslund-01650532__12__1__12,"Topperne 12, 1. 12.",2620,Ejerlejlighed,Tvangsauktion,14-06-2011,575000.0,3,Albertslund,1,Fjernvarme/blokvarme,/adresse/topperne-12-1-12-2620-albertslund-01650532__12__1__12,49.0,Fibercement herunder asbest,2.0,https://www.boligsiden.dk/adresse/topperne-12-1-12-2620-albertslund-01650532__12__1__12,Betonelementer,Ikke oplyst
vejlegaardsparken-40-0-2-2665-vallensbaek-strand-01879267__40_st___2,"Vejlegårdsparken 40, st. 2.",2665,Ejerlejlighed,Tvangsauktion,14-06-2011,320000.0,3,Vallensbæk Strand,1,Fjernvarme/blokvarme,/adresse/vejlegaardsparken-40-0-2-2665-vallensbaek-strand-01879267__40_st___2,47.0,Tagpap med lille hældning,2.0,https://www.boligsiden.dk/adresse/vejlegaardsparken-40-0-2-2665-vallensbaek-strand-01879267__40_st___2,Betonelementer,Ikke oplyst
brostykkevej-121-0-5-2650-hvidovre-01671194_121_st___5,"Brostykkevej 121, st. 5.",2650,Ejerlejlighed,Tvangsauktion,07-06-2011,335000.0,1,Hvidovre,1,Fjernvarme/blokvarme,/adresse/brostykkevej-121-0-5-2650-hvidovre-01671194_121_st___5,48.0,Tagpap med stor hældning,1.0,https://www.boligsiden.dk/adresse/brostykkevej-121-0-5-2650-hvidovre-01671194_121_st___5,Mursten,Ikke oplyst
roedovre-parkvej-179-0-mf-2610-roedovre-01750702_179_st__mf,"Rødovre Parkvej 179, st. mf.",2610,Ejerlejlighed,Tvangsauktion,07-06-2011,230000.0,3,Rødovre,1,Fjernvarme/blokvarme,/adresse/roedovre-parkvej-179-0-mf-2610-roedovre-01750702_179_st__mf,32.0,Tagpap med stor hældning,1.0,https://www.boligsiden.dk/adresse/roedovre-parkvej-179-0-mf-2610-roedovre-01750702_179_st__mf,Mursten,Ikke oplyst
rebaek-soepark-11-3-mf-2650-hvidovre-01676690__11__3__mf,"Rebæk Søpark 11, 3. mf.",2650,Ejerlejlighed,Tvangsauktion,07-06-2011,425000.0,2,Hvidovre,1,Fjernvarme/blokvarme,/adresse/rebaek-soepark-11-3-mf-2650-hvidovre-01676690__11__3__mf,70.0,Tagpap med stor hældning,2.0,https://www.boligsiden.dk/adresse/rebaek-soepark-11-3-mf-2650-hvidovre-01676690__11__3__mf,Mursten,Ikke oplyst
stadionvej-43-0-13-2600-glostrup-01610462__43_st__13,"Stadionvej 43, st. 13.",2600,Ejerlejlighed,Tvangsauktion,07-06-2011,1660000.0,2,Glostrup,1,Fjernvarme/blokvarme,/adresse/stadionvej-43-0-13-2600-glostrup-01610462__43_st__13,101.0,Fibercement herunder asbest,4.0,https://www.boligsiden.dk/adresse/stadionvej-43-0-13-2600-glostrup-01610462__43_st__13,Mursten,Ikke oplyst
snekketoften-1-2830-virum-01730742___1_______,Snekketoften 1,2830,Villa,Tvangsauktion,25-05-2011,4450000.0,2,Virum,1.0,Centralvarme med én fyringsenhed,/adresse/snekketoften-1-2830-virum-01730742___1_______,159.0,Tagpap med lille hældning,6.0,https://www.boligsiden.dk/adresse/snekketoften-1-2830-virum-01730742___1_______,Letbetonsten,193.15
broendbyvestervej-68a-0-2-2605-broendby-01530071_68a_st___2,"Brøndbyvestervej 68A, st. 2.",2605,Ejerlejlighed,Tvangsauktion,25-05-2011,550000.0,3,Brøndby,1,Fjernvarme/blokvarme,/adresse/broendbyvestervej-68a-0-2-2605-broendby-01530071_68a_st___2,46.0,Metal,1.0,https://www.boligsiden.dk/adresse/broendbyvestervej-68a-0-2-2605-broendby-01530071_68a_st___2,Mursten,Ikke oplyst
lyngen-27-2800-kongens-lyngby-01590528__27_______,Lyngen 27,2800,Villa,Tvangsauktion,24-05-2011,1332000.0,1,Kongens Lyngby,1.0,Centralvarme med én fyringsenhed,/adresse/lyngen-27-2800-kongens-lyngby-01590528__27_______,183.0,Tegl,5.0,https://www.boligsiden.dk/adresse/lyngen-27-2800-kongens-lyngby-01590528__27_______,Mursten,183
christoffers-alle-40-2800-kongens-lyngby-01590111__40_______,Christoffers Alle 40,2800,Villa,Tvangsauktion,24-05-2011,1408000.0,3,Kongens Lyngby,1.0,Centralvarme med én fyringsenhed,/adresse/christoffers-alle-40-2800-kongens-lyngby-01590111__40_______,206.0,Tegl,7.0,https://www.boligsiden.dk/adresse/christoffers-alle-40-2800-kongens-lyngby-01590111__40_______,Mursten,226.25
stroebyholm-9-2650-hvidovre-01678204___9_______,Strøbyholm 9,2650,Villa,Tvangsauktion,23-05-2011,1800000.0,3,Hvidovre,1.0,Centralvarme med én fyringsenhed,/adresse/stroebyholm-9-2650-hvidovre-01678204___9_______,122.0,Fibercement herunder asbest,5.0,https://www.boligsiden.dk/adresse/stroebyholm-9-2650-hvidovre-01678204___9_______,Mursten,124.7
kildebakkegaards-alle-113c-2860-soeborg-01590404113c_______,Kildebakkegårds Alle 113C,2860,Rækkehus,Tvangsauktion,18-05-2011,1999384.0,3,Søborg,2.0,Fjernvarme/blokvarme,/adresse/kildebakkegaards-alle-113c-2860-soeborg-01590404113c_______,88.0,Fibercement herunder asbest,4.0,https://www.boligsiden.dk/adresse/kildebakkegaards-alle-113c-2860-soeborg-01590404113c_______,Mursten,Ikke oplyst
bygaden-73a-2630-taastrup-01690920_73a_______,Bygaden 73A,2630,Rækkehus,Tvangsauktion,18-05-2011,1810000.0,3,Taastrup,1.0,Fjernvarme/blokvarme,/adresse/bygaden-73a-2630-taastrup-01690920_73a_______,160.0,Stråtag,5.0,https://www.boligsiden.dk/adresse/bygaden-73a-2630-taastrup-01690920_73a_______,Bindingsværk,228
brunevang-92-2-31-2610-roedovre-01750108__92__2__31,"Brunevang 92, 2. 31.",2610,Ejerlejlighed,Tvangsauktion,18-05-2011,320000.0,2,Rødovre,1,Fjernvarme/blokvarme,/adresse/brunevang-92-2-31-2610-roedovre-01750108__92__2__31,45.0,Tagpap med lille hældning,1.0,https://www.boligsiden.dk/adresse/brunevang-92-2-31-2610-roedovre-01750108__92__2__31,Betonelementer,Ikke oplyst
bygaden-73b-2630-taastrup-01690920_73b_______,Bygaden 73B,2630,Rækkehus,Tvangsauktion,18-05-2011,1810000.0,3,,,,,,,,,,
pilevangen-29-2660-broendby-strand-01530496__29_______,Pilevangen 29,2660,Rækkehus,Tvangsauktion,27-04-2011,465000.0,2,Brøndby Strand,1.0,Centralvarme med én fyringsenhed,/adresse/pilevangen-29-2660-broendby-strand-01530496__29_______,113.0,Tegl,6.0,https://www.boligsiden.dk/adresse/pilevangen-29-2660-broendby-strand-01530496__29_______,Mursten,131.7
roskildevej-280-0-tv-2610-roedovre-01750690_280_st__tv,"Roskildevej 280, st. tv.",2610,Ejerlejlighed,Tvangsauktion,11-04-2011,590000.0,3,Rødovre,1,Centralvarme med én fyringsenhed,/adresse/roskildevej-280-0-tv-2610-roedovre-01750690_280_st__tv,88.0,Fibercement herunder asbest,3.0,https://www.boligsiden.dk/adresse/roskildevej-280-0-tv-2610-roedovre-01750690_280_st__tv,Mursten,Ikke oplyst
broendbyoestervej-92-2605-broendby-01530091__92_______,Brøndbyøstervej 92,2605,Villa,Tvangsauktion,06-04-2011,1400000.0,1,Brøndby,1.0,Fjernvarme/blokvarme,/adresse/broendbyoestervej-92-2605-broendby-01530091__92_______,75.0,Fibercement herunder asbest,2.0,https://www.boligsiden.dk/adresse/broendbyoestervej-92-2605-broendby-01530091__92_______,Mursten,84
roedovre-parkvej-333-1-2610-roedovre-01750702_333__1____,"Rødovre Parkvej 333, 1.",2610,Ejerlejlighed,Tvangsauktion,04-04-2011,400000.0,3,Rødovre,1,Fjernvarme/blokvarme,/adresse/roedovre-parkvej-333-1-2610-roedovre-01750702_333__1____,50.0,Tagpap med stor hældning,1.0,https://www.boligsiden.dk/adresse/roedovre-parkvej-333-1-2610-roedovre-01750702_333__1____,Mursten,Ikke oplyst
virumvej-86-2830-virum-01730873__86_______,Virumvej 86,2830,Villa,Tvangsauktion,30-03-2011,1600000.0,3,,,,,,,,,,
vojensvej-49-2610-roedovre-01679409__49_______,Vojensvej 49,2610,Villa,Tvangsauktion,29-03-2011,1600000.0,1,Rødovre,1.0,Centralvarme med én fyringsenhed,/adresse/vojensvej-49-2610-roedovre-01679409__49_______,129.0,Tagpap med stor hældning,5.0,https://www.boligsiden.dk/adresse/vojensvej-49-2610-roedovre-01679409__49_______,Mursten,184.2
herstedoestergade-46-2620-albertslund-01650205__46_______,Herstedøstergade 46,2620,Villa,Tvangsauktion,29-03-2011,3750000.0,3,,,,,,,,,,
naesborgvej-42-2-tv-2650-hvidovre-01676123__42__2__tv,"Næsborgvej 42, 2. tv.",2650,Ejerlejlighed,Tvangsauktion,28-03-2011,560000.0,3,Hvidovre,1,Fjernvarme/blokvarme,/adresse/naesborgvej-42-2-tv-2650-hvidovre-01676123__42__2__tv,66.0,Fibercement uden asbest,3.0,https://www.boligsiden.dk/adresse/naesborgvej-42-2-tv-2650-hvidovre-01676123__42__2__tv,Mursten,Ikke oplyst
valbyvej-22-2-th-2630-taastrup-01699095__22__2__th,"Valbyvej 22, 2. th.",2630,Ejerlejlighed,Tvangsauktion,23-03-2011,220000.0,3,Taastrup,2.0,Fjernvarme/blokvarme,/adresse/valbyvej-22-2-th-2630-taastrup-01699095__22__2__th,37.0,Fibercement herunder asbest,2.0,https://www.boligsiden.dk/adresse/valbyvej-22-2-th-2630-taastrup-01699095__22__2__th,Mursten,Ikke oplyst
klovtofteparken-20-2630-taastrup-01693871__20_______,Klovtofteparken 20,2630,Rækkehus,Tvangsauktion,09-03-2011,1520000.0,3,Taastrup,1.0,Fjernvarme/blokvarme,/adresse/klovtofteparken-20-2630-taastrup-01693871__20_______,119.0,Betontagsten,5.0,https://www.boligsiden.dk/adresse/klovtofteparken-20-2630-taastrup-01693871__20_______,Mursten,140.6
maagevej-7b-2650-hvidovre-01675615__7b_______,Mågevej 7B,2650,Villa,Tvangsauktion,07-03-2011,1800000.0,2,Hvidovre,1.0,Centralvarme med én fyringsenhed,/adresse/maagevej-7b-2650-hvidovre-01675615__7b_______,117.0,Betontagsten,6.0,https://www.boligsiden.dk/adresse/maagevej-7b-2650-hvidovre-01675615__7b_______,Mursten,117.15
juni-alle-89-2860-soeborg-01590380__89_______,Juni Alle 89,2860,Villa,Tvangsauktion,03-03-2011,1930000.0,3,Søborg,1.0,Centralvarme med én fyringsenhed,/adresse/juni-alle-89-2860-soeborg-01590380__89_______,108.0,Fibercement uden asbest,4.0,https://www.boligsiden.dk/adresse/juni-alle-89-2860-soeborg-01590380__89_______,Letbetonsten,150.4
ericavej-163-0-102-2820-gentofte-01570203_163_st_102,"Ericavej 163, st. 102.",2820,Ejerlejlighed,Tvangsauktion,28-02-2011,660000.0,2,Gentofte,1,Centralvarme med én fyringsenhed,/adresse/ericavej-163-0-102-2820-gentofte-01570203_163_st_102,65.0,Fibercement herunder asbest,2.0,https://www.boligsiden.dk/adresse/ericavej-163-0-102-2820-gentofte-01570203_163_st_102,Mursten,Ikke oplyst
rebaek-soepark-3-11-1112-2650-hvidovre-01676690___3_111112,"Rebæk Søpark 3, 11. 1112.",1112,Ejerlejlighed,Tvangsauktion,22-02-2011,270000.0,3,Hvidovre,1,Fjernvarme/blokvarme,/adresse/rebaek-soepark-3-11-1112-2650-hvidovre-01676690___3_111112,44.0,Tagpap med stor hældning,1.0,https://www.boligsiden.dk/adresse/rebaek-soepark-3-11-1112-2650-hvidovre-01676690___3_111112,Letbetonsten,Ikke oplyst
bernstorffsvej-100-0-tv-2900-hellerup-01570054_100_st__tv,"Bernstorffsvej 100, st. tv.",2900,Ejerlejlighed,Tvangsauktion,21-02-2011,2250000.0,3,Hellerup,1,Fjernvarme/blokvarme,/adresse/bernstorffsvej-100-0-tv-2900-hellerup-01570054_100_st__tv,99.0,Tegl,4.0,https://www.boligsiden.dk/adresse/bernstorffsvej-100-0-tv-2900-hellerup-01570054_100_st__tv,Mursten,Ikke oplyst
stengaards-alle-31e-2800-kongens-lyngby-01730776_31e_______,Stengårds Alle 31E,2800,Villa,Tvangsauktion,16-02-2011,2620000.0,1,Kongens Lyngby,1.0,Centralvarme med én fyringsenhed,/adresse/stengaards-alle-31e-2800-kongens-lyngby-01730776_31e_______,140.0,Tegl,4.0,https://www.boligsiden.dk/adresse/stengaards-alle-31e-2800-kongens-lyngby-01730776_31e_______,Mursten,139.25
aldershvilevej-80b-2880-bagsvaerd-01590009_80b_______,Aldershvilevej 80B,2880,Villa,Tvangsauktion,17-01-2011,3525000.0,3,Bagsværd,1.0,Centralvarme med én fyringsenhed,/adresse/aldershvilevej-80b-2880-bagsvaerd-01590009_80b_______,324.0,Tegl,12.0,https://www.boligsiden.dk/adresse/aldershvilevej-80b-2880-bagsvaerd-01590009_80b_______,Mursten,325.5
buddingevej-260-1-i-2860-soeborg-01590088_260__1___i,"Buddingevej 260, 1. i.",2860,Ejerlejlighed,Tvangsauktion,10-01-2011,450000.0,3,Søborg,1,Fjernvarme/blokvarme,/adresse/buddingevej-260-1-i-2860-soeborg-01590088_260__1___i,36.0,Fibercement herunder asbest,1.0,https://www.boligsiden.dk/adresse/buddingevej-260-1-i-2860-soeborg-01590088_260__1___i,Mursten,Ikke oplyst
buddingevej-260-1-o-2860-soeborg-01590088_260__1___o,"Buddingevej 260, 1. o.",2860,Ejerlejlighed,Tvangsauktion,05-01-2011,440000.0,3,Søborg,1,Fjernvarme/blokvarme,/adresse/buddingevej-260-1-o-2860-soeborg-01590088_260__1___o,38.0,Fibercement herunder asbest,1.0,https://www.boligsiden.dk/adresse/buddingevej-260-1-o-2860-soeborg-01590088_260__1___o,Mursten,Ikke oplyst
linde-alle-7-2600-glostrup-01610308___7_______,Linde Alle 7,2600,Villa,Tvangsauktion,22-12-2010,2250000.0,2,Glostrup,1.0,Varmepumpe,/adresse/linde-alle-7-2600-glostrup-01610308___7_______,144.0,Betontagsten,4.0,https://www.boligsiden.dk/adresse/linde-alle-7-2600-glostrup-01610308___7_______,Mursten,145.45
vejlebrovej-102-1-tv-2635-ishoej-01830850_102__1__tv,"Vejlebrovej 102, 1. tv.",2635,Ejerlejlighed,Tvangsauktion,20-12-2010,600000.0,2,Ishøj,1,Fjernvarme/blokvarme,/adresse/vejlebrovej-102-1-tv-2635-ishoej-01830850_102__1__tv,69.0,Tagpap med lille hældning,2.0,https://www.boligsiden.dk/adresse/vejlebrovej-102-1-tv-2635-ishoej-01830850_102__1__tv,Betonelementer,Ikke oplyst
helmsvej-30-2880-bagsvaerd-01590302__30_______,Helmsvej 30,2880,Villa,Tvangsauktion,15-12-2010,4150000.0,2,Bagsværd,1.0,Ovn til fast og flydende brændsel,/adresse/helmsvej-30-2880-bagsvaerd-01590302__30_______,114.0,Tegl,4.0,https://www.boligsiden.dk/adresse/helmsvej-30-2880-bagsvaerd-01590302__30_______,Mursten,136.1
hedekaeret-53-0-2-2640-hedehusene-01692652__53_st___2,"Hedekæret 53, st. 2.",2640,Ejerlejlighed,Tvangsauktion,15-12-2010,559000.0,3,Hedehusene,1,Fjernvarme/blokvarme,/adresse/hedekaeret-53-0-2-2640-hedehusene-01692652__53_st___2,54.0,Fibercement herunder asbest,2.0,https://www.boligsiden.dk/adresse/hedekaeret-53-0-2-2640-hedehusene-01692652__53_st___2,Mursten,Ikke oplyst
espens-vaenge-40-2630-taastrup-01691542__40_______,Espens Vænge 40,2630,Villa,Tvangsauktion,14-12-2010,2000000.0,3,Taastrup,1.0,Fjernvarme/blokvarme,/adresse/espens-vaenge-40-2630-taastrup-01691542__40_______,124.0,Betontagsten,6.0,https://www.boligsiden.dk/adresse/espens-vaenge-40-2630-taastrup-01691542__40_______,Mursten,164.85
runebergs-alle-4-2860-soeborg-01590699___4_______,Runebergs Alle 4,2860,Villa,Tvangsauktion,06-12-2010,2750000.0,3,,,,,,,,,,
murskeen-3-3-42-2630-taastrup-01695125___3__3__42,"Murskeen 3, 3. 42.",2630,Ejerlejlighed,Tvangsauktion,06-12-2010,690000.0,2,Taastrup,1,Fjernvarme/blokvarme,/adresse/murskeen-3-3-42-2630-taastrup-01695125___3__3__42,70.0,Tagpap med lille hældning,2.0,https://www.boligsiden.dk/adresse/murskeen-3-3-42-2630-taastrup-01695125___3__3__42,Betonelementer,Ikke oplyst
valeursvej-9-2900-hellerup-01570900___9_______,Valeursvej 9,2900,Villa,Tvangsauktion,01-12-2010,16400000.0,3,Hellerup,2.0,Fjernvarme/blokvarme,/adresse/valeursvej-9-2900-hellerup-01570900___9_______,330.0,Tegl,7.0,https://www.boligsiden.dk/adresse/valeursvej-9-2900-hellerup-01570900___9_______,Mursten,408.4
hyldegaards-tvaervej-1-1-tv-2920-charlottenlund-01570376___1__1__tv,"Hyldegårds Tværvej 1, 1. tv.",2920,Ejerlejlighed,Tvangsauktion,29-11-2010,1578000.0,3,Charlottenlund,1,Fjernvarme/blokvarme,/adresse/hyldegaards-tvaervej-1-1-tv-2920-charlottenlund-01570376___1__1__tv,83.0,Tegl,3.0,https://www.boligsiden.dk/adresse/hyldegaards-tvaervej-1-1-tv-2920-charlottenlund-01570376___1__1__tv,Mursten,Ikke oplyst
annexgaardsvej-2-0-2610-roedovre-01750021___2_st____,"Annexgårdsvej 2, st.",2610,Villalejlighed,Tvangsauktion,24-11-2010,2100000.0,3,,,,,,,,,,
annexgaardsvej-2-1-2610-roedovre-01750021___2__1____,"Annexgårdsvej 2, 1.",2610,Villalejlighed,Tvangsauktion,24-11-2010,2100000.0,3,,,,,,,,,,
mosevej-8-1-tv-2800-kongens-lyngby-01730587___8__1__tv,"Mosevej 8, 1. tv.",2800,Ejerlejlighed,Tvangsauktion,08-11-2010,1625000.0,1,Kongens Lyngby,1,Fjernvarme/blokvarme,/adresse/mosevej-8-1-tv-2800-kongens-lyngby-01730587___8__1__tv,87.0,Tegl,4.0,https://www.boligsiden.dk/adresse/mosevej-8-1-tv-2800-kongens-lyngby-01730587___8__1__tv,Mursten,Ikke oplyst
sydvestvej-35-2600-glostrup-01610473__35_______,Sydvestvej 35,2600,Villa,Tvangsauktion,02-11-2010,1616000.0,2,Glostrup,1.0,Centralvarme med én fyringsenhed,/adresse/sydvestvej-35-2600-glostrup-01610473__35_______,113.0,Tegl,6.0,https://www.boligsiden.dk/adresse/sydvestvej-35-2600-glostrup-01610473__35_______,Mursten,125.6
hovedgaden-405-1-th-2640-hedehusene-01692896_405__1__th,"Hovedgaden 405, 1. th.",2640,Villalejlighed,Tvangsauktion,20-10-2010,7500000.0,3,,,,,,,,,,
hovedgaden-405-1-tv-2640-hedehusene-01692896_405__1__tv,"Hovedgaden 405, 1. tv.",2640,Villalejlighed,Tvangsauktion,20-10-2010,7500000.0,3,,,,,,,,,,
kirkebakken-10-2605-broendby-01530336__10_______,Kirkebakken 10,2605,Villa,Tvangsauktion,04-10-2010,1510000.0,2,Brøndby,1.0,Centralvarme med én fyringsenhed,/adresse/kirkebakken-10-2605-broendby-01530336__10_______,155.0,Tagpap med stor hældning,5.0,https://www.boligsiden.dk/adresse/kirkebakken-10-2605-broendby-01530336__10_______,Letbetonsten,159
jaegergangen-103-2880-bagsvaerd-01590383_103_______,Jægergangen 103,2880,Villa,Tvangsauktion,29-09-2010,1540000.0,3,Bagsværd,1.0,Centralvarme med én fyringsenhed,/adresse/jaegergangen-103-2880-bagsvaerd-01590383_103_______,182.0,Tagpap med stor hældning,5.0,https://www.boligsiden.dk/adresse/jaegergangen-103-2880-bagsvaerd-01590383_103_______,Mursten,186.5
groenlunds-alle-9-2610-roedovre-01750275___9_______,Grønlunds Alle 9,2610,Villa,Tvangsauktion,29-09-2010,2438000.0,2,Rødovre,1.0,Centralvarme med én fyringsenhed,/adresse/groenlunds-alle-9-2610-roedovre-01750275___9_______,195.0,Tegl,8.0,https://www.boligsiden.dk/adresse/groenlunds-alle-9-2610-roedovre-01750275___9_______,Mursten,233.15
naesborgvej-48-1-tv-2650-hvidovre-01676123__48__1__tv,"Næsborgvej 48, 1. tv.",2650,Ejerlejlighed,Tvangsauktion,22-09-2010,720000.0,2,Hvidovre,1,Fjernvarme/blokvarme,/adresse/naesborgvej-48-1-tv-2650-hvidovre-01676123__48__1__tv,73.0,Fibercement uden asbest,3.0,https://www.boligsiden.dk/adresse/naesborgvej-48-1-tv-2650-hvidovre-01676123__48__1__tv,Mursten,Ikke oplyst
vejlebrovej-82-2-th-2635-ishoej-01830850__82__2__th,"Vejlebrovej 82, 2. th.",2635,Ejerlejlighed,Tvangsauktion,20-09-2010,2310000.0,1,Ishøj,1,Fjernvarme/blokvarme,/adresse/vejlebrovej-82-2-th-2635-ishoej-01830850__82__2__th,77.0,Tagpap med lille hældning,2.0,https://www.boligsiden.dk/adresse/vejlebrovej-82-2-th-2635-ishoej-01830850__82__2__th,Betonelementer,Ikke oplyst
klausdalsbrovej-147-2860-soeborg-01590422_147_______,Klausdalsbrovej 147,2860,Villa,Tvangsauktion,20-09-2010,2200000.0,3,Søborg,1.0,Elvarme,/adresse/klausdalsbrovej-147-2860-soeborg-01590422_147_______,212.0,Tegl,5.0,https://www.boligsiden.dk/adresse/klausdalsbrovej-147-2860-soeborg-01590422_147_______,Mursten,221.8
ejby-vaenge-16-2610-roedovre-01750178__16_______,Ejby Vænge 16,2610,Rækkehus,Tvangsauktion,15-09-2010,175000.0,3,Rødovre,1.0,Elvarme,/adresse/ejby-vaenge-16-2610-roedovre-01750178__16_______,39.0,Tagpap med lille hældning,1.0,https://www.boligsiden.dk/adresse/ejby-vaenge-16-2610-roedovre-01750178__16_______,Træ,39.5
vejlegaardsparken-24-0-1-2665-vallensbaek-strand-01879267__24_st___1,"Vejlegårdsparken 24, st. 1.",2665,Ejerlejlighed,Tvangsauktion,13-09-2010,200000.0,3,Vallensbæk Strand,1,Fjernvarme/blokvarme,/adresse/vejlegaardsparken-24-0-1-2665-vallensbaek-strand-01879267__24_st___1,39.0,Tagpap med lille hældning,1.0,https://www.boligsiden.dk/adresse/vejlegaardsparken-24-0-1-2665-vallensbaek-strand-01879267__24_st___1,Betonelementer,Ikke oplyst
jernalderen-78-2640-hedehusene-01693530__78_______,Jernalderen 78,2640,Rækkehus,Tvangsauktion,13-09-2010,1084000.0,2,Hedehusene,1.0,Elvarme,/adresse/jernalderen-78-2640-hedehusene-01693530__78_______,104.0,Fibercement uden asbest,4.0,https://www.boligsiden.dk/adresse/jernalderen-78-2640-hedehusene-01693530__78_______,Mursten,110
taastrup-have-31-0-tv-2630-taastrup-01698960__31_st__tv,"Taastrup Have 31, st. tv.",2630,Ejerlejlighed,Tvangsauktion,08-09-2010,600000.0,3,Taastrup,1,Fjernvarme/blokvarme,/adresse/taastrup-have-31-0-tv-2630-taastrup-01698960__31_st__tv,59.0,Fibercement herunder asbest,2.0,https://www.boligsiden.dk/adresse/taastrup-have-31-0-tv-2630-taastrup-01698960__31_st__tv,Mursten,Ikke oplyst
taastrup-have-31-0-tv-2630-taastrup-01698960__31_st__tv,"Taastrup Have 31, st. tv.",2630,Ejerlejlighed,Tvangsauktion,03-10-2000,615000.0,3,Taastrup,1,Fjernvarme/blokvarme,/adresse/taastrup-have-31-0-tv-2630-taastrup-01698960__31_st__tv,59.0,Fibercement herunder asbest,2.0,https://www.boligsiden.dk/adresse/taastrup-have-31-0-tv-2630-taastrup-01698960__31_st__tv,Mursten,Ikke oplyst
vilvordeparken-17-2920-charlottenlund-01570941__17_______,Vilvordeparken 17,2920,Villa,Tvangsauktion,16-08-2010,6150000.0,3,Charlottenlund,1.0,Fjernvarme/blokvarme,/adresse/vilvordeparken-17-2920-charlottenlund-01570941__17_______,212.0,Tagpap med lille hældning,5.0,https://www.boligsiden.dk/adresse/vilvordeparken-17-2920-charlottenlund-01570941__17_______,Mursten,222.5
jaegersborg-alle-27b-1-mf-2920-charlottenlund-01570423_27b__1__mf,"Jægersborg Alle 27B, 1. mf.",2920,Ejerlejlighed,Tvangsauktion,04-08-2010,1096000.0,2,Charlottenlund,1,Fjernvarme/blokvarme,/adresse/jaegersborg-alle-27b-1-mf-2920-charlottenlund-01570423_27b__1__mf,69.0,Tegl,2.0,https://www.boligsiden.dk/adresse/jaegersborg-alle-27b-1-mf-2920-charlottenlund-01570423_27b__1__mf,Mursten,Ikke oplyst
hoeje-taastrup-boulevard-86-3-2630-taastrup-01693200__86__3____,"Høje Taastrup Boulevard 86, 3.",2630,Ejerlejlighed,Tvangsauktion,04-08-2010,1800000.0,1,Taastrup,1,Fjernvarme/blokvarme,/adresse/hoeje-taastrup-boulevard-86-3-2630-taastrup-01693200__86__3____,119.0,Fibercement uden asbest,3.0,https://www.boligsiden.dk/adresse/hoeje-taastrup-boulevard-86-3-2630-taastrup-01693200__86__3____,Mursten,Ikke oplyst
holstedparken-13-2660-broendby-strand-01530244__13_______,Holstedparken 13,2660,Rækkehus,Tvangsauktion,02-08-2010,1650000.0,2,Brøndby Strand,1.0,Fjernvarme/blokvarme,/adresse/holstedparken-13-2660-broendby-strand-01530244__13_______,121.0,Fibercement herunder asbest,4.0,https://www.boligsiden.dk/adresse/holstedparken-13-2660-broendby-strand-01530244__13_______,Mursten,118.95
skovbrinken-5-2920-charlottenlund-01570717___5_______,Skovbrinken 5,2920,Villa,Tvangsauktion,28-07-2010,11400000.0,3,Charlottenlund,1.0,Fjernvarme/blokvarme,/adresse/skovbrinken-5-2920-charlottenlund-01570717___5_______,335.0,Fibercement herunder asbest,8.0,https://www.boligsiden.dk/adresse/skovbrinken-5-2920-charlottenlund-01570717___5_______,Mursten,449.2
grundkaer-27-2650-hvidovre-01672987__27_______,Grundkær 27,2650,Rækkehus,Tvangsauktion,19-07-2010,2100000.0,3,Hvidovre,1.0,Elvarme,/adresse/grundkaer-27-2650-hvidovre-01672987__27_______,156.0,Tagpap med lille hældning,4.0,https://www.boligsiden.dk/adresse/grundkaer-27-2650-hvidovre-01672987__27_______,Mursten,156
hvidovrevej-180-2-207-2650-hvidovre-01674032_180__2_207,"Hvidovrevej 180, 2. 207.",2650,Ejerlejlighed,Tvangsauktion,05-07-2010,370000.0,3,Hvidovre,1,Fjernvarme/blokvarme,/adresse/hvidovrevej-180-2-207-2650-hvidovre-01674032_180__2_207,47.0,Tagpap med lille hældning,1.0,https://www.boligsiden.dk/adresse/hvidovrevej-180-2-207-2650-hvidovre-01674032_180__2_207,Mursten,Ikke oplyst
dalen-3-2860-soeborg-01590119___3_______,Dalen 3,2860,Villa,Tvangsauktion,16-06-2010,2700000.0,2,Søborg,1.0,Centralvarme med én fyringsenhed,/adresse/dalen-3-2860-soeborg-01590119___3_______,140.0,Fibercement uden asbest,6.0,https://www.boligsiden.dk/adresse/dalen-3-2860-soeborg-01590119___3_______,Mursten,141.2
molndalsparken-25-2620-albertslund-01650328__25_______,Mölndalsparken 25,2620,Ejerlejlighed,Tvangsauktion,16-06-2010,1225000.0,2,Albertslund,2.0,Fjernvarme/blokvarme,/adresse/molndalsparken-25-2620-albertslund-01650328__25_______,67.0,Betontagsten,3.0,https://www.boligsiden.dk/adresse/molndalsparken-25-2620-albertslund-01650328__25_______,Mursten,Ikke oplyst
dalvangsvej-13-0-6-2600-glostrup-01610064__13_st___6,"Dalvangsvej 13, st. 6.",2600,Ejerlejlighed,Tvangsauktion,09-06-2010,540000.0,3,Glostrup,1,Fjernvarme/blokvarme,/adresse/dalvangsvej-13-0-6-2600-glostrup-01610064__13_st___6,49.0,Fibercement herunder asbest,1.0,https://www.boligsiden.dk/adresse/dalvangsvej-13-0-6-2600-glostrup-01610064__13_st___6,Mursten,Ikke oplyst
rosmosevej-28-2650-hvidovre-01676929__28_______,Rosmosevej 28,2650,Villa,Tvangsauktion,07-06-2010,3300000.0,2,Hvidovre,1.0,Centralvarme med én fyringsenhed,/adresse/rosmosevej-28-2650-hvidovre-01676929__28_______,170.0,Betontagsten,5.0,https://www.boligsiden.dk/adresse/rosmosevej-28-2650-hvidovre-01676929__28_______,Mursten,240.1
rosmosevej-28-2650-hvidovre-01676929__28_______,Rosmosevej 28,2650,Villa,Tvangsauktion,02-12-2004,2495000.0,2,Hvidovre,1.0,Centralvarme med én fyringsenhed,/adresse/rosmosevej-28-2650-hvidovre-01676929__28_______,170.0,Betontagsten,5.0,https://www.boligsiden.dk/adresse/rosmosevej-28-2650-hvidovre-01676929__28_______,Mursten,240.1
strongvej-30-2630-taastrup-01697714__30_______,Strongvej 30,2630,Rækkehus,Tvangsauktion,07-06-2010,1420000.0,3,Taastrup,2.0,Fjernvarme/blokvarme,/adresse/strongvej-30-2630-taastrup-01697714__30_______,104.0,Fibercement herunder asbest,4.0,https://www.boligsiden.dk/adresse/strongvej-30-2630-taastrup-01697714__30_______,Letbetonsten,104.75
bjeverskov-alle-2-2-th-2650-hvidovre-01670866___2__2__th,"Bjeverskov Alle 2, 2. th.",2650,Ejerlejlighed,Tvangsauktion,02-06-2010,9300000.0,1,Hvidovre,1,Fjernvarme/blokvarme,/adresse/bjeverskov-alle-2-2-th-2650-hvidovre-01670866___2__2__th,83.0,Tegl,3.0,https://www.boligsiden.dk/adresse/bjeverskov-alle-2-2-th-2650-hvidovre-01670866___2__2__th,Mursten,Ikke oplyst
schimmelmannsvej-21-2930-klampenborg-01570691__21_______,Schimmelmannsvej 21,2930,Villa,Tvangsauktion,02-06-2010,8500000.0,3,Klampenborg,1.0,Centralvarme med én fyringsenhed,/adresse/schimmelmannsvej-21-2930-klampenborg-01570691__21_______,240.0,Tegl,6.0,https://www.boligsiden.dk/adresse/schimmelmannsvej-21-2930-klampenborg-01570691__21_______,Mursten,272.65
bjeverskov-alle-2-0-th-2650-hvidovre-01670866___2_st__th,"Bjeverskov Alle 2, st. th.",2650,Ejerlejlighed,Tvangsauktion,02-06-2010,9300000.0,1,Hvidovre,1,Fjernvarme/blokvarme,/adresse/bjeverskov-alle-2-0-th-2650-hvidovre-01670866___2_st__th,83.0,Tegl,3.0,https://www.boligsiden.dk/adresse/bjeverskov-alle-2-0-th-2650-hvidovre-01670866___2_st__th,Mursten,Ikke oplyst
bjeverskov-alle-2-2-tv-2650-hvidovre-01670866___2__2__tv,"Bjeverskov Alle 2, 2. tv.",2650,Ejerlejlighed,Tvangsauktion,02-06-2010,9300000.0,1,Hvidovre,1,Fjernvarme/blokvarme,/adresse/bjeverskov-alle-2-2-tv-2650-hvidovre-01670866___2__2__tv,65.0,Tegl,2.0,https://www.boligsiden.dk/adresse/bjeverskov-alle-2-2-tv-2650-hvidovre-01670866___2__2__tv,Mursten,Ikke oplyst
bjeverskov-alle-2-1-tv-2650-hvidovre-01670866___2__1__tv,"Bjeverskov Alle 2, 1. tv.",2650,Ejerlejlighed,Tvangsauktion,02-06-2010,9300000.0,1,Hvidovre,1,Fjernvarme/blokvarme,/adresse/bjeverskov-alle-2-1-tv-2650-hvidovre-01670866___2__1__tv,82.0,Tegl,3.0,https://www.boligsiden.dk/adresse/bjeverskov-alle-2-1-tv-2650-hvidovre-01670866___2__1__tv,Mursten,Ikke oplyst
bjeverskov-alle-2-1-th-2650-hvidovre-01670866___2__1__th,"Bjeverskov Alle 2, 1. th.",2650,Ejerlejlighed,Tvangsauktion,02-06-2010,9300000.0,1,Hvidovre,1,Fjernvarme/blokvarme,/adresse/bjeverskov-alle-2-1-th-2650-hvidovre-01670866___2__1__th,82.0,Tegl,3.0,https://www.boligsiden.dk/adresse/bjeverskov-alle-2-1-th-2650-hvidovre-01670866___2__1__th,Mursten,Ikke oplyst
rebaek-soepark-3-15-1508-2650-hvidovre-01676690___3_151508,"Rebæk Søpark 3, 15. 1508.",1508,Ejerlejlighed,Tvangsauktion,31-05-2010,337600.0,2,Hvidovre,1,Fjernvarme/blokvarme,/adresse/rebaek-soepark-3-15-1508-2650-hvidovre-01676690___3_151508,44.0,Tagpap med stor hældning,1.0,https://www.boligsiden.dk/adresse/rebaek-soepark-3-15-1508-2650-hvidovre-01676690___3_151508,Letbetonsten,Ikke oplyst
niels-finsens-alle-65-2860-soeborg-01590604__65_______,Niels Finsens Alle 65,2860,Villa,Tvangsauktion,26-05-2010,3430000.0,2,Søborg,1.0,Fjernvarme/blokvarme,/adresse/niels-finsens-alle-65-2860-soeborg-01590604__65_______,233.0,Tegl,8.0,https://www.boligsiden.dk/adresse/niels-finsens-alle-65-2860-soeborg-01590604__65_______,Mursten,283.95
friisvej-5-2635-ishoej-01830190___5_______,Friisvej 5,2635,Villa,Tvangsauktion,26-05-2010,1450000.0,2,Ishøj,1.0,Centralvarme med én fyringsenhed,/adresse/friisvej-5-2635-ishoej-01830190___5_______,102.0,Tagpap med stor hældning,4.0,https://www.boligsiden.dk/adresse/friisvej-5-2635-ishoej-01830190___5_______,Betonelementer,106.5
bjaelkevangen-11b-2800-kongens-lyngby-01730071_11b_______,Bjælkevangen 11B,2800,Villa,Tvangsauktion,26-05-2010,3983322.0,3,Kongens Lyngby,1.0,Centralvarme med én fyringsenhed,/adresse/bjaelkevangen-11b-2800-kongens-lyngby-01730071_11b_______,182.0,Tegl,6.0,https://www.boligsiden.dk/adresse/bjaelkevangen-11b-2800-kongens-lyngby-01730071_11b_______,Letbetonsten,218.4
oestervej-34-2750-ballerup-01510379__34_______,Østervej 34,2750,Villa,Tvangsauktion,17-05-2010,2200000.0,2,Ballerup,1.0,Centralvarme med én fyringsenhed,/adresse/oestervej-34-2750-ballerup-01510379__34_______,174.0,Tegl,7.0,https://www.boligsiden.dk/adresse/oestervej-34-2750-ballerup-01510379__34_______,Mursten,189
roedovrevej-202-2-mf-2610-roedovre-01750705_202__2__mf,"Rødovrevej 202, 2. mf.",2610,Ejerlejlighed,Tvangsauktion,17-05-2010,450000.0,3,Rødovre,1,Fjernvarme/blokvarme,/adresse/roedovrevej-202-2-mf-2610-roedovre-01750705_202__2__mf,45.0,Fibercement herunder asbest,1.0,https://www.boligsiden.dk/adresse/roedovrevej-202-2-mf-2610-roedovre-01750705_202__2__mf,Mursten,Ikke oplyst
hammeren-30-4-176-2630-taastrup-01692530__30__4_176,"Hammeren 30, 4. 176.",2630,Ejerlejlighed,Tvangsauktion,10-05-2010,155000.0,3,Taastrup,1,Fjernvarme/blokvarme,/adresse/hammeren-30-4-176-2630-taastrup-01692530__30__4_176,44.0,Tagpap med lille hældning,1.0,https://www.boligsiden.dk/adresse/hammeren-30-4-176-2630-taastrup-01692530__30__4_176,Betonelementer,Ikke oplyst
lystoftevej-30-2800-kongens-lyngby-01730550__30_______,Lystoftevej 30,2800,Rækkehus,Tvangsauktion,03-05-2010,2125000.0,1,Kongens Lyngby,1.0,Centralvarme med én fyringsenhed,/adresse/lystoftevej-30-2800-kongens-lyngby-01730550__30_______,85.0,Tegl,3.0,https://www.boligsiden.dk/adresse/lystoftevej-30-2800-kongens-lyngby-01730550__30_______,Mursten,106.5
nysoevej-48-2665-vallensbaek-strand-01875858__48_______,Nysøvej 48,2665,Villa,Tvangsauktion,03-05-2010,2000000.0,2,Vallensbæk Strand,1.0,Varmepumpe,/adresse/nysoevej-48-2665-vallensbaek-strand-01875858__48_______,180.0,Tegl,9.0,https://www.boligsiden.dk/adresse/nysoevej-48-2665-vallensbaek-strand-01875858__48_______,Letbetonsten,172.3
vejlebrovej-76-2-3-2635-ishoej-01830850__76__2___3,"Vejlebrovej 76, 2. 3.",2635,Ejerlejlighed,Tvangsauktion,20-04-2010,315000.0,3,Ishøj,1,Fjernvarme/blokvarme,/adresse/vejlebrovej-76-2-3-2635-ishoej-01830850__76__2___3,41.0,Tagpap med lille hældning,1.0,https://www.boligsiden.dk/adresse/vejlebrovej-76-2-3-2635-ishoej-01830850__76__2___3,Betonelementer,Ikke oplyst
soebredden-8-2820-gentofte-01570822___8_______,Søbredden 8,2820,Villa,Tvangsauktion,19-04-2010,4900000.0,3,,,,,,,,,,
soebredden-8-2820-gentofte-01570822___8_______,Søbredden 8,2820,Villa,Tvangsauktion,19-04-2010,4900000.0,3,,,,,,,,,,
hedevej-27-2640-hedehusene-01692707__27_______,Hedevej 27,2640,Villa,Tvangsauktion,13-04-2010,765000.0,2,Hedehusene,1.0,Fjernvarme/blokvarme,/adresse/hedevej-27-2640-hedehusene-01692707__27_______,100.0,Fibercement herunder asbest,3.0,https://www.boligsiden.dk/adresse/hedevej-27-2640-hedehusene-01692707__27_______,Letbetonsten,136
nordre-molevej-9-2930-klampenborg-01730934___9_______,Nordre Molevej 9,2930,Villa,Tvangsauktion,07-04-2010,12900000.0,3,Klampenborg,3.0,Centralvarme med én fyringsenhed,/adresse/nordre-molevej-9-2930-klampenborg-01730934___9_______,250.0,Fibercement herunder asbest,8.0,https://www.boligsiden.dk/adresse/nordre-molevej-9-2930-klampenborg-01730934___9_______,Mursten,332
hvidovrevej-275-1-13-2650-hvidovre-01674032_275__1__13,"Hvidovrevej 275, 1. 13.",2650,Ejerlejlighed,Tvangsauktion,07-04-2010,500000.0,2,Hvidovre,1,Fjernvarme/blokvarme,/adresse/hvidovrevej-275-1-13-2650-hvidovre-01674032_275__1__13,51.0,Tagpap med stor hældning,1.0,https://www.boligsiden.dk/adresse/hvidovrevej-275-1-13-2650-hvidovre-01674032_275__1__13,Mursten,Ikke oplyst
hvidovregade-9-2650-hvidovre-01673912___9_______,Hvidovregade 9,2650,Villa,Tvangsauktion,24-03-2010,1712000.0,3,Hvidovre,1.0,Fjernvarme/blokvarme,/adresse/hvidovregade-9-2650-hvidovre-01673912___9_______,135.0,Tegl,5.0,https://www.boligsiden.dk/adresse/hvidovregade-9-2650-hvidovre-01673912___9_______,Mursten,143.35
vejlebrovej-118-4-mf-2635-ishoej-01830850_118__4__mf,"Vejlebrovej 118, 4. mf.",2635,Ejerlejlighed,Tvangsauktion,22-03-2010,266694.0,3,Ishøj,1,Fjernvarme/blokvarme,/adresse/vejlebrovej-118-4-mf-2635-ishoej-01830850_118__4__mf,35.0,Tagpap med lille hældning,1.0,https://www.boligsiden.dk/adresse/vejlebrovej-118-4-mf-2635-ishoej-01830850_118__4__mf,Betonelementer,Ikke oplyst
jaegersborg-alle-247-1-th-2820-gentofte-01570423_247__1__th,"Jægersborg Alle 247, 1. th.",2820,Ejerlejlighed,Tvangsauktion,22-03-2010,1350000.0,3,Gentofte,1,Fjernvarme/blokvarme,/adresse/jaegersborg-alle-247-1-th-2820-gentofte-01570423_247__1__th,90.0,Tagpap med lille hældning,2.0,https://www.boligsiden.dk/adresse/jaegersborg-alle-247-1-th-2820-gentofte-01570423_247__1__th,Mursten,Ikke oplyst
baekkelunden-130-2660-broendby-strand-01530108_130_______,Bækkelunden 130,2660,Villa,Tvangsauktion,22-03-2010,1250000.0,2,Brøndby Strand,1.0,Fjernvarme/blokvarme,/adresse/baekkelunden-130-2660-broendby-strand-01530108_130_______,130.0,Betontagsten,6.0,https://www.boligsiden.dk/adresse/baekkelunden-130-2660-broendby-strand-01530108_130_______,Mursten,130
dyssegaardsvej-18-1-2900-hellerup-01570152__18__1____,"Dyssegårdsvej 18, 1.",2900,Villalejlighed,Tvangsauktion,10-03-2010,4000000.0,3,,,,,,,,,,
fuglegaardsvej-18-2820-gentofte-01570261__18_______,Fuglegårdsvej 18,2820,Villa,Tvangsauktion,08-03-2010,4950000.0,2,Gentofte,1.0,Fjernvarme/blokvarme,/adresse/fuglegaardsvej-18-2820-gentofte-01570261__18_______,202.0,Tegl,7.0,https://www.boligsiden.dk/adresse/fuglegaardsvej-18-2820-gentofte-01570261__18_______,Mursten,256.05
gammel-koege-landevej-266-3-d-2650-hvidovre-01672807_266__3___d,"Gammel Køge Landevej 266, 3. d.",2650,Ejerlejlighed,Tvangsauktion,03-03-2010,305500.0,3,Hvidovre,1,Fjernvarme/blokvarme,/adresse/gammel-koege-landevej-266-3-d-2650-hvidovre-01672807_266__3___d,47.0,Fibercement herunder asbest,2.0,https://www.boligsiden.dk/adresse/gammel-koege-landevej-266-3-d-2650-hvidovre-01672807_266__3___d,Mursten,Ikke oplyst
brandholms-alle-2f-2610-roedovre-01750085__2f_______,Brandholms Alle 2F,2610,Ejerlejlighed,Tvangsauktion,01-03-2010,950000.0,3,Rødovre,1,Fjernvarme/blokvarme,/adresse/brandholms-alle-2f-2610-roedovre-01750085__2f_______,49.0,Betontagsten,2.0,https://www.boligsiden.dk/adresse/brandholms-alle-2f-2610-roedovre-01750085__2f_______,Mursten,Ikke oplyst
rugtoften-13a-2880-bagsvaerd-01590694_13a_______,Rugtoften 13A,2880,Rækkehus,Tvangsauktion,01-03-2010,2050000.0,3,Bagsværd,1.0,Varmepumpe,/adresse/rugtoften-13a-2880-bagsvaerd-01590694_13a_______,103.0,Tegl,4.0,https://www.boligsiden.dk/adresse/rugtoften-13a-2880-bagsvaerd-01590694_13a_______,Mursten,98.9
landlyst-vaenge-68-2635-ishoej-01830385__68_______,Landlyst Vænge 68,2635,Villa,Tvangsauktion,20-01-2010,2000000.0,3,Ishøj,1.0,Centralvarme med én fyringsenhed,/adresse/landlyst-vaenge-68-2635-ishoej-01830385__68_______,135.0,Fibercement herunder asbest,4.0,https://www.boligsiden.dk/adresse/landlyst-vaenge-68-2635-ishoej-01830385__68_______,Mursten,200.2
svenstrupvej-42-2665-vallensbaek-strand-01877775__42_______,Svenstrupvej 42,2665,Villa,Tvangsauktion,12-01-2010,1210000.0,3,Vallensbæk Strand,1.0,Centralvarme med én fyringsenhed,/adresse/svenstrupvej-42-2665-vallensbaek-strand-01877775__42_______,108.0,Fibercement herunder asbest,4.0,https://www.boligsiden.dk/adresse/svenstrupvej-42-2665-vallensbaek-strand-01877775__42_______,Mursten,117.2
ordrupvej-126b-0-2920-charlottenlund-01570622126b_st____,"Ordrupvej 126B, st.",2920,Ejerlejlighed,Tvangsauktion,06-01-2010,3275000.0,1,Charlottenlund,1,Fjernvarme/blokvarme,/adresse/ordrupvej-126b-0-2920-charlottenlund-01570622126b_st____,170.0,Tegl,2.0,https://www.boligsiden.dk/adresse/ordrupvej-126b-0-2920-charlottenlund-01570622126b_st____,Mursten,Ikke oplyst
hasselvej-26a-2740-skovlunde-01510581_26a_______,Hasselvej 26A,2740,Villa,Tvangsauktion,21-12-2009,1220000.0,1,Skovlunde,1.0,Centralvarme med én fyringsenhed,/adresse/hasselvej-26a-2740-skovlunde-01510581_26a_______,122.0,Andet materiale,5.0,https://www.boligsiden.dk/adresse/hasselvej-26a-2740-skovlunde-01510581_26a_______,Mursten,92.1
hovedgaden-484-2-2640-hedehusene-01692896_484__2____,"Hovedgaden 484, 2.",2640,Villalejlighed,Tvangsauktion,16-12-2009,1860000.0,3,,,,,,,,,,
hovedgaden-484-1-2640-hedehusene-01692896_484__1____,"Hovedgaden 484, 1.",2640,Villalejlighed,Tvangsauktion,16-12-2009,1860000.0,3,,,,,,,,,,
korsdalsvej-5-2610-roedovre-01750468___5_______,Korsdalsvej 5,2610,Villa,Tvangsauktion,15-12-2009,1430000.0,1,Rødovre,1.0,Varmepumpe,/adresse/korsdalsvej-5-2610-roedovre-01750468___5_______,98.0,Tegl,3.0,https://www.boligsiden.dk/adresse/korsdalsvej-5-2610-roedovre-01750468___5_______,Mursten,130.4
hvidovrevej-422-1-th-2650-hvidovre-01674032_422__1__th,"Hvidovrevej 422, 1. th.",2650,Ejerlejlighed,Tvangsauktion,15-12-2009,475000.0,3,Hvidovre,2.0,Centralvarme med én fyringsenhed,/adresse/hvidovrevej-422-1-th-2650-hvidovre-01674032_422__1__th,62.0,Fibercement herunder asbest,2.0,https://www.boligsiden.dk/adresse/hvidovrevej-422-1-th-2650-hvidovre-01674032_422__1__th,Letbetonsten,Ikke oplyst
winthersmindevej-60-2635-ishoej-01830900__60_______,Winthersmindevej 60,2635,Villa,Tvangsauktion,14-12-2009,6250000.0,3,,,,,,,,,,
mosevej-17-2635-ishoej-01830480__17_______,Mosevej 17,2635,Villa,Tvangsauktion,01-12-2009,1930000.0,2,Ishøj,1.0,Centralvarme med én fyringsenhed,/adresse/mosevej-17-2635-ishoej-01830480__17_______,190.0,Fibercement herunder asbest,6.0,https://www.boligsiden.dk/adresse/mosevej-17-2635-ishoej-01830480__17_______,Mursten,184.15
strandvejen-234--1-2920-charlottenlund-01570802_234_kl____,"Strandvejen 234, kl.",2920,Villalejlighed,Tvangsauktion,25-11-2009,7190000.0,3,,,,,,,,,,
strandvejen-234--1-2920-charlottenlund-01570802_234_kl____,"Strandvejen 234, kl.",2920,Villalejlighed,Tvangsauktion,25-11-2009,7190000.0,3,,,,,,,,,,
strandvejen-234--1-2920-charlottenlund-01570802_234_kl____,"Strandvejen 234, kl.",2920,Villalejlighed,Tvangsauktion,25-11-2009,7190000.0,3,,,,,,,,,,
strandvejen-234-0-2920-charlottenlund-01570802_234_st____,"Strandvejen 234, st.",2920,Villalejlighed,Tvangsauktion,25-11-2009,7190000.0,3,,,,,,,,,,
strandvejen-234-0-2920-charlottenlund-01570802_234_st____,"Strandvejen 234, st.",2920,Villalejlighed,Tvangsauktion,25-11-2009,7190000.0,3,,,,,,,,,,
strandvejen-234-0-2920-charlottenlund-01570802_234_st____,"Strandvejen 234, st.",2920,Villalejlighed,Tvangsauktion,25-11-2009,7190000.0,3,,,,,,,,,,
strandvejen-234-1-2920-charlottenlund-01570802_234__1____,"Strandvejen 234, 1.",2920,Villalejlighed,Tvangsauktion,25-11-2009,7190000.0,3,,,,,,,,,,
strandvejen-234-1-2920-charlottenlund-01570802_234__1____,"Strandvejen 234, 1.",2920,Villalejlighed,Tvangsauktion,25-11-2009,7190000.0,3,,,,,,,,,,
strandvejen-234-1-2920-charlottenlund-01570802_234__1____,"Strandvejen 234, 1.",2920,Villalejlighed,Tvangsauktion,25-11-2009,7190000.0,3,,,,,,,,,,
strandvejen-310-2930-klampenborg-01570802_310_______,Strandvejen 310,2930,Villa,Tvangsauktion,11-11-2009,10350000.0,3,,,,,,,,,,
strandvejen-310-2930-klampenborg-01570802_310_______,Strandvejen 310,2930,Villa,Tvangsauktion,11-11-2009,10350000.0,3,,,,,,,,,,
saven-b-5-0-4-2630-taastrup-01696692___5_st___4,"Saven B 5, st. 4.",2630,Ejerlejlighed,Tvangsauktion,11-11-2009,340000.0,3,Taastrup,1,Fjernvarme/blokvarme,/adresse/saven-b-5-0-4-2630-taastrup-01696692___5_st___4,36.0,Tagpap med lille hældning,1.0,https://www.boligsiden.dk/adresse/saven-b-5-0-4-2630-taastrup-01696692___5_st___4,Betonelementer,Ikke oplyst
saven-b-6-3-1-2630-taastrup-01696692___6__3___1,"Saven B 6, 3. 1.",2630,Ejerlejlighed,Tvangsauktion,10-11-2009,390000.0,3,Taastrup,1,Fjernvarme/blokvarme,/adresse/saven-b-6-3-1-2630-taastrup-01696692___6__3___1,35.0,Tagpap med lille hældning,1.0,https://www.boligsiden.dk/adresse/saven-b-6-3-1-2630-taastrup-01696692___6__3___1,Betonelementer,Ikke oplyst
lyngby-hovedgade-50a-2-th-2800-kongens-lyngby-01730535_50a__2__th,"Lyngby Hovedgade 50A, 2. th.",2800,Ejerlejlighed,Tvangsauktion,04-11-2009,11500000.0,1,Kongens Lyngby,1,Centralvarme med én fyringsenhed,/adresse/lyngby-hovedgade-50a-2-th-2800-kongens-lyngby-01730535_50a__2__th,58.0,Tegl,3.0,https://www.boligsiden.dk/adresse/lyngby-hovedgade-50a-2-th-2800-kongens-lyngby-01730535_50a__2__th,Mursten,Ikke oplyst
islevmark-3-2610-roedovre-01750395___3_______,Islevmark 3,2610,Villa,Tvangsauktion,04-11-2009,1995000.0,2,Rødovre,1.0,Centralvarme med én fyringsenhed,/adresse/islevmark-3-2610-roedovre-01750395___3_______,107.0,Fibercement herunder asbest,3.0,https://www.boligsiden.dk/adresse/islevmark-3-2610-roedovre-01750395___3_______,Letbetonsten,144.2
hyttekrogen-20-2665-vallensbaek-strand-01872876__20_______,Hyttekrogen 20,2665,Villa,Tvangsauktion,04-11-2009,1924000.0,3,,,,,,,,,,
hyttekrogen-20-2665-vallensbaek-strand-01872876__20_______,Hyttekrogen 20,2665,Villa,Tvangsauktion,04-11-2009,1924000.0,3,,,,,,,,,,
lyngby-hovedgade-50a-2-tv-2800-kongens-lyngby-01730535_50a__2__tv,"Lyngby Hovedgade 50A, 2. tv.",2800,Ejerlejlighed,Tvangsauktion,04-11-2009,11500000.0,1,Kongens Lyngby,1,Centralvarme med én fyringsenhed,/adresse/lyngby-hovedgade-50a-2-tv-2800-kongens-lyngby-01730535_50a__2__tv,52.0,Tegl,2.0,https://www.boligsiden.dk/adresse/lyngby-hovedgade-50a-2-tv-2800-kongens-lyngby-01730535_50a__2__tv,Mursten,Ikke oplyst
lyngby-hovedgade-50a-1-th-2800-kongens-lyngby-01730535_50a__1__th,"Lyngby Hovedgade 50A, 1. th.",2800,Ejerlejlighed,Tvangsauktion,04-11-2009,11500000.0,1,,,,,,,,,,
lyngby-hovedgade-50a-1-tv-2800-kongens-lyngby-01730535_50a__1__tv,"Lyngby Hovedgade 50A, 1. tv.",2800,Ejerlejlighed,Tvangsauktion,04-11-2009,11500000.0,1,,,,,,,,,,
vesterkoeb-40-2-12-2640-hedehusene-01699339__40__2__12,"Vesterkøb 40, 2. 12.",2640,Ejerlejlighed,Tvangsauktion,03-11-2009,10200000.0,2,Hedehusene,1,Fjernvarme/blokvarme,/adresse/vesterkoeb-40-2-12-2640-hedehusene-01699339__40__2__12,54.0,Tegl,2.0,https://www.boligsiden.dk/adresse/vesterkoeb-40-2-12-2640-hedehusene-01699339__40__2__12,Mursten,Ikke oplyst
vesterkoeb-40-1-7-2640-hedehusene-01699339__40__1___7,"Vesterkøb 40, 1. 7.",2640,Ejerlejlighed,Tvangsauktion,03-11-2009,10200000.0,2,Hedehusene,1,Fjernvarme/blokvarme,/adresse/vesterkoeb-40-1-7-2640-hedehusene-01699339__40__1___7,46.0,Tegl,1.0,https://www.boligsiden.dk/adresse/vesterkoeb-40-1-7-2640-hedehusene-01699339__40__1___7,Mursten,Ikke oplyst
vesterkoeb-40-2-15-2640-hedehusene-01699339__40__2__15,"Vesterkøb 40, 2. 15.",2640,Ejerlejlighed,Tvangsauktion,03-11-2009,10200000.0,2,Hedehusene,1,Fjernvarme/blokvarme,/adresse/vesterkoeb-40-2-15-2640-hedehusene-01699339__40__2__15,46.0,Tegl,1.0,https://www.boligsiden.dk/adresse/vesterkoeb-40-2-15-2640-hedehusene-01699339__40__2__15,Mursten,Ikke oplyst
vesterkoeb-40-2-11-2640-hedehusene-01699339__40__2__11,"Vesterkøb 40, 2. 11.",2640,Ejerlejlighed,Tvangsauktion,03-11-2009,10200000.0,2,Hedehusene,1,Fjernvarme/blokvarme,/adresse/vesterkoeb-40-2-11-2640-hedehusene-01699339__40__2__11,46.0,Tegl,2.0,https://www.boligsiden.dk/adresse/vesterkoeb-40-2-11-2640-hedehusene-01699339__40__2__11,Mursten,Ikke oplyst
vesterkoeb-40-1-5-2640-hedehusene-01699339__40__1___5,"Vesterkøb 40, 1. 5.",2640,Ejerlejlighed,Tvangsauktion,03-11-2009,10200000.0,2,Hedehusene,1,Fjernvarme/blokvarme,/adresse/vesterkoeb-40-1-5-2640-hedehusene-01699339__40__1___5,54.0,Tegl,2.0,https://www.boligsiden.dk/adresse/vesterkoeb-40-1-5-2640-hedehusene-01699339__40__1___5,Mursten,Ikke oplyst
vesterkoeb-40-2-9-2640-hedehusene-01699339__40__2___9,"Vesterkøb 40, 2. 9.",2640,Ejerlejlighed,Tvangsauktion,03-11-2009,10200000.0,2,Hedehusene,1,Fjernvarme/blokvarme,/adresse/vesterkoeb-40-2-9-2640-hedehusene-01699339__40__2___9,48.0,Tegl,2.0,https://www.boligsiden.dk/adresse/vesterkoeb-40-2-9-2640-hedehusene-01699339__40__2___9,Mursten,Ikke oplyst
vesterkoeb-40-2-16-2640-hedehusene-01699339__40__2__16,"Vesterkøb 40, 2. 16.",2640,Ejerlejlighed,Tvangsauktion,03-11-2009,10200000.0,2,Hedehusene,1,Fjernvarme/blokvarme,/adresse/vesterkoeb-40-2-16-2640-hedehusene-01699339__40__2__16,58.0,Tegl,2.0,https://www.boligsiden.dk/adresse/vesterkoeb-40-2-16-2640-hedehusene-01699339__40__2__16,Mursten,Ikke oplyst
flakhaven-16-2750-ballerup-01510109__16_______,Flakhaven 16,2750,Villa,Tvangsauktion,02-11-2009,1480000.0,3,Ballerup,1.0,Centralvarme med én fyringsenhed,/adresse/flakhaven-16-2750-ballerup-01510109__16_______,157.0,Fibercement herunder asbest,5.0,https://www.boligsiden.dk/adresse/flakhaven-16-2750-ballerup-01510109__16_______,Letbetonsten,199
vibeholms-vaenge-93-2635-ishoej-01830878__93_______,Vibeholms Vænge 93,2635,Villa,Tvangsauktion,02-11-2009,2200000.0,2,Ishøj,1.0,Centralvarme med én fyringsenhed,/adresse/vibeholms-vaenge-93-2635-ishoej-01830878__93_______,158.0,Fibercement uden asbest,5.0,https://www.boligsiden.dk/adresse/vibeholms-vaenge-93-2635-ishoej-01830878__93_______,Mursten,161.8
symfonivej-20-2730-herlev-01637976__20_______,Symfonivej 20,2730,Villa,Tvangsauktion,26-10-2009,3200000.0,2,,,,,,,,,,
ejbyvej-133-2610-roedovre-01750177_133_______,Ejbyvej 133,2610,Villa,Tvangsauktion,26-10-2009,2950000.0,3,Rødovre,1.0,Centralvarme med én fyringsenhed,/adresse/ejbyvej-133-2610-roedovre-01750177_133_______,164.0,Betontagsten,5.0,https://www.boligsiden.dk/adresse/ejbyvej-133-2610-roedovre-01750177_133_______,Mursten,183.7
dalstroeget-78-0-2870-dyssegaard-01570133__78_st____,"Dalstrøget 78, st.",2870,Ejerlejlighed,Tvangsauktion,19-10-2009,200000.0,3,Dyssegård,1,Fjernvarme/blokvarme,/adresse/dalstroeget-78-0-2870-dyssegaard-01570133__78_st____,49.0,Andet materiale,1.0,https://www.boligsiden.dk/adresse/dalstroeget-78-0-2870-dyssegaard-01570133__78_st____,Mursten,Ikke oplyst
resedavej-3-2820-gentofte-01570647___3_______,Resedavej 3,2820,Villa,Tvangsauktion,19-10-2009,1790000.0,3,Gentofte,1.0,Fjernvarme/blokvarme,/adresse/resedavej-3-2820-gentofte-01570647___3_______,96.0,Tagpap med stor hældning,4.0,https://www.boligsiden.dk/adresse/resedavej-3-2820-gentofte-01570647___3_______,Mursten,139.65
tvaerbommen-55-0-th-2820-gentofte-01570895__55_st__th,"Tværbommen 55, st. th.",2820,Ejerlejlighed,Tvangsauktion,19-10-2009,420000.0,3,Gentofte,1,Fjernvarme/blokvarme,/adresse/tvaerbommen-55-0-th-2820-gentofte-01570895__55_st__th,90.0,Tegl,3.0,https://www.boligsiden.dk/adresse/tvaerbommen-55-0-th-2820-gentofte-01570895__55_st__th,Mursten,Ikke oplyst
vejlebrovej-80-3-mf-2635-ishoej-01830850__80__3__mf,"Vejlebrovej 80, 3. mf.",2635,Ejerlejlighed,Tvangsauktion,12-10-2009,300000.0,3,Ishøj,1,Fjernvarme/blokvarme,/adresse/vejlebrovej-80-3-mf-2635-ishoej-01830850__80__3__mf,35.0,Tagpap med lille hældning,1.0,https://www.boligsiden.dk/adresse/vejlebrovej-80-3-mf-2635-ishoej-01830850__80__3__mf,Betonelementer,Ikke oplyst
hovedgaden-361-2640-hedehusene-01692896_361_______,Hovedgaden 361,2640,Rækkehus,Tvangsauktion,23-09-2009,1250000.0,2,Hedehusene,1.0,Fjernvarme/blokvarme,/adresse/hovedgaden-361-2640-hedehusene-01692896_361_______,75.0,Fibercement herunder asbest,3.0,https://www.boligsiden.dk/adresse/hovedgaden-361-2640-hedehusene-01692896_361_______,Letbetonsten,80.85
langemarksvej-35-2860-soeborg-01590493__35_______,Langemarksvej 35,2860,Villa,Tvangsauktion,22-09-2009,1270000.0,2,Søborg,1.0,Varmepumpe,/adresse/langemarksvej-35-2860-soeborg-01590493__35_______,151.0,Tagpap med stor hældning,6.0,https://www.boligsiden.dk/adresse/langemarksvej-35-2860-soeborg-01590493__35_______,Træ,161.75
vangede-bygade-74-0-4-2820-gentofte-01570903__74_st___4,"Vangede Bygade 74, st. 4.",2820,Ejerlejlighed,Tvangsauktion,21-09-2009,400000.0,3,Gentofte,1,Fjernvarme/blokvarme,/adresse/vangede-bygade-74-0-4-2820-gentofte-01570903__74_st___4,37.0,Tagpap med stor hældning,1.0,https://www.boligsiden.dk/adresse/vangede-bygade-74-0-4-2820-gentofte-01570903__74_st___4,Mursten,Ikke oplyst
tranevaenget-10-2-th-2900-hellerup-01570883__10__2__th,"Tranevænget 10, 2. th.",2900,Ejerlejlighed,Tvangsauktion,21-09-2009,2000000.0,2,Hellerup,1,Fjernvarme/blokvarme,/adresse/tranevaenget-10-2-th-2900-hellerup-01570883__10__2__th,132.0,Tegl,4.0,https://www.boligsiden.dk/adresse/tranevaenget-10-2-th-2900-hellerup-01570883__10__2__th,Mursten,Ikke oplyst
hedekaeret-43-1-tv-2640-hedehusene-01692652__43__1__tv,"Hedekæret 43, 1. tv.",2640,Ejerlejlighed,Tvangsauktion,13-08-2009,850000.0,2,Hedehusene,1,Fjernvarme/blokvarme,/adresse/hedekaeret-43-1-tv-2640-hedehusene-01692652__43__1__tv,77.0,Fibercement herunder asbest,3.0,https://www.boligsiden.dk/adresse/hedekaeret-43-1-tv-2640-hedehusene-01692652__43__1__tv,Mursten,Ikke oplyst
bagsvaerdvej-147a-2800-kongens-lyngby-01590045147a_______,Bagsværdvej 147A,2800,Villa,Tvangsauktion,03-08-2009,1904000.0,2,Kongens Lyngby,1,Centralvarme med én fyringsenhed,/adresse/bagsvaerdvej-147a-2800-kongens-lyngby-01590045147a_______,112.0,Tegl,5.0,https://www.boligsiden.dk/adresse/bagsvaerdvej-147a-2800-kongens-lyngby-01590045147a_______,Mursten,130
vejledalen-76-0-th-2635-ishoej-01830854__76_st__th,"Vejledalen 76, st. th.",2635,Ejerlejlighed,Tvangsauktion,03-08-2009,738000.0,2,Ishøj,1,Fjernvarme/blokvarme,/adresse/vejledalen-76-0-th-2635-ishoej-01830854__76_st__th,70.0,Tagpap med lille hældning,2.0,https://www.boligsiden.dk/adresse/vejledalen-76-0-th-2635-ishoej-01830854__76_st__th,Betonelementer,Ikke oplyst
oestervang-30-2800-kongens-lyngby-01590987__30_______,Østervang 30,2800,Villa,Tvangsauktion,09-07-2009,3480000.0,2,Kongens Lyngby,1,Centralvarme med én fyringsenhed,/adresse/oestervang-30-2800-kongens-lyngby-01590987__30_______,157.0,Tegl,5.0,https://www.boligsiden.dk/adresse/oestervang-30-2800-kongens-lyngby-01590987__30_______,Mursten,190.8
bredesvinget-13-2830-virum-01730093__13_______,Bredesvinget 13,2830,Rækkehus,Tvangsauktion,08-07-2009,3500000.0,3,Virum,1.0,Centralvarme med én fyringsenhed,/adresse/bredesvinget-13-2830-virum-01730093__13_______,125.0,Tegl,5.0,https://www.boligsiden.dk/adresse/bredesvinget-13-2830-virum-01730093__13_______,Mursten,138.9
strandvejen-132a-3-tv-2900-hellerup-01570802132a__3__tv,"Strandvejen 132A, 3. tv.",2900,Ejerlejlighed,Tvangsauktion,06-07-2009,3500000.0,3,Hellerup,1,Fjernvarme/blokvarme,/adresse/strandvejen-132a-3-tv-2900-hellerup-01570802132a__3__tv,143.0,Tegl,5.0,https://www.boligsiden.dk/adresse/strandvejen-132a-3-tv-2900-hellerup-01570802132a__3__tv,Mursten,Ikke oplyst
christoffers-alle-94-2800-kongens-lyngby-01590111__94_______,Christoffers Alle 94,2800,Villa,Tvangsauktion,01-07-2009,2150000.0,2,Kongens Lyngby,1.0,Centralvarme med én fyringsenhed,/adresse/christoffers-alle-94-2800-kongens-lyngby-01590111__94_______,89.0,Fibercement herunder asbest,4.0,https://www.boligsiden.dk/adresse/christoffers-alle-94-2800-kongens-lyngby-01590111__94_______,Mursten,128.5
bredekaers-vaenge-33-2635-ishoej-01830082__33_______,Bredekærs Vænge 33,2635,Rækkehus,Tvangsauktion,25-06-2009,1345000.0,3,Ishøj,2.0,Elvarme,/adresse/bredekaers-vaenge-33-2635-ishoej-01830082__33_______,112.0,Tagpap med lille hældning,4.0,https://www.boligsiden.dk/adresse/bredekaers-vaenge-33-2635-ishoej-01830082__33_______,Fibercement herunder asbest,115.8
jonstrupvej-117-2750-ballerup-01510166_117_______,Jonstrupvej 117,2750,Villa,Tvangsauktion,22-06-2009,450000.0,3,,,,,,,,,,
vejlebrovej-68-3-2-2635-ishoej-01830850__68__3___2,"Vejlebrovej 68, 3. 2.",2635,Ejerlejlighed,Tvangsauktion,17-06-2009,380000.0,3,Ishøj,1,Fjernvarme/blokvarme,/adresse/vejlebrovej-68-3-2-2635-ishoej-01830850__68__3___2,33.0,Tagpap med lille hældning,1.0,https://www.boligsiden.dk/adresse/vejlebrovej-68-3-2-2635-ishoej-01830850__68__3___2,Betonelementer,Ikke oplyst
emilievej-3-0-2920-charlottenlund-01570192___3_st____,"Emilievej 3, st.",2920,Ejerlejlighed,Tvangsauktion,17-06-2009,4500000.0,3,Charlottenlund,1,Fjernvarme/blokvarme,/adresse/emilievej-3-0-2920-charlottenlund-01570192___3_st____,250.0,Tegl,4.0,https://www.boligsiden.dk/adresse/emilievej-3-0-2920-charlottenlund-01570192___3_st____,Mursten,Ikke oplyst
lindevangshusene-76-2-mf-2630-taastrup-01694520__76__2__mf,"Lindevangshusene 76, 2. mf.",2630,Ejerlejlighed,Tvangsauktion,12-06-2009,510000.0,3,Taastrup,1,Fjernvarme/blokvarme,/adresse/lindevangshusene-76-2-mf-2630-taastrup-01694520__76__2__mf,46.0,Betontagsten,1.0,https://www.boligsiden.dk/adresse/lindevangshusene-76-2-mf-2630-taastrup-01694520__76__2__mf,Mursten,Ikke oplyst
giesegaardsvej-18a-2650-hvidovre-01672777_18a_______,Giesegårdsvej 18A,2650,Rækkehus,Tvangsauktion,10-06-2009,910000.0,3,Hvidovre,1.0,Fjernvarme/blokvarme,/adresse/giesegaardsvej-18a-2650-hvidovre-01672777_18a_______,71.0,Tagpap med stor hældning,2.0,https://www.boligsiden.dk/adresse/giesegaardsvej-18a-2650-hvidovre-01672777_18a_______,Mursten,101.6
hallandsparken-66-2630-taastrup-01692520__66_______,Hallandsparken 66,2630,Rækkehus,Tvangsauktion,09-06-2009,1750000.0,3,Taastrup,2.0,Fjernvarme/blokvarme,/adresse/hallandsparken-66-2630-taastrup-01692520__66_______,116.0,Betontagsten,5.0,https://www.boligsiden.dk/adresse/hallandsparken-66-2630-taastrup-01692520__66_______,Mursten,117.25
tagesmindevej-1-2820-gentofte-01570852___1_______,Tagesmindevej 1,2820,Villa,Tvangsauktion,29-05-2009,7250000.0,3,Gentofte,2.0,Varmepumpe,/adresse/tagesmindevej-1-2820-gentofte-01570852___1_______,298.0,Tegl,6.0,https://www.boligsiden.dk/adresse/tagesmindevej-1-2820-gentofte-01570852___1_______,Mursten,373.9
vibeholms-vaenge-56-2635-ishoej-01830878__56_______,Vibeholms Vænge 56,2635,Villa,Tvangsauktion,04-05-2009,2500000.0,3,Ishøj,1.0,Centralvarme med én fyringsenhed,/adresse/vibeholms-vaenge-56-2635-ishoej-01830878__56_______,136.0,Fibercement herunder asbest,5.0,https://www.boligsiden.dk/adresse/vibeholms-vaenge-56-2635-ishoej-01830878__56_______,Mursten,171.4
bagsvaerd-hovedgade-33-2880-bagsvaerd-01590039__33_______,Bagsværd Hovedgade 33,2880,Villa,Tvangsauktion,27-04-2009,2830000.0,3,Bagsværd,1.0,Varmepumpe,/adresse/bagsvaerd-hovedgade-33-2880-bagsvaerd-01590039__33_______,203.0,Tegl,8.0,https://www.boligsiden.dk/adresse/bagsvaerd-hovedgade-33-2880-bagsvaerd-01590039__33_______,Mursten,248.05
vejledalen-258-2635-ishoej-01830854_258_______,Vejledalen 258,2635,Rækkehus,Tvangsauktion,16-03-2009,905000.0,3,Ishøj,2.0,Fjernvarme/blokvarme,/adresse/vejledalen-258-2635-ishoej-01830854_258_______,62.0,Betontagsten,3.0,https://www.boligsiden.dk/adresse/vejledalen-258-2635-ishoej-01830854_258_______,Træ,62
vejlebrovej-120-3-th-2635-ishoej-01830850_120__3__th,"Vejlebrovej 120, 3. th.",2635,Ejerlejlighed,Tvangsauktion,11-03-2009,1000000.0,3,Ishøj,1,Fjernvarme/blokvarme,/adresse/vejlebrovej-120-3-th-2635-ishoej-01830850_120__3__th,92.0,Tagpap med lille hældning,3.0,https://www.boligsiden.dk/adresse/vejlebrovej-120-3-th-2635-ishoej-01830850_120__3__th,Betonelementer,Ikke oplyst
ordrupvej-98a-2-tv-2920-charlottenlund-01570622_98a__2__tv,"Ordrupvej 98A, 2. tv.",2920,Ejerlejlighed,Tvangsauktion,09-02-2009,1000000.0,3,Charlottenlund,1,Fjernvarme/blokvarme,/adresse/ordrupvej-98a-2-tv-2920-charlottenlund-01570622_98a__2__tv,58.0,Tegl,2.0,https://www.boligsiden.dk/adresse/ordrupvej-98a-2-tv-2920-charlottenlund-01570622_98a__2__tv,Mursten,Ikke oplyst
ordrupvej-98a-2-tv-2920-charlottenlund-01570622_98a__2__tv,"Ordrupvej 98A, 2. tv.",2920,Ejerlejlighed,Tvangsauktion,02-01-1995,295000.0,3,Charlottenlund,1,Fjernvarme/blokvarme,/adresse/ordrupvej-98a-2-tv-2920-charlottenlund-01570622_98a__2__tv,58.0,Tegl,2.0,https://www.boligsiden.dk/adresse/ordrupvej-98a-2-tv-2920-charlottenlund-01570622_98a__2__tv,Mursten,Ikke oplyst
soebakken-29-2920-charlottenlund-01570817__29_______,Søbakken 29,2920,Villa,Tvangsauktion,26-01-2009,7410000.0,3,Charlottenlund,1.0,Centralvarme med én fyringsenhed,/adresse/soebakken-29-2920-charlottenlund-01570817__29_______,177.0,Fibercement herunder asbest,7.0,https://www.boligsiden.dk/adresse/soebakken-29-2920-charlottenlund-01570817__29_______,Mursten,231.9
vejledalen-74-0-tv-2635-ishoej-01830854__74_st__tv,"Vejledalen 74, st. tv.",2635,Ejerlejlighed,Tvangsauktion,12-01-2009,1100000.0,3,Ishøj,1,Fjernvarme/blokvarme,/adresse/vejledalen-74-0-tv-2635-ishoej-01830854__74_st__tv,101.0,Tagpap med lille hældning,3.0,https://www.boligsiden.dk/adresse/vejledalen-74-0-tv-2635-ishoej-01830854__74_st__tv,Betonelementer,Ikke oplyst
noerregaardsvej-59-2610-roedovre-01750614__59_______,Nørregårdsvej 59,2610,Villa,Tvangsauktion,07-01-2009,2150000.0,2,Rødovre,1.0,Centralvarme med én fyringsenhed,/adresse/noerregaardsvej-59-2610-roedovre-01750614__59_______,120.0,Tegl,4.0,https://www.boligsiden.dk/adresse/noerregaardsvej-59-2610-roedovre-01750614__59_______,Mursten,174.5
byskovvej-26-2730-herlev-01630738__26_______,Byskovvej 26,2730,Villa,Tvangsauktion,03-12-2008,1800000.0,1,Herlev,1.0,Centralvarme med én fyringsenhed,/adresse/byskovvej-26-2730-herlev-01630738__26_______,191.0,Tegl,5.0,https://www.boligsiden.dk/adresse/byskovvej-26-2730-herlev-01630738__26_______,Mursten,203.4
roskildevej-382-1-44-2610-roedovre-01750690_382__1__44,"Roskildevej 382, 1. 44.",2610,Ejerlejlighed,Tvangsauktion,31-10-2008,860000.0,3,Rødovre,1,Fjernvarme/blokvarme,/adresse/roskildevej-382-1-44-2610-roedovre-01750690_382__1__44,56.0,Tagpap med lille hældning,2.0,https://www.boligsiden.dk/adresse/roskildevej-382-1-44-2610-roedovre-01750690_382__1__44,Andet materiale,Ikke oplyst
vejlebrovej-87-2-95-2635-ishoej-01830850__87__2__95,"Vejlebrovej 87, 2. 95.",2635,Ejerlejlighed,Tvangsauktion,10-10-2008,600000.0,3,Ishøj,1,Fjernvarme/blokvarme,/adresse/vejlebrovej-87-2-95-2635-ishoej-01830850__87__2__95,51.0,Tagpap med lille hældning,2.0,https://www.boligsiden.dk/adresse/vejlebrovej-87-2-95-2635-ishoej-01830850__87__2__95,Mursten,Ikke oplyst
havevej-20-2-th-2860-soeborg-01590291__20__2__th,"Havevej 20, 2. th.",2860,Ejerlejlighed,Tvangsauktion,10-09-2008,700000.0,3,Søborg,1,Centralvarme med én fyringsenhed,/adresse/havevej-20-2-th-2860-soeborg-01590291__20__2__th,53.0,Tegl,2.0,https://www.boligsiden.dk/adresse/havevej-20-2-th-2860-soeborg-01590291__20__2__th,Mursten,Ikke oplyst
roedovrevej-319-1-mf-2610-roedovre-01750705_319__1__mf,"Rødovrevej 319, 1. mf.",2610,Ejerlejlighed,Tvangsauktion,11-09-2007,855000.0,3,Rødovre,1,Fjernvarme/blokvarme,/adresse/roedovrevej-319-1-mf-2610-roedovre-01750705_319__1__mf,45.0,Fibercement uden asbest,1.0,https://www.boligsiden.dk/adresse/roedovrevej-319-1-mf-2610-roedovre-01750705_319__1__mf,Mursten,Ikke oplyst
brunevang-88-0-2610-roedovre-01750108__88_st____,"Brunevang 88, st.",2610,Ejerlejlighed,Tvangsauktion,07-05-2007,1207100.0,3,Rødovre,1,Fjernvarme/blokvarme,/adresse/brunevang-88-0-2610-roedovre-01750108__88_st____,63.0,Tagpap med lille hældning,2.0,https://www.boligsiden.dk/adresse/brunevang-88-0-2610-roedovre-01750108__88_st____,Mursten,Ikke oplyst
slotsherrensvej-302-2610-roedovre-01750780_302_______,Slotsherrensvej 302,2610,Villa,Tvangsauktion,15-12-2006,2600000.0,2,Rødovre,1.0,Centralvarme med én fyringsenhed,/adresse/slotsherrensvej-302-2610-roedovre-01750780_302_______,145.0,Fibercement herunder asbest,5.0,https://www.boligsiden.dk/adresse/slotsherrensvej-302-2610-roedovre-01750780_302_______,Mursten,148.85
topperne-22-2-21-2620-albertslund-01650532__22__2__21,"Topperne 22, 2. 21.",2620,Ejerlejlighed,Tvangsauktion,23-10-2006,1332000.0,3,Albertslund,1,Fjernvarme/blokvarme,/adresse/topperne-22-2-21-2620-albertslund-01650532__22__2__21,97.0,Fibercement herunder asbest,4.0,https://www.boligsiden.dk/adresse/topperne-22-2-21-2620-albertslund-01650532__22__2__21,Betonelementer,Ikke oplyst
topperne-22-2-21-2620-albertslund-01650532__22__2__21,"Topperne 22, 2. 21.",2620,Ejerlejlighed,Tvangsauktion,01-11-1993,231000.0,3,Albertslund,1,Fjernvarme/blokvarme,/adresse/topperne-22-2-21-2620-albertslund-01650532__22__2__21,97.0,Fibercement herunder asbest,4.0,https://www.boligsiden.dk/adresse/topperne-22-2-21-2620-albertslund-01650532__22__2__21,Betonelementer,Ikke oplyst
hold-an-vej-61-0-2750-ballerup-01510152__61_st____,"Hold-An Vej 61, st.",2750,Ejerlejlighed,Tvangsauktion,23-03-2006,594000.0,1,Ballerup,1.0,Varmepumpe,/adresse/hold-an-vej-61-0-2750-ballerup-01510152__61_st____,131.0,Tegl,2.0,https://www.boligsiden.dk/adresse/hold-an-vej-61-0-2750-ballerup-01510152__61_st____,Mursten,Ikke oplyst
groennemarksvej-2b-2610-roedovre-01750280__2b_______,Grønnemarksvej 2B,2610,Rækkehus,Tvangsauktion,10-02-2006,2845000.0,2,Rødovre,1.0,Centralvarme med én fyringsenhed,/adresse/groennemarksvej-2b-2610-roedovre-01750280__2b_______,100.0,Fibercement herunder asbest,5.0,https://www.boligsiden.dk/adresse/groennemarksvej-2b-2610-roedovre-01750280__2b_______,Mursten,110.15
forsvarsvej-15-2860-soeborg-01590180__15_______,Forsvarsvej 15,2860,Villa,Tvangsauktion,30-01-2006,2115000.0,3,Søborg,1.0,Varmepumpe,/adresse/forsvarsvej-15-2860-soeborg-01590180__15_______,134.0,Fibercement herunder asbest,5.0,https://www.boligsiden.dk/adresse/forsvarsvej-15-2860-soeborg-01590180__15_______,Mursten,161.8
lindevang-26-2660-broendby-strand-01530386__26_______,Lindevang 26,2660,Villa,Tvangsauktion,28-09-2005,2175000.0,2,Brøndby Strand,1.0,Centralvarme med én fyringsenhed,/adresse/lindevang-26-2660-broendby-strand-01530386__26_______,123.0,Fibercement herunder asbest,4.0,https://www.boligsiden.dk/adresse/lindevang-26-2660-broendby-strand-01530386__26_______,Mursten,123
skjoldagervej-80-2-tv-2820-gentofte-01570705__80__2__tv,"Skjoldagervej 80, 2. tv.",2820,Ejerlejlighed,Tvangsauktion,23-05-2005,927310.0,3,Gentofte,1,Fjernvarme/blokvarme,/adresse/skjoldagervej-80-2-tv-2820-gentofte-01570705__80__2__tv,62.0,Andet materiale,2.0,https://www.boligsiden.dk/adresse/skjoldagervej-80-2-tv-2820-gentofte-01570705__80__2__tv,Mursten,Ikke oplyst
hoejdevej-20a-2830-virum-01730364_20a_______,Højdevej 20A,2830,Villa,Tvangsauktion,12-04-2005,3915000.0,1,Virum,1.0,Centralvarme med én fyringsenhed,/adresse/hoejdevej-20a-2830-virum-01730364_20a_______,193.0,Fibercement herunder asbest,7.0,https://www.boligsiden.dk/adresse/hoejdevej-20a-2830-virum-01730364_20a_______,Mursten,195.9
roedager-alle-71-1-1-2610-roedovre-01750699__71__1___1,"Rødager Alle 71, 1. 1.",2610,Ejerlejlighed,Tvangsauktion,10-01-2005,638000.0,3,Rødovre,1,Fjernvarme/blokvarme,/adresse/roedager-alle-71-1-1-2610-roedovre-01750699__71__1___1,36.0,Fibercement herunder asbest,1.0,https://www.boligsiden.dk/adresse/roedager-alle-71-1-1-2610-roedovre-01750699__71__1___1,Mursten,Ikke oplyst
roedovre-parkvej-183-0-th-2610-roedovre-01750702_183_st__th,"Rødovre Parkvej 183, st. th.",2610,Ejerlejlighed,Tvangsauktion,29-12-2004,990000.0,3,Rødovre,1,Fjernvarme/blokvarme,/adresse/roedovre-parkvej-183-0-th-2610-roedovre-01750702_183_st__th,76.0,Tagpap med stor hældning,3.0,https://www.boligsiden.dk/adresse/roedovre-parkvej-183-0-th-2610-roedovre-01750702_183_st__th,Mursten,Ikke oplyst
brobyvej-38-2650-hvidovre-01671135__38_______,Brobyvej 38,2650,Villa,Tvangsauktion,22-11-2004,1630000.0,2,Hvidovre,1.0,Centralvarme med én fyringsenhed,/adresse/brobyvej-38-2650-hvidovre-01671135__38_______,150.0,Tegl,5.0,https://www.boligsiden.dk/adresse/brobyvej-38-2650-hvidovre-01671135__38_______,Mursten,146.3
gladsaxevej-101-2860-soeborg-01590215_101_______,Gladsaxevej 101,2860,Villa,Tvangsauktion,21-09-2004,2150000.0,3,Søborg,1.0,Fjernvarme/blokvarme,/adresse/gladsaxevej-101-2860-soeborg-01590215_101_______,129.0,Tegl,5.0,https://www.boligsiden.dk/adresse/gladsaxevej-101-2860-soeborg-01590215_101_______,Mursten,152.1
lunagervej-12-2650-hvidovre-01675496__12_______,Lunagervej 12,2650,Villa,Tvangsauktion,23-01-2004,1275000.0,2,Hvidovre,1.0,Varmepumpe,/adresse/lunagervej-12-2650-hvidovre-01675496__12_______,204.0,Betontagsten,5.0,https://www.boligsiden.dk/adresse/lunagervej-12-2650-hvidovre-01675496__12_______,Træ,204.95
broendbyvestervej-68b-0-3-2605-broendby-01530071_68b_st___3,"Brøndbyvestervej 68B, st. 3.",2605,Ejerlejlighed,Tvangsauktion,14-11-2003,535000.0,3,Brøndby,1,Fjernvarme/blokvarme,/adresse/broendbyvestervej-68b-0-3-2605-broendby-01530071_68b_st___3,46.0,Metal,1.0,https://www.boligsiden.dk/adresse/broendbyvestervej-68b-0-3-2605-broendby-01530071_68b_st___3,Mursten,Ikke oplyst
vejlegaardsparken-22-1-16-2665-vallensbaek-strand-01879267__22__1__16,"Vejlegårdsparken 22, 1. 16.",2665,Ejerlejlighed,Tvangsauktion,25-06-2003,535000.0,3,Vallensbæk Strand,1,Fjernvarme/blokvarme,/adresse/vejlegaardsparken-22-1-16-2665-vallensbaek-strand-01879267__22__1__16,47.0,Tagpap med lille hældning,2.0,https://www.boligsiden.dk/adresse/vejlegaardsparken-22-1-16-2665-vallensbaek-strand-01879267__22__1__16,Betonelementer,Ikke oplyst
buddinge-hovedgade-134-2860-soeborg-01590086_134_______,Buddinge Hovedgade 134,2860,Villa,Tvangsauktion,04-06-2002,1375000.0,1,,,,,,,,,,
gartnersvinget-5-2800-kongens-lyngby-01730279___5_______,Gartnersvinget 5,2800,Rækkehus,Tvangsauktion,15-12-2001,1943679.0,1,Kongens Lyngby,1.0,Centralvarme med én fyringsenhed,/adresse/gartnersvinget-5-2800-kongens-lyngby-01730279___5_______,150.0,Tegl,7.0,https://www.boligsiden.dk/adresse/gartnersvinget-5-2800-kongens-lyngby-01730279___5_______,Mursten,171.7
rebaek-soepark-3-9-922-2650-hvidovre-01676690___3__9_922,"Rebæk Søpark 3, 9. 922.",2650,Ejerlejlighed,Tvangsauktion,12-11-2001,590000.0,2,Hvidovre,1,Fjernvarme/blokvarme,/adresse/rebaek-soepark-3-9-922-2650-hvidovre-01676690___3__9_922,61.0,Tagpap med stor hældning,2.0,https://www.boligsiden.dk/adresse/rebaek-soepark-3-9-922-2650-hvidovre-01676690___3__9_922,Letbetonsten,Ikke oplyst
syvhoejvaenge-254-2625-vallensbaek-01877882_254_______,Syvhøjvænge 254,2625,Villa,Tvangsauktion,17-07-2001,1627000.0,1,Vallensbæk,1.0,Centralvarme med én fyringsenhed,/adresse/syvhoejvaenge-254-2625-vallensbaek-01877882_254_______,148.0,Fibercement herunder asbest,5.0,https://www.boligsiden.dk/adresse/syvhoejvaenge-254-2625-vallensbaek-01877882_254_______,Mursten,210.2
greve-alle-84-2650-hvidovre-01672957__84_______,Greve Alle 84,2650,Villa,Tvangsauktion,10-10-2000,1027008.0,3,Hvidovre,1.0,Fjernvarme/blokvarme,/adresse/greve-alle-84-2650-hvidovre-01672957__84_______,151.0,Betontagsten,6.0,https://www.boligsiden.dk/adresse/greve-alle-84-2650-hvidovre-01672957__84_______,Mursten,153.7
resenbrovej-10-2610-roedovre-01750678__10_______,Resenbrovej 10,2610,Villa,Tvangsauktion,29-07-1999,1420000.0,1,Rødovre,1.0,Centralvarme med én fyringsenhed,/adresse/resenbrovej-10-2610-roedovre-01750678__10_______,120.0,Tagpap med stor hældning,4.0,https://www.boligsiden.dk/adresse/resenbrovej-10-2610-roedovre-01750678__10_______,Mursten,126.4
taastrup-have-42-0-mf-2630-taastrup-01698960__42_st__mf,"Taastrup Have 42, st. mf.",2630,Ejerlejlighed,Tvangsauktion,27-04-1999,190918.0,3,Taastrup,1,Fjernvarme/blokvarme,/adresse/taastrup-have-42-0-mf-2630-taastrup-01698960__42_st__mf,41.0,Fibercement herunder asbest,1.0,https://www.boligsiden.dk/adresse/taastrup-have-42-0-mf-2630-taastrup-01698960__42_st__mf,Mursten,Ikke oplyst
lindevej-1a-2630-taastrup-01694547__1a_______,Lindevej 1A,2630,Villalejlighed,Tvangsauktion,24-08-1998,1310000.0,3,Taastrup,2.0,Fjernvarme/blokvarme,/adresse/lindevej-1a-2630-taastrup-01694547__1a_______,100.0,Betontagsten,4.0,https://www.boligsiden.dk/adresse/lindevej-1a-2630-taastrup-01694547__1a_______,Mursten,Ikke oplyst
lindevej-1b-2630-taastrup-01694547__1b_______,Lindevej 1B,2630,Villalejlighed,Tvangsauktion,24-08-1998,1310000.0,3,,,,,,,,,,
ellegaardsvej-3-0-2820-gentofte-01570180___3_st____,"Ellegårdsvej 3, st.",2820,Villalejlighed,Tvangsauktion,24-08-1998,480000.0,3,Gentofte,1,Fjernvarme/blokvarme,/adresse/ellegaardsvej-3-0-2820-gentofte-01570180___3_st____,82.0,Tegl,3.0,https://www.boligsiden.dk/adresse/ellegaardsvej-3-0-2820-gentofte-01570180___3_st____,Mursten,Ikke oplyst
ellegaardsvej-3-1-2820-gentofte-01570180___3__1____,"Ellegårdsvej 3, 1.",2820,Villalejlighed,Tvangsauktion,24-08-1998,480000.0,3,Gentofte,1,Fjernvarme/blokvarme,/adresse/ellegaardsvej-3-1-2820-gentofte-01570180___3__1____,64.0,Tegl,2.0,https://www.boligsiden.dk/adresse/ellegaardsvej-3-1-2820-gentofte-01570180___3__1____,Mursten,Ikke oplyst
hoejvangsvej-15-2640-hedehusene-01693328__15_______,Højvangsvej 15,2640,Villa,Tvangsauktion,26-06-1998,2400000.0,1,,,,,,,,,,
vejlegaardsparken-50-2-26-2665-vallensbaek-strand-01879267__50__2__26,"Vejlegårdsparken 50, 2. 26.",2665,Ejerlejlighed,Tvangsauktion,18-05-1998,210000.0,1,Vallensbæk Strand,1,Fjernvarme/blokvarme,/adresse/vejlegaardsparken-50-2-26-2665-vallensbaek-strand-01879267__50__2__26,47.0,Tagpap med lille hældning,2.0,https://www.boligsiden.dk/adresse/vejlegaardsparken-50-2-26-2665-vallensbaek-strand-01879267__50__2__26,Betonelementer,Ikke oplyst
sthensvej-5b-1-tv-2630-taastrup-01697579__5b__1__tv,"Sthensvej 5B, 1. tv.",2630,Ejerlejlighed,Tvangsauktion,22-10-1996,142000.0,3,Taastrup,1,Elvarme,/adresse/sthensvej-5b-1-tv-2630-taastrup-01697579__5b__1__tv,54.0,Tagpap med stor hældning,2.0,https://www.boligsiden.dk/adresse/sthensvej-5b-1-tv-2630-taastrup-01697579__5b__1__tv,Mursten,Ikke oplyst
spaden-c-2-0-3-2630-taastrup-01697428___2_st___3,"Spaden C 2, st. 3.",2630,Ejerlejlighed,Tvangsauktion,19-08-1996,210000.0,1,Taastrup,1,Fjernvarme/blokvarme,/adresse/spaden-c-2-0-3-2630-taastrup-01697428___2_st___3,74.0,Tagpap med lille hældning,2.0,https://www.boligsiden.dk/adresse/spaden-c-2-0-3-2630-taastrup-01697428___2_st___3,Betonelementer,Ikke oplyst
bakkedraget-31-1-2860-soeborg-01590050__31__1____,"Bakkedraget 31, 1.",2860,Villalejlighed,Tvangsauktion,05-08-1996,337000.0,1,Søborg,1,Centralvarme med én fyringsenhed,/adresse/bakkedraget-31-1-2860-soeborg-01590050__31__1____,77.0,Fibercement herunder asbest,2.0,https://www.boligsiden.dk/adresse/bakkedraget-31-1-2860-soeborg-01590050__31__1____,Mursten,Ikke oplyst
bakkedraget-31-0-2860-soeborg-01590050__31_st____,"Bakkedraget 31, st.",2860,Villalejlighed,Tvangsauktion,05-08-1996,337000.0,1,Søborg,1,Centralvarme med én fyringsenhed,/adresse/bakkedraget-31-0-2860-soeborg-01590050__31_st____,104.0,Fibercement herunder asbest,4.0,https://www.boligsiden.dk/adresse/bakkedraget-31-0-2860-soeborg-01590050__31_st____,Mursten,Ikke oplyst
middelvej-1-1-2820-gentofte-01570560___1__1____,"Middelvej 1, 1.",2820,Villalejlighed,Tvangsauktion,29-07-1996,1125000.0,2,Gentofte,1,Centralvarme med én fyringsenhed,/adresse/middelvej-1-1-2820-gentofte-01570560___1__1____,127.0,Tegl,7.0,https://www.boligsiden.dk/adresse/middelvej-1-1-2820-gentofte-01570560___1__1____,Mursten,Ikke oplyst
middelvej-1-0-2820-gentofte-01570560___1_st____,"Middelvej 1, st.",2820,Villalejlighed,Tvangsauktion,29-07-1996,1125000.0,2,Gentofte,1,Centralvarme med én fyringsenhed,/adresse/middelvej-1-0-2820-gentofte-01570560___1_st____,170.0,Tegl,4.0,https://www.boligsiden.dk/adresse/middelvej-1-0-2820-gentofte-01570560___1_st____,Mursten,Ikke oplyst
bondehavevej-12-0-th-2880-bagsvaerd-01590069__12_st__th,"Bondehavevej 12, st. th.",2880,Ejerlejlighed,Tvangsauktion,01-04-1996,235000.0,1,Bagsværd,1,Fjernvarme/blokvarme,/adresse/bondehavevej-12-0-th-2880-bagsvaerd-01590069__12_st__th,58.0,Tagpap med stor hældning,3.0,https://www.boligsiden.dk/adresse/bondehavevej-12-0-th-2880-bagsvaerd-01590069__12_st__th,Mursten,Ikke oplyst
pilegaards-vaenge-183-2635-ishoej-01830530_183_______,Pilegårds Vænge 183,2635,Villa,Tvangsauktion,15-01-1996,585000.0,1,Ishøj,1.0,Centralvarme med én fyringsenhed,/adresse/pilegaards-vaenge-183-2635-ishoej-01830530_183_______,225.0,Metal,8.0,https://www.boligsiden.dk/adresse/pilegaards-vaenge-183-2635-ishoej-01830530_183_______,Mursten,222.3
viemosebro-30-2610-roedovre-01750957__30_______,Viemosebro 30,2610,Villa,Tvangsauktion,18-12-1995,421000.0,1,Rødovre,1.0,Centralvarme med én fyringsenhed,/adresse/viemosebro-30-2610-roedovre-01750957__30_______,247.0,Fibercement herunder asbest,8.0,https://www.boligsiden.dk/adresse/viemosebro-30-2610-roedovre-01750957__30_______,Mursten,249.85
torvevej-9-2740-skovlunde-01510685___9_______,Torvevej 9,2740,Villa,Tvangsauktion,26-06-1995,810000.0,1,Skovlunde,1.0,Varmepumpe,/adresse/torvevej-9-2740-skovlunde-01510685___9_______,130.0,Fibercement herunder asbest,4.0,https://www.boligsiden.dk/adresse/torvevej-9-2740-skovlunde-01510685___9_______,Mursten,189.3
soebredden-54-2820-gentofte-01570822__54_______,Søbredden 54,2820,Villa,Tvangsauktion,15-06-1995,480000.0,1,,,,,,,,,,
stationsvej-13a-2640-hedehusene-01697525_13a_______,Stationsvej 13A,2640,Rækkehus,Tvangsauktion,19-05-1995,437500.0,1,Hedehusene,1.0,Elvarme,/adresse/stationsvej-13a-2640-hedehusene-01697525_13a_______,99.0,Fibercement herunder asbest,4.0,https://www.boligsiden.dk/adresse/stationsvej-13a-2640-hedehusene-01697525_13a_______,Letbetonsten,Ikke oplyst
lilliendalsvej-1-2-2-2600-glostrup-01610298___1__2___2,"Lilliendalsvej 1, 2. 2.",2600,Ejerlejlighed,Tvangsauktion,26-01-1995,108000.0,1,Glostrup,1,Fjernvarme/blokvarme,/adresse/lilliendalsvej-1-2-2-2600-glostrup-01610298___1__2___2,39.0,Fibercement herunder asbest,1.0,https://www.boligsiden.dk/adresse/lilliendalsvej-1-2-2-2600-glostrup-01610298___1__2___2,Mursten,Ikke oplyst
hvidovrevej-13d-2610-roedovre-01750365_13d_______,Hvidovrevej 13D,2610,Rækkehus,Tvangsauktion,02-01-1995,455000.0,1,Rødovre,1.0,Centralvarme med én fyringsenhed,/adresse/hvidovrevej-13d-2610-roedovre-01750365_13d_______,54.0,Tagpap med stor hældning,2.0,https://www.boligsiden.dk/adresse/hvidovrevej-13d-2610-roedovre-01750365_13d_______,Mursten,Ikke oplyst
georgs-vaenge-3-2635-ishoej-01830200___3_______,Georgs Vænge 3,2635,Rækkehus,Tvangsauktion,01-12-1994,562927.0,2,Ishøj,1.0,Centralvarme med én fyringsenhed,/adresse/georgs-vaenge-3-2635-ishoej-01830200___3_______,96.0,Betontagsten,4.0,https://www.boligsiden.dk/adresse/georgs-vaenge-3-2635-ishoej-01830200___3_______,Mursten,118.2
ewaldsbakken-11a-2900-hellerup-01570217_11a_______,Ewaldsbakken 11A,2900,Villa,Tvangsauktion,26-09-1994,1350000.0,2,Hellerup,1.0,Fjernvarme/blokvarme,/adresse/ewaldsbakken-11a-2900-hellerup-01570217_11a_______,225.0,Tegl,6.0,https://www.boligsiden.dk/adresse/ewaldsbakken-11a-2900-hellerup-01570217_11a_______,Mursten,282.05
niels-frederiksens-alle-20-2610-roedovre-01750595__20_______,Niels Frederiksens Alle 20,2610,Villa,Tvangsauktion,21-09-1994,630000.0,1,Rødovre,1.0,Centralvarme med én fyringsenhed,/adresse/niels-frederiksens-alle-20-2610-roedovre-01750595__20_______,140.0,Fibercement uden asbest,5.0,https://www.boligsiden.dk/adresse/niels-frederiksens-alle-20-2610-roedovre-01750595__20_______,Mursten,158.5
gammelgaards-alle-27-4-48-2665-vallensbaek-strand-01871704__27__4__48,"Gammelgårds Alle 27, 4. 48.",2665,Ejerlejlighed,Tvangsauktion,04-07-1994,180000.0,2,Vallensbæk Strand,1,Fjernvarme/blokvarme,/adresse/gammelgaards-alle-27-4-48-2665-vallensbaek-strand-01871704__27__4__48,88.0,Tagpap med lille hældning,3.0,https://www.boligsiden.dk/adresse/gammelgaards-alle-27-4-48-2665-vallensbaek-strand-01871704__27__4__48,Betonelementer,Ikke oplyst
baunevej-196-2630-taastrup-01690324_196_______,Baunevej 196,2630,Rækkehus,Tvangsauktion,24-06-1994,866122.0,1,Taastrup,1.0,Fjernvarme/blokvarme,/adresse/baunevej-196-2630-taastrup-01690324_196_______,131.0,Fibercement herunder asbest,5.0,https://www.boligsiden.dk/adresse/baunevej-196-2630-taastrup-01690324_196_______,Betonelementer,137.8
molndalsparken-27-2620-albertslund-01650328__27_______,Mölndalsparken 27,2620,Ejerlejlighed,Tvangsauktion,17-06-1994,292000.0,2,Albertslund,2.0,Fjernvarme/blokvarme,/adresse/molndalsparken-27-2620-albertslund-01650328__27_______,67.0,Betontagsten,3.0,https://www.boligsiden.dk/adresse/molndalsparken-27-2620-albertslund-01650328__27_______,Mursten,Ikke oplyst
bibliotekvej-9-2650-hvidovre-01670746___9_______,Bibliotekvej 9,2650,Rækkehus,Tvangsauktion,15-06-1994,480000.0,2,Hvidovre,2.0,Fjernvarme/blokvarme,/adresse/bibliotekvej-9-2650-hvidovre-01670746___9_______,80.0,Tagpap med stor hældning,4.0,https://www.boligsiden.dk/adresse/bibliotekvej-9-2650-hvidovre-01670746___9_______,Mursten,96
taarbaek-strandvej-76-1-th-2930-klampenborg-01730970__76__1__th,"Taarbæk Strandvej 76, 1. th.",2930,Ejerlejlighed,Tvangsauktion,10-06-1994,865000.0,1,Klampenborg,1,Centralvarme med én fyringsenhed,/adresse/taarbaek-strandvej-76-1-th-2930-klampenborg-01730970__76__1__th,121.0,Fibercement uden asbest,4.0,https://www.boligsiden.dk/adresse/taarbaek-strandvej-76-1-th-2930-klampenborg-01730970__76__1__th,Mursten,Ikke oplyst
skovbrynet-25-2800-kongens-lyngby-01730722__25_______,Skovbrynet 25,2800,Villa,Tvangsauktion,20-05-1994,585000.0,2,Kongens Lyngby,1.0,Centralvarme med én fyringsenhed,/adresse/skovbrynet-25-2800-kongens-lyngby-01730722__25_______,99.0,Tegl,3.0,https://www.boligsiden.dk/adresse/skovbrynet-25-2800-kongens-lyngby-01730722__25_______,Mursten,143
jaegerbakken-15-2820-gentofte-01570420__15_______,Jægerbakken 15,2820,Villa,Tvangsauktion,15-04-1994,1045000.0,1,Gentofte,1.0,Centralvarme med én fyringsenhed,/adresse/jaegerbakken-15-2820-gentofte-01570420__15_______,171.0,Tegl,6.0,https://www.boligsiden.dk/adresse/jaegerbakken-15-2820-gentofte-01570420__15_______,Mursten,209.2
jaegersborg-alle-112-2920-charlottenlund-01570423_112_______,Jægersborg Alle 112,2920,Villa,Tvangsauktion,14-04-1994,1315000.0,1,Charlottenlund,1.0,Centralvarme med én fyringsenhed,/adresse/jaegersborg-alle-112-2920-charlottenlund-01570423_112_______,210.0,Fibercement herunder asbest,7.0,https://www.boligsiden.dk/adresse/jaegersborg-alle-112-2920-charlottenlund-01570423_112_______,Mursten,214.4
ordrupvej-67-1-tv-2920-charlottenlund-01570622__67__1__tv,"Ordrupvej 67, 1. tv.",2920,Ejerlejlighed,Tvangsauktion,06-04-1994,280000.0,2,Charlottenlund,1,Fjernvarme/blokvarme,/adresse/ordrupvej-67-1-tv-2920-charlottenlund-01570622__67__1__tv,63.0,Tegl,2.0,https://www.boligsiden.dk/adresse/ordrupvej-67-1-tv-2920-charlottenlund-01570622__67__1__tv,Mursten,Ikke oplyst
frihedslyst-alle-23-2650-hvidovre-01672598__23_______,Frihedslyst Alle 23,2650,Villa,Tvangsauktion,18-03-1994,535000.0,1,,,,,,,,,,
brandmosevej-3-2750-ballerup-01510047___3_______,Brandmosevej 3,2750,Fritidsbolig,Tvangsauktion,21-02-1994,56000.0,2,,,,,,,,,,
vildtbaneparken-112c-2635-ishoej-01830889112c_______,Vildtbaneparken 112C,2635,Rækkehus,Tvangsauktion,31-01-1994,360000.0,1,Ishøj,1.0,Varmepumpe,/adresse/vildtbaneparken-112c-2635-ishoej-01830889112c_______,138.0,Tegl,4.0,https://www.boligsiden.dk/adresse/vildtbaneparken-112c-2635-ishoej-01830889112c_______,Mursten,139.8
vejlegaardsparken-2-1-16-2665-vallensbaek-strand-01879267___2__1__16,"Vejlegårdsparken 2, 1. 16.",2665,Ejerlejlighed,Tvangsauktion,26-01-1994,163000.0,1,Vallensbæk Strand,1,Fjernvarme/blokvarme,/adresse/vejlegaardsparken-2-1-16-2665-vallensbaek-strand-01879267___2__1__16,88.0,Tagpap med lille hældning,3.0,https://www.boligsiden.dk/adresse/vejlegaardsparken-2-1-16-2665-vallensbaek-strand-01879267___2__1__16,Betonelementer,Ikke oplyst
pilevej-6-2600-glostrup-01610380___6_______,Pilevej 6,2600,Villa,Tvangsauktion,21-01-1994,500000.0,2,Glostrup,1.0,Centralvarme med én fyringsenhed,/adresse/pilevej-6-2600-glostrup-01610380___6_______,116.0,Tegl,5.0,https://www.boligsiden.dk/adresse/pilevej-6-2600-glostrup-01610380___6_______,Mursten,143.6
stendam-25-2650-hvidovre-01677616__25_______,Stendam 25,2650,Rækkehus,Tvangsauktion,17-01-1994,460000.0,1,Hvidovre,1.0,Elvarme,/adresse/stendam-25-2650-hvidovre-01677616__25_______,145.0,Tagpap med lille hældning,5.0,https://www.boligsiden.dk/adresse/stendam-25-2650-hvidovre-01677616__25_______,Mursten,145
kirkebjerg-vaenge-35-2635-ishoej-01830365__35_______,Kirkebjerg Vænge 35,2635,Villa,Tvangsauktion,16-12-1993,632283.0,2,Ishøj,1.0,Centralvarme med én fyringsenhed,/adresse/kirkebjerg-vaenge-35-2635-ishoej-01830365__35_______,187.0,Betontagsten,5.0,https://www.boligsiden.dk/adresse/kirkebjerg-vaenge-35-2635-ishoej-01830365__35_______,Mursten,187.3
flintevaenget-6-2640-hedehusene-01691651___6_______,Flintevænget 6,2640,Rækkehus,Tvangsauktion,11-10-1993,483000.0,2,Hedehusene,1.0,Centralvarme med én fyringsenhed,/adresse/flintevaenget-6-2640-hedehusene-01691651___6_______,139.0,Betontagsten,5.0,https://www.boligsiden.dk/adresse/flintevaenget-6-2640-hedehusene-01691651___6_______,Mursten,145.5
kongevejen-128a-2830-virum-01730458128a_______,Kongevejen 128A,2830,Villa,Tvangsauktion,27-09-1993,775000.0,1,Virum,1.0,Centralvarme med én fyringsenhed,/adresse/kongevejen-128a-2830-virum-01730458128a_______,121.0,Tagpap med stor hældning,4.0,https://www.boligsiden.dk/adresse/kongevejen-128a-2830-virum-01730458128a_______,Træ,167.3
gudrunsvej-10-1-2920-charlottenlund-01570302__10__1____,"Gudrunsvej 10, 1.",2920,Villalejlighed,Tvangsauktion,20-09-1993,615000.0,1,,,,,,,,,,
gudrunsvej-10-2920-charlottenlund-01570302__10_______,Gudrunsvej 10,2920,Villalejlighed,Tvangsauktion,20-09-1993,615000.0,1,,,,,,,,,,
gudrunsvej-10-0-2920-charlottenlund-01570302__10_st____,"Gudrunsvej 10, st.",2920,Villalejlighed,Tvangsauktion,20-09-1993,615000.0,1,,,,,,,,,,
nattergalevej-15-2630-taastrup-01695386__15_______,Nattergalevej 15,2630,Villa,Tvangsauktion,06-07-1993,565000.0,1,Taastrup,1.0,Centralvarme med én fyringsenhed,/adresse/nattergalevej-15-2630-taastrup-01695386__15_______,101.0,Tegl,3.0,https://www.boligsiden.dk/adresse/nattergalevej-15-2630-taastrup-01695386__15_______,Mursten,131.45
nestors-alle-13-2650-hvidovre-01675974__13_______,Nestors Alle 13,2650,Villa,Tvangsauktion,05-07-1993,445011.0,2,Hvidovre,1.0,Centralvarme med én fyringsenhed,/adresse/nestors-alle-13-2650-hvidovre-01675974__13_______,127.0,Metal,5.0,https://www.boligsiden.dk/adresse/nestors-alle-13-2650-hvidovre-01675974__13_______,Mursten,129.8
hoejmarksvej-30-2860-soeborg-01590342__30_______,Højmarksvej 30,2860,Villa,Tvangsauktion,25-03-1993,445000.0,1,Søborg,1.0,Centralvarme med én fyringsenhed,/adresse/hoejmarksvej-30-2860-soeborg-01590342__30_______,121.0,Tegl,6.0,https://www.boligsiden.dk/adresse/hoejmarksvej-30-2860-soeborg-01590342__30_______,Mursten,147.6
birkevang-74-2640-hedehusene-01690430__74_______,Birkevang 74,2640,Villa,Tvangsauktion,15-03-1993,560000.0,1,Hedehusene,1.0,Centralvarme med én fyringsenhed,/adresse/birkevang-74-2640-hedehusene-01690430__74_______,130.0,Tegl,4.0,https://www.boligsiden.dk/adresse/birkevang-74-2640-hedehusene-01690430__74_______,Mursten,145.25
rebaek-soepark-3-16-1605-2650-hvidovre-01676690___3_161605,"Rebæk Søpark 3, 16. 1605.",1605,Ejerlejlighed,Tvangsauktion,10-03-1993,65000.0,1,Hvidovre,1,Fjernvarme/blokvarme,/adresse/rebaek-soepark-3-16-1605-2650-hvidovre-01676690___3_161605,46.0,Tagpap med stor hældning,1.0,https://www.boligsiden.dk/adresse/rebaek-soepark-3-16-1605-2650-hvidovre-01676690___3_161605,Letbetonsten,Ikke oplyst
bredebovej-23-5-mf-2800-kongens-lyngby-01730092__23__5__mf,"Bredebovej 23, 5. mf.",2800,Ejerlejlighed,Tvangsauktion,12-01-1993,400000.0,1,Kongens Lyngby,1,Fjernvarme/blokvarme,/adresse/bredebovej-23-5-mf-2800-kongens-lyngby-01730092__23__5__mf,64.0,Tagpap med lille hældning,2.0,https://www.boligsiden.dk/adresse/bredebovej-23-5-mf-2800-kongens-lyngby-01730092__23__5__mf,Mursten,Ikke oplyst
mosegaardsvej-138-2820-gentofte-01570570_138_______,Mosegårdsvej 138,2820,Rækkehus,Tvangsauktion,11-01-1993,605000.0,1,Gentofte,1.0,Centralvarme med én fyringsenhed,/adresse/mosegaardsvej-138-2820-gentofte-01570570_138_______,80.0,Tegl,3.0,https://www.boligsiden.dk/adresse/mosegaardsvej-138-2820-gentofte-01570570_138_______,Mursten,112
skjoldagervej-92-0-tv-2820-gentofte-01570705__92_st__tv,"Skjoldagervej 92, st. tv.",2820,Ejerlejlighed,Tvangsauktion,02-12-1992,461800.0,1,Gentofte,1,Fjernvarme/blokvarme,/adresse/skjoldagervej-92-0-tv-2820-gentofte-01570705__92_st__tv,72.0,Andet materiale,3.0,https://www.boligsiden.dk/adresse/skjoldagervej-92-0-tv-2820-gentofte-01570705__92_st__tv,Mursten,Ikke oplyst
vallensbaek-strandvej-270-2665-vallensbaek-strand-01871750_270_______,Vallensbæk Strandvej 270,2665,Villa,Tvangsauktion,04-11-1992,740000.0,1,Vallensbæk Strand,1.0,Centralvarme med én fyringsenhed,/adresse/vallensbaek-strandvej-270-2665-vallensbaek-strand-01871750_270_______,134.0,Tegl,6.0,https://www.boligsiden.dk/adresse/vallensbaek-strandvej-270-2665-vallensbaek-strand-01871750_270_______,Mursten,176.35
buddinge-hovedgade-135b-1-th-2860-soeborg-01590086135b__1__th,"Buddinge Hovedgade 135B, 1. th.",2860,Ejerlejlighed,Tvangsauktion,02-11-1992,142000.0,1,Søborg,1,Fjernvarme/blokvarme,/adresse/buddinge-hovedgade-135b-1-th-2860-soeborg-01590086135b__1__th,83.0,Tagpap med stor hældning,3.0,https://www.boligsiden.dk/adresse/buddinge-hovedgade-135b-1-th-2860-soeborg-01590086135b__1__th,Mursten,Ikke oplyst
hybenvej-6-2830-virum-01730358___6_______,Hybenvej 6,2830,Rækkehus,Tvangsauktion,29-10-1992,480000.0,1,Virum,1.0,Centralvarme med én fyringsenhed,/adresse/hybenvej-6-2830-virum-01730358___6_______,116.0,Tegl,5.0,https://www.boligsiden.dk/adresse/hybenvej-6-2830-virum-01730358___6_______,Mursten,132
leen-b-5-2-1-2630-taastrup-01694316___5__2___1,"Leen B 5, 2. 1.",2630,Ejerlejlighed,Tvangsauktion,19-10-1992,184000.0,2,Taastrup,1,Fjernvarme/blokvarme,/adresse/leen-b-5-2-1-2630-taastrup-01694316___5__2___1,57.0,Tagpap med lille hældning,2.0,https://www.boligsiden.dk/adresse/leen-b-5-2-1-2630-taastrup-01694316___5__2___1,Betonelementer,Ikke oplyst
skolelodden-9-2605-broendby-01530601___9_______,Skolelodden 9,2605,Rækkehus,Tvangsauktion,10-09-1992,350000.0,1,Brøndby,1.0,Fjernvarme/blokvarme,/adresse/skolelodden-9-2605-broendby-01530601___9_______,102.0,Fibercement herunder asbest,4.0,https://www.boligsiden.dk/adresse/skolelodden-9-2605-broendby-01530601___9_______,Mursten,107.5
hammeren-30-3-171-2630-taastrup-01692530__30__3_171,"Hammeren 30, 3. 171.",2630,Ejerlejlighed,Tvangsauktion,07-09-1992,192500.0,1,Taastrup,1,Fjernvarme/blokvarme,/adresse/hammeren-30-3-171-2630-taastrup-01692530__30__3_171,70.0,Tagpap med lille hældning,2.0,https://www.boligsiden.dk/adresse/hammeren-30-3-171-2630-taastrup-01692530__30__3_171,Betonelementer,Ikke oplyst
topperne-9-3-32-2620-albertslund-01650532___9__3__32,"Topperne 9, 3. 32.",2620,Ejerlejlighed,Tvangsauktion,30-07-1992,211000.0,1,Albertslund,4.0,Fjernvarme/blokvarme,/adresse/topperne-9-3-32-2620-albertslund-01650532___9__3__32,49.0,Fibercement herunder asbest,2.0,https://www.boligsiden.dk/adresse/topperne-9-3-32-2620-albertslund-01650532___9__3__32,Betonelementer,Ikke oplyst
jens-andersens-vaenge-7-2630-taastrup-01693519___7_______,Jens Andersens Vænge 7,2630,Villa,Tvangsauktion,13-06-1992,810000.0,1,Taastrup,1.0,Varmepumpe,/adresse/jens-andersens-vaenge-7-2630-taastrup-01693519___7_______,189.0,Tegl,4.0,https://www.boligsiden.dk/adresse/jens-andersens-vaenge-7-2630-taastrup-01693519___7_______,Mursten,184.7
parkvej-5-2830-virum-01730642___5_______,Parkvej 5,2830,Villa,Tvangsauktion,01-06-1992,422250.0,1,Virum,1.0,Centralvarme med én fyringsenhed,/adresse/parkvej-5-2830-virum-01730642___5_______,110.0,Tegl,5.0,https://www.boligsiden.dk/adresse/parkvej-5-2830-virum-01730642___5_______,Mursten,143.15
soendergaardsvej-10-2870-dyssegaard-01570842__10_______,Søndergårdsvej 10,2870,Villa,Tvangsauktion,09-04-1992,715050.0,1,Dyssegård,1.0,Fjernvarme/blokvarme,/adresse/soendergaardsvej-10-2870-dyssegaard-01570842__10_______,127.0,Tagpap med stor hældning,5.0,https://www.boligsiden.dk/adresse/soendergaardsvej-10-2870-dyssegaard-01570842__10_______,Mursten,183.4
skovshovedvej-27a-2920-charlottenlund-01570736_27a_______,Skovshovedvej 27A,2920,Villa,Tvangsauktion,09-04-1992,1000000.0,1,Charlottenlund,1.0,Varmepumpe,/adresse/skovshovedvej-27a-2920-charlottenlund-01570736_27a_______,182.0,Tegl,8.0,https://www.boligsiden.dk/adresse/skovshovedvej-27a-2920-charlottenlund-01570736_27a_______,Bindingsværk,236.05
klampenborgvej-13b-2930-klampenborg-01570460_13b_______,Klampenborgvej 13B,2930,Villa,Tvangsauktion,20-02-1992,271646.0,1,Klampenborg,2.0,Centralvarme med én fyringsenhed,/adresse/klampenborgvej-13b-2930-klampenborg-01570460_13b_______,200.0,Metal,5.0,https://www.boligsiden.dk/adresse/klampenborgvej-13b-2930-klampenborg-01570460_13b_______,Letbetonsten,212.4
slotsvej-34b-2920-charlottenlund-01570750_34b_______,Slotsvej 34B,2920,Villa,Tvangsauktion,07-02-1992,1183214.0,1,Charlottenlund,1.0,Centralvarme med én fyringsenhed,/adresse/slotsvej-34b-2920-charlottenlund-01570750_34b_______,211.0,Tegl,8.0,https://www.boligsiden.dk/adresse/slotsvej-34b-2920-charlottenlund-01570750_34b_______,Mursten,245.3