Property_ID,Property Type,Sale Type,Sale Date,Raw Sale Type,Raw Sale Date,Raw Price,Total Sales,Address,City,floor_count,Heating_Type,Link,Living_Area,Postal_Code,Roof_Type,Rooms,Source_Site,URL,Wall_Material,Weighted_Area
skelhoejvej-25a-0-th-2800-kongens-lyngby-01730710_25a_st__th,Ejerlejlighed,Free Sale,07-05-2025,Fri handel,07-05-2025,1.810.000,2,"Skelhøjvej 25A, st. th.",Kongens Lyngby,1,Fjernvarme/blokvarme,/adresse/skelhoejvej-25a-0-th-2800-kongens-lyngby-01730710_25a_st__th,46.0,2800.0,Tegl,2.0,boligsiden,https://www.boligsiden.dk/adresse/skelhoejvej-25a-0-th-2800-kongens-lyngby-01730710_25a_st__th,Mursten,Ikke oplyst
skelhoejvej-25a-0-th-2800-kongens-lyngby-01730710_25a_st__th,Ejerlejlighed,Free Sale,03-11-2017,Fri handel,03-11-2017,1.025.000,2,"Skelhøjvej 25A, st. th.",Kongens Lyngby,1,Fjernvarme/blokvarme,/adresse/skelhoejvej-25a-0-th-2800-kongens-lyngby-01730710_25a_st__th,46.0,2800.0,Tegl,2.0,boligsiden,https://www.boligsiden.dk/adresse/skelhoejvej-25a-0-th-2800-kongens-lyngby-01730710_25a_st__th,Mursten,Ikke oplyst
cellovej-32-2730-herlev-01630837__32_______,Villa,Free Sale,03-05-2025,Fri handel,03-05-2025,4.100.000,3,Cellovej 32,Herlev,1,Centralvarme med én fyringsenhed,/adresse/cellovej-32-2730-herlev-01630837__32_______,115.0,2730.0,Fibercement herunder asbest,4.0,boligsiden,https://www.boligsiden.dk/adresse/cellovej-32-2730-herlev-01630837__32_______,Mursten,129.6
cellovej-32-2730-herlev-01630837__32_______,Villa,Free Sale,19-07-2010,Fri handel,19-07-2010,2.100.000,3,Cellovej 32,Herlev,1,Centralvarme med én fyringsenhed,/adresse/cellovej-32-2730-herlev-01630837__32_______,115.0,2730.0,Fibercement herunder asbest,4.0,boligsiden,https://www.boligsiden.dk/adresse/cellovej-32-2730-herlev-01630837__32_______,Mursten,129.6
cellovej-32-2730-herlev-01630837__32_______,Villa,Free Sale,19-07-2010,Fri handel,19-07-2010,2.100.000,3,Cellovej 32,Herlev,1,Centralvarme med én fyringsenhed,/adresse/cellovej-32-2730-herlev-01630837__32_______,115.0,2730.0,Fibercement herunder asbest,4.0,boligsiden,https://www.boligsiden.dk/adresse/cellovej-32-2730-herlev-01630837__32_______,Mursten,129.6
strandvejen-110c-0-tv-2900-hellerup-01570802110c_st__tv,Ejerlejlighed,Family Sale,01-05-2025,Familie handel,01-05-2025,4.028.900,3,"Strandvejen 110C, st. tv.",Hellerup,1,Fjernvarme/blokvarme,/adresse/strandvejen-110c-0-tv-2900-hellerup-01570802110c_st__tv,84.0,2900.0,Fibercement herunder asbest,3.0,boligsiden,https://www.boligsiden.dk/adresse/strandvejen-110c-0-tv-2900-hellerup-01570802110c_st__tv,Mursten,Ikke oplyst
strandvejen-110c-0-tv-2900-hellerup-01570802110c_st__tv,Ejerlejlighed,Other,15-02-2023,Andet,15-02-2023,4.000.000,3,"Strandvejen 110C, st. tv.",Hellerup,1,Fjernvarme/blokvarme,/adresse/strandvejen-110c-0-tv-2900-hellerup-01570802110c_st__tv,84.0,2900.0,Fibercement herunder asbest,3.0,boligsiden,https://www.boligsiden.dk/adresse/strandvejen-110c-0-tv-2900-hellerup-01570802110c_st__tv,Mursten,Ikke oplyst
strandvejen-110c-0-tv-2900-hellerup-01570802110c_st__tv,Ejerlejlighed,Free Sale,16-06-2017,Fri handel,16-06-2017,3.650.000,3,"Strandvejen 110C, st. tv.",Hellerup,1,Fjernvarme/blokvarme,/adresse/strandvejen-110c-0-tv-2900-hellerup-01570802110c_st__tv,84.0,2900.0,Fibercement herunder asbest,3.0,boligsiden,https://www.boligsiden.dk/adresse/strandvejen-110c-0-tv-2900-hellerup-01570802110c_st__tv,Mursten,Ikke oplyst
tranehusene-90-2620-albertslund-01650536__90_______,Rækkehus,Other,01-05-2025,Andet,01-05-2025,1.500.000,3,Tranehusene 90,Albertslund,2,Fjernvarme/blokvarme,/adresse/tranehusene-90-2620-albertslund-01650536__90_______,108.0,2620.0,Tagpap med lille hældning,5.0,boligsiden,https://www.boligsiden.dk/adresse/tranehusene-90-2620-albertslund-01650536__90_______,Betonelementer,131.2
tranehusene-90-2620-albertslund-01650536__90_______,Rækkehus,Free Sale,12-07-2013,Fri handel,12-07-2013,1.775.000,3,Tranehusene 90,Albertslund,2,Fjernvarme/blokvarme,/adresse/tranehusene-90-2620-albertslund-01650536__90_______,108.0,2620.0,Tagpap med lille hældning,5.0,boligsiden,https://www.boligsiden.dk/adresse/tranehusene-90-2620-albertslund-01650536__90_______,Betonelementer,131.2
tranehusene-90-2620-albertslund-01650536__90_______,Rækkehus,Free Sale,26-08-2002,Fri handel,26-08-2002,1.549.000,3,Tranehusene 90,Albertslund,2,Fjernvarme/blokvarme,/adresse/tranehusene-90-2620-albertslund-01650536__90_______,108.0,2620.0,Tagpap med lille hældning,5.0,boligsiden,https://www.boligsiden.dk/adresse/tranehusene-90-2620-albertslund-01650536__90_______,Betonelementer,131.2
tranegaardsvej-48-1-tv-2900-hellerup-01570880__48__1__tv,Ejerlejlighed,Free Sale,01-05-2025,Fri handel,01-05-2025,4.050.000,1,"Tranegårdsvej 48, 1. tv.",Hellerup,1,Blandet,/adresse/tranegaardsvej-48-1-tv-2900-hellerup-01570880__48__1__tv,90.0,2900.0,Tegl,4.0,boligsiden,https://www.boligsiden.dk/adresse/tranegaardsvej-48-1-tv-2900-hellerup-01570880__48__1__tv,Mursten,Ikke oplyst
rygaards-alle-8a-4-2900-hellerup-01570665__8a__4____,Ejerlejlighed,Free Sale,30-04-2025,Fri handel,30-04-2025,4.200.000,3,"Rygårds Alle 8A, 4.",Hellerup,1,Fjernvarme/blokvarme,/adresse/rygaards-alle-8a-4-2900-hellerup-01570665__8a__4____,95.0,2900.0,Tegl,4.0,boligsiden,https://www.boligsiden.dk/adresse/rygaards-alle-8a-4-2900-hellerup-01570665__8a__4____,Mursten,Ikke oplyst
rygaards-alle-8a-4-2900-hellerup-01570665__8a__4____,Ejerlejlighed,Free Sale,06-04-2010,Fri handel,06-04-2010,2.600.000,3,"Rygårds Alle 8A, 4.",Hellerup,1,Fjernvarme/blokvarme,/adresse/rygaards-alle-8a-4-2900-hellerup-01570665__8a__4____,95.0,2900.0,Tegl,4.0,boligsiden,https://www.boligsiden.dk/adresse/rygaards-alle-8a-4-2900-hellerup-01570665__8a__4____,Mursten,Ikke oplyst
rygaards-alle-8a-4-2900-hellerup-01570665__8a__4____,Ejerlejlighed,Other,10-07-2003,Andet,10-07-2003,680.000,3,"Rygårds Alle 8A, 4.",Hellerup,1,Fjernvarme/blokvarme,/adresse/rygaards-alle-8a-4-2900-hellerup-01570665__8a__4____,95.0,2900.0,Tegl,4.0,boligsiden,https://www.boligsiden.dk/adresse/rygaards-alle-8a-4-2900-hellerup-01570665__8a__4____,Mursten,Ikke oplyst
silene-alle-6-2860-soeborg-01590745___6_______,Villa,Free Sale,30-04-2025,Fri handel,30-04-2025,6.750.000,2,Silene Alle 6,Søborg,1,Fjernvarme/blokvarme,/adresse/silene-alle-6-2860-soeborg-01590745___6_______,110.0,2860.0,Tegl,4.0,boligsiden,https://www.boligsiden.dk/adresse/silene-alle-6-2860-soeborg-01590745___6_______,Mursten,136.25
silene-alle-6-2860-soeborg-01590745___6_______,Villa,Free Sale,14-04-2003,Fri handel,14-04-2003,2.150.000,2,Silene Alle 6,Søborg,1,Fjernvarme/blokvarme,/adresse/silene-alle-6-2860-soeborg-01590745___6_______,110.0,2860.0,Tegl,4.0,boligsiden,https://www.boligsiden.dk/adresse/silene-alle-6-2860-soeborg-01590745___6_______,Mursten,136.25
gladsaxe-moellevej-107-2-th-2860-soeborg-01590211_107__2__th,Ejerlejlighed,Family Sale,30-04-2025,Familie handel,30-04-2025,950.000,3,"Gladsaxe Møllevej 107, 2. th.",Søborg,1,Fjernvarme/blokvarme,/adresse/gladsaxe-moellevej-107-2-th-2860-soeborg-01590211_107__2__th,66.0,2860.0,Tegl,2.0,boligsiden,https://www.boligsiden.dk/adresse/gladsaxe-moellevej-107-2-th-2860-soeborg-01590211_107__2__th,Mursten,Ikke oplyst
gladsaxe-moellevej-107-2-th-2860-soeborg-01590211_107__2__th,Ejerlejlighed,Free Sale,14-06-2024,Fri handel,14-06-2024,950.000,3,"Gladsaxe Møllevej 107, 2. th.",Søborg,1,Fjernvarme/blokvarme,/adresse/gladsaxe-moellevej-107-2-th-2860-soeborg-01590211_107__2__th,66.0,2860.0,Tegl,2.0,boligsiden,https://www.boligsiden.dk/adresse/gladsaxe-moellevej-107-2-th-2860-soeborg-01590211_107__2__th,Mursten,Ikke oplyst
gladsaxe-moellevej-107-2-th-2860-soeborg-01590211_107__2__th,Ejerlejlighed,Family Sale,21-09-2023,Familie handel,21-09-2023,950.000,3,"Gladsaxe Møllevej 107, 2. th.",Søborg,1,Fjernvarme/blokvarme,/adresse/gladsaxe-moellevej-107-2-th-2860-soeborg-01590211_107__2__th,66.0,2860.0,Tegl,2.0,boligsiden,https://www.boligsiden.dk/adresse/gladsaxe-moellevej-107-2-th-2860-soeborg-01590211_107__2__th,Mursten,Ikke oplyst
taastrup-have-38-1-tv-2630-taastrup-01698960__38__1__tv,Ejerlejlighed,Free Sale,30-04-2025,Fri handel,30-04-2025,1.525.000,3,"Taastrup Have 38, 1. tv.",Taastrup,1,Fjernvarme/blokvarme,/adresse/taastrup-have-38-1-tv-2630-taastrup-01698960__38__1__tv,57.0,2630.0,Fibercement herunder asbest,2.0,boligsiden,https://www.boligsiden.dk/adresse/taastrup-have-38-1-tv-2630-taastrup-01698960__38__1__tv,Mursten,Ikke oplyst
taastrup-have-38-1-tv-2630-taastrup-01698960__38__1__tv,Ejerlejlighed,Free Sale,19-02-2015,Fri handel,19-02-2015,995.000,3,"Taastrup Have 38, 1. tv.",Taastrup,1,Fjernvarme/blokvarme,/adresse/taastrup-have-38-1-tv-2630-taastrup-01698960__38__1__tv,57.0,2630.0,Fibercement herunder asbest,2.0,boligsiden,https://www.boligsiden.dk/adresse/taastrup-have-38-1-tv-2630-taastrup-01698960__38__1__tv,Mursten,Ikke oplyst
taastrup-have-38-1-tv-2630-taastrup-01698960__38__1__tv,Ejerlejlighed,Free Sale,11-01-2007,Fri handel,11-01-2007,1.150.000,3,"Taastrup Have 38, 1. tv.",Taastrup,1,Fjernvarme/blokvarme,/adresse/taastrup-have-38-1-tv-2630-taastrup-01698960__38__1__tv,57.0,2630.0,Fibercement herunder asbest,2.0,boligsiden,https://www.boligsiden.dk/adresse/taastrup-have-38-1-tv-2630-taastrup-01698960__38__1__tv,Mursten,Ikke oplyst
engbovej-67-2610-roedovre-01750193__67_______,Villa,Free Sale,30-04-2025,Fri handel,30-04-2025,3.900.000,3,Engbovej 67,Rødovre,1,Centralvarme med én fyringsenhed,/adresse/engbovej-67-2610-roedovre-01750193__67_______,91.0,2610.0,Tagpap med stor hældning,3.0,boligsiden,https://www.boligsiden.dk/adresse/engbovej-67-2610-roedovre-01750193__67_______,Mursten,96.5
engbovej-67-2610-roedovre-01750193__67_______,Villa,Free Sale,23-05-2005,Fri handel,23-05-2005,1.895.000,3,Engbovej 67,Rødovre,1,Centralvarme med én fyringsenhed,/adresse/engbovej-67-2610-roedovre-01750193__67_______,91.0,2610.0,Tagpap med stor hældning,3.0,boligsiden,https://www.boligsiden.dk/adresse/engbovej-67-2610-roedovre-01750193__67_______,Mursten,96.5
engbovej-67-2610-roedovre-01750193__67_______,Villa,Free Sale,13-07-2001,Fri handel,13-07-2001,1.184.340,3,Engbovej 67,Rødovre,1,Centralvarme med én fyringsenhed,/adresse/engbovej-67-2610-roedovre-01750193__67_______,91.0,2610.0,Tagpap med stor hældning,3.0,boligsiden,https://www.boligsiden.dk/adresse/engbovej-67-2610-roedovre-01750193__67_______,Mursten,96.5
boulevarden-6-2-25-2800-kongens-lyngby-01730086___6__2__25,Ejerlejlighed,Free Sale,30-04-2025,Fri handel,30-04-2025,3.495.000,3,"Boulevarden 6, 2. 25.",Kongens Lyngby,1,Centralvarme med én fyringsenhed,/adresse/boulevarden-6-2-25-2800-kongens-lyngby-01730086___6__2__25,72.0,2800.0,Tagpap med lille hældning,2.0,boligsiden,https://www.boligsiden.dk/adresse/boulevarden-6-2-25-2800-kongens-lyngby-01730086___6__2__25,Fibercement uden asbest,Ikke oplyst
boulevarden-6-2-25-2800-kongens-lyngby-01730086___6__2__25,Ejerlejlighed,Free Sale,12-10-2015,Fri handel,12-10-2015,1.760.000,3,"Boulevarden 6, 2. 25.",Kongens Lyngby,1,Centralvarme med én fyringsenhed,/adresse/boulevarden-6-2-25-2800-kongens-lyngby-01730086___6__2__25,72.0,2800.0,Tagpap med lille hældning,2.0,boligsiden,https://www.boligsiden.dk/adresse/boulevarden-6-2-25-2800-kongens-lyngby-01730086___6__2__25,Fibercement uden asbest,Ikke oplyst
boulevarden-6-2-25-2800-kongens-lyngby-01730086___6__2__25,Ejerlejlighed,Free Sale,04-02-1998,Fri handel,04-02-1998,850.000,3,"Boulevarden 6, 2. 25.",Kongens Lyngby,1,Centralvarme med én fyringsenhed,/adresse/boulevarden-6-2-25-2800-kongens-lyngby-01730086___6__2__25,72.0,2800.0,Tagpap med lille hældning,2.0,boligsiden,https://www.boligsiden.dk/adresse/boulevarden-6-2-25-2800-kongens-lyngby-01730086___6__2__25,Fibercement uden asbest,Ikke oplyst
strandholms-alle-21-2650-hvidovre-01677975__21_______,Villa,Free Sale,30-04-2025,Fri handel,30-04-2025,4.800.000,3,Strandholms Alle 21,Hvidovre,1,Fjernvarme/blokvarme,/adresse/strandholms-alle-21-2650-hvidovre-01677975__21_______,94.0,2650.0,Fibercement herunder asbest,4.0,boligsiden,https://www.boligsiden.dk/adresse/strandholms-alle-21-2650-hvidovre-01677975__21_______,Bindingsværk,100.4
strandholms-alle-21-2650-hvidovre-01677975__21_______,Villa,Free Sale,12-04-2021,Fri handel,12-04-2021,3.870.000,3,Strandholms Alle 21,Hvidovre,1,Fjernvarme/blokvarme,/adresse/strandholms-alle-21-2650-hvidovre-01677975__21_______,94.0,2650.0,Fibercement herunder asbest,4.0,boligsiden,https://www.boligsiden.dk/adresse/strandholms-alle-21-2650-hvidovre-01677975__21_______,Bindingsværk,100.4
strandholms-alle-21-2650-hvidovre-01677975__21_______,Villa,Free Sale,28-03-2006,Fri handel,28-03-2006,2.995.000,3,Strandholms Alle 21,Hvidovre,1,Fjernvarme/blokvarme,/adresse/strandholms-alle-21-2650-hvidovre-01677975__21_______,94.0,2650.0,Fibercement herunder asbest,4.0,boligsiden,https://www.boligsiden.dk/adresse/strandholms-alle-21-2650-hvidovre-01677975__21_______,Bindingsværk,100.4
nestors-alle-25-2650-hvidovre-01675974__25_______,Villa,Free Sale,30-04-2025,Fri handel,30-04-2025,2.130.000,3,Nestors Alle 25,Hvidovre,1,Varmepumpe,/adresse/nestors-alle-25-2650-hvidovre-01675974__25_______,75.0,2650.0,Tagpap med stor hældning,3.0,boligsiden,https://www.boligsiden.dk/adresse/nestors-alle-25-2650-hvidovre-01675974__25_______,Mursten,116.05
nestors-alle-25-2650-hvidovre-01675974__25_______,Villa,Free Sale,01-02-2019,Fri handel,01-02-2019,2.690.000,3,Nestors Alle 25,Hvidovre,1,Varmepumpe,/adresse/nestors-alle-25-2650-hvidovre-01675974__25_______,75.0,2650.0,Tagpap med stor hældning,3.0,boligsiden,https://www.boligsiden.dk/adresse/nestors-alle-25-2650-hvidovre-01675974__25_______,Mursten,116.05
nestors-alle-25-2650-hvidovre-01675974__25_______,Villa,Free Sale,30-04-2015,Fri handel,30-04-2015,1.650.000,3,Nestors Alle 25,Hvidovre,1,Varmepumpe,/adresse/nestors-alle-25-2650-hvidovre-01675974__25_______,75.0,2650.0,Tagpap med stor hældning,3.0,boligsiden,https://www.boligsiden.dk/adresse/nestors-alle-25-2650-hvidovre-01675974__25_______,Mursten,116.05
plovmarksvej-22-2605-broendby-01530506__22_______,Villa,Free Sale,30-04-2025,Fri handel,30-04-2025,3.600.000,3,Plovmarksvej 22,Brøndby,1,Centralvarme med én fyringsenhed,/adresse/plovmarksvej-22-2605-broendby-01530506__22_______,116.0,2605.0,Tagpap med stor hældning,5.0,boligsiden,https://www.boligsiden.dk/adresse/plovmarksvej-22-2605-broendby-01530506__22_______,Mursten,119.25
plovmarksvej-22-2605-broendby-01530506__22_______,Villa,Free Sale,02-09-1995,Fri handel,02-09-1995,703.500,3,Plovmarksvej 22,Brøndby,1,Centralvarme med én fyringsenhed,/adresse/plovmarksvej-22-2605-broendby-01530506__22_______,116.0,2605.0,Tagpap med stor hældning,5.0,boligsiden,https://www.boligsiden.dk/adresse/plovmarksvej-22-2605-broendby-01530506__22_______,Mursten,119.25
plovmarksvej-22-2605-broendby-01530506__22_______,Villa,Family Sale,21-03-1995,Familie handel,21-03-1995,565.000,3,Plovmarksvej 22,Brøndby,1,Centralvarme med én fyringsenhed,/adresse/plovmarksvej-22-2605-broendby-01530506__22_______,116.0,2605.0,Tagpap med stor hældning,5.0,boligsiden,https://www.boligsiden.dk/adresse/plovmarksvej-22-2605-broendby-01530506__22_______,Mursten,119.25
maaloev-hovedgade-146b-2760-maaloev-01510778146b_______,Villa,Free Sale,30-04-2025,Fri handel,30-04-2025,5.325.000,3,Måløv Hovedgade 146B,Måløv,1,Centralvarme med én fyringsenhed,/adresse/maaloev-hovedgade-146b-2760-maaloev-01510778146b_______,155.0,2760.0,Betontagsten,5.0,boligsiden,https://www.boligsiden.dk/adresse/maaloev-hovedgade-146b-2760-maaloev-01510778146b_______,Mursten,163.25
maaloev-hovedgade-146b-2760-maaloev-01510778146b_______,Villa,Free Sale,15-12-2014,Fri handel,15-12-2014,3.050.000,3,Måløv Hovedgade 146B,Måløv,1,Centralvarme med én fyringsenhed,/adresse/maaloev-hovedgade-146b-2760-maaloev-01510778146b_______,155.0,2760.0,Betontagsten,5.0,boligsiden,https://www.boligsiden.dk/adresse/maaloev-hovedgade-146b-2760-maaloev-01510778146b_______,Mursten,163.25
maaloev-hovedgade-146b-2760-maaloev-01510778146b_______,Villa,Family Sale,11-07-2005,Familie handel,11-07-2005,2.995.000,3,Måløv Hovedgade 146B,Måløv,1,Centralvarme med én fyringsenhed,/adresse/maaloev-hovedgade-146b-2760-maaloev-01510778146b_______,155.0,2760.0,Betontagsten,5.0,boligsiden,https://www.boligsiden.dk/adresse/maaloev-hovedgade-146b-2760-maaloev-01510778146b_______,Mursten,163.25
tornegaardsvej-61-0-2620-albertslund-01652714__61_st____,Ejerlejlighed,Free Sale,30-04-2025,Fri handel,30-04-2025,2.395.000,3,"Tornegårdsvej 61, st.",Albertslund,1,Fjernvarme/blokvarme,/adresse/tornegaardsvej-61-0-2620-albertslund-01652714__61_st____,62.0,2620.0,Tagpap med lille hældning,2.0,boligsiden,https://www.boligsiden.dk/adresse/tornegaardsvej-61-0-2620-albertslund-01652714__61_st____,Mursten,Ikke oplyst
tornegaardsvej-61-0-2620-albertslund-01652714__61_st____,Ejerlejlighed,Free Sale,21-04-2018,Fri handel,21-04-2018,1.850.000,3,"Tornegårdsvej 61, st.",Albertslund,1,Fjernvarme/blokvarme,/adresse/tornegaardsvej-61-0-2620-albertslund-01652714__61_st____,62.0,2620.0,Tagpap med lille hældning,2.0,boligsiden,https://www.boligsiden.dk/adresse/tornegaardsvej-61-0-2620-albertslund-01652714__61_st____,Mursten,Ikke oplyst
tornegaardsvej-61-0-2620-albertslund-01652714__61_st____,Ejerlejlighed,Free Sale,15-10-2007,Fri handel,15-10-2007,1.795.000,3,"Tornegårdsvej 61, st.",Albertslund,1,Fjernvarme/blokvarme,/adresse/tornegaardsvej-61-0-2620-albertslund-01652714__61_st____,62.0,2620.0,Tagpap med lille hældning,2.0,boligsiden,https://www.boligsiden.dk/adresse/tornegaardsvej-61-0-2620-albertslund-01652714__61_st____,Mursten,Ikke oplyst
vejlegaardsparken-36-1-th-2665-vallensbaek-strand-01879267__36__1__th,Ejerlejlighed,Free Sale,30-04-2025,Fri handel,30-04-2025,2.450.000,3,"Vejlegårdsparken 36, 1. th.",Vallensbæk Strand,1,Fjernvarme/blokvarme,/adresse/vejlegaardsparken-36-1-th-2665-vallensbaek-strand-01879267__36__1__th,87.0,2665.0,Tagpap med lille hældning,3.0,boligsiden,https://www.boligsiden.dk/adresse/vejlegaardsparken-36-1-th-2665-vallensbaek-strand-01879267__36__1__th,Betonelementer,Ikke oplyst
vejlegaardsparken-36-1-th-2665-vallensbaek-strand-01879267__36__1__th,Ejerlejlighed,Free Sale,15-09-2021,Fri handel,15-09-2021,2.180.000,3,"Vejlegårdsparken 36, 1. th.",Vallensbæk Strand,1,Fjernvarme/blokvarme,/adresse/vejlegaardsparken-36-1-th-2665-vallensbaek-strand-01879267__36__1__th,87.0,2665.0,Tagpap med lille hældning,3.0,boligsiden,https://www.boligsiden.dk/adresse/vejlegaardsparken-36-1-th-2665-vallensbaek-strand-01879267__36__1__th,Betonelementer,Ikke oplyst
vejlegaardsparken-36-1-th-2665-vallensbaek-strand-01879267__36__1__th,Ejerlejlighed,Free Sale,31-03-2003,Fri handel,31-03-2003,970.000,3,"Vejlegårdsparken 36, 1. th.",Vallensbæk Strand,1,Fjernvarme/blokvarme,/adresse/vejlegaardsparken-36-1-th-2665-vallensbaek-strand-01879267__36__1__th,87.0,2665.0,Tagpap med lille hældning,3.0,boligsiden,https://www.boligsiden.dk/adresse/vejlegaardsparken-36-1-th-2665-vallensbaek-strand-01879267__36__1__th,Betonelementer,Ikke oplyst
tranedalen-11-2635-ishoej-01830760__11_______,Villa,Free Sale,30-04-2025,Fri handel,30-04-2025,3.295.000,1,Tranedalen 11,Ishøj,1,Fjernvarme/blokvarme,/adresse/tranedalen-11-2635-ishoej-01830760__11_______,144.0,2635.0,Metal,4.0,boligsiden,https://www.boligsiden.dk/adresse/tranedalen-11-2635-ishoej-01830760__11_______,Mursten,144
hedekaeret-37-2-th-2640-hedehusene-01692652__37__2__th,Ejerlejlighed,Free Sale,30-04-2025,Fri handel,30-04-2025,1.995.000,3,"Hedekæret 37, 2. th.",Hedehusene,1,Fjernvarme/blokvarme,/adresse/hedekaeret-37-2-th-2640-hedehusene-01692652__37__2__th,80.0,2640.0,Fibercement herunder asbest,3.0,boligsiden,https://www.boligsiden.dk/adresse/hedekaeret-37-2-th-2640-hedehusene-01692652__37__2__th,Mursten,Ikke oplyst
hedekaeret-37-2-th-2640-hedehusene-01692652__37__2__th,Ejerlejlighed,Free Sale,18-06-2021,Fri handel,18-06-2021,1.945.000,3,"Hedekæret 37, 2. th.",Hedehusene,1,Fjernvarme/blokvarme,/adresse/hedekaeret-37-2-th-2640-hedehusene-01692652__37__2__th,80.0,2640.0,Fibercement herunder asbest,3.0,boligsiden,https://www.boligsiden.dk/adresse/hedekaeret-37-2-th-2640-hedehusene-01692652__37__2__th,Mursten,Ikke oplyst
hedekaeret-37-2-th-2640-hedehusene-01692652__37__2__th,Ejerlejlighed,Free Sale,01-08-2017,Fri handel,01-08-2017,1.550.000,3,"Hedekæret 37, 2. th.",Hedehusene,1,Fjernvarme/blokvarme,/adresse/hedekaeret-37-2-th-2640-hedehusene-01692652__37__2__th,80.0,2640.0,Fibercement herunder asbest,3.0,boligsiden,https://www.boligsiden.dk/adresse/hedekaeret-37-2-th-2640-hedehusene-01692652__37__2__th,Mursten,Ikke oplyst
roennevangshusene-33-0-mf-2630-taastrup-01696605__33_st__mf,Ejerlejlighed,Free Sale,30-04-2025,Fri handel,30-04-2025,1.100.000,3,"Rønnevangshusene 33, st. mf.",Taastrup,1,Fjernvarme/blokvarme,/adresse/roennevangshusene-33-0-mf-2630-taastrup-01696605__33_st__mf,47.0,2630.0,Betontagsten,1.0,boligsiden,https://www.boligsiden.dk/adresse/roennevangshusene-33-0-mf-2630-taastrup-01696605__33_st__mf,Mursten,Ikke oplyst
roennevangshusene-33-0-mf-2630-taastrup-01696605__33_st__mf,Ejerlejlighed,Free Sale,04-10-2016,Fri handel,04-10-2016,745.000,3,"Rønnevangshusene 33, st. mf.",Taastrup,1,Fjernvarme/blokvarme,/adresse/roennevangshusene-33-0-mf-2630-taastrup-01696605__33_st__mf,47.0,2630.0,Betontagsten,1.0,boligsiden,https://www.boligsiden.dk/adresse/roennevangshusene-33-0-mf-2630-taastrup-01696605__33_st__mf,Mursten,Ikke oplyst
roennevangshusene-33-0-mf-2630-taastrup-01696605__33_st__mf,Ejerlejlighed,Free Sale,04-08-2000,Fri handel,04-08-2000,484.898,3,"Rønnevangshusene 33, st. mf.",Taastrup,1,Fjernvarme/blokvarme,/adresse/roennevangshusene-33-0-mf-2630-taastrup-01696605__33_st__mf,47.0,2630.0,Betontagsten,1.0,boligsiden,https://www.boligsiden.dk/adresse/roennevangshusene-33-0-mf-2630-taastrup-01696605__33_st__mf,Mursten,Ikke oplyst
pilely-8-2610-roedovre-01750656___8_______,Villa,Other,30-04-2025,Andet,30-04-2025,3.750.000,3,Pilely 8,Rødovre,1,Centralvarme med én fyringsenhed,/adresse/pilely-8-2610-roedovre-01750656___8_______,157.0,2610.0,Betontagsten,5.0,boligsiden,https://www.boligsiden.dk/adresse/pilely-8-2610-roedovre-01750656___8_______,Mursten,159.75
pilely-8-2610-roedovre-01750656___8_______,Villa,Free Sale,14-10-2019,Fri handel,14-10-2019,6.200.000,3,Pilely 8,Rødovre,1,Centralvarme med én fyringsenhed,/adresse/pilely-8-2610-roedovre-01750656___8_______,157.0,2610.0,Betontagsten,5.0,boligsiden,https://www.boligsiden.dk/adresse/pilely-8-2610-roedovre-01750656___8_______,Mursten,159.75
pilely-8-2610-roedovre-01750656___8_______,Villa,Free Sale,12-05-2016,Fri handel,12-05-2016,2.350.000,3,Pilely 8,Rødovre,1,Centralvarme med én fyringsenhed,/adresse/pilely-8-2610-roedovre-01750656___8_______,157.0,2610.0,Betontagsten,5.0,boligsiden,https://www.boligsiden.dk/adresse/pilely-8-2610-roedovre-01750656___8_______,Mursten,159.75
parcelvej-114-2830-virum-01730640_114_______,Villa,Free Sale,30-04-2025,Fri handel,30-04-2025,7.000.000,3,Parcelvej 114,Virum,1,Centralvarme med én fyringsenhed,/adresse/parcelvej-114-2830-virum-01730640_114_______,113.0,2830.0,Tegl,4.0,boligsiden,https://www.boligsiden.dk/adresse/parcelvej-114-2830-virum-01730640_114_______,Mursten,145.55
parcelvej-114-2830-virum-01730640_114_______,Villa,Other,10-07-2000,Andet,10-07-2000,644.731,3,Parcelvej 114,Virum,1,Centralvarme med én fyringsenhed,/adresse/parcelvej-114-2830-virum-01730640_114_______,113.0,2830.0,Tegl,4.0,boligsiden,https://www.boligsiden.dk/adresse/parcelvej-114-2830-virum-01730640_114_______,Mursten,145.55
parcelvej-114-2830-virum-01730640_114_______,Villa,Free Sale,30-10-1992,Fri handel,30-10-1992,860.000,3,Parcelvej 114,Virum,1,Centralvarme med én fyringsenhed,/adresse/parcelvej-114-2830-virum-01730640_114_______,113.0,2830.0,Tegl,4.0,boligsiden,https://www.boligsiden.dk/adresse/parcelvej-114-2830-virum-01730640_114_______,Mursten,145.55
baekkelunden-19-2660-broendby-strand-01530108__19_______,Villa,Free Sale,30-04-2025,Fri handel,30-04-2025,4.900.000,3,Bækkelunden 19,Brøndby Strand,1,Fjernvarme/blokvarme,/adresse/baekkelunden-19-2660-broendby-strand-01530108__19_______,182.0,2660.0,Betontagsten,6.0,boligsiden,https://www.boligsiden.dk/adresse/baekkelunden-19-2660-broendby-strand-01530108__19_______,Mursten,187.15
baekkelunden-19-2660-broendby-strand-01530108__19_______,Villa,Free Sale,25-01-2021,Fri handel,25-01-2021,4.695.000,3,Bækkelunden 19,Brøndby Strand,1,Fjernvarme/blokvarme,/adresse/baekkelunden-19-2660-broendby-strand-01530108__19_______,182.0,2660.0,Betontagsten,6.0,boligsiden,https://www.boligsiden.dk/adresse/baekkelunden-19-2660-broendby-strand-01530108__19_______,Mursten,187.15
baekkelunden-19-2660-broendby-strand-01530108__19_______,Villa,Free Sale,25-06-2002,Fri handel,25-06-2002,2.698.000,3,Bækkelunden 19,Brøndby Strand,1,Fjernvarme/blokvarme,/adresse/baekkelunden-19-2660-broendby-strand-01530108__19_______,182.0,2660.0,Betontagsten,6.0,boligsiden,https://www.boligsiden.dk/adresse/baekkelunden-19-2660-broendby-strand-01530108__19_______,Mursten,187.15
skovlunde-byvej-39-2740-skovlunde-01510656__39_______,Villa,Free Sale,30-04-2025,Fri handel,30-04-2025,3.200.000,2,Skovlunde Byvej 39,Skovlunde,1,Centralvarme med én fyringsenhed,/adresse/skovlunde-byvej-39-2740-skovlunde-01510656__39_______,116.0,2740.0,Tagpap med stor hældning,5.0,boligsiden,https://www.boligsiden.dk/adresse/skovlunde-byvej-39-2740-skovlunde-01510656__39_______,Mursten,140.8
skovlunde-byvej-39-2740-skovlunde-01510656__39_______,Villa,Free Sale,05-07-2011,Fri handel,05-07-2011,1.405.000,2,Skovlunde Byvej 39,Skovlunde,1,Centralvarme med én fyringsenhed,/adresse/skovlunde-byvej-39-2740-skovlunde-01510656__39_______,116.0,2740.0,Tagpap med stor hældning,5.0,boligsiden,https://www.boligsiden.dk/adresse/skovlunde-byvej-39-2740-skovlunde-01510656__39_______,Mursten,140.8
baune-alle-2-0-j-2800-kongens-lyngby-01730050___2_st___j,Ejerlejlighed,Free Sale,30-04-2025,Fri handel,30-04-2025,3.400.000,2,"Baune Alle 2, st. j.",Kongens Lyngby,1,Fjernvarme/blokvarme,/adresse/baune-alle-2-0-j-2800-kongens-lyngby-01730050___2_st___j,87.0,2800.0,Metal,2.0,boligsiden,https://www.boligsiden.dk/adresse/baune-alle-2-0-j-2800-kongens-lyngby-01730050___2_st___j,Mursten,Ikke oplyst
baune-alle-2-0-j-2800-kongens-lyngby-01730050___2_st___j,Ejerlejlighed,Free Sale,04-02-2016,Fri handel,04-02-2016,2.295.000,2,"Baune Alle 2, st. j.",Kongens Lyngby,1,Fjernvarme/blokvarme,/adresse/baune-alle-2-0-j-2800-kongens-lyngby-01730050___2_st___j,87.0,2800.0,Metal,2.0,boligsiden,https://www.boligsiden.dk/adresse/baune-alle-2-0-j-2800-kongens-lyngby-01730050___2_st___j,Mursten,Ikke oplyst
roersoevej-8-2665-vallensbaek-strand-01876923___8_______,Villa,Free Sale,30-04-2025,Fri handel,30-04-2025,2.050.000,3,Rørsøvej 8,Vallensbæk Strand,1,Centralvarme med én fyringsenhed,/adresse/roersoevej-8-2665-vallensbaek-strand-01876923___8_______,108.0,2665.0,Betontagsten,4.0,boligsiden,https://www.boligsiden.dk/adresse/roersoevej-8-2665-vallensbaek-strand-01876923___8_______,Mursten,114.15
roersoevej-8-2665-vallensbaek-strand-01876923___8_______,Villa,Free Sale,02-02-2023,Fri handel,02-02-2023,5.550.000,3,Rørsøvej 8,Vallensbæk Strand,1,Centralvarme med én fyringsenhed,/adresse/roersoevej-8-2665-vallensbaek-strand-01876923___8_______,108.0,2665.0,Betontagsten,4.0,boligsiden,https://www.boligsiden.dk/adresse/roersoevej-8-2665-vallensbaek-strand-01876923___8_______,Mursten,114.15
roersoevej-8-2665-vallensbaek-strand-01876923___8_______,Villa,Free Sale,24-01-1994,Fri handel,24-01-1994,1.058.000,3,Rørsøvej 8,Vallensbæk Strand,1,Centralvarme med én fyringsenhed,/adresse/roersoevej-8-2665-vallensbaek-strand-01876923___8_______,108.0,2665.0,Betontagsten,4.0,boligsiden,https://www.boligsiden.dk/adresse/roersoevej-8-2665-vallensbaek-strand-01876923___8_______,Mursten,114.15
gammelgaards-alle-21-1-th-2665-vallensbaek-strand-01871704__21__1__th,Ejerlejlighed,Free Sale,30-04-2025,Fri handel,30-04-2025,2.270.000,3,"Gammelgårds Alle 21, 1. th.",Vallensbæk Strand,1,Fjernvarme/blokvarme,/adresse/gammelgaards-alle-21-1-th-2665-vallensbaek-strand-01871704__21__1__th,89.0,2665.0,Tagpap med lille hældning,3.0,boligsiden,https://www.boligsiden.dk/adresse/gammelgaards-alle-21-1-th-2665-vallensbaek-strand-01871704__21__1__th,Betonelementer,Ikke oplyst
gammelgaards-alle-21-1-th-2665-vallensbaek-strand-01871704__21__1__th,Ejerlejlighed,Free Sale,29-11-2018,Fri handel,29-11-2018,1.900.000,3,"Gammelgårds Alle 21, 1. th.",Vallensbæk Strand,1,Fjernvarme/blokvarme,/adresse/gammelgaards-alle-21-1-th-2665-vallensbaek-strand-01871704__21__1__th,89.0,2665.0,Tagpap med lille hældning,3.0,boligsiden,https://www.boligsiden.dk/adresse/gammelgaards-alle-21-1-th-2665-vallensbaek-strand-01871704__21__1__th,Betonelementer,Ikke oplyst
gammelgaards-alle-21-1-th-2665-vallensbaek-strand-01871704__21__1__th,Ejerlejlighed,Free Sale,24-02-2004,Fri handel,24-02-2004,1.224.034,3,"Gammelgårds Alle 21, 1. th.",Vallensbæk Strand,1,Fjernvarme/blokvarme,/adresse/gammelgaards-alle-21-1-th-2665-vallensbaek-strand-01871704__21__1__th,89.0,2665.0,Tagpap med lille hældning,3.0,boligsiden,https://www.boligsiden.dk/adresse/gammelgaards-alle-21-1-th-2665-vallensbaek-strand-01871704__21__1__th,Betonelementer,Ikke oplyst
vejlebrovej-122-3-1-2635-ishoej-01830850_122__3___1,Ejerlejlighed,Free Sale,30-04-2025,Fri handel,30-04-2025,2.180.000,3,"Vejlebrovej 122, 3. 1.",Ishøj,1,Fjernvarme/blokvarme,/adresse/vejlebrovej-122-3-1-2635-ishoej-01830850_122__3___1,93.0,2635.0,Tagpap med lille hældning,3.0,boligsiden,https://www.boligsiden.dk/adresse/vejlebrovej-122-3-1-2635-ishoej-01830850_122__3___1,Betonelementer,Ikke oplyst
vejlebrovej-122-3-1-2635-ishoej-01830850_122__3___1,Ejerlejlighed,Free Sale,22-03-2016,Fri handel,22-03-2016,1.710.000,3,"Vejlebrovej 122, 3. 1.",Ishøj,1,Fjernvarme/blokvarme,/adresse/vejlebrovej-122-3-1-2635-ishoej-01830850_122__3___1,93.0,2635.0,Tagpap med lille hældning,3.0,boligsiden,https://www.boligsiden.dk/adresse/vejlebrovej-122-3-1-2635-ishoej-01830850_122__3___1,Betonelementer,Ikke oplyst
vejlebrovej-122-3-1-2635-ishoej-01830850_122__3___1,Ejerlejlighed,Free Sale,05-09-2008,Fri handel,05-09-2008,1.400.000,3,"Vejlebrovej 122, 3. 1.",Ishøj,1,Fjernvarme/blokvarme,/adresse/vejlebrovej-122-3-1-2635-ishoej-01830850_122__3___1,93.0,2635.0,Tagpap med lille hældning,3.0,boligsiden,https://www.boligsiden.dk/adresse/vejlebrovej-122-3-1-2635-ishoej-01830850_122__3___1,Betonelementer,Ikke oplyst
bredekaers-vaenge-148-2635-ishoej-01830082_148_______,Villa,Free Sale,30-04-2025,Fri handel,30-04-2025,4.100.000,3,Bredekærs Vænge 148,Ishøj,1,Centralvarme med én fyringsenhed,/adresse/bredekaers-vaenge-148-2635-ishoej-01830082_148_______,197.0,2635.0,Metal,7.0,boligsiden,https://www.boligsiden.dk/adresse/bredekaers-vaenge-148-2635-ishoej-01830082_148_______,Mursten,196.6
bredekaers-vaenge-148-2635-ishoej-01830082_148_______,Villa,Free Sale,15-06-2001,Fri handel,15-06-2001,1.680.262,3,Bredekærs Vænge 148,Ishøj,1,Centralvarme med én fyringsenhed,/adresse/bredekaers-vaenge-148-2635-ishoej-01830082_148_______,197.0,2635.0,Metal,7.0,boligsiden,https://www.boligsiden.dk/adresse/bredekaers-vaenge-148-2635-ishoej-01830082_148_______,Mursten,196.6
bredekaers-vaenge-148-2635-ishoej-01830082_148_______,Villa,Free Sale,14-09-1999,Fri handel,14-09-1999,828.884,3,Bredekærs Vænge 148,Ishøj,1,Centralvarme med én fyringsenhed,/adresse/bredekaers-vaenge-148-2635-ishoej-01830082_148_______,197.0,2635.0,Metal,7.0,boligsiden,https://www.boligsiden.dk/adresse/bredekaers-vaenge-148-2635-ishoej-01830082_148_______,Mursten,196.6
geelsvaenget-10-2830-virum-01730289__10_______,Rækkehus,Family Sale,30-04-2025,Familie handel,30-04-2025,2.600.000,3,Geelsvænget 10,Virum,1,Centralvarme med én fyringsenhed,/adresse/geelsvaenget-10-2830-virum-01730289__10_______,80.0,2830.0,Tagpap med stor hældning,4.0,boligsiden,https://www.boligsiden.dk/adresse/geelsvaenget-10-2830-virum-01730289__10_______,Mursten,99.45
geelsvaenget-10-2830-virum-01730289__10_______,Rækkehus,Free Sale,29-05-2015,Fri handel,29-05-2015,3.495.000,3,Geelsvænget 10,Virum,1,Centralvarme med én fyringsenhed,/adresse/geelsvaenget-10-2830-virum-01730289__10_______,80.0,2830.0,Tagpap med stor hældning,4.0,boligsiden,https://www.boligsiden.dk/adresse/geelsvaenget-10-2830-virum-01730289__10_______,Mursten,99.45
geelsvaenget-10-2830-virum-01730289__10_______,Rækkehus,Free Sale,13-08-2001,Fri handel,13-08-2001,1.810.000,3,Geelsvænget 10,Virum,1,Centralvarme med én fyringsenhed,/adresse/geelsvaenget-10-2830-virum-01730289__10_______,80.0,2830.0,Tagpap med stor hældning,4.0,boligsiden,https://www.boligsiden.dk/adresse/geelsvaenget-10-2830-virum-01730289__10_______,Mursten,99.45
lille-strandvej-32-1-tv-2900-hellerup-01570510__32__1__tv,Ejerlejlighed,Free Sale,30-04-2025,Fri handel,30-04-2025,19.300.000,3,"Lille Strandvej 32, 1. tv.",Hellerup,1,Fjernvarme/blokvarme,/adresse/lille-strandvej-32-1-tv-2900-hellerup-01570510__32__1__tv,157.0,2900.0,Tagpap med stor hældning,5.0,boligsiden,https://www.boligsiden.dk/adresse/lille-strandvej-32-1-tv-2900-hellerup-01570510__32__1__tv,Mursten,Ikke oplyst
lille-strandvej-32-1-tv-2900-hellerup-01570510__32__1__tv,Ejerlejlighed,Free Sale,09-11-2003,Fri handel,09-11-2003,2.737.500,3,"Lille Strandvej 32, 1. tv.",Hellerup,1,Fjernvarme/blokvarme,/adresse/lille-strandvej-32-1-tv-2900-hellerup-01570510__32__1__tv,157.0,2900.0,Tagpap med stor hældning,5.0,boligsiden,https://www.boligsiden.dk/adresse/lille-strandvej-32-1-tv-2900-hellerup-01570510__32__1__tv,Mursten,Ikke oplyst
lille-strandvej-32-1-tv-2900-hellerup-01570510__32__1__tv,Ejerlejlighed,Free Sale,06-02-1996,Fri handel,06-02-1996,1.100.000,3,"Lille Strandvej 32, 1. tv.",Hellerup,1,Fjernvarme/blokvarme,/adresse/lille-strandvej-32-1-tv-2900-hellerup-01570510__32__1__tv,157.0,2900.0,Tagpap med stor hældning,5.0,boligsiden,https://www.boligsiden.dk/adresse/lille-strandvej-32-1-tv-2900-hellerup-01570510__32__1__tv,Mursten,Ikke oplyst
blichersvej-5-2630-taastrup-01690514___5_______,Villa,Family Sale,30-04-2025,Familie handel,30-04-2025,983.333,2,Blichersvej 5,Taastrup,1,Fjernvarme/blokvarme,/adresse/blichersvej-5-2630-taastrup-01690514___5_______,129.0,2630.0,Andet materiale,5.0,boligsiden,https://www.boligsiden.dk/adresse/blichersvej-5-2630-taastrup-01690514___5_______,Mursten,132.6
blichersvej-5-2630-taastrup-01690514___5_______,Villa,Free Sale,13-02-2024,Fri handel,13-02-2024,2.950.000,2,Blichersvej 5,Taastrup,1,Fjernvarme/blokvarme,/adresse/blichersvej-5-2630-taastrup-01690514___5_______,129.0,2630.0,Andet materiale,5.0,boligsiden,https://www.boligsiden.dk/adresse/blichersvej-5-2630-taastrup-01690514___5_______,Mursten,132.6
lauggaards-alle-14-2-th-2860-soeborg-01590498__14__2__th,Ejerlejlighed,Free Sale,30-04-2025,Fri handel,30-04-2025,2.035.000,3,"Lauggårds Alle 14, 2. th.",Søborg,1,Fjernvarme/blokvarme,/adresse/lauggaards-alle-14-2-th-2860-soeborg-01590498__14__2__th,59.0,2860.0,Tegl,2.0,boligsiden,https://www.boligsiden.dk/adresse/lauggaards-alle-14-2-th-2860-soeborg-01590498__14__2__th,Mursten,Ikke oplyst
lauggaards-alle-14-2-th-2860-soeborg-01590498__14__2__th,Ejerlejlighed,Free Sale,27-12-2017,Fri handel,27-12-2017,1.657.500,3,"Lauggårds Alle 14, 2. th.",Søborg,1,Fjernvarme/blokvarme,/adresse/lauggaards-alle-14-2-th-2860-soeborg-01590498__14__2__th,59.0,2860.0,Tegl,2.0,boligsiden,https://www.boligsiden.dk/adresse/lauggaards-alle-14-2-th-2860-soeborg-01590498__14__2__th,Mursten,Ikke oplyst
lauggaards-alle-14-2-th-2860-soeborg-01590498__14__2__th,Ejerlejlighed,Family Sale,17-08-2016,Familie handel,17-08-2016,1.125.000,3,"Lauggårds Alle 14, 2. th.",Søborg,1,Fjernvarme/blokvarme,/adresse/lauggaards-alle-14-2-th-2860-soeborg-01590498__14__2__th,59.0,2860.0,Tegl,2.0,boligsiden,https://www.boligsiden.dk/adresse/lauggaards-alle-14-2-th-2860-soeborg-01590498__14__2__th,Mursten,Ikke oplyst
jordbaervaenget-37-2880-bagsvaerd-01590372__37_______,Villa,Free Sale,30-04-2025,Fri handel,30-04-2025,3.400.000,3,Jordbærvænget 37,Bagsværd,1,Centralvarme med én fyringsenhed,/adresse/jordbaervaenget-37-2880-bagsvaerd-01590372__37_______,175.0,2880.0,Fibercement herunder asbest,7.0,boligsiden,https://www.boligsiden.dk/adresse/jordbaervaenget-37-2880-bagsvaerd-01590372__37_______,Mursten,198.5
jordbaervaenget-37-2880-bagsvaerd-01590372__37_______,Villa,Free Sale,08-02-2011,Fri handel,08-02-2011,3.425.000,3,Jordbærvænget 37,Bagsværd,1,Centralvarme med én fyringsenhed,/adresse/jordbaervaenget-37-2880-bagsvaerd-01590372__37_______,175.0,2880.0,Fibercement herunder asbest,7.0,boligsiden,https://www.boligsiden.dk/adresse/jordbaervaenget-37-2880-bagsvaerd-01590372__37_______,Mursten,198.5
jordbaervaenget-37-2880-bagsvaerd-01590372__37_______,Villa,Free Sale,12-11-2000,Fri handel,12-11-2000,2.461.012,3,Jordbærvænget 37,Bagsværd,1,Centralvarme med én fyringsenhed,/adresse/jordbaervaenget-37-2880-bagsvaerd-01590372__37_______,175.0,2880.0,Fibercement herunder asbest,7.0,boligsiden,https://www.boligsiden.dk/adresse/jordbaervaenget-37-2880-bagsvaerd-01590372__37_______,Mursten,198.5
elmehusene-224-2600-glostrup-01650087_224_______,Rækkehus,Free Sale,30-04-2025,Fri handel,30-04-2025,2.950.000,3,Elmehusene 224,Glostrup,2,Fjernvarme/blokvarme,/adresse/elmehusene-224-2600-glostrup-01650087_224_______,96.0,2600.0,Fibercement herunder asbest,4.0,boligsiden,https://www.boligsiden.dk/adresse/elmehusene-224-2600-glostrup-01650087_224_______,Betonelementer,98.25
elmehusene-224-2600-glostrup-01650087_224_______,Rækkehus,Free Sale,17-12-2019,Fri handel,17-12-2019,2.400.000,3,Elmehusene 224,Glostrup,2,Fjernvarme/blokvarme,/adresse/elmehusene-224-2600-glostrup-01650087_224_______,96.0,2600.0,Fibercement herunder asbest,4.0,boligsiden,https://www.boligsiden.dk/adresse/elmehusene-224-2600-glostrup-01650087_224_______,Betonelementer,98.25
elmehusene-224-2600-glostrup-01650087_224_______,Rækkehus,Free Sale,24-01-2002,Fri handel,24-01-2002,1.125.000,3,Elmehusene 224,Glostrup,2,Fjernvarme/blokvarme,/adresse/elmehusene-224-2600-glostrup-01650087_224_______,96.0,2600.0,Fibercement herunder asbest,4.0,boligsiden,https://www.boligsiden.dk/adresse/elmehusene-224-2600-glostrup-01650087_224_______,Betonelementer,98.25
oestervej-39-0-th-2600-glostrup-01610552__39_st__th,Ejerlejlighed,Free Sale,30-04-2025,Fri handel,30-04-2025,2.080.000,3,"Østervej 39, st. th.",Glostrup,1,Fjernvarme/blokvarme,/adresse/oestervej-39-0-th-2600-glostrup-01610552__39_st__th,81.0,2600.0,Metal,3.0,boligsiden,https://www.boligsiden.dk/adresse/oestervej-39-0-th-2600-glostrup-01610552__39_st__th,Mursten,Ikke oplyst
oestervej-39-0-th-2600-glostrup-01610552__39_st__th,Ejerlejlighed,Free Sale,24-05-2017,Fri handel,24-05-2017,1.695.000,3,"Østervej 39, st. th.",Glostrup,1,Fjernvarme/blokvarme,/adresse/oestervej-39-0-th-2600-glostrup-01610552__39_st__th,81.0,2600.0,Metal,3.0,boligsiden,https://www.boligsiden.dk/adresse/oestervej-39-0-th-2600-glostrup-01610552__39_st__th,Mursten,Ikke oplyst
oestervej-39-0-th-2600-glostrup-01610552__39_st__th,Ejerlejlighed,Free Sale,08-11-1999,Fri handel,08-11-1999,725.000,3,"Østervej 39, st. th.",Glostrup,1,Fjernvarme/blokvarme,/adresse/oestervej-39-0-th-2600-glostrup-01610552__39_st__th,81.0,2600.0,Metal,3.0,boligsiden,https://www.boligsiden.dk/adresse/oestervej-39-0-th-2600-glostrup-01610552__39_st__th,Mursten,Ikke oplyst
ericavej-147-0-1-2820-gentofte-01570203_147_st___1,Ejerlejlighed,Free Sale,30-04-2025,Fri handel,30-04-2025,2.080.000,3,"Ericavej 147, st. 1.",Gentofte,1,Centralvarme med én fyringsenhed,/adresse/ericavej-147-0-1-2820-gentofte-01570203_147_st___1,63.0,2820.0,Tagpap med lille hældning,2.0,boligsiden,https://www.boligsiden.dk/adresse/ericavej-147-0-1-2820-gentofte-01570203_147_st___1,Mursten,Ikke oplyst
ericavej-147-0-1-2820-gentofte-01570203_147_st___1,Ejerlejlighed,Free Sale,09-06-2022,Fri handel,09-06-2022,1.900.000,3,"Ericavej 147, st. 1.",Gentofte,1,Centralvarme med én fyringsenhed,/adresse/ericavej-147-0-1-2820-gentofte-01570203_147_st___1,63.0,2820.0,Tagpap med lille hældning,2.0,boligsiden,https://www.boligsiden.dk/adresse/ericavej-147-0-1-2820-gentofte-01570203_147_st___1,Mursten,Ikke oplyst
ericavej-147-0-1-2820-gentofte-01570203_147_st___1,Ejerlejlighed,Free Sale,16-10-2018,Fri handel,16-10-2018,1.615.000,3,"Ericavej 147, st. 1.",Gentofte,1,Centralvarme med én fyringsenhed,/adresse/ericavej-147-0-1-2820-gentofte-01570203_147_st___1,63.0,2820.0,Tagpap med lille hældning,2.0,boligsiden,https://www.boligsiden.dk/adresse/ericavej-147-0-1-2820-gentofte-01570203_147_st___1,Mursten,Ikke oplyst
ellebaekvej-56-0-tv-2820-gentofte-01570177__56_st__tv,Ejerlejlighed,Family Sale,30-04-2025,Familie handel,30-04-2025,762.000,3,"Ellebækvej 56, st. tv.",Gentofte,1,Fjernvarme/blokvarme,/adresse/ellebaekvej-56-0-tv-2820-gentofte-01570177__56_st__tv,49.0,2820.0,Tagpap med stor hældning,2.0,boligsiden,https://www.boligsiden.dk/adresse/ellebaekvej-56-0-tv-2820-gentofte-01570177__56_st__tv,Mursten,Ikke oplyst
ellebaekvej-56-0-tv-2820-gentofte-01570177__56_st__tv,Ejerlejlighed,Free Sale,10-08-2018,Fri handel,10-08-2018,1.595.000,3,"Ellebækvej 56, st. tv.",Gentofte,1,Fjernvarme/blokvarme,/adresse/ellebaekvej-56-0-tv-2820-gentofte-01570177__56_st__tv,49.0,2820.0,Tagpap med stor hældning,2.0,boligsiden,https://www.boligsiden.dk/adresse/ellebaekvej-56-0-tv-2820-gentofte-01570177__56_st__tv,Mursten,Ikke oplyst
ellebaekvej-56-0-tv-2820-gentofte-01570177__56_st__tv,Ejerlejlighed,Free Sale,04-09-2015,Fri handel,04-09-2015,1.050.000,3,"Ellebækvej 56, st. tv.",Gentofte,1,Fjernvarme/blokvarme,/adresse/ellebaekvej-56-0-tv-2820-gentofte-01570177__56_st__tv,49.0,2820.0,Tagpap med stor hældning,2.0,boligsiden,https://www.boligsiden.dk/adresse/ellebaekvej-56-0-tv-2820-gentofte-01570177__56_st__tv,Mursten,Ikke oplyst
dronning-louises-vej-19-2920-charlottenlund-01570146__19_______,Villa,Free Sale,30-04-2025,Fri handel,30-04-2025,24.850.000,3,Dronning Louises Vej 19,Charlottenlund,2,Fjernvarme/blokvarme,/adresse/dronning-louises-vej-19-2920-charlottenlund-01570146__19_______,345.0,2920.0,Betontagsten,10.0,boligsiden,https://www.boligsiden.dk/adresse/dronning-louises-vej-19-2920-charlottenlund-01570146__19_______,Mursten,391.45
dronning-louises-vej-19-2920-charlottenlund-01570146__19_______,Villa,Free Sale,30-04-2025,Fri handel,30-04-2025,24.850.000,3,Dronning Louises Vej 19,Charlottenlund,2,Fjernvarme/blokvarme,/adresse/dronning-louises-vej-19-2920-charlottenlund-01570146__19_______,345.0,2920.0,Betontagsten,10.0,boligsiden,https://www.boligsiden.dk/adresse/dronning-louises-vej-19-2920-charlottenlund-01570146__19_______,Mursten,391.45
dronning-louises-vej-19-2920-charlottenlund-01570146__19_______,Villa,Free Sale,05-04-2019,Fri handel,05-04-2019,14.100.000,3,Dronning Louises Vej 19,Charlottenlund,2,Fjernvarme/blokvarme,/adresse/dronning-louises-vej-19-2920-charlottenlund-01570146__19_______,345.0,2920.0,Betontagsten,10.0,boligsiden,https://www.boligsiden.dk/adresse/dronning-louises-vej-19-2920-charlottenlund-01570146__19_______,Mursten,391.45
dronning-louises-vej-19-2920-charlottenlund-01570146__19_______,Villa,Free Sale,05-04-2019,Fri handel,05-04-2019,14.100.000,3,Dronning Louises Vej 19,Charlottenlund,2,Fjernvarme/blokvarme,/adresse/dronning-louises-vej-19-2920-charlottenlund-01570146__19_______,345.0,2920.0,Betontagsten,10.0,boligsiden,https://www.boligsiden.dk/adresse/dronning-louises-vej-19-2920-charlottenlund-01570146__19_______,Mursten,391.45
dronning-louises-vej-19-2920-charlottenlund-01570146__19_______,Villa,Free Sale,22-11-2012,Fri handel,22-11-2012,8.300.000,3,Dronning Louises Vej 19,Charlottenlund,2,Fjernvarme/blokvarme,/adresse/dronning-louises-vej-19-2920-charlottenlund-01570146__19_______,345.0,2920.0,Betontagsten,10.0,boligsiden,https://www.boligsiden.dk/adresse/dronning-louises-vej-19-2920-charlottenlund-01570146__19_______,Mursten,391.45
dronning-louises-vej-19-2920-charlottenlund-01570146__19_______,Villa,Free Sale,22-11-2012,Fri handel,22-11-2012,8.300.000,3,Dronning Louises Vej 19,Charlottenlund,2,Fjernvarme/blokvarme,/adresse/dronning-louises-vej-19-2920-charlottenlund-01570146__19_______,345.0,2920.0,Betontagsten,10.0,boligsiden,https://www.boligsiden.dk/adresse/dronning-louises-vej-19-2920-charlottenlund-01570146__19_______,Mursten,391.45
soenderskovvej-9-2740-skovlunde-01510673___9_______,Villa,Free Sale,30-04-2025,Fri handel,30-04-2025,3.300.000,2,Sønderskovvej 9,Skovlunde,1,Ovn til fast og flydende brændsel,/adresse/soenderskovvej-9-2740-skovlunde-01510673___9_______,81.0,2740.0,Tagpap med stor hældning,3.0,boligsiden,https://www.boligsiden.dk/adresse/soenderskovvej-9-2740-skovlunde-01510673___9_______,Bindingsværk,89.25
soenderskovvej-9-2740-skovlunde-01510673___9_______,Villa,Free Sale,30-04-2025,Fri handel,30-04-2025,3.300.000,2,Sønderskovvej 9,Skovlunde,1,Ovn til fast og flydende brændsel,/adresse/soenderskovvej-9-2740-skovlunde-01510673___9_______,81.0,2740.0,Tagpap med stor hældning,3.0,boligsiden,https://www.boligsiden.dk/adresse/soenderskovvej-9-2740-skovlunde-01510673___9_______,Bindingsværk,89.25
soenderskovvej-9-2740-skovlunde-01510673___9_______,Villa,Family Sale,01-08-1999,Familie handel,01-08-1999,400.000,2,Sønderskovvej 9,Skovlunde,1,Ovn til fast og flydende brændsel,/adresse/soenderskovvej-9-2740-skovlunde-01510673___9_______,81.0,2740.0,Tagpap med stor hældning,3.0,boligsiden,https://www.boligsiden.dk/adresse/soenderskovvej-9-2740-skovlunde-01510673___9_______,Bindingsværk,89.25
soenderskovvej-9-2740-skovlunde-01510673___9_______,Villa,Family Sale,01-08-1999,Familie handel,01-08-1999,400.000,2,Sønderskovvej 9,Skovlunde,1,Ovn til fast og flydende brændsel,/adresse/soenderskovvej-9-2740-skovlunde-01510673___9_______,81.0,2740.0,Tagpap med stor hældning,3.0,boligsiden,https://www.boligsiden.dk/adresse/soenderskovvej-9-2740-skovlunde-01510673___9_______,Bindingsværk,89.25
platanhaven-49-2600-glostrup-01650362__49_______,Villa,Free Sale,30-04-2025,Fri handel,30-04-2025,3.900.000,1,Platanhaven 49,Glostrup,1,Fjernvarme/blokvarme,/adresse/platanhaven-49-2600-glostrup-01650362__49_______,132.0,2600.0,Fibercement herunder asbest,5.0,boligsiden,https://www.boligsiden.dk/adresse/platanhaven-49-2600-glostrup-01650362__49_______,Mursten,140.25
tjoerneholmen-4-2630-taastrup-01698445___4_______,Villa,Free Sale,30-04-2025,Fri handel,30-04-2025,3.750.000,3,Tjørneholmen 4,Taastrup,1,Fjernvarme/blokvarme,/adresse/tjoerneholmen-4-2630-taastrup-01698445___4_______,127.0,2630.0,Metal,5.0,boligsiden,https://www.boligsiden.dk/adresse/tjoerneholmen-4-2630-taastrup-01698445___4_______,Mursten,129
tjoerneholmen-4-2630-taastrup-01698445___4_______,Villa,Family Sale,18-05-2022,Familie handel,18-05-2022,1.925.000,3,Tjørneholmen 4,Taastrup,1,Fjernvarme/blokvarme,/adresse/tjoerneholmen-4-2630-taastrup-01698445___4_______,127.0,2630.0,Metal,5.0,boligsiden,https://www.boligsiden.dk/adresse/tjoerneholmen-4-2630-taastrup-01698445___4_______,Mursten,129
tjoerneholmen-4-2630-taastrup-01698445___4_______,Villa,Free Sale,04-06-2018,Fri handel,04-06-2018,2.800.000,3,Tjørneholmen 4,Taastrup,1,Fjernvarme/blokvarme,/adresse/tjoerneholmen-4-2630-taastrup-01698445___4_______,127.0,2630.0,Metal,5.0,boligsiden,https://www.boligsiden.dk/adresse/tjoerneholmen-4-2630-taastrup-01698445___4_______,Mursten,129
lindevangshusene-70-2-tv-2630-taastrup-01694520__70__2__tv,Ejerlejlighed,Family Sale,30-04-2025,Familie handel,30-04-2025,646.000,3,"Lindevangshusene 70, 2. tv.",Taastrup,1,Fjernvarme/blokvarme,/adresse/lindevangshusene-70-2-tv-2630-taastrup-01694520__70__2__tv,64.0,2630.0,Betontagsten,2.0,boligsiden,https://www.boligsiden.dk/adresse/lindevangshusene-70-2-tv-2630-taastrup-01694520__70__2__tv,Mursten,Ikke oplyst
lindevangshusene-70-2-tv-2630-taastrup-01694520__70__2__tv,Ejerlejlighed,Free Sale,30-05-2024,Fri handel,30-05-2024,1.650.000,3,"Lindevangshusene 70, 2. tv.",Taastrup,1,Fjernvarme/blokvarme,/adresse/lindevangshusene-70-2-tv-2630-taastrup-01694520__70__2__tv,64.0,2630.0,Betontagsten,2.0,boligsiden,https://www.boligsiden.dk/adresse/lindevangshusene-70-2-tv-2630-taastrup-01694520__70__2__tv,Mursten,Ikke oplyst
lindevangshusene-70-2-tv-2630-taastrup-01694520__70__2__tv,Ejerlejlighed,Free Sale,08-02-2022,Fri handel,08-02-2022,1.695.000,3,"Lindevangshusene 70, 2. tv.",Taastrup,1,Fjernvarme/blokvarme,/adresse/lindevangshusene-70-2-tv-2630-taastrup-01694520__70__2__tv,64.0,2630.0,Betontagsten,2.0,boligsiden,https://www.boligsiden.dk/adresse/lindevangshusene-70-2-tv-2630-taastrup-01694520__70__2__tv,Mursten,Ikke oplyst
fagerbo-1-2640-hedehusene-01691597___1_______,Rækkehus,Free Sale,30-04-2025,Fri handel,30-04-2025,3.265.000,3,Fagerbo 1,Hedehusene,1,Fjernvarme/blokvarme,/adresse/fagerbo-1-2640-hedehusene-01691597___1_______,120.0,2640.0,Fibercement herunder asbest,4.0,boligsiden,https://www.boligsiden.dk/adresse/fagerbo-1-2640-hedehusene-01691597___1_______,Mursten,121.05
fagerbo-1-2640-hedehusene-01691597___1_______,Rækkehus,Free Sale,10-07-2020,Fri handel,10-07-2020,2.650.000,3,Fagerbo 1,Hedehusene,1,Fjernvarme/blokvarme,/adresse/fagerbo-1-2640-hedehusene-01691597___1_______,120.0,2640.0,Fibercement herunder asbest,4.0,boligsiden,https://www.boligsiden.dk/adresse/fagerbo-1-2640-hedehusene-01691597___1_______,Mursten,121.05
fagerbo-1-2640-hedehusene-01691597___1_______,Rækkehus,Free Sale,03-04-2017,Fri handel,03-04-2017,2.275.000,3,Fagerbo 1,Hedehusene,1,Fjernvarme/blokvarme,/adresse/fagerbo-1-2640-hedehusene-01691597___1_______,120.0,2640.0,Fibercement herunder asbest,4.0,boligsiden,https://www.boligsiden.dk/adresse/fagerbo-1-2640-hedehusene-01691597___1_______,Mursten,121.05
askebyvej-10-2830-virum-01730031__10_______,Rækkehus,Free Sale,30-04-2025,Fri handel,30-04-2025,6.825.000,3,Askebyvej 10,Virum,2,Fjernvarme/blokvarme,/adresse/askebyvej-10-2830-virum-01730031__10_______,129.0,2830.0,Tagpap med lille hældning,5.0,boligsiden,https://www.boligsiden.dk/adresse/askebyvej-10-2830-virum-01730031__10_______,Fibercement uden asbest,139
askebyvej-10-2830-virum-01730031__10_______,Rækkehus,Family Sale,14-02-2011,Familie handel,14-02-2011,1.500.000,3,Askebyvej 10,Virum,2,Fjernvarme/blokvarme,/adresse/askebyvej-10-2830-virum-01730031__10_______,129.0,2830.0,Tagpap med lille hældning,5.0,boligsiden,https://www.boligsiden.dk/adresse/askebyvej-10-2830-virum-01730031__10_______,Fibercement uden asbest,139
askebyvej-10-2830-virum-01730031__10_______,Rækkehus,Free Sale,17-01-2008,Fri handel,17-01-2008,3.750.000,3,Askebyvej 10,Virum,2,Fjernvarme/blokvarme,/adresse/askebyvej-10-2830-virum-01730031__10_______,129.0,2830.0,Tagpap med lille hældning,5.0,boligsiden,https://www.boligsiden.dk/adresse/askebyvej-10-2830-virum-01730031__10_______,Fibercement uden asbest,139
rebaek-soepark-3-16-1606-2650-hvidovre-01676690___3_161606,Ejerlejlighed,Free Sale,30-04-2025,Fri handel,30-04-2025,1.870.000,3,"Rebæk Søpark 3, 16. 1606.",Hvidovre,1,Fjernvarme/blokvarme,/adresse/rebaek-soepark-3-16-1606-2650-hvidovre-01676690___3_161606,63.0,2650.0,Tagpap med stor hældning,2.0,boligsiden,https://www.boligsiden.dk/adresse/rebaek-soepark-3-16-1606-2650-hvidovre-01676690___3_161606,Letbetonsten,Ikke oplyst
rebaek-soepark-3-16-1606-2650-hvidovre-01676690___3_161606,Ejerlejlighed,Family Sale,18-08-2022,Familie handel,18-08-2022,1.274.500,3,"Rebæk Søpark 3, 16. 1606.",Hvidovre,1,Fjernvarme/blokvarme,/adresse/rebaek-soepark-3-16-1606-2650-hvidovre-01676690___3_161606,63.0,2650.0,Tagpap med stor hældning,2.0,boligsiden,https://www.boligsiden.dk/adresse/rebaek-soepark-3-16-1606-2650-hvidovre-01676690___3_161606,Letbetonsten,Ikke oplyst
rebaek-soepark-3-16-1606-2650-hvidovre-01676690___3_161606,Ejerlejlighed,Free Sale,06-02-2018,Fri handel,06-02-2018,1.274.500,3,"Rebæk Søpark 3, 16. 1606.",Hvidovre,1,Fjernvarme/blokvarme,/adresse/rebaek-soepark-3-16-1606-2650-hvidovre-01676690___3_161606,63.0,2650.0,Tagpap med stor hældning,2.0,boligsiden,https://www.boligsiden.dk/adresse/rebaek-soepark-3-16-1606-2650-hvidovre-01676690___3_161606,Letbetonsten,Ikke oplyst
dronning-louises-vej-19-2920-charlottenlund-01570146__19_______,Villa,Free Sale,30-04-2025,Fri handel,30-04-2025,24.850.000,3,Dronning Louises Vej 19,Charlottenlund,2,Fjernvarme/blokvarme,/adresse/dronning-louises-vej-19-2920-charlottenlund-01570146__19_______,345.0,2920.0,Betontagsten,10.0,boligsiden,https://www.boligsiden.dk/adresse/dronning-louises-vej-19-2920-charlottenlund-01570146__19_______,Mursten,391.45
dronning-louises-vej-19-2920-charlottenlund-01570146__19_______,Villa,Free Sale,30-04-2025,Fri handel,30-04-2025,24.850.000,3,Dronning Louises Vej 19,Charlottenlund,2,Fjernvarme/blokvarme,/adresse/dronning-louises-vej-19-2920-charlottenlund-01570146__19_______,345.0,2920.0,Betontagsten,10.0,boligsiden,https://www.boligsiden.dk/adresse/dronning-louises-vej-19-2920-charlottenlund-01570146__19_______,Mursten,391.45
dronning-louises-vej-19-2920-charlottenlund-01570146__19_______,Villa,Free Sale,05-04-2019,Fri handel,05-04-2019,14.100.000,3,Dronning Louises Vej 19,Charlottenlund,2,Fjernvarme/blokvarme,/adresse/dronning-louises-vej-19-2920-charlottenlund-01570146__19_______,345.0,2920.0,Betontagsten,10.0,boligsiden,https://www.boligsiden.dk/adresse/dronning-louises-vej-19-2920-charlottenlund-01570146__19_______,Mursten,391.45
dronning-louises-vej-19-2920-charlottenlund-01570146__19_______,Villa,Free Sale,05-04-2019,Fri handel,05-04-2019,14.100.000,3,Dronning Louises Vej 19,Charlottenlund,2,Fjernvarme/blokvarme,/adresse/dronning-louises-vej-19-2920-charlottenlund-01570146__19_______,345.0,2920.0,Betontagsten,10.0,boligsiden,https://www.boligsiden.dk/adresse/dronning-louises-vej-19-2920-charlottenlund-01570146__19_______,Mursten,391.45
dronning-louises-vej-19-2920-charlottenlund-01570146__19_______,Villa,Free Sale,22-11-2012,Fri handel,22-11-2012,8.300.000,3,Dronning Louises Vej 19,Charlottenlund,2,Fjernvarme/blokvarme,/adresse/dronning-louises-vej-19-2920-charlottenlund-01570146__19_______,345.0,2920.0,Betontagsten,10.0,boligsiden,https://www.boligsiden.dk/adresse/dronning-louises-vej-19-2920-charlottenlund-01570146__19_______,Mursten,391.45
dronning-louises-vej-19-2920-charlottenlund-01570146__19_______,Villa,Free Sale,22-11-2012,Fri handel,22-11-2012,8.300.000,3,Dronning Louises Vej 19,Charlottenlund,2,Fjernvarme/blokvarme,/adresse/dronning-louises-vej-19-2920-charlottenlund-01570146__19_______,345.0,2920.0,Betontagsten,10.0,boligsiden,https://www.boligsiden.dk/adresse/dronning-louises-vej-19-2920-charlottenlund-01570146__19_______,Mursten,391.45
soenderskovvej-9-2740-skovlunde-01510673___9_______,Villa,Free Sale,30-04-2025,Fri handel,30-04-2025,3.300.000,2,Sønderskovvej 9,Skovlunde,1,Ovn til fast og flydende brændsel,/adresse/soenderskovvej-9-2740-skovlunde-01510673___9_______,81.0,2740.0,Tagpap med stor hældning,3.0,boligsiden,https://www.boligsiden.dk/adresse/soenderskovvej-9-2740-skovlunde-01510673___9_______,Bindingsværk,89.25
soenderskovvej-9-2740-skovlunde-01510673___9_______,Villa,Free Sale,30-04-2025,Fri handel,30-04-2025,3.300.000,2,Sønderskovvej 9,Skovlunde,1,Ovn til fast og flydende brændsel,/adresse/soenderskovvej-9-2740-skovlunde-01510673___9_______,81.0,2740.0,Tagpap med stor hældning,3.0,boligsiden,https://www.boligsiden.dk/adresse/soenderskovvej-9-2740-skovlunde-01510673___9_______,Bindingsværk,89.25
soenderskovvej-9-2740-skovlunde-01510673___9_______,Villa,Family Sale,01-08-1999,Familie handel,01-08-1999,400.000,2,Sønderskovvej 9,Skovlunde,1,Ovn til fast og flydende brændsel,/adresse/soenderskovvej-9-2740-skovlunde-01510673___9_______,81.0,2740.0,Tagpap med stor hældning,3.0,boligsiden,https://www.boligsiden.dk/adresse/soenderskovvej-9-2740-skovlunde-01510673___9_______,Bindingsværk,89.25
soenderskovvej-9-2740-skovlunde-01510673___9_______,Villa,Family Sale,01-08-1999,Familie handel,01-08-1999,400.000,2,Sønderskovvej 9,Skovlunde,1,Ovn til fast og flydende brændsel,/adresse/soenderskovvej-9-2740-skovlunde-01510673___9_______,81.0,2740.0,Tagpap med stor hældning,3.0,boligsiden,https://www.boligsiden.dk/adresse/soenderskovvej-9-2740-skovlunde-01510673___9_______,Bindingsværk,89.25
ved-lindelund-102-2605-broendby-01530763_102_______,Villa,Free Sale,30-04-2025,Fri handel,30-04-2025,5.495.000,1,Ved Lindelund 102,Brøndby,1,Fjernvarme/blokvarme,/adresse/ved-lindelund-102-2605-broendby-01530763_102_______,143.0,2605.0,Fibercement herunder asbest,4.0,boligsiden,https://www.boligsiden.dk/adresse/ved-lindelund-102-2605-broendby-01530763_102_______,Mursten,166.8
kaerlunden-33-2660-broendby-strand-01530362__33_______,Villa,Free Sale,30-04-2025,Fri handel,30-04-2025,4.630.000,3,Kærlunden 33,Brøndby Strand,1,Fjernvarme/blokvarme,/adresse/kaerlunden-33-2660-broendby-strand-01530362__33_______,160.0,2660.0,Betontagsten,6.0,boligsiden,https://www.boligsiden.dk/adresse/kaerlunden-33-2660-broendby-strand-01530362__33_______,Mursten,164.8
kaerlunden-33-2660-broendby-strand-01530362__33_______,Villa,Free Sale,27-03-2015,Fri handel,27-03-2015,3.375.000,3,Kærlunden 33,Brøndby Strand,1,Fjernvarme/blokvarme,/adresse/kaerlunden-33-2660-broendby-strand-01530362__33_______,160.0,2660.0,Betontagsten,6.0,boligsiden,https://www.boligsiden.dk/adresse/kaerlunden-33-2660-broendby-strand-01530362__33_______,Mursten,164.8
kaerlunden-33-2660-broendby-strand-01530362__33_______,Villa,Free Sale,29-01-2009,Fri handel,29-01-2009,2.000.000,3,Kærlunden 33,Brøndby Strand,1,Fjernvarme/blokvarme,/adresse/kaerlunden-33-2660-broendby-strand-01530362__33_______,160.0,2660.0,Betontagsten,6.0,boligsiden,https://www.boligsiden.dk/adresse/kaerlunden-33-2660-broendby-strand-01530362__33_______,Mursten,164.8
gyngemose-parkvej-24-6-th-2860-soeborg-01590259__24__6__th,Ejerlejlighed,Other,30-04-2025,Andet,30-04-2025,1.435.282,2,"Gyngemose Parkvej 24, 6. th.",Søborg,1,Fjernvarme/blokvarme,/adresse/gyngemose-parkvej-24-6-th-2860-soeborg-01590259__24__6__th,100.0,2860.0,Tagpap med lille hældning,4.0,boligsiden,https://www.boligsiden.dk/adresse/gyngemose-parkvej-24-6-th-2860-soeborg-01590259__24__6__th,Mursten,Ikke oplyst
gyngemose-parkvej-24-6-th-2860-soeborg-01590259__24__6__th,Ejerlejlighed,Free Sale,01-11-2015,Fri handel,01-11-2015,2.750.000,2,"Gyngemose Parkvej 24, 6. th.",Søborg,1,Fjernvarme/blokvarme,/adresse/gyngemose-parkvej-24-6-th-2860-soeborg-01590259__24__6__th,100.0,2860.0,Tagpap med lille hældning,4.0,boligsiden,https://www.boligsiden.dk/adresse/gyngemose-parkvej-24-6-th-2860-soeborg-01590259__24__6__th,Mursten,Ikke oplyst
baneledet-23-2830-virum-01730046__23_______,Rækkehus,Free Sale,30-04-2025,Fri handel,30-04-2025,6.350.000,1,Baneledet 23,Virum,1,Centralvarme med én fyringsenhed,/adresse/baneledet-23-2830-virum-01730046__23_______,143.0,2830.0,Tegl,5.0,boligsiden,https://www.boligsiden.dk/adresse/baneledet-23-2830-virum-01730046__23_______,Mursten,167.5
praestehusene-55-2620-albertslund-01650367__55_______,Rækkehus,Free Sale,30-04-2025,Fri handel,30-04-2025,3.650.000,3,Præstehusene 55,Albertslund,2,Fjernvarme/blokvarme,/adresse/praestehusene-55-2620-albertslund-01650367__55_______,152.0,2620.0,Tagpap med lille hældning,3.0,boligsiden,https://www.boligsiden.dk/adresse/praestehusene-55-2620-albertslund-01650367__55_______,Betonelementer,159.25
praestehusene-55-2620-albertslund-01650367__55_______,Rækkehus,Free Sale,01-12-2022,Fri handel,01-12-2022,2.900.000,3,Præstehusene 55,Albertslund,2,Fjernvarme/blokvarme,/adresse/praestehusene-55-2620-albertslund-01650367__55_______,152.0,2620.0,Tagpap med lille hældning,3.0,boligsiden,https://www.boligsiden.dk/adresse/praestehusene-55-2620-albertslund-01650367__55_______,Betonelementer,159.25
praestehusene-55-2620-albertslund-01650367__55_______,Rækkehus,Free Sale,24-03-2014,Fri handel,24-03-2014,2.400.000,3,Præstehusene 55,Albertslund,2,Fjernvarme/blokvarme,/adresse/praestehusene-55-2620-albertslund-01650367__55_______,152.0,2620.0,Tagpap med lille hældning,3.0,boligsiden,https://www.boligsiden.dk/adresse/praestehusene-55-2620-albertslund-01650367__55_______,Betonelementer,159.25
soevangen-41-2635-ishoej-01830690__41_______,Villa,Free Sale,30-04-2025,Fri handel,30-04-2025,6.125.000,1,Søvangen 41,Ishøj,1,Centralvarme med én fyringsenhed,/adresse/soevangen-41-2635-ishoej-01830690__41_______,187.0,2635.0,Tagpap med lille hældning,5.0,boligsiden,https://www.boligsiden.dk/adresse/soevangen-41-2635-ishoej-01830690__41_______,Letbetonsten,201.05
skebyvej-3-2740-skovlunde-01510652___3_______,Villa,Family Sale,30-04-2025,Familie handel,30-04-2025,2.071.500,3,Skebyvej 3,Skovlunde,1,Centralvarme med én fyringsenhed,/adresse/skebyvej-3-2740-skovlunde-01510652___3_______,113.0,2740.0,Fibercement herunder asbest,4.0,boligsiden,https://www.boligsiden.dk/adresse/skebyvej-3-2740-skovlunde-01510652___3_______,Mursten,164.95
skebyvej-3-2740-skovlunde-01510652___3_______,Villa,Free Sale,26-04-2000,Fri handel,26-04-2000,1.595.590,3,Skebyvej 3,Skovlunde,1,Centralvarme med én fyringsenhed,/adresse/skebyvej-3-2740-skovlunde-01510652___3_______,113.0,2740.0,Fibercement herunder asbest,4.0,boligsiden,https://www.boligsiden.dk/adresse/skebyvej-3-2740-skovlunde-01510652___3_______,Mursten,164.95
skebyvej-3-2740-skovlunde-01510652___3_______,Villa,Free Sale,15-11-1996,Fri handel,15-11-1996,1.260.000,3,Skebyvej 3,Skovlunde,1,Centralvarme med én fyringsenhed,/adresse/skebyvej-3-2740-skovlunde-01510652___3_______,113.0,2740.0,Fibercement herunder asbest,4.0,boligsiden,https://www.boligsiden.dk/adresse/skebyvej-3-2740-skovlunde-01510652___3_______,Mursten,164.95
ulsevej-36-2650-hvidovre-01679110__36_______,Rækkehus,Free Sale,30-04-2025,Fri handel,30-04-2025,4.560.000,3,Ulsevej 36,Hvidovre,1,Centralvarme med én fyringsenhed,/adresse/ulsevej-36-2650-hvidovre-01679110__36_______,106.0,2650.0,Fibercement herunder asbest,5.0,boligsiden,https://www.boligsiden.dk/adresse/ulsevej-36-2650-hvidovre-01679110__36_______,Mursten,103.05
ulsevej-36-2650-hvidovre-01679110__36_______,Rækkehus,Free Sale,08-02-2024,Fri handel,08-02-2024,4.450.000,3,Ulsevej 36,Hvidovre,1,Centralvarme med én fyringsenhed,/adresse/ulsevej-36-2650-hvidovre-01679110__36_______,106.0,2650.0,Fibercement herunder asbest,5.0,boligsiden,https://www.boligsiden.dk/adresse/ulsevej-36-2650-hvidovre-01679110__36_______,Mursten,103.05
ulsevej-36-2650-hvidovre-01679110__36_______,Rækkehus,Free Sale,20-05-2020,Fri handel,20-05-2020,3.100.000,3,Ulsevej 36,Hvidovre,1,Centralvarme med én fyringsenhed,/adresse/ulsevej-36-2650-hvidovre-01679110__36_______,106.0,2650.0,Fibercement herunder asbest,5.0,boligsiden,https://www.boligsiden.dk/adresse/ulsevej-36-2650-hvidovre-01679110__36_______,Mursten,103.05
baekkebo-13-2870-dyssegaard-01570098__13_______,Villa,Free Sale,30-04-2025,Fri handel,30-04-2025,8.712.500,2,Bækkebo 13,Dyssegård,1,Fjernvarme/blokvarme,/adresse/baekkebo-13-2870-dyssegaard-01570098__13_______,101.0,2870.0,Tegl,4.0,boligsiden,https://www.boligsiden.dk/adresse/baekkebo-13-2870-dyssegaard-01570098__13_______,Mursten,126.45
baekkebo-13-2870-dyssegaard-01570098__13_______,Villa,Free Sale,17-01-2019,Fri handel,17-01-2019,6.125.000,2,Bækkebo 13,Dyssegård,1,Fjernvarme/blokvarme,/adresse/baekkebo-13-2870-dyssegaard-01570098__13_______,101.0,2870.0,Tegl,4.0,boligsiden,https://www.boligsiden.dk/adresse/baekkebo-13-2870-dyssegaard-01570098__13_______,Mursten,126.45
jaegergangen-106-2880-bagsvaerd-01590383_106_______,Villa,Free Sale,30-04-2025,Fri handel,30-04-2025,8.700.000,2,Jægergangen 106,Bagsværd,1,Centralvarme med én fyringsenhed,/adresse/jaegergangen-106-2880-bagsvaerd-01590383_106_______,184.0,2880.0,Tagpap med stor hældning,5.0,boligsiden,https://www.boligsiden.dk/adresse/jaegergangen-106-2880-bagsvaerd-01590383_106_______,Mursten,192.8
jaegergangen-106-2880-bagsvaerd-01590383_106_______,Villa,Free Sale,13-12-2016,Fri handel,13-12-2016,2.410.000,2,Jægergangen 106,Bagsværd,1,Centralvarme med én fyringsenhed,/adresse/jaegergangen-106-2880-bagsvaerd-01590383_106_______,184.0,2880.0,Tagpap med stor hældning,5.0,boligsiden,https://www.boligsiden.dk/adresse/jaegergangen-106-2880-bagsvaerd-01590383_106_______,Mursten,192.8
hvedemarksvej-13-2605-broendby-01530251__13_______,Villa,Free Sale,30-04-2025,Fri handel,30-04-2025,3.150.000,2,Hvedemarksvej 13,Brøndby,1,Centralvarme med én fyringsenhed,/adresse/hvedemarksvej-13-2605-broendby-01530251__13_______,76.0,2605.0,Fibercement herunder asbest,2.0,boligsiden,https://www.boligsiden.dk/adresse/hvedemarksvej-13-2605-broendby-01530251__13_______,Træ,80.85
hvedemarksvej-13-2605-broendby-01530251__13_______,Villa,Free Sale,11-10-1993,Fri handel,11-10-1993,450.000,2,Hvedemarksvej 13,Brøndby,1,Centralvarme med én fyringsenhed,/adresse/hvedemarksvej-13-2605-broendby-01530251__13_______,76.0,2605.0,Fibercement herunder asbest,2.0,boligsiden,https://www.boligsiden.dk/adresse/hvedemarksvej-13-2605-broendby-01530251__13_______,Træ,80.85
hedekaeret-3-2-tv-2640-hedehusene-01692652___3__2__tv,Ejerlejlighed,Free Sale,29-04-2025,Fri handel,29-04-2025,1.750.000,3,"Hedekæret 3, 2. tv.",Hedehusene,1,Fjernvarme/blokvarme,/adresse/hedekaeret-3-2-tv-2640-hedehusene-01692652___3__2__tv,70.0,2640.0,Fibercement herunder asbest,3.0,boligsiden,https://www.boligsiden.dk/adresse/hedekaeret-3-2-tv-2640-hedehusene-01692652___3__2__tv,Mursten,Ikke oplyst
hedekaeret-3-2-tv-2640-hedehusene-01692652___3__2__tv,Ejerlejlighed,Free Sale,16-12-2022,Fri handel,16-12-2022,1.525.000,3,"Hedekæret 3, 2. tv.",Hedehusene,1,Fjernvarme/blokvarme,/adresse/hedekaeret-3-2-tv-2640-hedehusene-01692652___3__2__tv,70.0,2640.0,Fibercement herunder asbest,3.0,boligsiden,https://www.boligsiden.dk/adresse/hedekaeret-3-2-tv-2640-hedehusene-01692652___3__2__tv,Mursten,Ikke oplyst
hedekaeret-3-2-tv-2640-hedehusene-01692652___3__2__tv,Ejerlejlighed,Free Sale,26-06-2011,Fri handel,26-06-2011,960.000,3,"Hedekæret 3, 2. tv.",Hedehusene,1,Fjernvarme/blokvarme,/adresse/hedekaeret-3-2-tv-2640-hedehusene-01692652___3__2__tv,70.0,2640.0,Fibercement herunder asbest,3.0,boligsiden,https://www.boligsiden.dk/adresse/hedekaeret-3-2-tv-2640-hedehusene-01692652___3__2__tv,Mursten,Ikke oplyst
irisvej-5-2600-glostrup-01610253___5_______,Villa,Family Sale,25-04-2025,Familie handel,25-04-2025,1.161.200,2,Irisvej 5,Glostrup,1,Centralvarme med én fyringsenhed,/adresse/irisvej-5-2600-glostrup-01610253___5_______,146.0,2600.0,Fibercement herunder asbest,5.0,boligsiden,https://www.boligsiden.dk/adresse/irisvej-5-2600-glostrup-01610253___5_______,Mursten,147.7
irisvej-5-2600-glostrup-01610253___5_______,Villa,Free Sale,01-07-2024,Fri handel,01-07-2024,2.900.000,2,Irisvej 5,Glostrup,1,Centralvarme med én fyringsenhed,/adresse/irisvej-5-2600-glostrup-01610253___5_______,146.0,2600.0,Fibercement herunder asbest,5.0,boligsiden,https://www.boligsiden.dk/adresse/irisvej-5-2600-glostrup-01610253___5_______,Mursten,147.7
lindebo-11-2-72-2630-taastrup-01694470__11__2__72,Ejerlejlighed,Free Sale,23-04-2025,Fri handel,23-04-2025,2.000.000,3,"Lindebo 11, 2. 72.",Taastrup,1,Fjernvarme/blokvarme,/adresse/lindebo-11-2-72-2630-taastrup-01694470__11__2__72,79.0,2630.0,Fibercement herunder asbest,3.0,boligsiden,https://www.boligsiden.dk/adresse/lindebo-11-2-72-2630-taastrup-01694470__11__2__72,Mursten,Ikke oplyst
lindebo-11-2-72-2630-taastrup-01694470__11__2__72,Ejerlejlighed,Free Sale,06-04-2022,Fri handel,06-04-2022,895.000,3,"Lindebo 11, 2. 72.",Taastrup,1,Fjernvarme/blokvarme,/adresse/lindebo-11-2-72-2630-taastrup-01694470__11__2__72,79.0,2630.0,Fibercement herunder asbest,3.0,boligsiden,https://www.boligsiden.dk/adresse/lindebo-11-2-72-2630-taastrup-01694470__11__2__72,Mursten,Ikke oplyst
lindebo-11-2-72-2630-taastrup-01694470__11__2__72,Ejerlejlighed,Free Sale,06-05-2021,Fri handel,06-05-2021,2.080.000,3,"Lindebo 11, 2. 72.",Taastrup,1,Fjernvarme/blokvarme,/adresse/lindebo-11-2-72-2630-taastrup-01694470__11__2__72,79.0,2630.0,Fibercement herunder asbest,3.0,boligsiden,https://www.boligsiden.dk/adresse/lindebo-11-2-72-2630-taastrup-01694470__11__2__72,Mursten,Ikke oplyst
eremitageparken-249-2800-kongens-lyngby-01730209_249_______,Rækkehus,Free Sale,22-04-2025,Fri handel,22-04-2025,3.600.000,1,Eremitageparken 249,Kongens Lyngby,1,Fjernvarme/blokvarme,/adresse/eremitageparken-249-2800-kongens-lyngby-01730209_249_______,108.0,2800.0,Tagpap med lille hældning,4.0,boligsiden,https://www.boligsiden.dk/adresse/eremitageparken-249-2800-kongens-lyngby-01730209_249_______,Betonelementer,Ikke oplyst
hovedgaden-460-2640-hedehusene-01692896_460_______,Villa,Free Sale,20-04-2025,Fri handel,20-04-2025,4.050.000,3,Hovedgaden 460,Hedehusene,1,Fjernvarme/blokvarme,/adresse/hovedgaden-460-2640-hedehusene-01692896_460_______,139.0,2640.0,Tegl,5.0,boligsiden,https://www.boligsiden.dk/adresse/hovedgaden-460-2640-hedehusene-01692896_460_______,Mursten,147.8
hovedgaden-460-2640-hedehusene-01692896_460_______,Villa,Free Sale,02-09-2020,Fri handel,02-09-2020,3.495.000,3,Hovedgaden 460,Hedehusene,1,Fjernvarme/blokvarme,/adresse/hovedgaden-460-2640-hedehusene-01692896_460_______,139.0,2640.0,Tegl,5.0,boligsiden,https://www.boligsiden.dk/adresse/hovedgaden-460-2640-hedehusene-01692896_460_______,Mursten,147.8
hovedgaden-460-2640-hedehusene-01692896_460_______,Villa,Free Sale,16-09-2014,Fri handel,16-09-2014,2.825.000,3,Hovedgaden 460,Hedehusene,1,Fjernvarme/blokvarme,/adresse/hovedgaden-460-2640-hedehusene-01692896_460_______,139.0,2640.0,Tegl,5.0,boligsiden,https://www.boligsiden.dk/adresse/hovedgaden-460-2640-hedehusene-01692896_460_______,Mursten,147.8
kvaedevej-33-2830-virum-01730480__33_______,Rækkehus,Free Sale,17-04-2025,Fri handel,17-04-2025,5.675.000,3,Kvædevej 33,Virum,1,Centralvarme med én fyringsenhed,/adresse/kvaedevej-33-2830-virum-01730480__33_______,92.0,2830.0,Tegl,3.0,boligsiden,https://www.boligsiden.dk/adresse/kvaedevej-33-2830-virum-01730480__33_______,Mursten,100.5
kvaedevej-33-2830-virum-01730480__33_______,Rækkehus,Free Sale,09-04-2018,Fri handel,09-04-2018,3.565.000,3,Kvædevej 33,Virum,1,Centralvarme med én fyringsenhed,/adresse/kvaedevej-33-2830-virum-01730480__33_______,92.0,2830.0,Tegl,3.0,boligsiden,https://www.boligsiden.dk/adresse/kvaedevej-33-2830-virum-01730480__33_______,Mursten,100.5
kvaedevej-33-2830-virum-01730480__33_______,Rækkehus,Free Sale,06-11-2014,Fri handel,06-11-2014,2.700.000,3,Kvædevej 33,Virum,1,Centralvarme med én fyringsenhed,/adresse/kvaedevej-33-2830-virum-01730480__33_______,92.0,2830.0,Tegl,3.0,boligsiden,https://www.boligsiden.dk/adresse/kvaedevej-33-2830-virum-01730480__33_______,Mursten,100.5
ingeborgvej-51b-2900-hellerup-01570400_51b_______,Villa,Free Sale,16-04-2025,Fri handel,16-04-2025,9.103.000,3,,,,,,,,,,,,,
ingeborgvej-51b-2900-hellerup-01570400_51b_______,Villa,Free Sale,26-06-2020,Fri handel,26-06-2020,9.100.000,3,,,,,,,,,,,,,
ingeborgvej-51b-2900-hellerup-01570400_51b_______,Villa,Free Sale,03-06-2015,Fri handel,03-06-2015,8.225.000,3,,,,,,,,,,,,,
hyrdeengen-361-2625-vallensbaek-01872556_361_______,Rækkehus,Free Sale,16-04-2025,Fri handel,16-04-2025,3.155.000,3,Hyrdeengen 361,Vallensbæk,1,Fjernvarme/blokvarme,/adresse/hyrdeengen-361-2625-vallensbaek-01872556_361_______,130.0,2625.0,Tagpap med lille hældning,4.0,boligsiden,https://www.boligsiden.dk/adresse/hyrdeengen-361-2625-vallensbaek-01872556_361_______,Træ,128.75
hyrdeengen-361-2625-vallensbaek-01872556_361_______,Rækkehus,Family Sale,19-03-2023,Familie handel,19-03-2023,1.425.000,3,Hyrdeengen 361,Vallensbæk,1,Fjernvarme/blokvarme,/adresse/hyrdeengen-361-2625-vallensbaek-01872556_361_______,130.0,2625.0,Tagpap med lille hældning,4.0,boligsiden,https://www.boligsiden.dk/adresse/hyrdeengen-361-2625-vallensbaek-01872556_361_______,Træ,128.75
hyrdeengen-361-2625-vallensbaek-01872556_361_______,Rækkehus,Free Sale,10-07-2017,Fri handel,10-07-2017,2.450.000,3,Hyrdeengen 361,Vallensbæk,1,Fjernvarme/blokvarme,/adresse/hyrdeengen-361-2625-vallensbaek-01872556_361_______,130.0,2625.0,Tagpap med lille hældning,4.0,boligsiden,https://www.boligsiden.dk/adresse/hyrdeengen-361-2625-vallensbaek-01872556_361_______,Træ,128.75
kavsbjerglund-8-2740-skovlunde-01510606___8_______,Villa,Family Sale,16-04-2025,Familie handel,16-04-2025,600.000,3,Kavsbjerglund 8,Skovlunde,1,Centralvarme med én fyringsenhed,/adresse/kavsbjerglund-8-2740-skovlunde-01510606___8_______,142.0,2740.0,Betontagsten,5.0,boligsiden,https://www.boligsiden.dk/adresse/kavsbjerglund-8-2740-skovlunde-01510606___8_______,Mursten,141.75
kavsbjerglund-8-2740-skovlunde-01510606___8_______,Villa,Free Sale,18-05-2017,Fri handel,18-05-2017,3.350.000,3,Kavsbjerglund 8,Skovlunde,1,Centralvarme med én fyringsenhed,/adresse/kavsbjerglund-8-2740-skovlunde-01510606___8_______,142.0,2740.0,Betontagsten,5.0,boligsiden,https://www.boligsiden.dk/adresse/kavsbjerglund-8-2740-skovlunde-01510606___8_______,Mursten,141.75
kavsbjerglund-8-2740-skovlunde-01510606___8_______,Villa,Free Sale,13-06-1993,Fri handel,13-06-1993,544.968,3,Kavsbjerglund 8,Skovlunde,1,Centralvarme med én fyringsenhed,/adresse/kavsbjerglund-8-2740-skovlunde-01510606___8_______,142.0,2740.0,Betontagsten,5.0,boligsiden,https://www.boligsiden.dk/adresse/kavsbjerglund-8-2740-skovlunde-01510606___8_______,Mursten,141.75
ved-fortunen-13-2800-kongens-lyngby-01730843__13_______,Villa,Free Sale,14-04-2025,Fri handel,14-04-2025,12.000.000,2,Ved Fortunen 13,Kongens Lyngby,1,Centralvarme med én fyringsenhed,/adresse/ved-fortunen-13-2800-kongens-lyngby-01730843__13_______,211.0,2800.0,Tegl,5.0,boligsiden,https://www.boligsiden.dk/adresse/ved-fortunen-13-2800-kongens-lyngby-01730843__13_______,Mursten,212.55
ved-fortunen-13-2800-kongens-lyngby-01730843__13_______,Villa,Free Sale,24-02-2012,Fri handel,24-02-2012,3.500.000,2,Ved Fortunen 13,Kongens Lyngby,1,Centralvarme med én fyringsenhed,/adresse/ved-fortunen-13-2800-kongens-lyngby-01730843__13_______,211.0,2800.0,Tegl,5.0,boligsiden,https://www.boligsiden.dk/adresse/ved-fortunen-13-2800-kongens-lyngby-01730843__13_______,Mursten,212.55
i.h.mundts-vej-21-1-th-2830-virum-01730375__21__1__th,Ejerlejlighed,Free Sale,14-04-2025,Fri handel,14-04-2025,3.795.000,2,"I.H.Mundts Vej 21, 1. th.",Virum,1,Centralvarme med én fyringsenhed,/adresse/i.h.mundts-vej-21-1-th-2830-virum-01730375__21__1__th,83.0,2830.0,Tagpap med stor hældning,3.0,boligsiden,https://www.boligsiden.dk/adresse/i.h.mundts-vej-21-1-th-2830-virum-01730375__21__1__th,Mursten,Ikke oplyst
i.h.mundts-vej-21-1-th-2830-virum-01730375__21__1__th,Ejerlejlighed,Free Sale,08-07-2020,Fri handel,08-07-2020,2.650.000,2,"I.H.Mundts Vej 21, 1. th.",Virum,1,Centralvarme med én fyringsenhed,/adresse/i.h.mundts-vej-21-1-th-2830-virum-01730375__21__1__th,83.0,2830.0,Tagpap med stor hældning,3.0,boligsiden,https://www.boligsiden.dk/adresse/i.h.mundts-vej-21-1-th-2830-virum-01730375__21__1__th,Mursten,Ikke oplyst
anlaegsvej-29-2860-soeborg-01590021__29_______,Rækkehus,Free Sale,14-04-2025,Fri handel,14-04-2025,5.600.000,2,Anlægsvej 29,Søborg,1,Fjernvarme/blokvarme,/adresse/anlaegsvej-29-2860-soeborg-01590021__29_______,91.0,2860.0,Tegl,4.0,boligsiden,https://www.boligsiden.dk/adresse/anlaegsvej-29-2860-soeborg-01590021__29_______,Mursten,109.35
anlaegsvej-29-2860-soeborg-01590021__29_______,Rækkehus,Free Sale,30-06-2014,Fri handel,30-06-2014,2.000.000,2,Anlægsvej 29,Søborg,1,Fjernvarme/blokvarme,/adresse/anlaegsvej-29-2860-soeborg-01590021__29_______,91.0,2860.0,Tegl,4.0,boligsiden,https://www.boligsiden.dk/adresse/anlaegsvej-29-2860-soeborg-01590021__29_______,Mursten,109.35
toftekaersvej-71-2820-gentofte-01570871__71_______,Villa,Free Sale,14-04-2025,Fri handel,14-04-2025,5.760.000,3,Toftekærsvej 71,Gentofte,1,Ingen varmeinstallation,/adresse/toftekaersvej-71-2820-gentofte-01570871__71_______,77.0,2820.0,Tegl,2.0,boligsiden,https://www.boligsiden.dk/adresse/toftekaersvej-71-2820-gentofte-01570871__71_______,Mursten,107.8
toftekaersvej-71-2820-gentofte-01570871__71_______,Villa,Free Sale,12-12-1995,Fri handel,12-12-1995,490.000,3,Toftekærsvej 71,Gentofte,1,Ingen varmeinstallation,/adresse/toftekaersvej-71-2820-gentofte-01570871__71_______,77.0,2820.0,Tegl,2.0,boligsiden,https://www.boligsiden.dk/adresse/toftekaersvej-71-2820-gentofte-01570871__71_______,Mursten,107.8
toftekaersvej-71-2820-gentofte-01570871__71_______,Villa,Free Sale,25-07-1993,Fri handel,25-07-1993,885.000,3,Toftekærsvej 71,Gentofte,1,Ingen varmeinstallation,/adresse/toftekaersvej-71-2820-gentofte-01570871__71_______,77.0,2820.0,Tegl,2.0,boligsiden,https://www.boligsiden.dk/adresse/toftekaersvej-71-2820-gentofte-01570871__71_______,Mursten,107.8
skyttehusene-62-2620-albertslund-01650445__62_______,Rækkehus,Family Sale,14-04-2025,Familie handel,14-04-2025,1.452.500,3,Skyttehusene 62,Albertslund,2,Fjernvarme/blokvarme,/adresse/skyttehusene-62-2620-albertslund-01650445__62_______,106.0,2620.0,Tagpap med lille hældning,4.0,boligsiden,https://www.boligsiden.dk/adresse/skyttehusene-62-2620-albertslund-01650445__62_______,Betonelementer,128.2
skyttehusene-62-2620-albertslund-01650445__62_______,Rækkehus,Free Sale,30-06-2015,Fri handel,30-06-2015,2.195.000,3,Skyttehusene 62,Albertslund,2,Fjernvarme/blokvarme,/adresse/skyttehusene-62-2620-albertslund-01650445__62_______,106.0,2620.0,Tagpap med lille hældning,4.0,boligsiden,https://www.boligsiden.dk/adresse/skyttehusene-62-2620-albertslund-01650445__62_______,Betonelementer,128.2
skyttehusene-62-2620-albertslund-01650445__62_______,Rækkehus,Free Sale,18-07-2011,Fri handel,18-07-2011,1.850.000,3,Skyttehusene 62,Albertslund,2,Fjernvarme/blokvarme,/adresse/skyttehusene-62-2620-albertslund-01650445__62_______,106.0,2620.0,Tagpap med lille hældning,4.0,boligsiden,https://www.boligsiden.dk/adresse/skyttehusene-62-2620-albertslund-01650445__62_______,Betonelementer,128.2
cikoriegade-1-0-tv-2640-hedehusene-01690018___1_st__tv,Ejerlejlighed,Free Sale,14-04-2025,Fri handel,14-04-2025,2.295.000,3,"Cikoriegade 1, st. tv.",Hedehusene,1,Fjernvarme/blokvarme,/adresse/cikoriegade-1-0-tv-2640-hedehusene-01690018___1_st__tv,75.0,2640.0,Tagpap med lille hældning,3.0,boligsiden,https://www.boligsiden.dk/adresse/cikoriegade-1-0-tv-2640-hedehusene-01690018___1_st__tv,Betonelementer,Ikke oplyst
cikoriegade-1-0-tv-2640-hedehusene-01690018___1_st__tv,Ejerlejlighed,Free Sale,10-02-2023,Fri handel,10-02-2023,2.110.000,3,"Cikoriegade 1, st. tv.",Hedehusene,1,Fjernvarme/blokvarme,/adresse/cikoriegade-1-0-tv-2640-hedehusene-01690018___1_st__tv,75.0,2640.0,Tagpap med lille hældning,3.0,boligsiden,https://www.boligsiden.dk/adresse/cikoriegade-1-0-tv-2640-hedehusene-01690018___1_st__tv,Betonelementer,Ikke oplyst
cikoriegade-1-0-tv-2640-hedehusene-01690018___1_st__tv,Ejerlejlighed,Free Sale,10-10-2021,Fri handel,10-10-2021,2.295.000,3,"Cikoriegade 1, st. tv.",Hedehusene,1,Fjernvarme/blokvarme,/adresse/cikoriegade-1-0-tv-2640-hedehusene-01690018___1_st__tv,75.0,2640.0,Tagpap med lille hældning,3.0,boligsiden,https://www.boligsiden.dk/adresse/cikoriegade-1-0-tv-2640-hedehusene-01690018___1_st__tv,Betonelementer,Ikke oplyst
ved-gershoej-54-2760-maaloev-01510810__54_______,Rækkehus,Family Sale,14-04-2025,Familie handel,14-04-2025,850.000,2,Ved Gershøj 54,Måløv,1,Fjernvarme/blokvarme,/adresse/ved-gershoej-54-2760-maaloev-01510810__54_______,98.0,2760.0,Tegl,3.0,boligsiden,https://www.boligsiden.dk/adresse/ved-gershoej-54-2760-maaloev-01510810__54_______,Mursten,99.25
ved-gershoej-54-2760-maaloev-01510810__54_______,Rækkehus,Free Sale,02-02-1998,Fri handel,02-02-1998,1.339.606,2,Ved Gershøj 54,Måløv,1,Fjernvarme/blokvarme,/adresse/ved-gershoej-54-2760-maaloev-01510810__54_______,98.0,2760.0,Tegl,3.0,boligsiden,https://www.boligsiden.dk/adresse/ved-gershoej-54-2760-maaloev-01510810__54_______,Mursten,99.25
lundemarken-15-2740-skovlunde-01510617__15_______,Rækkehus,Other,14-04-2025,Andet,14-04-2025,1.400.000,1,Lundemarken 15,Skovlunde,1,Centralvarme med én fyringsenhed,/adresse/lundemarken-15-2740-skovlunde-01510617__15_______,111.0,2740.0,Tagpap med lille hældning,4.0,boligsiden,https://www.boligsiden.dk/adresse/lundemarken-15-2740-skovlunde-01510617__15_______,Mursten,111
gentoftegade-44-3-th-2820-gentofte-01570278__44__3__th,Ejerlejlighed,Free Sale,14-04-2025,Fri handel,14-04-2025,2.233.333,3,"Gentoftegade 44, 3. th.",Gentofte,1,Fjernvarme/blokvarme,/adresse/gentoftegade-44-3-th-2820-gentofte-01570278__44__3__th,112.0,2820.0,Tagpap med stor hældning,4.0,boligsiden,https://www.boligsiden.dk/adresse/gentoftegade-44-3-th-2820-gentofte-01570278__44__3__th,Mursten,Ikke oplyst
gentoftegade-44-3-th-2820-gentofte-01570278__44__3__th,Ejerlejlighed,Free Sale,03-07-2014,Fri handel,03-07-2014,4.900.000,3,"Gentoftegade 44, 3. th.",Gentofte,1,Fjernvarme/blokvarme,/adresse/gentoftegade-44-3-th-2820-gentofte-01570278__44__3__th,112.0,2820.0,Tagpap med stor hældning,4.0,boligsiden,https://www.boligsiden.dk/adresse/gentoftegade-44-3-th-2820-gentofte-01570278__44__3__th,Mursten,Ikke oplyst
gentoftegade-44-3-th-2820-gentofte-01570278__44__3__th,Ejerlejlighed,Free Sale,21-12-2012,Fri handel,21-12-2012,4.600.000,3,"Gentoftegade 44, 3. th.",Gentofte,1,Fjernvarme/blokvarme,/adresse/gentoftegade-44-3-th-2820-gentofte-01570278__44__3__th,112.0,2820.0,Tagpap med stor hældning,4.0,boligsiden,https://www.boligsiden.dk/adresse/gentoftegade-44-3-th-2820-gentofte-01570278__44__3__th,Mursten,Ikke oplyst
soebakkevej-45-2640-hedehusene-01690041__45_______,Rækkehus,Free Sale,14-04-2025,Fri handel,14-04-2025,3.720.000,3,,,,,,,,,,,,,
soebakkevej-45-2640-hedehusene-01690041__45_______,Rækkehus,Free Sale,09-01-2023,Fri handel,09-01-2023,3.600.000,3,,,,,,,,,,,,,
soebakkevej-45-2640-hedehusene-01690041__45_______,Rækkehus,Free Sale,24-02-2021,Fri handel,24-02-2021,3.495.000,3,,,,,,,,,,,,,
taastrup-have-33-0-tv-2630-taastrup-01698960__33_st__tv,Ejerlejlighed,Free Sale,14-04-2025,Fri handel,14-04-2025,1.500.000,3,"Taastrup Have 33, st. tv.",Taastrup,1,Fjernvarme/blokvarme,/adresse/taastrup-have-33-0-tv-2630-taastrup-01698960__33_st__tv,56.0,2630.0,Fibercement herunder asbest,2.0,boligsiden,https://www.boligsiden.dk/adresse/taastrup-have-33-0-tv-2630-taastrup-01698960__33_st__tv,Mursten,Ikke oplyst
taastrup-have-33-0-tv-2630-taastrup-01698960__33_st__tv,Ejerlejlighed,Free Sale,02-01-2021,Fri handel,02-01-2021,1.385.000,3,"Taastrup Have 33, st. tv.",Taastrup,1,Fjernvarme/blokvarme,/adresse/taastrup-have-33-0-tv-2630-taastrup-01698960__33_st__tv,56.0,2630.0,Fibercement herunder asbest,2.0,boligsiden,https://www.boligsiden.dk/adresse/taastrup-have-33-0-tv-2630-taastrup-01698960__33_st__tv,Mursten,Ikke oplyst
taastrup-have-33-0-tv-2630-taastrup-01698960__33_st__tv,Ejerlejlighed,Free Sale,17-11-2016,Fri handel,17-11-2016,1.040.000,3,"Taastrup Have 33, st. tv.",Taastrup,1,Fjernvarme/blokvarme,/adresse/taastrup-have-33-0-tv-2630-taastrup-01698960__33_st__tv,56.0,2630.0,Fibercement herunder asbest,2.0,boligsiden,https://www.boligsiden.dk/adresse/taastrup-have-33-0-tv-2630-taastrup-01698960__33_st__tv,Mursten,Ikke oplyst
h-p-olsens-vaenge-71-2630-taastrup-01692950__71_______,Rækkehus,Free Sale,14-04-2025,Fri handel,14-04-2025,2.100.000,3,H P Olsens Vænge 71,Taastrup,1,Fjernvarme/blokvarme,/adresse/h-p-olsens-vaenge-71-2630-taastrup-01692950__71_______,80.0,2630.0,Fibercement herunder asbest,4.0,boligsiden,https://www.boligsiden.dk/adresse/h-p-olsens-vaenge-71-2630-taastrup-01692950__71_______,Mursten,85.3
h-p-olsens-vaenge-71-2630-taastrup-01692950__71_______,Rækkehus,Free Sale,01-11-2023,Fri handel,01-11-2023,2.100.000,3,H P Olsens Vænge 71,Taastrup,1,Fjernvarme/blokvarme,/adresse/h-p-olsens-vaenge-71-2630-taastrup-01692950__71_______,80.0,2630.0,Fibercement herunder asbest,4.0,boligsiden,https://www.boligsiden.dk/adresse/h-p-olsens-vaenge-71-2630-taastrup-01692950__71_______,Mursten,85.3
h-p-olsens-vaenge-71-2630-taastrup-01692950__71_______,Rækkehus,Free Sale,11-12-2003,Fri handel,11-12-2003,1.417.600,3,H P Olsens Vænge 71,Taastrup,1,Fjernvarme/blokvarme,/adresse/h-p-olsens-vaenge-71-2630-taastrup-01692950__71_______,80.0,2630.0,Fibercement herunder asbest,4.0,boligsiden,https://www.boligsiden.dk/adresse/h-p-olsens-vaenge-71-2630-taastrup-01692950__71_______,Mursten,85.3
bydammen-31-2-tv-2750-ballerup-01510055__31__2__tv,Ejerlejlighed,Family Sale,14-04-2025,Familie handel,14-04-2025,2.995.000,2,"Bydammen 31, 2. tv.",Ballerup,1,Fjernvarme/blokvarme,/adresse/bydammen-31-2-tv-2750-ballerup-01510055__31__2__tv,92.0,2750.0,Tagpap med lille hældning,2.0,boligsiden,https://www.boligsiden.dk/adresse/bydammen-31-2-tv-2750-ballerup-01510055__31__2__tv,Mursten,Ikke oplyst
bydammen-31-2-tv-2750-ballerup-01510055__31__2__tv,Ejerlejlighed,Free Sale,06-12-2021,Fri handel,06-12-2021,2.995.000,2,"Bydammen 31, 2. tv.",Ballerup,1,Fjernvarme/blokvarme,/adresse/bydammen-31-2-tv-2750-ballerup-01510055__31__2__tv,92.0,2750.0,Tagpap med lille hældning,2.0,boligsiden,https://www.boligsiden.dk/adresse/bydammen-31-2-tv-2750-ballerup-01510055__31__2__tv,Mursten,Ikke oplyst
oktobervej-129-2860-soeborg-01590633_129_______,Villa,Free Sale,14-04-2025,Fri handel,14-04-2025,1.600.000,1,Oktobervej 129,Søborg,1,Fjernvarme/blokvarme,/adresse/oktobervej-129-2860-soeborg-01590633_129_______,103.0,2860.0,Fibercement herunder asbest,4.0,boligsiden,https://www.boligsiden.dk/adresse/oktobervej-129-2860-soeborg-01590633_129_______,Mursten,103
bagsvaerd-hovedgade-81c-3-2880-bagsvaerd-01590039_81c__3____,Ejerlejlighed,Free Sale,12-04-2025,Fri handel,12-04-2025,1.715.000,3,"Bagsværd Hovedgade 81C, 3.",Bagsværd,1,Fjernvarme/blokvarme,/adresse/bagsvaerd-hovedgade-81c-3-2880-bagsvaerd-01590039_81c__3____,52.0,2880.0,Tagpap med lille hældning,1.0,boligsiden,https://www.boligsiden.dk/adresse/bagsvaerd-hovedgade-81c-3-2880-bagsvaerd-01590039_81c__3____,Mursten,Ikke oplyst
bagsvaerd-hovedgade-81c-3-2880-bagsvaerd-01590039_81c__3____,Ejerlejlighed,Free Sale,19-07-2018,Fri handel,19-07-2018,1.345.000,3,"Bagsværd Hovedgade 81C, 3.",Bagsværd,1,Fjernvarme/blokvarme,/adresse/bagsvaerd-hovedgade-81c-3-2880-bagsvaerd-01590039_81c__3____,52.0,2880.0,Tagpap med lille hældning,1.0,boligsiden,https://www.boligsiden.dk/adresse/bagsvaerd-hovedgade-81c-3-2880-bagsvaerd-01590039_81c__3____,Mursten,Ikke oplyst
bagsvaerd-hovedgade-81c-3-2880-bagsvaerd-01590039_81c__3____,Ejerlejlighed,Free Sale,15-08-2017,Fri handel,15-08-2017,1.200.000,3,"Bagsværd Hovedgade 81C, 3.",Bagsværd,1,Fjernvarme/blokvarme,/adresse/bagsvaerd-hovedgade-81c-3-2880-bagsvaerd-01590039_81c__3____,52.0,2880.0,Tagpap med lille hældning,1.0,boligsiden,https://www.boligsiden.dk/adresse/bagsvaerd-hovedgade-81c-3-2880-bagsvaerd-01590039_81c__3____,Mursten,Ikke oplyst
kollerupparken-7-2665-vallensbaek-strand-01874154___7_______,Villa,Free Sale,11-04-2025,Fri handel,11-04-2025,5.200.000,2,Kollerupparken 7,Vallensbæk Strand,1,Centralvarme med én fyringsenhed,/adresse/kollerupparken-7-2665-vallensbaek-strand-01874154___7_______,178.0,2665.0,Tegl,6.0,boligsiden,https://www.boligsiden.dk/adresse/kollerupparken-7-2665-vallensbaek-strand-01874154___7_______,Letbetonsten,178.55
kollerupparken-7-2665-vallensbaek-strand-01874154___7_______,Villa,Free Sale,05-07-2021,Fri handel,05-07-2021,4.250.000,2,Kollerupparken 7,Vallensbæk Strand,1,Centralvarme med én fyringsenhed,/adresse/kollerupparken-7-2665-vallensbaek-strand-01874154___7_______,178.0,2665.0,Tegl,6.0,boligsiden,https://www.boligsiden.dk/adresse/kollerupparken-7-2665-vallensbaek-strand-01874154___7_______,Letbetonsten,178.55
strandvejen-211b-2-tv-2900-hellerup-01570802211b__2__tv,Ejerlejlighed,Free Sale,10-04-2025,Fri handel,10-04-2025,6.025.000,3,"Strandvejen 211B, 2. tv.",Hellerup,1,Fjernvarme/blokvarme,/adresse/strandvejen-211b-2-tv-2900-hellerup-01570802211b__2__tv,90.0,2900.0,Fibercement herunder asbest,3.0,boligsiden,https://www.boligsiden.dk/adresse/strandvejen-211b-2-tv-2900-hellerup-01570802211b__2__tv,Mursten,Ikke oplyst
strandvejen-211b-2-tv-2900-hellerup-01570802211b__2__tv,Ejerlejlighed,Family Sale,08-05-2018,Familie handel,08-05-2018,2.713.750,3,"Strandvejen 211B, 2. tv.",Hellerup,1,Fjernvarme/blokvarme,/adresse/strandvejen-211b-2-tv-2900-hellerup-01570802211b__2__tv,90.0,2900.0,Fibercement herunder asbest,3.0,boligsiden,https://www.boligsiden.dk/adresse/strandvejen-211b-2-tv-2900-hellerup-01570802211b__2__tv,Mursten,Ikke oplyst
strandvejen-211b-2-tv-2900-hellerup-01570802211b__2__tv,Ejerlejlighed,Free Sale,21-07-2005,Fri handel,21-07-2005,3.600.000,3,"Strandvejen 211B, 2. tv.",Hellerup,1,Fjernvarme/blokvarme,/adresse/strandvejen-211b-2-tv-2900-hellerup-01570802211b__2__tv,90.0,2900.0,Fibercement herunder asbest,3.0,boligsiden,https://www.boligsiden.dk/adresse/strandvejen-211b-2-tv-2900-hellerup-01570802211b__2__tv,Mursten,Ikke oplyst
bredebovej-29-3-mf-2800-kongens-lyngby-01730092__29__3__mf,Ejerlejlighed,Free Sale,10-04-2025,Fri handel,10-04-2025,2.375.000,3,"Bredebovej 29, 3. mf.",Kongens Lyngby,1,Fjernvarme/blokvarme,/adresse/bredebovej-29-3-mf-2800-kongens-lyngby-01730092__29__3__mf,56.0,2800.0,Tagpap med lille hældning,2.0,boligsiden,https://www.boligsiden.dk/adresse/bredebovej-29-3-mf-2800-kongens-lyngby-01730092__29__3__mf,Mursten,Ikke oplyst
bredebovej-29-3-mf-2800-kongens-lyngby-01730092__29__3__mf,Ejerlejlighed,Free Sale,07-05-2018,Fri handel,07-05-2018,1.925.000,3,"Bredebovej 29, 3. mf.",Kongens Lyngby,1,Fjernvarme/blokvarme,/adresse/bredebovej-29-3-mf-2800-kongens-lyngby-01730092__29__3__mf,56.0,2800.0,Tagpap med lille hældning,2.0,boligsiden,https://www.boligsiden.dk/adresse/bredebovej-29-3-mf-2800-kongens-lyngby-01730092__29__3__mf,Mursten,Ikke oplyst
bredebovej-29-3-mf-2800-kongens-lyngby-01730092__29__3__mf,Ejerlejlighed,Free Sale,28-08-2012,Fri handel,28-08-2012,1.050.000,3,"Bredebovej 29, 3. mf.",Kongens Lyngby,1,Fjernvarme/blokvarme,/adresse/bredebovej-29-3-mf-2800-kongens-lyngby-01730092__29__3__mf,56.0,2800.0,Tagpap med lille hældning,2.0,boligsiden,https://www.boligsiden.dk/adresse/bredebovej-29-3-mf-2800-kongens-lyngby-01730092__29__3__mf,Mursten,Ikke oplyst
vandkarsevej-13-2880-bagsvaerd-01590944__13_______,Villa,Family Sale,10-04-2025,Familie handel,10-04-2025,2.750.000,3,Vandkarsevej 13,Bagsværd,1,Varmepumpe,/adresse/vandkarsevej-13-2880-bagsvaerd-01590944__13_______,168.0,2880.0,Glas,5.0,boligsiden,https://www.boligsiden.dk/adresse/vandkarsevej-13-2880-bagsvaerd-01590944__13_______,Glas,187.65
vandkarsevej-13-2880-bagsvaerd-01590944__13_______,Villa,Free Sale,10-10-2014,Fri handel,10-10-2014,3.500.000,3,Vandkarsevej 13,Bagsværd,1,Varmepumpe,/adresse/vandkarsevej-13-2880-bagsvaerd-01590944__13_______,168.0,2880.0,Glas,5.0,boligsiden,https://www.boligsiden.dk/adresse/vandkarsevej-13-2880-bagsvaerd-01590944__13_______,Glas,187.65
vandkarsevej-13-2880-bagsvaerd-01590944__13_______,Villa,Free Sale,15-08-1994,Fri handel,15-08-1994,1.210.000,3,Vandkarsevej 13,Bagsværd,1,Varmepumpe,/adresse/vandkarsevej-13-2880-bagsvaerd-01590944__13_______,168.0,2880.0,Glas,5.0,boligsiden,https://www.boligsiden.dk/adresse/vandkarsevej-13-2880-bagsvaerd-01590944__13_______,Glas,187.65
hybenvej-9-2605-broendby-01530256___9_______,Villa,Free Sale,10-04-2025,Fri handel,10-04-2025,6.700.000,3,Hybenvej 9,Brøndby,1,Fjernvarme/blokvarme,/adresse/hybenvej-9-2605-broendby-01530256___9_______,199.0,2605.0,Metal,5.0,boligsiden,https://www.boligsiden.dk/adresse/hybenvej-9-2605-broendby-01530256___9_______,Letbetonsten,207
hybenvej-9-2605-broendby-01530256___9_______,Villa,Free Sale,11-06-2020,Fri handel,11-06-2020,2.710.000,3,Hybenvej 9,Brøndby,1,Fjernvarme/blokvarme,/adresse/hybenvej-9-2605-broendby-01530256___9_______,199.0,2605.0,Metal,5.0,boligsiden,https://www.boligsiden.dk/adresse/hybenvej-9-2605-broendby-01530256___9_______,Letbetonsten,207
hybenvej-9-2605-broendby-01530256___9_______,Villa,Free Sale,28-03-2004,Fri handel,28-03-2004,1.775.000,3,Hybenvej 9,Brøndby,1,Fjernvarme/blokvarme,/adresse/hybenvej-9-2605-broendby-01530256___9_______,199.0,2605.0,Metal,5.0,boligsiden,https://www.boligsiden.dk/adresse/hybenvej-9-2605-broendby-01530256___9_______,Letbetonsten,207
maltegaardsvej-24c-2820-gentofte-01570540_24c_______,Rækkehus,Free Sale,10-04-2025,Fri handel,10-04-2025,13.400.000,3,Maltegårdsvej 24C,Gentofte,2,Fjernvarme/blokvarme,/adresse/maltegaardsvej-24c-2820-gentofte-01570540_24c_______,225.0,2820.0,Andet materiale,5.0,boligsiden,https://www.boligsiden.dk/adresse/maltegaardsvej-24c-2820-gentofte-01570540_24c_______,Mursten,221.8
maltegaardsvej-24c-2820-gentofte-01570540_24c_______,Rækkehus,Free Sale,25-01-2023,Fri handel,25-01-2023,11.050.000,3,Maltegårdsvej 24C,Gentofte,2,Fjernvarme/blokvarme,/adresse/maltegaardsvej-24c-2820-gentofte-01570540_24c_______,225.0,2820.0,Andet materiale,5.0,boligsiden,https://www.boligsiden.dk/adresse/maltegaardsvej-24c-2820-gentofte-01570540_24c_______,Mursten,221.8
maltegaardsvej-24c-2820-gentofte-01570540_24c_______,Rækkehus,Free Sale,10-12-2020,Fri handel,10-12-2020,11.500.000,3,Maltegårdsvej 24C,Gentofte,2,Fjernvarme/blokvarme,/adresse/maltegaardsvej-24c-2820-gentofte-01570540_24c_______,225.0,2820.0,Andet materiale,5.0,boligsiden,https://www.boligsiden.dk/adresse/maltegaardsvej-24c-2820-gentofte-01570540_24c_______,Mursten,221.8
cedervaenget-11-2-th-2830-virum-01730143__11__2__th,Ejerlejlighed,Family Sale,10-04-2025,Familie handel,10-04-2025,935.000,3,"Cedervænget 11, 2. th.",Virum,1,Fjernvarme/blokvarme,/adresse/cedervaenget-11-2-th-2830-virum-01730143__11__2__th,72.0,2830.0,Tagpap med stor hældning,3.0,boligsiden,https://www.boligsiden.dk/adresse/cedervaenget-11-2-th-2830-virum-01730143__11__2__th,Mursten,Ikke oplyst
cedervaenget-11-2-th-2830-virum-01730143__11__2__th,Ejerlejlighed,Free Sale,13-04-2002,Fri handel,13-04-2002,1.250.000,3,"Cedervænget 11, 2. th.",Virum,1,Fjernvarme/blokvarme,/adresse/cedervaenget-11-2-th-2830-virum-01730143__11__2__th,72.0,2830.0,Tagpap med stor hældning,3.0,boligsiden,https://www.boligsiden.dk/adresse/cedervaenget-11-2-th-2830-virum-01730143__11__2__th,Mursten,Ikke oplyst
cedervaenget-11-2-th-2830-virum-01730143__11__2__th,Ejerlejlighed,Free Sale,15-06-2000,Fri handel,15-06-2000,1.010.000,3,"Cedervænget 11, 2. th.",Virum,1,Fjernvarme/blokvarme,/adresse/cedervaenget-11-2-th-2830-virum-01730143__11__2__th,72.0,2830.0,Tagpap med stor hældning,3.0,boligsiden,https://www.boligsiden.dk/adresse/cedervaenget-11-2-th-2830-virum-01730143__11__2__th,Mursten,Ikke oplyst
hoejvangsvej-30-2-tv-2600-glostrup-01610243__30__2__tv,Ejerlejlighed,Free Sale,10-04-2025,Fri handel,10-04-2025,2.275.000,3,"Højvangsvej 30, 2. tv.",Glostrup,1,Centralvarme med én fyringsenhed,/adresse/hoejvangsvej-30-2-tv-2600-glostrup-01610243__30__2__tv,62.0,2600.0,Tegl,2.0,boligsiden,https://www.boligsiden.dk/adresse/hoejvangsvej-30-2-tv-2600-glostrup-01610243__30__2__tv,Mursten,Ikke oplyst
hoejvangsvej-30-2-tv-2600-glostrup-01610243__30__2__tv,Ejerlejlighed,Free Sale,29-11-2021,Fri handel,29-11-2021,2.030.000,3,"Højvangsvej 30, 2. tv.",Glostrup,1,Centralvarme med én fyringsenhed,/adresse/hoejvangsvej-30-2-tv-2600-glostrup-01610243__30__2__tv,62.0,2600.0,Tegl,2.0,boligsiden,https://www.boligsiden.dk/adresse/hoejvangsvej-30-2-tv-2600-glostrup-01610243__30__2__tv,Mursten,Ikke oplyst
hoejvangsvej-30-2-tv-2600-glostrup-01610243__30__2__tv,Ejerlejlighed,Free Sale,12-11-2015,Fri handel,12-11-2015,1.330.000,3,"Højvangsvej 30, 2. tv.",Glostrup,1,Centralvarme med én fyringsenhed,/adresse/hoejvangsvej-30-2-tv-2600-glostrup-01610243__30__2__tv,62.0,2600.0,Tegl,2.0,boligsiden,https://www.boligsiden.dk/adresse/hoejvangsvej-30-2-tv-2600-glostrup-01610243__30__2__tv,Mursten,Ikke oplyst
hyrdeengen-77-2625-vallensbaek-01872556__77_______,Rækkehus,Free Sale,09-04-2025,Fri handel,09-04-2025,2.800.000,3,Hyrdeengen 77,Vallensbæk,1,Elvarme,/adresse/hyrdeengen-77-2625-vallensbaek-01872556__77_______,125.0,2625.0,Tagpap med lille hældning,4.0,boligsiden,https://www.boligsiden.dk/adresse/hyrdeengen-77-2625-vallensbaek-01872556__77_______,Træ,122.85
hyrdeengen-77-2625-vallensbaek-01872556__77_______,Rækkehus,Free Sale,10-09-2015,Fri handel,10-09-2015,1.795.000,3,Hyrdeengen 77,Vallensbæk,1,Elvarme,/adresse/hyrdeengen-77-2625-vallensbaek-01872556__77_______,125.0,2625.0,Tagpap med lille hældning,4.0,boligsiden,https://www.boligsiden.dk/adresse/hyrdeengen-77-2625-vallensbaek-01872556__77_______,Træ,122.85
hyrdeengen-77-2625-vallensbaek-01872556__77_______,Rækkehus,Family Sale,09-10-2004,Familie handel,09-10-2004,775.000,3,Hyrdeengen 77,Vallensbæk,1,Elvarme,/adresse/hyrdeengen-77-2625-vallensbaek-01872556__77_______,125.0,2625.0,Tagpap med lille hældning,4.0,boligsiden,https://www.boligsiden.dk/adresse/hyrdeengen-77-2625-vallensbaek-01872556__77_______,Træ,122.85
elmehusene-256-2600-glostrup-01650087_256_______,Rækkehus,Free Sale,09-04-2025,Fri handel,09-04-2025,2.945.000,2,Elmehusene 256,Glostrup,2,Fjernvarme/blokvarme,/adresse/elmehusene-256-2600-glostrup-01650087_256_______,96.0,2600.0,Fibercement herunder asbest,4.0,boligsiden,https://www.boligsiden.dk/adresse/elmehusene-256-2600-glostrup-01650087_256_______,Betonelementer,97.5
elmehusene-256-2600-glostrup-01650087_256_______,Rækkehus,Free Sale,17-07-2013,Fri handel,17-07-2013,1.650.000,2,Elmehusene 256,Glostrup,2,Fjernvarme/blokvarme,/adresse/elmehusene-256-2600-glostrup-01650087_256_______,96.0,2600.0,Fibercement herunder asbest,4.0,boligsiden,https://www.boligsiden.dk/adresse/elmehusene-256-2600-glostrup-01650087_256_______,Betonelementer,97.5
tinghoejvej-56-2-tv-2860-soeborg-01590874__56__2__tv,Ejerlejlighed,Free Sale,09-04-2025,Fri handel,09-04-2025,2.025.000,3,"Tinghøjvej 56, 2. tv.",Søborg,1,Fjernvarme/blokvarme,/adresse/tinghoejvej-56-2-tv-2860-soeborg-01590874__56__2__tv,65.0,2860.0,Fibercement herunder asbest,2.0,boligsiden,https://www.boligsiden.dk/adresse/tinghoejvej-56-2-tv-2860-soeborg-01590874__56__2__tv,Mursten,Ikke oplyst
tinghoejvej-56-2-tv-2860-soeborg-01590874__56__2__tv,Ejerlejlighed,Free Sale,03-04-2023,Fri handel,03-04-2023,1.800.000,3,"Tinghøjvej 56, 2. tv.",Søborg,1,Fjernvarme/blokvarme,/adresse/tinghoejvej-56-2-tv-2860-soeborg-01590874__56__2__tv,65.0,2860.0,Fibercement herunder asbest,2.0,boligsiden,https://www.boligsiden.dk/adresse/tinghoejvej-56-2-tv-2860-soeborg-01590874__56__2__tv,Mursten,Ikke oplyst
tinghoejvej-56-2-tv-2860-soeborg-01590874__56__2__tv,Ejerlejlighed,Free Sale,20-04-2006,Fri handel,20-04-2006,1.795.000,3,"Tinghøjvej 56, 2. tv.",Søborg,1,Fjernvarme/blokvarme,/adresse/tinghoejvej-56-2-tv-2860-soeborg-01590874__56__2__tv,65.0,2860.0,Fibercement herunder asbest,2.0,boligsiden,https://www.boligsiden.dk/adresse/tinghoejvej-56-2-tv-2860-soeborg-01590874__56__2__tv,Mursten,Ikke oplyst
roedovre-parkvej-185-2-mf-2610-roedovre-01750702_185__2__mf,Ejerlejlighed,Free Sale,09-04-2025,Fri handel,09-04-2025,1.025.000,1,"Rødovre Parkvej 185, 2. mf.",Rødovre,1,Fjernvarme/blokvarme,/adresse/roedovre-parkvej-185-2-mf-2610-roedovre-01750702_185__2__mf,32.0,2610.0,Tagpap med stor hældning,1.0,boligsiden,https://www.boligsiden.dk/adresse/roedovre-parkvej-185-2-mf-2610-roedovre-01750702_185__2__mf,Mursten,Ikke oplyst
askevaenget-17-1-tv-2830-virum-01730032__17__1__tv,Ejerlejlighed,Free Sale,09-04-2025,Fri handel,09-04-2025,3.350.000,3,"Askevænget 17, 1. tv.",Virum,1,Centralvarme med én fyringsenhed,/adresse/askevaenget-17-1-tv-2830-virum-01730032__17__1__tv,86.0,2830.0,Fibercement herunder asbest,4.0,boligsiden,https://www.boligsiden.dk/adresse/askevaenget-17-1-tv-2830-virum-01730032__17__1__tv,Mursten,Ikke oplyst
askevaenget-17-1-tv-2830-virum-01730032__17__1__tv,Ejerlejlighed,Free Sale,29-05-2013,Fri handel,29-05-2013,1.675.000,3,"Askevænget 17, 1. tv.",Virum,1,Centralvarme med én fyringsenhed,/adresse/askevaenget-17-1-tv-2830-virum-01730032__17__1__tv,86.0,2830.0,Fibercement herunder asbest,4.0,boligsiden,https://www.boligsiden.dk/adresse/askevaenget-17-1-tv-2830-virum-01730032__17__1__tv,Mursten,Ikke oplyst
askevaenget-17-1-tv-2830-virum-01730032__17__1__tv,Ejerlejlighed,Family Sale,10-09-2009,Familie handel,10-09-2009,1.500.000,3,"Askevænget 17, 1. tv.",Virum,1,Centralvarme med én fyringsenhed,/adresse/askevaenget-17-1-tv-2830-virum-01730032__17__1__tv,86.0,2830.0,Fibercement herunder asbest,4.0,boligsiden,https://www.boligsiden.dk/adresse/askevaenget-17-1-tv-2830-virum-01730032__17__1__tv,Mursten,Ikke oplyst
lille-strandvej-28-2-tv-2900-hellerup-01570510__28__2__tv,Ejerlejlighed,Free Sale,08-04-2025,Fri handel,08-04-2025,5.500.000,3,"Lille Strandvej 28, 2. tv.",Hellerup,1,Fjernvarme/blokvarme,/adresse/lille-strandvej-28-2-tv-2900-hellerup-01570510__28__2__tv,58.0,2900.0,Tagpap med stor hældning,2.0,boligsiden,https://www.boligsiden.dk/adresse/lille-strandvej-28-2-tv-2900-hellerup-01570510__28__2__tv,Mursten,Ikke oplyst
lille-strandvej-28-2-tv-2900-hellerup-01570510__28__2__tv,Ejerlejlighed,Family Sale,06-10-2024,Familie handel,06-10-2024,1.445.000,3,"Lille Strandvej 28, 2. tv.",Hellerup,1,Fjernvarme/blokvarme,/adresse/lille-strandvej-28-2-tv-2900-hellerup-01570510__28__2__tv,58.0,2900.0,Tagpap med stor hældning,2.0,boligsiden,https://www.boligsiden.dk/adresse/lille-strandvej-28-2-tv-2900-hellerup-01570510__28__2__tv,Mursten,Ikke oplyst
lille-strandvej-28-2-tv-2900-hellerup-01570510__28__2__tv,Ejerlejlighed,Family Sale,09-11-2023,Familie handel,09-11-2023,1.252.000,3,"Lille Strandvej 28, 2. tv.",Hellerup,1,Fjernvarme/blokvarme,/adresse/lille-strandvej-28-2-tv-2900-hellerup-01570510__28__2__tv,58.0,2900.0,Tagpap med stor hældning,2.0,boligsiden,https://www.boligsiden.dk/adresse/lille-strandvej-28-2-tv-2900-hellerup-01570510__28__2__tv,Mursten,Ikke oplyst
snebaerhaven-40-2620-albertslund-01650458__40_______,Villa,Free Sale,08-04-2025,Fri handel,08-04-2025,3.995.000,1,Snebærhaven 40,Albertslund,1,Fjernvarme/blokvarme,/adresse/snebaerhaven-40-2620-albertslund-01650458__40_______,183.0,2620.0,Fibercement herunder asbest,6.0,boligsiden,https://www.boligsiden.dk/adresse/snebaerhaven-40-2620-albertslund-01650458__40_______,Mursten,179.85
koldbyvej-45-2610-roedovre-01750463__45_______,Rækkehus,Free Sale,08-04-2025,Fri handel,08-04-2025,4.000.000,3,,,,,,,,,,,,,
koldbyvej-45-2610-roedovre-01750463__45_______,Rækkehus,Free Sale,17-02-2014,Fri handel,17-02-2014,2.450.000,3,,,,,,,,,,,,,
koldbyvej-45-2610-roedovre-01750463__45_______,Rækkehus,Free Sale,05-09-1994,Fri handel,05-09-1994,683.620,3,,,,,,,,,,,,,
daugaardsvej-6-1-th-2800-kongens-lyngby-01730162___6__1__th,Ejerlejlighed,Free Sale,08-04-2025,Fri handel,08-04-2025,2.200.000,3,"Daugaardsvej 6, 1. th.",Kongens Lyngby,1,Fjernvarme/blokvarme,/adresse/daugaardsvej-6-1-th-2800-kongens-lyngby-01730162___6__1__th,60.0,2800.0,Tagpap med stor hældning,3.0,boligsiden,https://www.boligsiden.dk/adresse/daugaardsvej-6-1-th-2800-kongens-lyngby-01730162___6__1__th,Mursten,Ikke oplyst
daugaardsvej-6-1-th-2800-kongens-lyngby-01730162___6__1__th,Ejerlejlighed,Free Sale,07-12-2016,Fri handel,07-12-2016,2.000.000,3,"Daugaardsvej 6, 1. th.",Kongens Lyngby,1,Fjernvarme/blokvarme,/adresse/daugaardsvej-6-1-th-2800-kongens-lyngby-01730162___6__1__th,60.0,2800.0,Tagpap med stor hældning,3.0,boligsiden,https://www.boligsiden.dk/adresse/daugaardsvej-6-1-th-2800-kongens-lyngby-01730162___6__1__th,Mursten,Ikke oplyst
daugaardsvej-6-1-th-2800-kongens-lyngby-01730162___6__1__th,Ejerlejlighed,Free Sale,26-08-1994,Fri handel,26-08-1994,400.000,3,"Daugaardsvej 6, 1. th.",Kongens Lyngby,1,Fjernvarme/blokvarme,/adresse/daugaardsvej-6-1-th-2800-kongens-lyngby-01730162___6__1__th,60.0,2800.0,Tagpap med stor hældning,3.0,boligsiden,https://www.boligsiden.dk/adresse/daugaardsvej-6-1-th-2800-kongens-lyngby-01730162___6__1__th,Mursten,Ikke oplyst
vadgaardsvej-2-0-3-2860-soeborg-01590927___2_st___3,Ejerlejlighed,Free Sale,07-04-2025,Fri handel,07-04-2025,2.145.000,3,"Vadgårdsvej 2, st. 3.",Søborg,1,Fjernvarme/blokvarme,/adresse/vadgaardsvej-2-0-3-2860-soeborg-01590927___2_st___3,53.0,2860.0,Tagpap med stor hældning,2.0,boligsiden,https://www.boligsiden.dk/adresse/vadgaardsvej-2-0-3-2860-soeborg-01590927___2_st___3,Mursten,Ikke oplyst
vadgaardsvej-2-0-3-2860-soeborg-01590927___2_st___3,Ejerlejlighed,Free Sale,20-08-2019,Fri handel,20-08-2019,1.440.000,3,"Vadgårdsvej 2, st. 3.",Søborg,1,Fjernvarme/blokvarme,/adresse/vadgaardsvej-2-0-3-2860-soeborg-01590927___2_st___3,53.0,2860.0,Tagpap med stor hældning,2.0,boligsiden,https://www.boligsiden.dk/adresse/vadgaardsvej-2-0-3-2860-soeborg-01590927___2_st___3,Mursten,Ikke oplyst
vadgaardsvej-2-0-3-2860-soeborg-01590927___2_st___3,Ejerlejlighed,Free Sale,19-03-2001,Fri handel,19-03-2001,640.000,3,"Vadgårdsvej 2, st. 3.",Søborg,1,Fjernvarme/blokvarme,/adresse/vadgaardsvej-2-0-3-2860-soeborg-01590927___2_st___3,53.0,2860.0,Tagpap med stor hældning,2.0,boligsiden,https://www.boligsiden.dk/adresse/vadgaardsvej-2-0-3-2860-soeborg-01590927___2_st___3,Mursten,Ikke oplyst
noerregaardsvej-125-2610-roedovre-01750614_125_______,Villa,Other,07-04-2025,Andet,07-04-2025,1.700.000,2,Nørregårdsvej 125,Rødovre,1,Centralvarme med én fyringsenhed,/adresse/noerregaardsvej-125-2610-roedovre-01750614_125_______,115.0,2610.0,Fibercement herunder asbest,4.0,boligsiden,https://www.boligsiden.dk/adresse/noerregaardsvej-125-2610-roedovre-01750614_125_______,Mursten,115
noerregaardsvej-125-2610-roedovre-01750614_125_______,Villa,Free Sale,15-06-2006,Fri handel,15-06-2006,2.895.000,2,Nørregårdsvej 125,Rødovre,1,Centralvarme med én fyringsenhed,/adresse/noerregaardsvej-125-2610-roedovre-01750614_125_______,115.0,2610.0,Fibercement herunder asbest,4.0,boligsiden,https://www.boligsiden.dk/adresse/noerregaardsvej-125-2610-roedovre-01750614_125_______,Mursten,115
tvaerbommen-59-1-th-2820-gentofte-01570895__59__1__th,Ejerlejlighed,Free Sale,07-04-2025,Fri handel,07-04-2025,2.075.000,1,"Tværbommen 59, 1. th.",Gentofte,1,Fjernvarme/blokvarme,/adresse/tvaerbommen-59-1-th-2820-gentofte-01570895__59__1__th,53.0,2820.0,Tegl,2.0,boligsiden,https://www.boligsiden.dk/adresse/tvaerbommen-59-1-th-2820-gentofte-01570895__59__1__th,Mursten,Ikke oplyst
bygaden-72c-2605-broendby-01530096_72c_______,Villa,Free Sale,07-04-2025,Fri handel,07-04-2025,4.200.000,1,Bygaden 72C,Brøndby,1,Fjernvarme/blokvarme,/adresse/bygaden-72c-2605-broendby-01530096_72c_______,155.0,2605.0,Fibercement herunder asbest,5.0,boligsiden,https://www.boligsiden.dk/adresse/bygaden-72c-2605-broendby-01530096_72c_______,Mursten,151.1
langekaervej-40-2750-ballerup-01510193__40_______,Villa,Free Sale,07-04-2025,Fri handel,07-04-2025,2.450.000,3,Langekærvej 40,Ballerup,1,Centralvarme med én fyringsenhed,/adresse/langekaervej-40-2750-ballerup-01510193__40_______,75.0,2750.0,Fibercement herunder asbest,1995000.0,boligsiden,https://www.boligsiden.dk/adresse/langekaervej-40-2750-ballerup-01510193__40_______,Letbetonsten,109.65
langekaervej-40-2750-ballerup-01510193__40_______,Villa,Free Sale,03-08-2020,Fri handel,03-08-2020,145.200,3,Langekærvej 40,Ballerup,1,Centralvarme med én fyringsenhed,/adresse/langekaervej-40-2750-ballerup-01510193__40_______,75.0,2750.0,Fibercement herunder asbest,1995000.0,boligsiden,https://www.boligsiden.dk/adresse/langekaervej-40-2750-ballerup-01510193__40_______,Letbetonsten,109.65
langekaervej-40-2750-ballerup-01510193__40_______,Villa,Free Sale,04-03-2019,Fri handel,04-03-2019,2.450.000,3,Langekærvej 40,Ballerup,1,Centralvarme med én fyringsenhed,/adresse/langekaervej-40-2750-ballerup-01510193__40_______,75.0,2750.0,Fibercement herunder asbest,1995000.0,boligsiden,https://www.boligsiden.dk/adresse/langekaervej-40-2750-ballerup-01510193__40_______,Letbetonsten,109.65
tommerupgade-33-4-tv-2630-taastrup-01690038__33__4__tv,Ejerlejlighed,Free Sale,06-04-2025,Fri handel,06-04-2025,3.250.000,2,,,,,,,,,,,,,
tommerupgade-33-4-tv-2630-taastrup-01690038__33__4__tv,Ejerlejlighed,Free Sale,10-07-2023,Fri handel,10-07-2023,3.225.000,2,,,,,,,,,,,,,
toftholmvaenget-16-2740-skovlunde-01510682__16_______,Villa,Free Sale,05-04-2025,Fri handel,05-04-2025,5.050.000,1,Toftholmvænget 16,Skovlunde,1,Centralvarme med én fyringsenhed,/adresse/toftholmvaenget-16-2740-skovlunde-01510682__16_______,162.0,2740.0,Fibercement herunder asbest,6.0,boligsiden,https://www.boligsiden.dk/adresse/toftholmvaenget-16-2740-skovlunde-01510682__16_______,Mursten,170.55
ingvar-noergaards-vej-7-2800-kongens-lyngby-01730007___7_______,Rækkehus,Free Sale,05-04-2025,Fri handel,05-04-2025,6.520.000,2,Ingvar Nørgaards Vej 7,Kongens Lyngby,3,Fjernvarme/blokvarme,/adresse/ingvar-noergaards-vej-7-2800-kongens-lyngby-01730007___7_______,137.0,2800.0,Tagpap med lille hældning,6.0,boligsiden,https://www.boligsiden.dk/adresse/ingvar-noergaards-vej-7-2800-kongens-lyngby-01730007___7_______,Mursten,137
ingvar-noergaards-vej-7-2800-kongens-lyngby-01730007___7_______,Rækkehus,Free Sale,13-04-2021,Fri handel,13-04-2021,5.650.000,2,Ingvar Nørgaards Vej 7,Kongens Lyngby,3,Fjernvarme/blokvarme,/adresse/ingvar-noergaards-vej-7-2800-kongens-lyngby-01730007___7_______,137.0,2800.0,Tagpap med lille hældning,6.0,boligsiden,https://www.boligsiden.dk/adresse/ingvar-noergaards-vej-7-2800-kongens-lyngby-01730007___7_______,Mursten,137
soeholtparken-19-2660-broendby-strand-01530678__19_______,Rækkehus,Free Sale,04-04-2025,Fri handel,04-04-2025,3.775.000,3,Søholtparken 19,Brøndby Strand,1,Fjernvarme/blokvarme,/adresse/soeholtparken-19-2660-broendby-strand-01530678__19_______,111.0,2660.0,Betontagsten,4.0,boligsiden,https://www.boligsiden.dk/adresse/soeholtparken-19-2660-broendby-strand-01530678__19_______,Mursten,113.3
soeholtparken-19-2660-broendby-strand-01530678__19_______,Rækkehus,Free Sale,28-01-2016,Fri handel,28-01-2016,2.450.000,3,Søholtparken 19,Brøndby Strand,1,Fjernvarme/blokvarme,/adresse/soeholtparken-19-2660-broendby-strand-01530678__19_______,111.0,2660.0,Betontagsten,4.0,boligsiden,https://www.boligsiden.dk/adresse/soeholtparken-19-2660-broendby-strand-01530678__19_______,Mursten,113.3
soeholtparken-19-2660-broendby-strand-01530678__19_______,Rækkehus,Free Sale,01-11-2000,Fri handel,01-11-2000,1.440.000,3,Søholtparken 19,Brøndby Strand,1,Fjernvarme/blokvarme,/adresse/soeholtparken-19-2660-broendby-strand-01530678__19_______,111.0,2660.0,Betontagsten,4.0,boligsiden,https://www.boligsiden.dk/adresse/soeholtparken-19-2660-broendby-strand-01530678__19_______,Mursten,113.3
moerkhoej-parkalle-26e-2860-soeborg-01590596_26e_______,Rækkehus,Family Sale,04-04-2025,Familie handel,04-04-2025,2.424.000,3,Mørkhøj Parkalle 26E,Søborg,2,Fjernvarme/blokvarme,/adresse/moerkhoej-parkalle-26e-2860-soeborg-01590596_26e_______,153.0,2860.0,Tegl,5.0,boligsiden,https://www.boligsiden.dk/adresse/moerkhoej-parkalle-26e-2860-soeborg-01590596_26e_______,Mursten,151.5
moerkhoej-parkalle-26e-2860-soeborg-01590596_26e_______,Rækkehus,Free Sale,04-01-2016,Fri handel,04-01-2016,3.995.000,3,Mørkhøj Parkalle 26E,Søborg,2,Fjernvarme/blokvarme,/adresse/moerkhoej-parkalle-26e-2860-soeborg-01590596_26e_______,153.0,2860.0,Tegl,5.0,boligsiden,https://www.boligsiden.dk/adresse/moerkhoej-parkalle-26e-2860-soeborg-01590596_26e_______,Mursten,151.5
moerkhoej-parkalle-26e-2860-soeborg-01590596_26e_______,Rækkehus,Free Sale,29-06-2008,Fri handel,29-06-2008,3.225.000,3,Mørkhøj Parkalle 26E,Søborg,2,Fjernvarme/blokvarme,/adresse/moerkhoej-parkalle-26e-2860-soeborg-01590596_26e_______,153.0,2860.0,Tegl,5.0,boligsiden,https://www.boligsiden.dk/adresse/moerkhoej-parkalle-26e-2860-soeborg-01590596_26e_______,Mursten,151.5
h-p-olsens-vaenge-53-2630-taastrup-01692950__53_______,Rækkehus,Free Sale,04-04-2025,Fri handel,04-04-2025,2.150.000,1,H P Olsens Vænge 53,Taastrup,1,Fjernvarme/blokvarme,/adresse/h-p-olsens-vaenge-53-2630-taastrup-01692950__53_______,80.0,2630.0,Fibercement herunder asbest,3.0,boligsiden,https://www.boligsiden.dk/adresse/h-p-olsens-vaenge-53-2630-taastrup-01692950__53_______,Mursten,82.8
frederiksdalsvej-103b-1-th-2830-virum-01730229103b__1__th,Ejerlejlighed,Free Sale,04-04-2025,Fri handel,04-04-2025,2.350.000,3,"Frederiksdalsvej 103B, 1. th.",Virum,1,Centralvarme med én fyringsenhed,/adresse/frederiksdalsvej-103b-1-th-2830-virum-01730229103b__1__th,63.0,2830.0,Tegl,3.0,boligsiden,https://www.boligsiden.dk/adresse/frederiksdalsvej-103b-1-th-2830-virum-01730229103b__1__th,Mursten,Ikke oplyst
frederiksdalsvej-103b-1-th-2830-virum-01730229103b__1__th,Ejerlejlighed,Free Sale,05-02-2016,Fri handel,05-02-2016,1.295.000,3,"Frederiksdalsvej 103B, 1. th.",Virum,1,Centralvarme med én fyringsenhed,/adresse/frederiksdalsvej-103b-1-th-2830-virum-01730229103b__1__th,63.0,2830.0,Tegl,3.0,boligsiden,https://www.boligsiden.dk/adresse/frederiksdalsvej-103b-1-th-2830-virum-01730229103b__1__th,Mursten,Ikke oplyst
frederiksdalsvej-103b-1-th-2830-virum-01730229103b__1__th,Ejerlejlighed,Free Sale,26-06-1996,Fri handel,26-06-1996,482.685,3,"Frederiksdalsvej 103B, 1. th.",Virum,1,Centralvarme med én fyringsenhed,/adresse/frederiksdalsvej-103b-1-th-2830-virum-01730229103b__1__th,63.0,2830.0,Tegl,3.0,boligsiden,https://www.boligsiden.dk/adresse/frederiksdalsvej-103b-1-th-2830-virum-01730229103b__1__th,Mursten,Ikke oplyst
hellerupvej-23-1-tv-2900-hellerup-01570332__23__1__tv,Ejerlejlighed,Free Sale,04-04-2025,Fri handel,04-04-2025,4.800.000,2,"Hellerupvej 23, 1. tv.",Hellerup,1,Fjernvarme/blokvarme,/adresse/hellerupvej-23-1-tv-2900-hellerup-01570332__23__1__tv,78.0,2900.0,Fibercement uden asbest,3.0,boligsiden,https://www.boligsiden.dk/adresse/hellerupvej-23-1-tv-2900-hellerup-01570332__23__1__tv,Mursten,Ikke oplyst
hellerupvej-23-1-tv-2900-hellerup-01570332__23__1__tv,Ejerlejlighed,Free Sale,21-10-2010,Fri handel,21-10-2010,26.351.704,2,"Hellerupvej 23, 1. tv.",Hellerup,1,Fjernvarme/blokvarme,/adresse/hellerupvej-23-1-tv-2900-hellerup-01570332__23__1__tv,78.0,2900.0,Fibercement uden asbest,3.0,boligsiden,https://www.boligsiden.dk/adresse/hellerupvej-23-1-tv-2900-hellerup-01570332__23__1__tv,Mursten,Ikke oplyst
praesteholmen-11-2630-taastrup-01695982__11_______,Villa,Free Sale,04-04-2025,Fri handel,04-04-2025,3.600.000,3,Præsteholmen 11,Taastrup,1,Fjernvarme/blokvarme,/adresse/praesteholmen-11-2630-taastrup-01695982__11_______,135.0,2630.0,Metal,4.0,boligsiden,https://www.boligsiden.dk/adresse/praesteholmen-11-2630-taastrup-01695982__11_______,Mursten,139.45
praesteholmen-11-2630-taastrup-01695982__11_______,Villa,Free Sale,29-09-2000,Fri handel,29-09-2000,1.739.000,3,Præsteholmen 11,Taastrup,1,Fjernvarme/blokvarme,/adresse/praesteholmen-11-2630-taastrup-01695982__11_______,135.0,2630.0,Metal,4.0,boligsiden,https://www.boligsiden.dk/adresse/praesteholmen-11-2630-taastrup-01695982__11_______,Mursten,139.45
praesteholmen-11-2630-taastrup-01695982__11_______,Villa,Free Sale,29-08-1993,Fri handel,29-08-1993,910.000,3,Præsteholmen 11,Taastrup,1,Fjernvarme/blokvarme,/adresse/praesteholmen-11-2630-taastrup-01695982__11_______,135.0,2630.0,Metal,4.0,boligsiden,https://www.boligsiden.dk/adresse/praesteholmen-11-2630-taastrup-01695982__11_______,Mursten,139.45
brandholms-alle-32g-2-2610-roedovre-01750085_32g__2____,Ejerlejlighed,Free Sale,04-04-2025,Fri handel,04-04-2025,2.125.000,3,"Brandholms Alle 32G, 2.",Rødovre,3,Fjernvarme/blokvarme,/adresse/brandholms-alle-32g-2-2610-roedovre-01750085_32g__2____,58.0,2610.0,Tagpap med stor hældning,2.0,boligsiden,https://www.boligsiden.dk/adresse/brandholms-alle-32g-2-2610-roedovre-01750085_32g__2____,Mursten,Ikke oplyst
brandholms-alle-32g-2-2610-roedovre-01750085_32g__2____,Ejerlejlighed,Free Sale,15-12-2022,Fri handel,15-12-2022,1.310.000,3,"Brandholms Alle 32G, 2.",Rødovre,3,Fjernvarme/blokvarme,/adresse/brandholms-alle-32g-2-2610-roedovre-01750085_32g__2____,58.0,2610.0,Tagpap med stor hældning,2.0,boligsiden,https://www.boligsiden.dk/adresse/brandholms-alle-32g-2-2610-roedovre-01750085_32g__2____,Mursten,Ikke oplyst
brandholms-alle-32g-2-2610-roedovre-01750085_32g__2____,Ejerlejlighed,Free Sale,19-09-1996,Fri handel,19-09-1996,420.680,3,"Brandholms Alle 32G, 2.",Rødovre,3,Fjernvarme/blokvarme,/adresse/brandholms-alle-32g-2-2610-roedovre-01750085_32g__2____,58.0,2610.0,Tagpap med stor hældning,2.0,boligsiden,https://www.boligsiden.dk/adresse/brandholms-alle-32g-2-2610-roedovre-01750085_32g__2____,Mursten,Ikke oplyst
vangedevej-118-2820-gentofte-01570904_118_______,Villa,Free Sale,04-04-2025,Fri handel,04-04-2025,6.400.000,1,,,,,,,,,,,,,
bagsvaerd-hovedgade-99-11-f-2880-bagsvaerd-01590039__99_11___f,Ejerlejlighed,Free Sale,04-04-2025,Fri handel,04-04-2025,1.150.000,3,"Bagsværd Hovedgade 99, 11. f.",Bagsværd,1,Fjernvarme/blokvarme,/adresse/bagsvaerd-hovedgade-99-11-f-2880-bagsvaerd-01590039__99_11___f,48.0,2880.0,Tagpap med stor hældning,1.0,boligsiden,https://www.boligsiden.dk/adresse/bagsvaerd-hovedgade-99-11-f-2880-bagsvaerd-01590039__99_11___f,Betonelementer,Ikke oplyst
bagsvaerd-hovedgade-99-11-f-2880-bagsvaerd-01590039__99_11___f,Ejerlejlighed,Free Sale,02-02-2024,Fri handel,02-02-2024,950.000,3,"Bagsværd Hovedgade 99, 11. f.",Bagsværd,1,Fjernvarme/blokvarme,/adresse/bagsvaerd-hovedgade-99-11-f-2880-bagsvaerd-01590039__99_11___f,48.0,2880.0,Tagpap med stor hældning,1.0,boligsiden,https://www.boligsiden.dk/adresse/bagsvaerd-hovedgade-99-11-f-2880-bagsvaerd-01590039__99_11___f,Betonelementer,Ikke oplyst
bagsvaerd-hovedgade-99-11-f-2880-bagsvaerd-01590039__99_11___f,Ejerlejlighed,Free Sale,22-06-1999,Fri handel,22-06-1999,361.880,3,"Bagsværd Hovedgade 99, 11. f.",Bagsværd,1,Fjernvarme/blokvarme,/adresse/bagsvaerd-hovedgade-99-11-f-2880-bagsvaerd-01590039__99_11___f,48.0,2880.0,Tagpap med stor hældning,1.0,boligsiden,https://www.boligsiden.dk/adresse/bagsvaerd-hovedgade-99-11-f-2880-bagsvaerd-01590039__99_11___f,Betonelementer,Ikke oplyst
noergaardsvej-18c-2-tv-2800-kongens-lyngby-01730626_18c__2__tv,Ejerlejlighed,Free Sale,04-04-2025,Fri handel,04-04-2025,2.535.000,3,"Nørgaardsvej 18C, 2. tv.",Kongens Lyngby,1,Fjernvarme/blokvarme,/adresse/noergaardsvej-18c-2-tv-2800-kongens-lyngby-01730626_18c__2__tv,56.0,2800.0,Tagpap med stor hældning,2.0,boligsiden,https://www.boligsiden.dk/adresse/noergaardsvej-18c-2-tv-2800-kongens-lyngby-01730626_18c__2__tv,Mursten,Ikke oplyst
noergaardsvej-18c-2-tv-2800-kongens-lyngby-01730626_18c__2__tv,Ejerlejlighed,Free Sale,04-02-2019,Fri handel,04-02-2019,1.825.000,3,"Nørgaardsvej 18C, 2. tv.",Kongens Lyngby,1,Fjernvarme/blokvarme,/adresse/noergaardsvej-18c-2-tv-2800-kongens-lyngby-01730626_18c__2__tv,56.0,2800.0,Tagpap med stor hældning,2.0,boligsiden,https://www.boligsiden.dk/adresse/noergaardsvej-18c-2-tv-2800-kongens-lyngby-01730626_18c__2__tv,Mursten,Ikke oplyst
noergaardsvej-18c-2-tv-2800-kongens-lyngby-01730626_18c__2__tv,Ejerlejlighed,Free Sale,12-08-2015,Fri handel,12-08-2015,1.575.000,3,"Nørgaardsvej 18C, 2. tv.",Kongens Lyngby,1,Fjernvarme/blokvarme,/adresse/noergaardsvej-18c-2-tv-2800-kongens-lyngby-01730626_18c__2__tv,56.0,2800.0,Tagpap med stor hældning,2.0,boligsiden,https://www.boligsiden.dk/adresse/noergaardsvej-18c-2-tv-2800-kongens-lyngby-01730626_18c__2__tv,Mursten,Ikke oplyst
maaloev-hovedgade-58d-2-tv-2760-maaloev-01510778_58d__2__tv,Ejerlejlighed,Free Sale,04-04-2025,Fri handel,04-04-2025,1.350.000,3,"Måløv Hovedgade 58D, 2. tv.",Måløv,1,Fjernvarme/blokvarme,/adresse/maaloev-hovedgade-58d-2-tv-2760-maaloev-01510778_58d__2__tv,53.0,2760.0,Tegl,2.0,boligsiden,https://www.boligsiden.dk/adresse/maaloev-hovedgade-58d-2-tv-2760-maaloev-01510778_58d__2__tv,Mursten,Ikke oplyst
maaloev-hovedgade-58d-2-tv-2760-maaloev-01510778_58d__2__tv,Ejerlejlighed,Free Sale,13-01-2022,Fri handel,13-01-2022,1.475.000,3,"Måløv Hovedgade 58D, 2. tv.",Måløv,1,Fjernvarme/blokvarme,/adresse/maaloev-hovedgade-58d-2-tv-2760-maaloev-01510778_58d__2__tv,53.0,2760.0,Tegl,2.0,boligsiden,https://www.boligsiden.dk/adresse/maaloev-hovedgade-58d-2-tv-2760-maaloev-01510778_58d__2__tv,Mursten,Ikke oplyst
maaloev-hovedgade-58d-2-tv-2760-maaloev-01510778_58d__2__tv,Ejerlejlighed,Free Sale,04-04-2017,Fri handel,04-04-2017,1.095.000,3,"Måløv Hovedgade 58D, 2. tv.",Måløv,1,Fjernvarme/blokvarme,/adresse/maaloev-hovedgade-58d-2-tv-2760-maaloev-01510778_58d__2__tv,53.0,2760.0,Tegl,2.0,boligsiden,https://www.boligsiden.dk/adresse/maaloev-hovedgade-58d-2-tv-2760-maaloev-01510778_58d__2__tv,Mursten,Ikke oplyst
oldmarken-7-2880-bagsvaerd-01590635___7_______,Villa,Free Sale,04-04-2025,Fri handel,04-04-2025,4.825.000,1,Oldmarken 7,Bagsværd,1,Centralvarme med én fyringsenhed,/adresse/oldmarken-7-2880-bagsvaerd-01590635___7_______,84.0,2880.0,Fibercement herunder asbest,4.0,boligsiden,https://www.boligsiden.dk/adresse/oldmarken-7-2880-bagsvaerd-01590635___7_______,Letbetonsten,95.65
parsbergsvej-42-2830-virum-01730643__42_______,Villa,Free Sale,03-04-2025,Fri handel,03-04-2025,7.545.000,3,,,,,,,,,,,,,
parsbergsvej-42-2830-virum-01730643__42_______,Villa,Free Sale,20-02-1998,Fri handel,20-02-1998,1.890.000,3,,,,,,,,,,,,,
parsbergsvej-42-2830-virum-01730643__42_______,Villa,Free Sale,06-05-1993,Fri handel,06-05-1993,1.235.000,3,,,,,,,,,,,,,
roskildevej-299a-2-tv-2610-roedovre-01750690299a__2__tv,Ejerlejlighed,Free Sale,03-04-2025,Fri handel,03-04-2025,2.450.000,3,"Roskildevej 299A, 2. tv.",Rødovre,1,Fjernvarme/blokvarme,/adresse/roskildevej-299a-2-tv-2610-roedovre-01750690299a__2__tv,68.0,2610.0,Tagpap med stor hældning,3.0,boligsiden,https://www.boligsiden.dk/adresse/roskildevej-299a-2-tv-2610-roedovre-01750690299a__2__tv,Mursten,Ikke oplyst
roskildevej-299a-2-tv-2610-roedovre-01750690299a__2__tv,Ejerlejlighed,Free Sale,20-07-2004,Fri handel,20-07-2004,1.300.000,3,"Roskildevej 299A, 2. tv.",Rødovre,1,Fjernvarme/blokvarme,/adresse/roskildevej-299a-2-tv-2610-roedovre-01750690299a__2__tv,68.0,2610.0,Tagpap med stor hældning,3.0,boligsiden,https://www.boligsiden.dk/adresse/roskildevej-299a-2-tv-2610-roedovre-01750690299a__2__tv,Mursten,Ikke oplyst
roskildevej-299a-2-tv-2610-roedovre-01750690299a__2__tv,Ejerlejlighed,Free Sale,28-03-2003,Fri handel,28-03-2003,1.055.000,3,"Roskildevej 299A, 2. tv.",Rødovre,1,Fjernvarme/blokvarme,/adresse/roskildevej-299a-2-tv-2610-roedovre-01750690299a__2__tv,68.0,2610.0,Tagpap med stor hældning,3.0,boligsiden,https://www.boligsiden.dk/adresse/roskildevej-299a-2-tv-2610-roedovre-01750690299a__2__tv,Mursten,Ikke oplyst
paradisvej-15-2650-hvidovre-01676332__15_______,Villa,Free Sale,03-04-2025,Fri handel,03-04-2025,3.885.000,3,Paradisvej 15,Hvidovre,1,Centralvarme med én fyringsenhed,/adresse/paradisvej-15-2650-hvidovre-01676332__15_______,110.0,2650.0,Tagpap med stor hældning,4.0,boligsiden,https://www.boligsiden.dk/adresse/paradisvej-15-2650-hvidovre-01676332__15_______,Mursten,117.5
paradisvej-15-2650-hvidovre-01676332__15_______,Villa,Free Sale,21-06-2002,Fri handel,21-06-2002,1.459.308,3,Paradisvej 15,Hvidovre,1,Centralvarme med én fyringsenhed,/adresse/paradisvej-15-2650-hvidovre-01676332__15_______,110.0,2650.0,Tagpap med stor hældning,4.0,boligsiden,https://www.boligsiden.dk/adresse/paradisvej-15-2650-hvidovre-01676332__15_______,Mursten,117.5
paradisvej-15-2650-hvidovre-01676332__15_______,Villa,Family Sale,07-02-2001,Familie handel,07-02-2001,1.272.300,3,Paradisvej 15,Hvidovre,1,Centralvarme med én fyringsenhed,/adresse/paradisvej-15-2650-hvidovre-01676332__15_______,110.0,2650.0,Tagpap med stor hældning,4.0,boligsiden,https://www.boligsiden.dk/adresse/paradisvej-15-2650-hvidovre-01676332__15_______,Mursten,117.5
slotsherrensvej-203-2-2-2610-roedovre-01750780_203__2___2,Ejerlejlighed,Free Sale,03-04-2025,Fri handel,03-04-2025,4.695.000,3,"Slotsherrensvej 203, 2. 2.",Rødovre,1,Centralvarme med én fyringsenhed,/adresse/slotsherrensvej-203-2-2-2610-roedovre-01750780_203__2___2,83.0,2610.0,Tagpap med lille hældning,3.0,boligsiden,https://www.boligsiden.dk/adresse/slotsherrensvej-203-2-2-2610-roedovre-01750780_203__2___2,Mursten,Ikke oplyst
slotsherrensvej-203-2-2-2610-roedovre-01750780_203__2___2,Ejerlejlighed,Free Sale,08-08-2018,Fri handel,08-08-2018,3.295.000,3,"Slotsherrensvej 203, 2. 2.",Rødovre,1,Centralvarme med én fyringsenhed,/adresse/slotsherrensvej-203-2-2-2610-roedovre-01750780_203__2___2,83.0,2610.0,Tagpap med lille hældning,3.0,boligsiden,https://www.boligsiden.dk/adresse/slotsherrensvej-203-2-2-2610-roedovre-01750780_203__2___2,Mursten,Ikke oplyst
slotsherrensvej-203-2-2-2610-roedovre-01750780_203__2___2,Ejerlejlighed,Free Sale,09-07-2014,Fri handel,09-07-2014,2.195.000,3,"Slotsherrensvej 203, 2. 2.",Rødovre,1,Centralvarme med én fyringsenhed,/adresse/slotsherrensvej-203-2-2-2610-roedovre-01750780_203__2___2,83.0,2610.0,Tagpap med lille hældning,3.0,boligsiden,https://www.boligsiden.dk/adresse/slotsherrensvej-203-2-2-2610-roedovre-01750780_203__2___2,Mursten,Ikke oplyst
plantevej-23-3-th-2870-dyssegaard-01570631__23__3__th,Ejerlejlighed,Free Sale,03-04-2025,Fri handel,03-04-2025,2.515.000,3,"Plantevej 23, 3. th.",Dyssegård,1,Fjernvarme/blokvarme,/adresse/plantevej-23-3-th-2870-dyssegaard-01570631__23__3__th,57.0,2870.0,Tagpap med stor hældning,2.0,boligsiden,https://www.boligsiden.dk/adresse/plantevej-23-3-th-2870-dyssegaard-01570631__23__3__th,Mursten,Ikke oplyst
plantevej-23-3-th-2870-dyssegaard-01570631__23__3__th,Ejerlejlighed,Free Sale,14-07-2021,Fri handel,14-07-2021,900.000,3,"Plantevej 23, 3. th.",Dyssegård,1,Fjernvarme/blokvarme,/adresse/plantevej-23-3-th-2870-dyssegaard-01570631__23__3__th,57.0,2870.0,Tagpap med stor hældning,2.0,boligsiden,https://www.boligsiden.dk/adresse/plantevej-23-3-th-2870-dyssegaard-01570631__23__3__th,Mursten,Ikke oplyst
plantevej-23-3-th-2870-dyssegaard-01570631__23__3__th,Ejerlejlighed,Free Sale,26-06-2012,Fri handel,26-06-2012,875.000,3,"Plantevej 23, 3. th.",Dyssegård,1,Fjernvarme/blokvarme,/adresse/plantevej-23-3-th-2870-dyssegaard-01570631__23__3__th,57.0,2870.0,Tagpap med stor hældning,2.0,boligsiden,https://www.boligsiden.dk/adresse/plantevej-23-3-th-2870-dyssegaard-01570631__23__3__th,Mursten,Ikke oplyst
ejbydalsvej-232-2600-glostrup-01610090_232_______,Villa,Free Sale,03-04-2025,Fri handel,03-04-2025,1.869.500,3,Ejbydalsvej 232,Glostrup,1,Centralvarme med én fyringsenhed,/adresse/ejbydalsvej-232-2600-glostrup-01610090_232_______,161.0,2600.0,Betontagsten,4.0,boligsiden,https://www.boligsiden.dk/adresse/ejbydalsvej-232-2600-glostrup-01610090_232_______,Mursten,167.3
ejbydalsvej-232-2600-glostrup-01610090_232_______,Villa,Free Sale,19-08-2010,Fri handel,19-08-2010,3.198.000,3,Ejbydalsvej 232,Glostrup,1,Centralvarme med én fyringsenhed,/adresse/ejbydalsvej-232-2600-glostrup-01610090_232_______,161.0,2600.0,Betontagsten,4.0,boligsiden,https://www.boligsiden.dk/adresse/ejbydalsvej-232-2600-glostrup-01610090_232_______,Mursten,167.3
ejbydalsvej-232-2600-glostrup-01610090_232_______,Villa,Free Sale,26-05-2005,Fri handel,26-05-2005,2.670.000,3,Ejbydalsvej 232,Glostrup,1,Centralvarme med én fyringsenhed,/adresse/ejbydalsvej-232-2600-glostrup-01610090_232_______,161.0,2600.0,Betontagsten,4.0,boligsiden,https://www.boligsiden.dk/adresse/ejbydalsvej-232-2600-glostrup-01610090_232_______,Mursten,167.3
oernebjergvej-12a-1-tv-2600-glostrup-01610543_12a__1__tv,Ejerlejlighed,Free Sale,02-04-2025,Fri handel,02-04-2025,1.400.000,3,"Ørnebjergvej 12A, 1. tv.",Glostrup,1,Centralvarme med én fyringsenhed,/adresse/oernebjergvej-12a-1-tv-2600-glostrup-01610543_12a__1__tv,53.0,2600.0,Tegl,2.0,boligsiden,https://www.boligsiden.dk/adresse/oernebjergvej-12a-1-tv-2600-glostrup-01610543_12a__1__tv,Mursten,Ikke oplyst
oernebjergvej-12a-1-tv-2600-glostrup-01610543_12a__1__tv,Ejerlejlighed,Free Sale,18-02-2013,Fri handel,18-02-2013,770.000,3,"Ørnebjergvej 12A, 1. tv.",Glostrup,1,Centralvarme med én fyringsenhed,/adresse/oernebjergvej-12a-1-tv-2600-glostrup-01610543_12a__1__tv,53.0,2600.0,Tegl,2.0,boligsiden,https://www.boligsiden.dk/adresse/oernebjergvej-12a-1-tv-2600-glostrup-01610543_12a__1__tv,Mursten,Ikke oplyst
oernebjergvej-12a-1-tv-2600-glostrup-01610543_12a__1__tv,Ejerlejlighed,Free Sale,14-01-1999,Fri handel,14-01-1999,510.280,3,"Ørnebjergvej 12A, 1. tv.",Glostrup,1,Centralvarme med én fyringsenhed,/adresse/oernebjergvej-12a-1-tv-2600-glostrup-01610543_12a__1__tv,53.0,2600.0,Tegl,2.0,boligsiden,https://www.boligsiden.dk/adresse/oernebjergvej-12a-1-tv-2600-glostrup-01610543_12a__1__tv,Mursten,Ikke oplyst
broendbyvestervej-68c-1-1-2605-broendby-01530071_68c__1___1,Ejerlejlighed,Family Sale,02-04-2025,Familie handel,02-04-2025,1.454.400,3,"Brøndbyvestervej 68C, 1. 1.",Brøndby,1,Fjernvarme/blokvarme,/adresse/broendbyvestervej-68c-1-1-2605-broendby-01530071_68c__1___1,85.0,2605.0,Metal,3.0,boligsiden,https://www.boligsiden.dk/adresse/broendbyvestervej-68c-1-1-2605-broendby-01530071_68c__1___1,Mursten,Ikke oplyst
broendbyvestervej-68c-1-1-2605-broendby-01530071_68c__1___1,Ejerlejlighed,Free Sale,13-03-2003,Fri handel,13-03-2003,1.150.000,3,"Brøndbyvestervej 68C, 1. 1.",Brøndby,1,Fjernvarme/blokvarme,/adresse/broendbyvestervej-68c-1-1-2605-broendby-01530071_68c__1___1,85.0,2605.0,Metal,3.0,boligsiden,https://www.boligsiden.dk/adresse/broendbyvestervej-68c-1-1-2605-broendby-01530071_68c__1___1,Mursten,Ikke oplyst
broendbyvestervej-68c-1-1-2605-broendby-01530071_68c__1___1,Ejerlejlighed,Free Sale,12-08-1999,Fri handel,12-08-1999,762.406,3,"Brøndbyvestervej 68C, 1. 1.",Brøndby,1,Fjernvarme/blokvarme,/adresse/broendbyvestervej-68c-1-1-2605-broendby-01530071_68c__1___1,85.0,2605.0,Metal,3.0,boligsiden,https://www.boligsiden.dk/adresse/broendbyvestervej-68c-1-1-2605-broendby-01530071_68c__1___1,Mursten,Ikke oplyst
moelleaaparken-13-2-tv-2800-kongens-lyngby-01730601__13__2__tv,Ejerlejlighed,Free Sale,02-04-2025,Fri handel,02-04-2025,1.550.000,3,"Mølleåparken 13, 2. tv.",Kongens Lyngby,1,Fjernvarme/blokvarme,/adresse/moelleaaparken-13-2-tv-2800-kongens-lyngby-01730601__13__2__tv,54.0,2800.0,Tagpap med stor hældning,1.0,boligsiden,https://www.boligsiden.dk/adresse/moelleaaparken-13-2-tv-2800-kongens-lyngby-01730601__13__2__tv,Mursten,Ikke oplyst
moelleaaparken-13-2-tv-2800-kongens-lyngby-01730601__13__2__tv,Ejerlejlighed,Free Sale,16-03-2017,Fri handel,16-03-2017,1.210.000,3,"Mølleåparken 13, 2. tv.",Kongens Lyngby,1,Fjernvarme/blokvarme,/adresse/moelleaaparken-13-2-tv-2800-kongens-lyngby-01730601__13__2__tv,54.0,2800.0,Tagpap med stor hældning,1.0,boligsiden,https://www.boligsiden.dk/adresse/moelleaaparken-13-2-tv-2800-kongens-lyngby-01730601__13__2__tv,Mursten,Ikke oplyst
moelleaaparken-13-2-tv-2800-kongens-lyngby-01730601__13__2__tv,Ejerlejlighed,Free Sale,16-10-2002,Fri handel,16-10-2002,900.000,3,"Mølleåparken 13, 2. tv.",Kongens Lyngby,1,Fjernvarme/blokvarme,/adresse/moelleaaparken-13-2-tv-2800-kongens-lyngby-01730601__13__2__tv,54.0,2800.0,Tagpap med stor hældning,1.0,boligsiden,https://www.boligsiden.dk/adresse/moelleaaparken-13-2-tv-2800-kongens-lyngby-01730601__13__2__tv,Mursten,Ikke oplyst
bredebovej-23-6-mf-2800-kongens-lyngby-01730092__23__6__mf,Ejerlejlighed,Free Sale,02-04-2025,Fri handel,02-04-2025,2.650.000,3,"Bredebovej 23, 6. mf.",Kongens Lyngby,1,Fjernvarme/blokvarme,/adresse/bredebovej-23-6-mf-2800-kongens-lyngby-01730092__23__6__mf,64.0,2800.0,Tagpap med lille hældning,2.0,boligsiden,https://www.boligsiden.dk/adresse/bredebovej-23-6-mf-2800-kongens-lyngby-01730092__23__6__mf,Mursten,Ikke oplyst
bredebovej-23-6-mf-2800-kongens-lyngby-01730092__23__6__mf,Ejerlejlighed,Free Sale,18-07-2013,Fri handel,18-07-2013,1.350.000,3,"Bredebovej 23, 6. mf.",Kongens Lyngby,1,Fjernvarme/blokvarme,/adresse/bredebovej-23-6-mf-2800-kongens-lyngby-01730092__23__6__mf,64.0,2800.0,Tagpap med lille hældning,2.0,boligsiden,https://www.boligsiden.dk/adresse/bredebovej-23-6-mf-2800-kongens-lyngby-01730092__23__6__mf,Mursten,Ikke oplyst
bredebovej-23-6-mf-2800-kongens-lyngby-01730092__23__6__mf,Ejerlejlighed,Free Sale,10-08-2012,Fri handel,10-08-2012,875.000,3,"Bredebovej 23, 6. mf.",Kongens Lyngby,1,Fjernvarme/blokvarme,/adresse/bredebovej-23-6-mf-2800-kongens-lyngby-01730092__23__6__mf,64.0,2800.0,Tagpap med lille hældning,2.0,boligsiden,https://www.boligsiden.dk/adresse/bredebovej-23-6-mf-2800-kongens-lyngby-01730092__23__6__mf,Mursten,Ikke oplyst
lilliendalsvej-9-1-2-2600-glostrup-01610298___9__1___2,Ejerlejlighed,Free Sale,02-04-2025,Fri handel,02-04-2025,1.435.000,3,"Lilliendalsvej 9, 1. 2.",Glostrup,1,Fjernvarme/blokvarme,/adresse/lilliendalsvej-9-1-2-2600-glostrup-01610298___9__1___2,39.0,2600.0,Fibercement herunder asbest,2.0,boligsiden,https://www.boligsiden.dk/adresse/lilliendalsvej-9-1-2-2600-glostrup-01610298___9__1___2,Mursten,Ikke oplyst
lilliendalsvej-9-1-2-2600-glostrup-01610298___9__1___2,Ejerlejlighed,Free Sale,16-04-2019,Fri handel,16-04-2019,900.000,3,"Lilliendalsvej 9, 1. 2.",Glostrup,1,Fjernvarme/blokvarme,/adresse/lilliendalsvej-9-1-2-2600-glostrup-01610298___9__1___2,39.0,2600.0,Fibercement herunder asbest,2.0,boligsiden,https://www.boligsiden.dk/adresse/lilliendalsvej-9-1-2-2600-glostrup-01610298___9__1___2,Mursten,Ikke oplyst
lilliendalsvej-9-1-2-2600-glostrup-01610298___9__1___2,Ejerlejlighed,Free Sale,01-10-2002,Fri handel,01-10-2002,620.000,3,"Lilliendalsvej 9, 1. 2.",Glostrup,1,Fjernvarme/blokvarme,/adresse/lilliendalsvej-9-1-2-2600-glostrup-01610298___9__1___2,39.0,2600.0,Fibercement herunder asbest,2.0,boligsiden,https://www.boligsiden.dk/adresse/lilliendalsvej-9-1-2-2600-glostrup-01610298___9__1___2,Mursten,Ikke oplyst
vejledalen-394-2635-ishoej-01830854_394_______,Rækkehus,Free Sale,01-04-2025,Fri handel,01-04-2025,2.300.000,3,Vejledalen 394,Ishøj,2,Fjernvarme/blokvarme,/adresse/vejledalen-394-2635-ishoej-01830854_394_______,64.0,2635.0,Betontagsten,3.0,boligsiden,https://www.boligsiden.dk/adresse/vejledalen-394-2635-ishoej-01830854_394_______,Træ,64
vejledalen-394-2635-ishoej-01830854_394_______,Rækkehus,Free Sale,29-07-2021,Fri handel,29-07-2021,1.875.000,3,Vejledalen 394,Ishøj,2,Fjernvarme/blokvarme,/adresse/vejledalen-394-2635-ishoej-01830854_394_______,64.0,2635.0,Betontagsten,3.0,boligsiden,https://www.boligsiden.dk/adresse/vejledalen-394-2635-ishoej-01830854_394_______,Træ,64
vejledalen-394-2635-ishoej-01830854_394_______,Rækkehus,Free Sale,20-10-2003,Fri handel,20-10-2003,1.187.276,3,Vejledalen 394,Ishøj,2,Fjernvarme/blokvarme,/adresse/vejledalen-394-2635-ishoej-01830854_394_______,64.0,2635.0,Betontagsten,3.0,boligsiden,https://www.boligsiden.dk/adresse/vejledalen-394-2635-ishoej-01830854_394_______,Træ,64
evas-alle-3-0-tv-2600-glostrup-01610144___3_st__tv,Ejerlejlighed,Free Sale,01-04-2025,Fri handel,01-04-2025,2.200.000,3,"Evas Alle 3, st. tv.",Glostrup,3,Centralvarme med én fyringsenhed,/adresse/evas-alle-3-0-tv-2600-glostrup-01610144___3_st__tv,69.0,2600.0,Fibercement herunder asbest,3.0,boligsiden,https://www.boligsiden.dk/adresse/evas-alle-3-0-tv-2600-glostrup-01610144___3_st__tv,Mursten,Ikke oplyst
evas-alle-3-0-tv-2600-glostrup-01610144___3_st__tv,Ejerlejlighed,Free Sale,30-12-2019,Fri handel,30-12-2019,1.875.000,3,"Evas Alle 3, st. tv.",Glostrup,3,Centralvarme med én fyringsenhed,/adresse/evas-alle-3-0-tv-2600-glostrup-01610144___3_st__tv,69.0,2600.0,Fibercement herunder asbest,3.0,boligsiden,https://www.boligsiden.dk/adresse/evas-alle-3-0-tv-2600-glostrup-01610144___3_st__tv,Mursten,Ikke oplyst
evas-alle-3-0-tv-2600-glostrup-01610144___3_st__tv,Ejerlejlighed,Free Sale,07-06-2013,Fri handel,07-06-2013,1.180.000,3,"Evas Alle 3, st. tv.",Glostrup,3,Centralvarme med én fyringsenhed,/adresse/evas-alle-3-0-tv-2600-glostrup-01610144___3_st__tv,69.0,2600.0,Fibercement herunder asbest,3.0,boligsiden,https://www.boligsiden.dk/adresse/evas-alle-3-0-tv-2600-glostrup-01610144___3_st__tv,Mursten,Ikke oplyst
moelleaaparken-57-1-c-2800-kongens-lyngby-01730601__57__1___c,Ejerlejlighed,Free Sale,01-04-2025,Fri handel,01-04-2025,2.160.000,2,"Mølleåparken 57, 1. c.",Kongens Lyngby,1,Fjernvarme/blokvarme,/adresse/moelleaaparken-57-1-c-2800-kongens-lyngby-01730601__57__1___c,61.0,2800.0,Tagpap med lille hældning,2.0,boligsiden,https://www.boligsiden.dk/adresse/moelleaaparken-57-1-c-2800-kongens-lyngby-01730601__57__1___c,Betonelementer,Ikke oplyst
moelleaaparken-57-1-c-2800-kongens-lyngby-01730601__57__1___c,Ejerlejlighed,Free Sale,14-10-2019,Fri handel,14-10-2019,1.700.000,2,"Mølleåparken 57, 1. c.",Kongens Lyngby,1,Fjernvarme/blokvarme,/adresse/moelleaaparken-57-1-c-2800-kongens-lyngby-01730601__57__1___c,61.0,2800.0,Tagpap med lille hældning,2.0,boligsiden,https://www.boligsiden.dk/adresse/moelleaaparken-57-1-c-2800-kongens-lyngby-01730601__57__1___c,Betonelementer,Ikke oplyst
elmehusene-43-2600-glostrup-01650087__43_______,Rækkehus,Free Sale,01-04-2025,Fri handel,01-04-2025,2.750.000,3,Elmehusene 43,Glostrup,2,Fjernvarme/blokvarme,/adresse/elmehusene-43-2600-glostrup-01650087__43_______,100.0,2600.0,Fibercement herunder asbest,4.0,boligsiden,https://www.boligsiden.dk/adresse/elmehusene-43-2600-glostrup-01650087__43_______,Betonelementer,103
elmehusene-43-2600-glostrup-01650087__43_______,Rækkehus,Free Sale,07-05-2010,Fri handel,07-05-2010,1.560.000,3,Elmehusene 43,Glostrup,2,Fjernvarme/blokvarme,/adresse/elmehusene-43-2600-glostrup-01650087__43_______,100.0,2600.0,Fibercement herunder asbest,4.0,boligsiden,https://www.boligsiden.dk/adresse/elmehusene-43-2600-glostrup-01650087__43_______,Betonelementer,103
elmehusene-43-2600-glostrup-01650087__43_______,Rækkehus,Free Sale,24-08-1993,Fri handel,24-08-1993,510.000,3,Elmehusene 43,Glostrup,2,Fjernvarme/blokvarme,/adresse/elmehusene-43-2600-glostrup-01650087__43_______,100.0,2600.0,Fibercement herunder asbest,4.0,boligsiden,https://www.boligsiden.dk/adresse/elmehusene-43-2600-glostrup-01650087__43_______,Betonelementer,103
strandvejen-717-2-2930-klampenborg-01730945_717__2____,Ejerlejlighed,Family Sale,01-04-2025,Familie handel,01-04-2025,4.593.750,3,,,,,,,,,,,,,
strandvejen-717-2-2930-klampenborg-01730945_717__2____,Ejerlejlighed,Free Sale,10-02-2015,Fri handel,10-02-2015,4.275.000,3,,,,,,,,,,,,,
strandvejen-717-2-2930-klampenborg-01730945_717__2____,Ejerlejlighed,Free Sale,05-03-2008,Fri handel,05-03-2008,3.450.000,3,,,,,,,,,,,,,
hjortespringvej-37-2730-herlev-01633299__37_______,Villa,Free Sale,01-04-2025,Fri handel,01-04-2025,5.400.000,3,Hjortespringvej 37,Herlev,1,Varmepumpe,/adresse/hjortespringvej-37-2730-herlev-01633299__37_______,168.0,2730.0,Tegl,5.0,boligsiden,https://www.boligsiden.dk/adresse/hjortespringvej-37-2730-herlev-01633299__37_______,Mursten,219.75
hjortespringvej-37-2730-herlev-01633299__37_______,Villa,Free Sale,02-09-2021,Fri handel,02-09-2021,5.400.000,3,Hjortespringvej 37,Herlev,1,Varmepumpe,/adresse/hjortespringvej-37-2730-herlev-01633299__37_______,168.0,2730.0,Tegl,5.0,boligsiden,https://www.boligsiden.dk/adresse/hjortespringvej-37-2730-herlev-01633299__37_______,Mursten,219.75
hjortespringvej-37-2730-herlev-01633299__37_______,Villa,Free Sale,27-07-2015,Fri handel,27-07-2015,3.150.000,3,Hjortespringvej 37,Herlev,1,Varmepumpe,/adresse/hjortespringvej-37-2730-herlev-01633299__37_______,168.0,2730.0,Tegl,5.0,boligsiden,https://www.boligsiden.dk/adresse/hjortespringvej-37-2730-herlev-01633299__37_______,Mursten,219.75
graensevej-15-2650-hvidovre-01673046__15_______,Villa,Free Sale,01-04-2025,Fri handel,01-04-2025,3.780.000,3,Grænsevej 15,Hvidovre,1,Centralvarme med én fyringsenhed,/adresse/graensevej-15-2650-hvidovre-01673046__15_______,67.0,2650.0,Tagpap med stor hældning,2.0,boligsiden,https://www.boligsiden.dk/adresse/graensevej-15-2650-hvidovre-01673046__15_______,Mursten,97.85
graensevej-15-2650-hvidovre-01673046__15_______,Villa,Free Sale,13-07-2022,Fri handel,13-07-2022,3.900.000,3,Grænsevej 15,Hvidovre,1,Centralvarme med én fyringsenhed,/adresse/graensevej-15-2650-hvidovre-01673046__15_______,67.0,2650.0,Tagpap med stor hældning,2.0,boligsiden,https://www.boligsiden.dk/adresse/graensevej-15-2650-hvidovre-01673046__15_______,Mursten,97.85
graensevej-15-2650-hvidovre-01673046__15_______,Villa,Free Sale,27-06-2018,Fri handel,27-06-2018,2.500.000,3,Grænsevej 15,Hvidovre,1,Centralvarme med én fyringsenhed,/adresse/graensevej-15-2650-hvidovre-01673046__15_______,67.0,2650.0,Tagpap med stor hældning,2.0,boligsiden,https://www.boligsiden.dk/adresse/graensevej-15-2650-hvidovre-01673046__15_______,Mursten,97.85
groennevej-15-2630-taastrup-01692355__15_______,Rækkehus,Free Sale,01-04-2025,Fri handel,01-04-2025,2.150.000,1,Grønnevej 15,Taastrup,1,Elvarme,/adresse/groennevej-15-2630-taastrup-01692355__15_______,103.0,2630.0,Fibercement herunder asbest,4.0,boligsiden,https://www.boligsiden.dk/adresse/groennevej-15-2630-taastrup-01692355__15_______,Mursten,102.05
hyldegaardsvej-10-2-4-2920-charlottenlund-01570377__10__2___4,Ejerlejlighed,Free Sale,01-04-2025,Fri handel,01-04-2025,2.520.000,3,"Hyldegårdsvej 10, 2. 4.",Charlottenlund,1,Fjernvarme/blokvarme,/adresse/hyldegaardsvej-10-2-4-2920-charlottenlund-01570377__10__2___4,58.0,2920.0,Fibercement herunder asbest,2.0,boligsiden,https://www.boligsiden.dk/adresse/hyldegaardsvej-10-2-4-2920-charlottenlund-01570377__10__2___4,Mursten,Ikke oplyst
hyldegaardsvej-10-2-4-2920-charlottenlund-01570377__10__2___4,Ejerlejlighed,Free Sale,02-04-2020,Fri handel,02-04-2020,2.300.000,3,"Hyldegårdsvej 10, 2. 4.",Charlottenlund,1,Fjernvarme/blokvarme,/adresse/hyldegaardsvej-10-2-4-2920-charlottenlund-01570377__10__2___4,58.0,2920.0,Fibercement herunder asbest,2.0,boligsiden,https://www.boligsiden.dk/adresse/hyldegaardsvej-10-2-4-2920-charlottenlund-01570377__10__2___4,Mursten,Ikke oplyst
hyldegaardsvej-10-2-4-2920-charlottenlund-01570377__10__2___4,Ejerlejlighed,Free Sale,20-03-2015,Fri handel,20-03-2015,1.490.000,3,"Hyldegårdsvej 10, 2. 4.",Charlottenlund,1,Fjernvarme/blokvarme,/adresse/hyldegaardsvej-10-2-4-2920-charlottenlund-01570377__10__2___4,58.0,2920.0,Fibercement herunder asbest,2.0,boligsiden,https://www.boligsiden.dk/adresse/hyldegaardsvej-10-2-4-2920-charlottenlund-01570377__10__2___4,Mursten,Ikke oplyst
batterivej-29-2860-soeborg-01590055__29_______,Rækkehus,Free Sale,31-03-2025,Fri handel,31-03-2025,3.650.000,3,Batterivej 29,Søborg,1,Centralvarme med én fyringsenhed,/adresse/batterivej-29-2860-soeborg-01590055__29_______,98.0,2860.0,Fibercement herunder asbest,4.0,boligsiden,https://www.boligsiden.dk/adresse/batterivej-29-2860-soeborg-01590055__29_______,Mursten,100.5
batterivej-29-2860-soeborg-01590055__29_______,Rækkehus,Free Sale,26-07-2023,Fri handel,26-07-2023,1.597.500,3,Batterivej 29,Søborg,1,Centralvarme med én fyringsenhed,/adresse/batterivej-29-2860-soeborg-01590055__29_______,98.0,2860.0,Fibercement herunder asbest,4.0,boligsiden,https://www.boligsiden.dk/adresse/batterivej-29-2860-soeborg-01590055__29_______,Mursten,100.5
batterivej-29-2860-soeborg-01590055__29_______,Rækkehus,Free Sale,05-05-2017,Fri handel,05-05-2017,2.250.000,3,Batterivej 29,Søborg,1,Centralvarme med én fyringsenhed,/adresse/batterivej-29-2860-soeborg-01590055__29_______,98.0,2860.0,Fibercement herunder asbest,4.0,boligsiden,https://www.boligsiden.dk/adresse/batterivej-29-2860-soeborg-01590055__29_______,Mursten,100.5
zicavej-12-2930-klampenborg-01570967__12_______,Villa,Free Sale,31-03-2025,Fri handel,31-03-2025,19.300.000,3,,,,,,,,,,,,,
zicavej-12-2930-klampenborg-01570967__12_______,Villa,Free Sale,27-04-2012,Fri handel,27-04-2012,9.400.000,3,,,,,,,,,,,,,
zicavej-12-2930-klampenborg-01570967__12_______,Villa,Free Sale,11-12-1996,Fri handel,11-12-1996,2.615.000,3,,,,,,,,,,,,,
hovedvejen-23-2600-glostrup-01610213__23_______,Villa,Free Sale,31-03-2025,Fri handel,31-03-2025,3.450.000,1,Hovedvejen 23,Glostrup,1,Centralvarme med én fyringsenhed,/adresse/hovedvejen-23-2600-glostrup-01610213__23_______,134.0,2600.0,Betontagsten,5.0,boligsiden,https://www.boligsiden.dk/adresse/hovedvejen-23-2600-glostrup-01610213__23_______,Mursten,167.5
boegevej-10-2600-glostrup-01610049__10_______,Villa,Other,31-03-2025,Andet,31-03-2025,1.555.000,3,Bøgevej 10,Glostrup,1,Centralvarme med én fyringsenhed,/adresse/boegevej-10-2600-glostrup-01610049__10_______,94.0,2600.0,Tegl,3.0,boligsiden,https://www.boligsiden.dk/adresse/boegevej-10-2600-glostrup-01610049__10_______,Mursten,119.85
boegevej-10-2600-glostrup-01610049__10_______,Villa,Other,14-02-2024,Andet,14-02-2024,1.380.500,3,Bøgevej 10,Glostrup,1,Centralvarme med én fyringsenhed,/adresse/boegevej-10-2600-glostrup-01610049__10_______,94.0,2600.0,Tegl,3.0,boligsiden,https://www.boligsiden.dk/adresse/boegevej-10-2600-glostrup-01610049__10_______,Mursten,119.85
boegevej-10-2600-glostrup-01610049__10_______,Villa,Free Sale,07-07-2019,Fri handel,07-07-2019,2.650.000,3,Bøgevej 10,Glostrup,1,Centralvarme med én fyringsenhed,/adresse/boegevej-10-2600-glostrup-01610049__10_______,94.0,2600.0,Tegl,3.0,boligsiden,https://www.boligsiden.dk/adresse/boegevej-10-2600-glostrup-01610049__10_______,Mursten,119.85
onsbjerg-alle-21-2860-soeborg-01590637__21_______,Villa,Family Sale,31-03-2025,Familie handel,31-03-2025,1.759.022,1,Onsbjerg Alle 21,Søborg,1,Fjernvarme/blokvarme,/adresse/onsbjerg-alle-21-2860-soeborg-01590637__21_______,96.0,2860.0,Tagpap med stor hældning,3.0,boligsiden,https://www.boligsiden.dk/adresse/onsbjerg-alle-21-2860-soeborg-01590637__21_______,Mursten,98.5
roennevangshusene-55-1-th-2630-taastrup-01696605__55__1__th,Ejerlejlighed,Free Sale,31-03-2025,Fri handel,31-03-2025,2.100.000,3,"Rønnevangshusene 55, 1. th.",Taastrup,1,Fjernvarme/blokvarme,/adresse/roennevangshusene-55-1-th-2630-taastrup-01696605__55__1__th,96.0,2630.0,Betontagsten,4.0,boligsiden,https://www.boligsiden.dk/adresse/roennevangshusene-55-1-th-2630-taastrup-01696605__55__1__th,Mursten,Ikke oplyst
roennevangshusene-55-1-th-2630-taastrup-01696605__55__1__th,Ejerlejlighed,Free Sale,09-04-2021,Fri handel,09-04-2021,1.425.000,3,"Rønnevangshusene 55, 1. th.",Taastrup,1,Fjernvarme/blokvarme,/adresse/roennevangshusene-55-1-th-2630-taastrup-01696605__55__1__th,96.0,2630.0,Betontagsten,4.0,boligsiden,https://www.boligsiden.dk/adresse/roennevangshusene-55-1-th-2630-taastrup-01696605__55__1__th,Mursten,Ikke oplyst
roennevangshusene-55-1-th-2630-taastrup-01696605__55__1__th,Ejerlejlighed,Free Sale,07-03-2021,Fri handel,07-03-2021,1.425.000,3,"Rønnevangshusene 55, 1. th.",Taastrup,1,Fjernvarme/blokvarme,/adresse/roennevangshusene-55-1-th-2630-taastrup-01696605__55__1__th,96.0,2630.0,Betontagsten,4.0,boligsiden,https://www.boligsiden.dk/adresse/roennevangshusene-55-1-th-2630-taastrup-01696605__55__1__th,Mursten,Ikke oplyst
taarnvej-151b-2-2610-roedovre-01750897151b__2____,Ejerlejlighed,Free Sale,31-03-2025,Fri handel,31-03-2025,2.000.000,3,"Tårnvej 151B, 2.",Rødovre,1,Fjernvarme/blokvarme,/adresse/taarnvej-151b-2-2610-roedovre-01750897151b__2____,72.0,2610.0,Tagpap med stor hældning,3.0,boligsiden,https://www.boligsiden.dk/adresse/taarnvej-151b-2-2610-roedovre-01750897151b__2____,Mursten,Ikke oplyst
taarnvej-151b-2-2610-roedovre-01750897151b__2____,Ejerlejlighed,Free Sale,26-03-2017,Fri handel,26-03-2017,1.720.000,3,"Tårnvej 151B, 2.",Rødovre,1,Fjernvarme/blokvarme,/adresse/taarnvej-151b-2-2610-roedovre-01750897151b__2____,72.0,2610.0,Tagpap med stor hældning,3.0,boligsiden,https://www.boligsiden.dk/adresse/taarnvej-151b-2-2610-roedovre-01750897151b__2____,Mursten,Ikke oplyst
taarnvej-151b-2-2610-roedovre-01750897151b__2____,Ejerlejlighed,Free Sale,11-04-2008,Fri handel,11-04-2008,1.250.000,3,"Tårnvej 151B, 2.",Rødovre,1,Fjernvarme/blokvarme,/adresse/taarnvej-151b-2-2610-roedovre-01750897151b__2____,72.0,2610.0,Tagpap med stor hældning,3.0,boligsiden,https://www.boligsiden.dk/adresse/taarnvej-151b-2-2610-roedovre-01750897151b__2____,Mursten,Ikke oplyst
vesttoftevej-16-2605-broendby-01530786__16_______,Villa,Free Sale,31-03-2025,Fri handel,31-03-2025,3.900.000,3,Vesttoftevej 16,Brøndby,1,Fjernvarme/blokvarme,/adresse/vesttoftevej-16-2605-broendby-01530786__16_______,103.0,2605.0,Tegl,5.0,boligsiden,https://www.boligsiden.dk/adresse/vesttoftevej-16-2605-broendby-01530786__16_______,Letbetonsten,108.15
vesttoftevej-16-2605-broendby-01530786__16_______,Villa,Free Sale,04-09-2019,Fri handel,04-09-2019,3.250.000,3,Vesttoftevej 16,Brøndby,1,Fjernvarme/blokvarme,/adresse/vesttoftevej-16-2605-broendby-01530786__16_______,103.0,2605.0,Tegl,5.0,boligsiden,https://www.boligsiden.dk/adresse/vesttoftevej-16-2605-broendby-01530786__16_______,Letbetonsten,108.15
vesttoftevej-16-2605-broendby-01530786__16_______,Villa,Free Sale,17-09-2006,Fri handel,17-09-2006,3.050.000,3,Vesttoftevej 16,Brøndby,1,Fjernvarme/blokvarme,/adresse/vesttoftevej-16-2605-broendby-01530786__16_______,103.0,2605.0,Tegl,5.0,boligsiden,https://www.boligsiden.dk/adresse/vesttoftevej-16-2605-broendby-01530786__16_______,Letbetonsten,108.15
haslevgade-14-0-th-2630-taastrup-01692535__14_st__th,Ejerlejlighed,Free Sale,31-03-2025,Fri handel,31-03-2025,2.100.000,3,"Haslevgade 14, st. th.",Taastrup,1,Fjernvarme/blokvarme,/adresse/haslevgade-14-0-th-2630-taastrup-01692535__14_st__th,79.0,2630.0,Betontagsten,3.0,boligsiden,https://www.boligsiden.dk/adresse/haslevgade-14-0-th-2630-taastrup-01692535__14_st__th,Mursten,Ikke oplyst
haslevgade-14-0-th-2630-taastrup-01692535__14_st__th,Ejerlejlighed,Free Sale,04-02-2020,Fri handel,04-02-2020,2.000.000,3,"Haslevgade 14, st. th.",Taastrup,1,Fjernvarme/blokvarme,/adresse/haslevgade-14-0-th-2630-taastrup-01692535__14_st__th,79.0,2630.0,Betontagsten,3.0,boligsiden,https://www.boligsiden.dk/adresse/haslevgade-14-0-th-2630-taastrup-01692535__14_st__th,Mursten,Ikke oplyst
haslevgade-14-0-th-2630-taastrup-01692535__14_st__th,Ejerlejlighed,Free Sale,20-03-2014,Fri handel,20-03-2014,1.260.000,3,"Haslevgade 14, st. th.",Taastrup,1,Fjernvarme/blokvarme,/adresse/haslevgade-14-0-th-2630-taastrup-01692535__14_st__th,79.0,2630.0,Betontagsten,3.0,boligsiden,https://www.boligsiden.dk/adresse/haslevgade-14-0-th-2630-taastrup-01692535__14_st__th,Mursten,Ikke oplyst
tommerupgade-29-3-mf-2630-taastrup-01690038__29__3__mf,Ejerlejlighed,Free Sale,31-03-2025,Fri handel,31-03-2025,2.850.000,2,,,,,,,,,,,,,
tommerupgade-29-3-mf-2630-taastrup-01690038__29__3__mf,Ejerlejlighed,Free Sale,10-07-2023,Fri handel,10-07-2023,2.395.000,2,,,,,,,,,,,,,
vejlebrovej-118-2-mf-2635-ishoej-01830850_118__2__mf,Ejerlejlighed,Free Sale,31-03-2025,Fri handel,31-03-2025,900.000,3,"Vejlebrovej 118, 2. mf.",Ishøj,1,Fjernvarme/blokvarme,/adresse/vejlebrovej-118-2-mf-2635-ishoej-01830850_118__2__mf,35.0,2635.0,Tagpap med lille hældning,1.0,boligsiden,https://www.boligsiden.dk/adresse/vejlebrovej-118-2-mf-2635-ishoej-01830850_118__2__mf,Betonelementer,Ikke oplyst
vejlebrovej-118-2-mf-2635-ishoej-01830850_118__2__mf,Ejerlejlighed,Free Sale,04-10-2017,Fri handel,04-10-2017,600.000,3,"Vejlebrovej 118, 2. mf.",Ishøj,1,Fjernvarme/blokvarme,/adresse/vejlebrovej-118-2-mf-2635-ishoej-01830850_118__2__mf,35.0,2635.0,Tagpap med lille hældning,1.0,boligsiden,https://www.boligsiden.dk/adresse/vejlebrovej-118-2-mf-2635-ishoej-01830850_118__2__mf,Betonelementer,Ikke oplyst
soevangs-alle-2-2635-ishoej-01830700___2_______,Villa,Free Sale,31-03-2025,Fri handel,31-03-2025,2.775.000,2,Søvangs Alle 2,Ishøj,1,Centralvarme med én fyringsenhed,/adresse/soevangs-alle-2-2635-ishoej-01830700___2_______,120.0,2635.0,Fibercement herunder asbest,5.0,boligsiden,https://www.boligsiden.dk/adresse/soevangs-alle-2-2635-ishoej-01830700___2_______,Letbetonsten,130.5
soevangs-alle-2-2635-ishoej-01830700___2_______,Villa,Free Sale,18-08-1993,Fri handel,18-08-1993,683.360,2,Søvangs Alle 2,Ishøj,1,Centralvarme med én fyringsenhed,/adresse/soevangs-alle-2-2635-ishoej-01830700___2_______,120.0,2635.0,Fibercement herunder asbest,5.0,boligsiden,https://www.boligsiden.dk/adresse/soevangs-alle-2-2635-ishoej-01830700___2_______,Letbetonsten,130.5
hedekaeret-5-2-th-2640-hedehusene-01692652___5__2__th,Ejerlejlighed,Free Sale,31-03-2025,Fri handel,31-03-2025,1.825.000,3,"Hedekæret 5, 2. th.",Hedehusene,1,Fjernvarme/blokvarme,/adresse/hedekaeret-5-2-th-2640-hedehusene-01692652___5__2__th,70.0,2640.0,Fibercement herunder asbest,3.0,boligsiden,https://www.boligsiden.dk/adresse/hedekaeret-5-2-th-2640-hedehusene-01692652___5__2__th,Mursten,Ikke oplyst
hedekaeret-5-2-th-2640-hedehusene-01692652___5__2__th,Ejerlejlighed,Free Sale,10-08-2011,Fri handel,10-08-2011,845.000,3,"Hedekæret 5, 2. th.",Hedehusene,1,Fjernvarme/blokvarme,/adresse/hedekaeret-5-2-th-2640-hedehusene-01692652___5__2__th,70.0,2640.0,Fibercement herunder asbest,3.0,boligsiden,https://www.boligsiden.dk/adresse/hedekaeret-5-2-th-2640-hedehusene-01692652___5__2__th,Mursten,Ikke oplyst
hedekaeret-5-2-th-2640-hedehusene-01692652___5__2__th,Ejerlejlighed,Free Sale,18-02-2005,Fri handel,18-02-2005,930.000,3,"Hedekæret 5, 2. th.",Hedehusene,1,Fjernvarme/blokvarme,/adresse/hedekaeret-5-2-th-2640-hedehusene-01692652___5__2__th,70.0,2640.0,Fibercement herunder asbest,3.0,boligsiden,https://www.boligsiden.dk/adresse/hedekaeret-5-2-th-2640-hedehusene-01692652___5__2__th,Mursten,Ikke oplyst
taarnvej-93b-3-77-2610-roedovre-01750897_93b__3__77,Ejerlejlighed,Family Sale,31-03-2025,Familie handel,31-03-2025,1.300.000,3,"Tårnvej 93B, 3. 77.",Rødovre,1,Fjernvarme/blokvarme,/adresse/taarnvej-93b-3-77-2610-roedovre-01750897_93b__3__77,83.0,2610.0,Tagpap med stor hældning,4.0,boligsiden,https://www.boligsiden.dk/adresse/taarnvej-93b-3-77-2610-roedovre-01750897_93b__3__77,Betonelementer,Ikke oplyst
taarnvej-93b-3-77-2610-roedovre-01750897_93b__3__77,Ejerlejlighed,Free Sale,20-04-2023,Fri handel,20-04-2023,2.500.000,3,"Tårnvej 93B, 3. 77.",Rødovre,1,Fjernvarme/blokvarme,/adresse/taarnvej-93b-3-77-2610-roedovre-01750897_93b__3__77,83.0,2610.0,Tagpap med stor hældning,4.0,boligsiden,https://www.boligsiden.dk/adresse/taarnvej-93b-3-77-2610-roedovre-01750897_93b__3__77,Betonelementer,Ikke oplyst
taarnvej-93b-3-77-2610-roedovre-01750897_93b__3__77,Ejerlejlighed,Free Sale,15-08-2000,Fri handel,15-08-2000,815.000,3,"Tårnvej 93B, 3. 77.",Rødovre,1,Fjernvarme/blokvarme,/adresse/taarnvej-93b-3-77-2610-roedovre-01750897_93b__3__77,83.0,2610.0,Tagpap med stor hældning,4.0,boligsiden,https://www.boligsiden.dk/adresse/taarnvej-93b-3-77-2610-roedovre-01750897_93b__3__77,Betonelementer,Ikke oplyst
islevbrovej-34-2610-roedovre-01750391__34_______,Rækkehus,Other,31-03-2025,Andet,31-03-2025,800.000,3,Islevbrovej 34,Rødovre,1,Centralvarme med én fyringsenhed,/adresse/islevbrovej-34-2610-roedovre-01750391__34_______,171.0,2610.0,Tegl,6.0,boligsiden,https://www.boligsiden.dk/adresse/islevbrovej-34-2610-roedovre-01750391__34_______,Mursten,172
islevbrovej-34-2610-roedovre-01750391__34_______,Rækkehus,Free Sale,04-01-2016,Fri handel,04-01-2016,2.800.000,3,Islevbrovej 34,Rødovre,1,Centralvarme med én fyringsenhed,/adresse/islevbrovej-34-2610-roedovre-01750391__34_______,171.0,2610.0,Tegl,6.0,boligsiden,https://www.boligsiden.dk/adresse/islevbrovej-34-2610-roedovre-01750391__34_______,Mursten,172
islevbrovej-34-2610-roedovre-01750391__34_______,Rækkehus,Free Sale,30-12-2010,Fri handel,30-12-2010,3.150.000,3,Islevbrovej 34,Rødovre,1,Centralvarme med én fyringsenhed,/adresse/islevbrovej-34-2610-roedovre-01750391__34_______,171.0,2610.0,Tegl,6.0,boligsiden,https://www.boligsiden.dk/adresse/islevbrovej-34-2610-roedovre-01750391__34_______,Mursten,172
hvidovre-strandvej-3-2650-hvidovre-01673853___3_______,Villa,Free Sale,31-03-2025,Fri handel,31-03-2025,3.750.000,3,Hvidovre Strandvej 3,Hvidovre,1,Centralvarme med to fyringsenheder,/adresse/hvidovre-strandvej-3-2650-hvidovre-01673853___3_______,184.0,2650.0,Fibercement herunder asbest,5.0,boligsiden,https://www.boligsiden.dk/adresse/hvidovre-strandvej-3-2650-hvidovre-01673853___3_______,Mursten,190.5
hvidovre-strandvej-3-2650-hvidovre-01673853___3_______,Villa,Family Sale,30-12-2024,Familie handel,30-12-2024,3.750.000,3,Hvidovre Strandvej 3,Hvidovre,1,Centralvarme med to fyringsenheder,/adresse/hvidovre-strandvej-3-2650-hvidovre-01673853___3_______,184.0,2650.0,Fibercement herunder asbest,5.0,boligsiden,https://www.boligsiden.dk/adresse/hvidovre-strandvej-3-2650-hvidovre-01673853___3_______,Mursten,190.5
hvidovre-strandvej-3-2650-hvidovre-01673853___3_______,Villa,Free Sale,24-04-1996,Fri handel,24-04-1996,1.567.200,3,Hvidovre Strandvej 3,Hvidovre,1,Centralvarme med to fyringsenheder,/adresse/hvidovre-strandvej-3-2650-hvidovre-01673853___3_______,184.0,2650.0,Fibercement herunder asbest,5.0,boligsiden,https://www.boligsiden.dk/adresse/hvidovre-strandvej-3-2650-hvidovre-01673853___3_______,Mursten,190.5
pilegaardsvej-54-0-1-2860-soeborg-01590651__54_st___1,Ejerlejlighed,Free Sale,31-03-2025,Fri handel,31-03-2025,1.100.000,3,"Pilegårdsvej 54, st. 1.",Søborg,1,Fjernvarme/blokvarme,/adresse/pilegaardsvej-54-0-1-2860-soeborg-01590651__54_st___1,39.0,2860.0,Fibercement herunder asbest,1.0,boligsiden,https://www.boligsiden.dk/adresse/pilegaardsvej-54-0-1-2860-soeborg-01590651__54_st___1,Mursten,Ikke oplyst
pilegaardsvej-54-0-1-2860-soeborg-01590651__54_st___1,Ejerlejlighed,Free Sale,13-07-2014,Fri handel,13-07-2014,495.000,3,"Pilegårdsvej 54, st. 1.",Søborg,1,Fjernvarme/blokvarme,/adresse/pilegaardsvej-54-0-1-2860-soeborg-01590651__54_st___1,39.0,2860.0,Fibercement herunder asbest,1.0,boligsiden,https://www.boligsiden.dk/adresse/pilegaardsvej-54-0-1-2860-soeborg-01590651__54_st___1,Mursten,Ikke oplyst
pilegaardsvej-54-0-1-2860-soeborg-01590651__54_st___1,Ejerlejlighed,Free Sale,10-08-1996,Fri handel,10-08-1996,143.000,3,"Pilegårdsvej 54, st. 1.",Søborg,1,Fjernvarme/blokvarme,/adresse/pilegaardsvej-54-0-1-2860-soeborg-01590651__54_st___1,39.0,2860.0,Fibercement herunder asbest,1.0,boligsiden,https://www.boligsiden.dk/adresse/pilegaardsvej-54-0-1-2860-soeborg-01590651__54_st___1,Mursten,Ikke oplyst
skiftevej-9-2820-gentofte-01570702___9_______,Villa,Family Sale,31-03-2025,Familie handel,31-03-2025,1.397.500,3,Skiftevej 9,Gentofte,1,Fjernvarme/blokvarme,/adresse/skiftevej-9-2820-gentofte-01570702___9_______,165.0,2820.0,Tegl,3.0,boligsiden,https://www.boligsiden.dk/adresse/skiftevej-9-2820-gentofte-01570702___9_______,Mursten,160.5
skiftevej-9-2820-gentofte-01570702___9_______,Villa,Free Sale,21-04-2010,Fri handel,21-04-2010,4.300.000,3,Skiftevej 9,Gentofte,1,Fjernvarme/blokvarme,/adresse/skiftevej-9-2820-gentofte-01570702___9_______,165.0,2820.0,Tegl,3.0,boligsiden,https://www.boligsiden.dk/adresse/skiftevej-9-2820-gentofte-01570702___9_______,Mursten,160.5
skiftevej-9-2820-gentofte-01570702___9_______,Villa,Free Sale,11-11-1998,Fri handel,11-11-1998,1.717.720,3,Skiftevej 9,Gentofte,1,Fjernvarme/blokvarme,/adresse/skiftevej-9-2820-gentofte-01570702___9_______,165.0,2820.0,Tegl,3.0,boligsiden,https://www.boligsiden.dk/adresse/skiftevej-9-2820-gentofte-01570702___9_______,Mursten,160.5
elverhoejen-1d-2-tv-2730-herlev-01631477__1d__2__tv,Ejerlejlighed,Free Sale,31-03-2025,Fri handel,31-03-2025,1.700.000,2,"Elverhøjen 1D, 2. tv.",Herlev,1,Fjernvarme/blokvarme,/adresse/elverhoejen-1d-2-tv-2730-herlev-01631477__1d__2__tv,56.0,2730.0,Tegl,2.0,boligsiden,https://www.boligsiden.dk/adresse/elverhoejen-1d-2-tv-2730-herlev-01631477__1d__2__tv,Mursten,Ikke oplyst
elverhoejen-1d-2-tv-2730-herlev-01631477__1d__2__tv,Ejerlejlighed,Free Sale,11-05-2017,Fri handel,11-05-2017,1.300.000,2,"Elverhøjen 1D, 2. tv.",Herlev,1,Fjernvarme/blokvarme,/adresse/elverhoejen-1d-2-tv-2730-herlev-01631477__1d__2__tv,56.0,2730.0,Tegl,2.0,boligsiden,https://www.boligsiden.dk/adresse/elverhoejen-1d-2-tv-2730-herlev-01631477__1d__2__tv,Mursten,Ikke oplyst
vadstrupvej-5a-2-2-2880-bagsvaerd-01590934__5a__2___2,Ejerlejlighed,Family Sale,31-03-2025,Familie handel,31-03-2025,1.250.000,3,"Vadstrupvej 5A, 2. 2.",Bagsværd,1,Fjernvarme/blokvarme,/adresse/vadstrupvej-5a-2-2-2880-bagsvaerd-01590934__5a__2___2,60.0,2880.0,Tagpap med stor hældning,2.0,boligsiden,https://www.boligsiden.dk/adresse/vadstrupvej-5a-2-2-2880-bagsvaerd-01590934__5a__2___2,Mursten,Ikke oplyst
vadstrupvej-5a-2-2-2880-bagsvaerd-01590934__5a__2___2,Ejerlejlighed,Free Sale,02-04-2014,Fri handel,02-04-2014,1.440.000,3,"Vadstrupvej 5A, 2. 2.",Bagsværd,1,Fjernvarme/blokvarme,/adresse/vadstrupvej-5a-2-2-2880-bagsvaerd-01590934__5a__2___2,60.0,2880.0,Tagpap med stor hældning,2.0,boligsiden,https://www.boligsiden.dk/adresse/vadstrupvej-5a-2-2-2880-bagsvaerd-01590934__5a__2___2,Mursten,Ikke oplyst
vadstrupvej-5a-2-2-2880-bagsvaerd-01590934__5a__2___2,Ejerlejlighed,Free Sale,08-06-2010,Fri handel,08-06-2010,1.500.000,3,"Vadstrupvej 5A, 2. 2.",Bagsværd,1,Fjernvarme/blokvarme,/adresse/vadstrupvej-5a-2-2-2880-bagsvaerd-01590934__5a__2___2,60.0,2880.0,Tagpap med stor hældning,2.0,boligsiden,https://www.boligsiden.dk/adresse/vadstrupvej-5a-2-2-2880-bagsvaerd-01590934__5a__2___2,Mursten,Ikke oplyst
tornegaardsvej-7-2860-soeborg-01590897___7_______,Rækkehus,Free Sale,31-03-2025,Fri handel,31-03-2025,2.400.000,3,Tornegårdsvej 7,Søborg,1,Elvarme,/adresse/tornegaardsvej-7-2860-soeborg-01590897___7_______,67.0,2860.0,Fibercement herunder asbest,3.0,boligsiden,https://www.boligsiden.dk/adresse/tornegaardsvej-7-2860-soeborg-01590897___7_______,Mursten,71.35
tornegaardsvej-7-2860-soeborg-01590897___7_______,Rækkehus,Free Sale,06-09-2019,Fri handel,06-09-2019,2.150.000,3,Tornegårdsvej 7,Søborg,1,Elvarme,/adresse/tornegaardsvej-7-2860-soeborg-01590897___7_______,67.0,2860.0,Fibercement herunder asbest,3.0,boligsiden,https://www.boligsiden.dk/adresse/tornegaardsvej-7-2860-soeborg-01590897___7_______,Mursten,71.35
tornegaardsvej-7-2860-soeborg-01590897___7_______,Rækkehus,Free Sale,19-11-2009,Fri handel,19-11-2009,1.300.000,3,Tornegårdsvej 7,Søborg,1,Elvarme,/adresse/tornegaardsvej-7-2860-soeborg-01590897___7_______,67.0,2860.0,Fibercement herunder asbest,3.0,boligsiden,https://www.boligsiden.dk/adresse/tornegaardsvej-7-2860-soeborg-01590897___7_______,Mursten,71.35
brannersvej-25-2-65-2920-charlottenlund-01570078__25__2__65,Ejerlejlighed,Free Sale,31-03-2025,Fri handel,31-03-2025,1.950.000,2,"Brannersvej 25, 2. 65.",Charlottenlund,1,Fjernvarme/blokvarme,/adresse/brannersvej-25-2-65-2920-charlottenlund-01570078__25__2__65,47.0,2920.0,Tagpap med lille hældning,2.0,boligsiden,https://www.boligsiden.dk/adresse/brannersvej-25-2-65-2920-charlottenlund-01570078__25__2__65,Betonelementer,Ikke oplyst
brannersvej-25-2-65-2920-charlottenlund-01570078__25__2__65,Ejerlejlighed,Free Sale,04-09-1994,Fri handel,04-09-1994,395.000,2,"Brannersvej 25, 2. 65.",Charlottenlund,1,Fjernvarme/blokvarme,/adresse/brannersvej-25-2-65-2920-charlottenlund-01570078__25__2__65,47.0,2920.0,Tagpap med lille hældning,2.0,boligsiden,https://www.boligsiden.dk/adresse/brannersvej-25-2-65-2920-charlottenlund-01570078__25__2__65,Betonelementer,Ikke oplyst
blidahpark-25-1-2-2900-hellerup-01570064__25__1___2,Ejerlejlighed,Family Sale,31-03-2025,Familie handel,31-03-2025,1.425.000,3,"Blidahpark 25, 1. 2.",Hellerup,1,Fjernvarme/blokvarme,/adresse/blidahpark-25-1-2-2900-hellerup-01570064__25__1___2,57.0,2900.0,Tagpap med stor hældning,2.0,boligsiden,https://www.boligsiden.dk/adresse/blidahpark-25-1-2-2900-hellerup-01570064__25__1___2,Mursten,Ikke oplyst
blidahpark-25-1-2-2900-hellerup-01570064__25__1___2,Ejerlejlighed,Free Sale,23-03-2024,Fri handel,23-03-2024,2.850.000,3,"Blidahpark 25, 1. 2.",Hellerup,1,Fjernvarme/blokvarme,/adresse/blidahpark-25-1-2-2900-hellerup-01570064__25__1___2,57.0,2900.0,Tagpap med stor hældning,2.0,boligsiden,https://www.boligsiden.dk/adresse/blidahpark-25-1-2-2900-hellerup-01570064__25__1___2,Mursten,Ikke oplyst
blidahpark-25-1-2-2900-hellerup-01570064__25__1___2,Ejerlejlighed,Free Sale,29-10-2017,Fri handel,29-10-2017,2.695.000,3,"Blidahpark 25, 1. 2.",Hellerup,1,Fjernvarme/blokvarme,/adresse/blidahpark-25-1-2-2900-hellerup-01570064__25__1___2,57.0,2900.0,Tagpap med stor hældning,2.0,boligsiden,https://www.boligsiden.dk/adresse/blidahpark-25-1-2-2900-hellerup-01570064__25__1___2,Mursten,Ikke oplyst
egekrogen-18a-3500-vaerloese-01510094_18a_______,Rækkehus,Other,31-03-2025,Andet,31-03-2025,652.000,3,Egekrogen 18A,Værløse,1,Elvarme,/adresse/egekrogen-18a-3500-vaerloese-01510094_18a_______,132.0,3500.0,Fibercement uden asbest,5.0,boligsiden,https://www.boligsiden.dk/adresse/egekrogen-18a-3500-vaerloese-01510094_18a_______,Mursten,Ikke oplyst
egekrogen-18a-3500-vaerloese-01510094_18a_______,Rækkehus,Other,07-10-2015,Andet,07-10-2015,1.176.000,3,Egekrogen 18A,Værløse,1,Elvarme,/adresse/egekrogen-18a-3500-vaerloese-01510094_18a_______,132.0,3500.0,Fibercement uden asbest,5.0,boligsiden,https://www.boligsiden.dk/adresse/egekrogen-18a-3500-vaerloese-01510094_18a_______,Mursten,Ikke oplyst
egekrogen-18a-3500-vaerloese-01510094_18a_______,Rækkehus,Other,01-07-2011,Andet,01-07-2011,915.977,3,Egekrogen 18A,Værløse,1,Elvarme,/adresse/egekrogen-18a-3500-vaerloese-01510094_18a_______,132.0,3500.0,Fibercement uden asbest,5.0,boligsiden,https://www.boligsiden.dk/adresse/egekrogen-18a-3500-vaerloese-01510094_18a_______,Mursten,Ikke oplyst
hoejagerparken-18-2-2750-ballerup-01510158__18__2____,Ejerlejlighed,Family Sale,31-03-2025,Familie handel,31-03-2025,535.500,3,"Højagerparken 18, 2.",Ballerup,1,Fjernvarme/blokvarme,/adresse/hoejagerparken-18-2-2750-ballerup-01510158__18__2____,46.0,2750.0,Tagpap med lille hældning,1.0,boligsiden,https://www.boligsiden.dk/adresse/hoejagerparken-18-2-2750-ballerup-01510158__18__2____,Mursten,Ikke oplyst
hoejagerparken-18-2-2750-ballerup-01510158__18__2____,Ejerlejlighed,Free Sale,20-01-2001,Fri handel,20-01-2001,575.000,3,"Højagerparken 18, 2.",Ballerup,1,Fjernvarme/blokvarme,/adresse/hoejagerparken-18-2-2750-ballerup-01510158__18__2____,46.0,2750.0,Tagpap med lille hældning,1.0,boligsiden,https://www.boligsiden.dk/adresse/hoejagerparken-18-2-2750-ballerup-01510158__18__2____,Mursten,Ikke oplyst
hoejagerparken-18-2-2750-ballerup-01510158__18__2____,Ejerlejlighed,Free Sale,31-07-1997,Fri handel,31-07-1997,345.000,3,"Højagerparken 18, 2.",Ballerup,1,Fjernvarme/blokvarme,/adresse/hoejagerparken-18-2-2750-ballerup-01510158__18__2____,46.0,2750.0,Tagpap med lille hældning,1.0,boligsiden,https://www.boligsiden.dk/adresse/hoejagerparken-18-2-2750-ballerup-01510158__18__2____,Mursten,Ikke oplyst
vejlebrovej-113-3-tv-2635-ishoej-01830850_113__3__tv,Ejerlejlighed,Free Sale,31-03-2025,Fri handel,31-03-2025,2.700.000,3,"Vejlebrovej 113, 3. tv.",Ishøj,1,Fjernvarme/blokvarme,/adresse/vejlebrovej-113-3-tv-2635-ishoej-01830850_113__3__tv,95.0,2635.0,Tagpap med stor hældning,3.0,boligsiden,https://www.boligsiden.dk/adresse/vejlebrovej-113-3-tv-2635-ishoej-01830850_113__3__tv,Mursten,Ikke oplyst
vejlebrovej-113-3-tv-2635-ishoej-01830850_113__3__tv,Ejerlejlighed,Free Sale,04-03-2013,Fri handel,04-03-2013,1.800.000,3,"Vejlebrovej 113, 3. tv.",Ishøj,1,Fjernvarme/blokvarme,/adresse/vejlebrovej-113-3-tv-2635-ishoej-01830850_113__3__tv,95.0,2635.0,Tagpap med stor hældning,3.0,boligsiden,https://www.boligsiden.dk/adresse/vejlebrovej-113-3-tv-2635-ishoej-01830850_113__3__tv,Mursten,Ikke oplyst
vejlebrovej-113-3-tv-2635-ishoej-01830850_113__3__tv,Ejerlejlighed,Free Sale,03-12-2007,Fri handel,03-12-2007,2.125.000,3,"Vejlebrovej 113, 3. tv.",Ishøj,1,Fjernvarme/blokvarme,/adresse/vejlebrovej-113-3-tv-2635-ishoej-01830850_113__3__tv,95.0,2635.0,Tagpap med stor hældning,3.0,boligsiden,https://www.boligsiden.dk/adresse/vejlebrovej-113-3-tv-2635-ishoej-01830850_113__3__tv,Mursten,Ikke oplyst
delta-park-30-0-th-2665-vallensbaek-strand-01871055__30_st__th,Ejerlejlighed,Free Sale,31-03-2025,Fri handel,31-03-2025,2.550.000,1,"Delta Park 30, st. th.",Vallensbæk Strand,1,Fjernvarme/blokvarme,/adresse/delta-park-30-0-th-2665-vallensbaek-strand-01871055__30_st__th,97.0,2665.0,Tagpap med stor hældning,3.0,boligsiden,https://www.boligsiden.dk/adresse/delta-park-30-0-th-2665-vallensbaek-strand-01871055__30_st__th,Betonelementer,Ikke oplyst
nyvej-5-2640-hedehusene-01695522___5_______,Villa,Free Sale,31-03-2025,Fri handel,31-03-2025,2.915.000,3,Nyvej 5,Hedehusene,1,Varmepumpe,/adresse/nyvej-5-2640-hedehusene-01695522___5_______,104.0,2640.0,Betontagsten,4.0,boligsiden,https://www.boligsiden.dk/adresse/nyvej-5-2640-hedehusene-01695522___5_______,Mursten,104.55
nyvej-5-2640-hedehusene-01695522___5_______,Villa,Free Sale,24-09-2015,Fri handel,24-09-2015,1.600.000,3,Nyvej 5,Hedehusene,1,Varmepumpe,/adresse/nyvej-5-2640-hedehusene-01695522___5_______,104.0,2640.0,Betontagsten,4.0,boligsiden,https://www.boligsiden.dk/adresse/nyvej-5-2640-hedehusene-01695522___5_______,Mursten,104.55
nyvej-5-2640-hedehusene-01695522___5_______,Villa,Free Sale,03-09-1995,Fri handel,03-09-1995,714.475,3,Nyvej 5,Hedehusene,1,Varmepumpe,/adresse/nyvej-5-2640-hedehusene-01695522___5_______,104.0,2640.0,Betontagsten,4.0,boligsiden,https://www.boligsiden.dk/adresse/nyvej-5-2640-hedehusene-01695522___5_______,Mursten,104.55
moellevej-16-2640-hedehusene-01695251__16_______,Villa,Free Sale,31-03-2025,Fri handel,31-03-2025,3.135.000,1,Møllevej 16,Hedehusene,1,Fjernvarme/blokvarme,/adresse/moellevej-16-2640-hedehusene-01695251__16_______,132.0,2640.0,Fibercement herunder asbest,4.0,boligsiden,https://www.boligsiden.dk/adresse/moellevej-16-2640-hedehusene-01695251__16_______,Mursten,139.25
bjerringbrovej-99-2610-roedovre-01750050__99_______,Villa,Free Sale,31-03-2025,Fri handel,31-03-2025,4.550.000,3,Bjerringbrovej 99,Rødovre,1,Centralvarme med én fyringsenhed,/adresse/bjerringbrovej-99-2610-roedovre-01750050__99_______,137.0,2610.0,Tegl,4.0,boligsiden,https://www.boligsiden.dk/adresse/bjerringbrovej-99-2610-roedovre-01750050__99_______,Mursten,147.15
bjerringbrovej-99-2610-roedovre-01750050__99_______,Villa,Free Sale,27-01-2019,Fri handel,27-01-2019,3.150.000,3,Bjerringbrovej 99,Rødovre,1,Centralvarme med én fyringsenhed,/adresse/bjerringbrovej-99-2610-roedovre-01750050__99_______,137.0,2610.0,Tegl,4.0,boligsiden,https://www.boligsiden.dk/adresse/bjerringbrovej-99-2610-roedovre-01750050__99_______,Mursten,147.15
bjerringbrovej-99-2610-roedovre-01750050__99_______,Villa,Free Sale,03-05-2015,Fri handel,03-05-2015,2.795.000,3,Bjerringbrovej 99,Rødovre,1,Centralvarme med én fyringsenhed,/adresse/bjerringbrovej-99-2610-roedovre-01750050__99_______,137.0,2610.0,Tegl,4.0,boligsiden,https://www.boligsiden.dk/adresse/bjerringbrovej-99-2610-roedovre-01750050__99_______,Mursten,147.15
moelleaaparken-39-0-2800-kongens-lyngby-01730601__39_st____,Ejerlejlighed,Free Sale,31-03-2025,Fri handel,31-03-2025,2.850.000,3,"Mølleåparken 39, st.",Kongens Lyngby,1,Fjernvarme/blokvarme,/adresse/moelleaaparken-39-0-2800-kongens-lyngby-01730601__39_st____,61.0,2800.0,Tagpap med lille hældning,2.0,boligsiden,https://www.boligsiden.dk/adresse/moelleaaparken-39-0-2800-kongens-lyngby-01730601__39_st____,Betonelementer,Ikke oplyst
moelleaaparken-39-0-2800-kongens-lyngby-01730601__39_st____,Ejerlejlighed,Free Sale,14-06-2011,Fri handel,14-06-2011,1.500.000,3,"Mølleåparken 39, st.",Kongens Lyngby,1,Fjernvarme/blokvarme,/adresse/moelleaaparken-39-0-2800-kongens-lyngby-01730601__39_st____,61.0,2800.0,Tagpap med lille hældning,2.0,boligsiden,https://www.boligsiden.dk/adresse/moelleaaparken-39-0-2800-kongens-lyngby-01730601__39_st____,Betonelementer,Ikke oplyst
moelleaaparken-39-0-2800-kongens-lyngby-01730601__39_st____,Ejerlejlighed,Free Sale,04-12-2002,Fri handel,04-12-2002,1.150.000,3,"Mølleåparken 39, st.",Kongens Lyngby,1,Fjernvarme/blokvarme,/adresse/moelleaaparken-39-0-2800-kongens-lyngby-01730601__39_st____,61.0,2800.0,Tagpap med lille hældning,2.0,boligsiden,https://www.boligsiden.dk/adresse/moelleaaparken-39-0-2800-kongens-lyngby-01730601__39_st____,Betonelementer,Ikke oplyst
buddingevej-15-1-th-2800-kongens-lyngby-01730100__15__1__th,Ejerlejlighed,Free Sale,31-03-2025,Fri handel,31-03-2025,3.893.000,2,"Buddingevej 15, 1. th.",Kongens Lyngby,1,Fjernvarme/blokvarme,/adresse/buddingevej-15-1-th-2800-kongens-lyngby-01730100__15__1__th,106.0,2800.0,Tegl,4.0,boligsiden,https://www.boligsiden.dk/adresse/buddingevej-15-1-th-2800-kongens-lyngby-01730100__15__1__th,Mursten,Ikke oplyst
buddingevej-15-1-th-2800-kongens-lyngby-01730100__15__1__th,Ejerlejlighed,Free Sale,26-10-1997,Fri handel,26-10-1997,1.000.000,2,"Buddingevej 15, 1. th.",Kongens Lyngby,1,Fjernvarme/blokvarme,/adresse/buddingevej-15-1-th-2800-kongens-lyngby-01730100__15__1__th,106.0,2800.0,Tegl,4.0,boligsiden,https://www.boligsiden.dk/adresse/buddingevej-15-1-th-2800-kongens-lyngby-01730100__15__1__th,Mursten,Ikke oplyst
fyrrevang-21-2640-hedehusene-01691930__21_______,Villa,Free Sale,31-03-2025,Fri handel,31-03-2025,4.295.000,3,Fyrrevang 21,Hedehusene,1,Centralvarme med én fyringsenhed,/adresse/fyrrevang-21-2640-hedehusene-01691930__21_______,160.0,2640.0,Tegl,6.0,boligsiden,https://www.boligsiden.dk/adresse/fyrrevang-21-2640-hedehusene-01691930__21_______,Mursten,163.25
fyrrevang-21-2640-hedehusene-01691930__21_______,Villa,Free Sale,16-11-2012,Fri handel,16-11-2012,2.722.500,3,Fyrrevang 21,Hedehusene,1,Centralvarme med én fyringsenhed,/adresse/fyrrevang-21-2640-hedehusene-01691930__21_______,160.0,2640.0,Tegl,6.0,boligsiden,https://www.boligsiden.dk/adresse/fyrrevang-21-2640-hedehusene-01691930__21_______,Mursten,163.25
fyrrevang-21-2640-hedehusene-01691930__21_______,Villa,Free Sale,24-05-2004,Fri handel,24-05-2004,1.840.000,3,Fyrrevang 21,Hedehusene,1,Centralvarme med én fyringsenhed,/adresse/fyrrevang-21-2640-hedehusene-01691930__21_______,160.0,2640.0,Tegl,6.0,boligsiden,https://www.boligsiden.dk/adresse/fyrrevang-21-2640-hedehusene-01691930__21_______,Mursten,163.25
bomager-28-2640-hedehusene-01690600__28_______,Rækkehus,Free Sale,31-03-2025,Fri handel,31-03-2025,2.995.000,3,Bomager 28,Hedehusene,1,Fjernvarme/blokvarme,/adresse/bomager-28-2640-hedehusene-01690600__28_______,97.0,2640.0,Fibercement herunder asbest,4.0,boligsiden,https://www.boligsiden.dk/adresse/bomager-28-2640-hedehusene-01690600__28_______,Mursten,98.2
bomager-28-2640-hedehusene-01690600__28_______,Rækkehus,Free Sale,11-11-2021,Fri handel,11-11-2021,2.295.000,3,Bomager 28,Hedehusene,1,Fjernvarme/blokvarme,/adresse/bomager-28-2640-hedehusene-01690600__28_______,97.0,2640.0,Fibercement herunder asbest,4.0,boligsiden,https://www.boligsiden.dk/adresse/bomager-28-2640-hedehusene-01690600__28_______,Mursten,98.2
bomager-28-2640-hedehusene-01690600__28_______,Rækkehus,Free Sale,27-02-2012,Fri handel,27-02-2012,800.000,3,Bomager 28,Hedehusene,1,Fjernvarme/blokvarme,/adresse/bomager-28-2640-hedehusene-01690600__28_______,97.0,2640.0,Fibercement herunder asbest,4.0,boligsiden,https://www.boligsiden.dk/adresse/bomager-28-2640-hedehusene-01690600__28_______,Mursten,98.2
vesterkaersvej-42-2650-hvidovre-01679229__42_______,Villa,Family Sale,31-03-2025,Familie handel,31-03-2025,2.850.000,2,Vesterkærsvej 42,Hvidovre,1,Centralvarme med én fyringsenhed,/adresse/vesterkaersvej-42-2650-hvidovre-01679229__42_______,126.0,2650.0,Tagpap med lille hældning,4.0,boligsiden,https://www.boligsiden.dk/adresse/vesterkaersvej-42-2650-hvidovre-01679229__42_______,Mursten,128.1
vesterkaersvej-42-2650-hvidovre-01679229__42_______,Villa,Free Sale,03-06-2014,Fri handel,03-06-2014,2.000.000,2,Vesterkærsvej 42,Hvidovre,1,Centralvarme med én fyringsenhed,/adresse/vesterkaersvej-42-2650-hvidovre-01679229__42_______,126.0,2650.0,Tagpap med lille hældning,4.0,boligsiden,https://www.boligsiden.dk/adresse/vesterkaersvej-42-2650-hvidovre-01679229__42_______,Mursten,128.1
stenstykkevej-9-2650-hvidovre-01677646___9_______,Villa,Free Sale,31-03-2025,Fri handel,31-03-2025,6.425.000,1,Stenstykkevej 9,Hvidovre,1,Fjernvarme/blokvarme,/adresse/stenstykkevej-9-2650-hvidovre-01677646___9_______,136.0,2650.0,Tegl,4.0,boligsiden,https://www.boligsiden.dk/adresse/stenstykkevej-9-2650-hvidovre-01677646___9_______,Mursten,162.1
rebaek-soepark-3-15-1522-2650-hvidovre-01676690___3_151522,Ejerlejlighed,Free Sale,31-03-2025,Fri handel,31-03-2025,1.999.000,2,"Rebæk Søpark 3, 15. 1522.",Hvidovre,1,Fjernvarme/blokvarme,/adresse/rebaek-soepark-3-15-1522-2650-hvidovre-01676690___3_151522,61.0,2650.0,Tagpap med stor hældning,2.0,boligsiden,https://www.boligsiden.dk/adresse/rebaek-soepark-3-15-1522-2650-hvidovre-01676690___3_151522,Letbetonsten,Ikke oplyst
rebaek-soepark-3-15-1522-2650-hvidovre-01676690___3_151522,Ejerlejlighed,Free Sale,09-04-2021,Fri handel,09-04-2021,1.650.000,2,"Rebæk Søpark 3, 15. 1522.",Hvidovre,1,Fjernvarme/blokvarme,/adresse/rebaek-soepark-3-15-1522-2650-hvidovre-01676690___3_151522,61.0,2650.0,Tagpap med stor hældning,2.0,boligsiden,https://www.boligsiden.dk/adresse/rebaek-soepark-3-15-1522-2650-hvidovre-01676690___3_151522,Letbetonsten,Ikke oplyst
naesborgvej-22-1-th-2650-hvidovre-01676123__22__1__th,Ejerlejlighed,Free Sale,31-03-2025,Fri handel,31-03-2025,1.076.294,3,"Næsborgvej 22, 1. th.",Hvidovre,1,Fjernvarme/blokvarme,/adresse/naesborgvej-22-1-th-2650-hvidovre-01676123__22__1__th,73.0,2650.0,Fibercement uden asbest,3.0,boligsiden,https://www.boligsiden.dk/adresse/naesborgvej-22-1-th-2650-hvidovre-01676123__22__1__th,Mursten,Ikke oplyst
naesborgvej-22-1-th-2650-hvidovre-01676123__22__1__th,Ejerlejlighed,Free Sale,02-04-2022,Fri handel,02-04-2022,2.200.000,3,"Næsborgvej 22, 1. th.",Hvidovre,1,Fjernvarme/blokvarme,/adresse/naesborgvej-22-1-th-2650-hvidovre-01676123__22__1__th,73.0,2650.0,Fibercement uden asbest,3.0,boligsiden,https://www.boligsiden.dk/adresse/naesborgvej-22-1-th-2650-hvidovre-01676123__22__1__th,Mursten,Ikke oplyst
naesborgvej-22-1-th-2650-hvidovre-01676123__22__1__th,Ejerlejlighed,Free Sale,18-02-2016,Fri handel,18-02-2016,1.550.000,3,"Næsborgvej 22, 1. th.",Hvidovre,1,Fjernvarme/blokvarme,/adresse/naesborgvej-22-1-th-2650-hvidovre-01676123__22__1__th,73.0,2650.0,Fibercement uden asbest,3.0,boligsiden,https://www.boligsiden.dk/adresse/naesborgvej-22-1-th-2650-hvidovre-01676123__22__1__th,Mursten,Ikke oplyst
broendbyvestervej-20-0-3-2600-glostrup-01610044__20_st___3,Ejerlejlighed,Free Sale,31-03-2025,Fri handel,31-03-2025,2.050.000,3,"Brøndbyvestervej 20, st. 3.",Glostrup,1,Fjernvarme/blokvarme,/adresse/broendbyvestervej-20-0-3-2600-glostrup-01610044__20_st___3,72.0,2600.0,Tagpap med lille hældning,2.0,boligsiden,https://www.boligsiden.dk/adresse/broendbyvestervej-20-0-3-2600-glostrup-01610044__20_st___3,Mursten,Ikke oplyst
broendbyvestervej-20-0-3-2600-glostrup-01610044__20_st___3,Ejerlejlighed,Free Sale,16-02-2023,Fri handel,16-02-2023,1.950.000,3,"Brøndbyvestervej 20, st. 3.",Glostrup,1,Fjernvarme/blokvarme,/adresse/broendbyvestervej-20-0-3-2600-glostrup-01610044__20_st___3,72.0,2600.0,Tagpap med lille hældning,2.0,boligsiden,https://www.boligsiden.dk/adresse/broendbyvestervej-20-0-3-2600-glostrup-01610044__20_st___3,Mursten,Ikke oplyst
broendbyvestervej-20-0-3-2600-glostrup-01610044__20_st___3,Ejerlejlighed,Free Sale,08-08-2022,Fri handel,08-08-2022,1.675.000,3,"Brøndbyvestervej 20, st. 3.",Glostrup,1,Fjernvarme/blokvarme,/adresse/broendbyvestervej-20-0-3-2600-glostrup-01610044__20_st___3,72.0,2600.0,Tagpap med lille hældning,2.0,boligsiden,https://www.boligsiden.dk/adresse/broendbyvestervej-20-0-3-2600-glostrup-01610044__20_st___3,Mursten,Ikke oplyst
ved-kagsaa-46-2860-soeborg-01590956__46_______,Rækkehus,Free Sale,31-03-2025,Fri handel,31-03-2025,3.525.000,3,Ved Kagså 46,Søborg,1,Centralvarme med én fyringsenhed,/adresse/ved-kagsaa-46-2860-soeborg-01590956__46_______,116.0,2860.0,Fibercement uden asbest,4.0,boligsiden,https://www.boligsiden.dk/adresse/ved-kagsaa-46-2860-soeborg-01590956__46_______,Betonelementer,153
ved-kagsaa-46-2860-soeborg-01590956__46_______,Rækkehus,Free Sale,10-01-2021,Fri handel,10-01-2021,3.460.000,3,Ved Kagså 46,Søborg,1,Centralvarme med én fyringsenhed,/adresse/ved-kagsaa-46-2860-soeborg-01590956__46_______,116.0,2860.0,Fibercement uden asbest,4.0,boligsiden,https://www.boligsiden.dk/adresse/ved-kagsaa-46-2860-soeborg-01590956__46_______,Betonelementer,153
ved-kagsaa-46-2860-soeborg-01590956__46_______,Rækkehus,Other,21-09-2003,Andet,21-09-2003,850.000,3,Ved Kagså 46,Søborg,1,Centralvarme med én fyringsenhed,/adresse/ved-kagsaa-46-2860-soeborg-01590956__46_______,116.0,2860.0,Fibercement uden asbest,4.0,boligsiden,https://www.boligsiden.dk/adresse/ved-kagsaa-46-2860-soeborg-01590956__46_______,Betonelementer,153
tinghoejvej-40-9-1-2860-soeborg-01590874__40__9___1,Ejerlejlighed,Free Sale,31-03-2025,Fri handel,31-03-2025,405.428,3,"Tinghøjvej 40, 9. 1.",Søborg,1,Fjernvarme/blokvarme,/adresse/tinghoejvej-40-9-1-2860-soeborg-01590874__40__9___1,64.0,2860.0,Fibercement herunder asbest,2.0,boligsiden,https://www.boligsiden.dk/adresse/tinghoejvej-40-9-1-2860-soeborg-01590874__40__9___1,Mursten,Ikke oplyst
tinghoejvej-40-9-1-2860-soeborg-01590874__40__9___1,Ejerlejlighed,Free Sale,17-09-2017,Fri handel,17-09-2017,1.695.000,3,"Tinghøjvej 40, 9. 1.",Søborg,1,Fjernvarme/blokvarme,/adresse/tinghoejvej-40-9-1-2860-soeborg-01590874__40__9___1,64.0,2860.0,Fibercement herunder asbest,2.0,boligsiden,https://www.boligsiden.dk/adresse/tinghoejvej-40-9-1-2860-soeborg-01590874__40__9___1,Mursten,Ikke oplyst
tinghoejvej-40-9-1-2860-soeborg-01590874__40__9___1,Ejerlejlighed,Free Sale,24-09-2010,Fri handel,24-09-2010,850.000,3,"Tinghøjvej 40, 9. 1.",Søborg,1,Fjernvarme/blokvarme,/adresse/tinghoejvej-40-9-1-2860-soeborg-01590874__40__9___1,64.0,2860.0,Fibercement herunder asbest,2.0,boligsiden,https://www.boligsiden.dk/adresse/tinghoejvej-40-9-1-2860-soeborg-01590874__40__9___1,Mursten,Ikke oplyst
hedevaenget-66-2800-kongens-lyngby-01590294__66_______,Rækkehus,Free Sale,31-03-2025,Fri handel,31-03-2025,5.450.000,1,Hedevænget 66,Kongens Lyngby,1,Centralvarme med én fyringsenhed,/adresse/hedevaenget-66-2800-kongens-lyngby-01590294__66_______,110.0,2800.0,Fibercement herunder asbest,5.0,boligsiden,https://www.boligsiden.dk/adresse/hedevaenget-66-2800-kongens-lyngby-01590294__66_______,Mursten,129
dalstroeget-118-1-2870-dyssegaard-01570133_118__1____,Ejerlejlighed,Free Sale,31-03-2025,Fri handel,31-03-2025,2.375.000,1,"Dalstrøget 118, 1.",Dyssegård,1,Fjernvarme/blokvarme,/adresse/dalstroeget-118-1-2870-dyssegaard-01570133_118__1____,76.0,2870.0,Andet materiale,2.0,boligsiden,https://www.boligsiden.dk/adresse/dalstroeget-118-1-2870-dyssegaard-01570133_118__1____,Mursten,Ikke oplyst
dalstroeget-101-3-mf-2870-dyssegaard-01570133_101__3__mf,Ejerlejlighed,Family Sale,31-03-2025,Familie handel,31-03-2025,1.450.000,2,"Dalstrøget 101, 3. mf.",Dyssegård,1,Fjernvarme/blokvarme,/adresse/dalstroeget-101-3-mf-2870-dyssegaard-01570133_101__3__mf,58.0,2870.0,Andet materiale,2.0,boligsiden,https://www.boligsiden.dk/adresse/dalstroeget-101-3-mf-2870-dyssegaard-01570133_101__3__mf,Mursten,Ikke oplyst
dalstroeget-101-3-mf-2870-dyssegaard-01570133_101__3__mf,Ejerlejlighed,Free Sale,19-02-2015,Fri handel,19-02-2015,1.011.000,2,"Dalstrøget 101, 3. mf.",Dyssegård,1,Fjernvarme/blokvarme,/adresse/dalstroeget-101-3-mf-2870-dyssegaard-01570133_101__3__mf,58.0,2870.0,Andet materiale,2.0,boligsiden,https://www.boligsiden.dk/adresse/dalstroeget-101-3-mf-2870-dyssegaard-01570133_101__3__mf,Mursten,Ikke oplyst
tranebakken-85-2635-ishoej-01830750__85_______,Rækkehus,Free Sale,31-03-2025,Fri handel,31-03-2025,2.950.000,2,Tranebakken 85,Ishøj,2,Centralvarme med én fyringsenhed,/adresse/tranebakken-85-2635-ishoej-01830750__85_______,132.0,2635.0,Tagpap med lille hældning,4.0,boligsiden,https://www.boligsiden.dk/adresse/tranebakken-85-2635-ishoej-01830750__85_______,Mursten,137
tranebakken-85-2635-ishoej-01830750__85_______,Rækkehus,Free Sale,19-10-2014,Fri handel,19-10-2014,1.975.000,2,Tranebakken 85,Ishøj,2,Centralvarme med én fyringsenhed,/adresse/tranebakken-85-2635-ishoej-01830750__85_______,132.0,2635.0,Tagpap med lille hældning,4.0,boligsiden,https://www.boligsiden.dk/adresse/tranebakken-85-2635-ishoej-01830750__85_______,Mursten,137
ordrup-jagtvej-42d-0-tv-2920-charlottenlund-01570620_42d_st__tv,Ejerlejlighed,Other,31-03-2025,Andet,31-03-2025,2.600.000,1,"Ordrup Jagtvej 42D, st. tv.",Charlottenlund,1,Fjernvarme/blokvarme,/adresse/ordrup-jagtvej-42d-0-tv-2920-charlottenlund-01570620_42d_st__tv,66.0,2920.0,Tegl,2.0,boligsiden,https://www.boligsiden.dk/adresse/ordrup-jagtvej-42d-0-tv-2920-charlottenlund-01570620_42d_st__tv,Mursten,Ikke oplyst
enighedsvej-27-2920-charlottenlund-01570202__27_______,Villa,Free Sale,31-03-2025,Fri handel,31-03-2025,23.000.000,3,Enighedsvej 27,Charlottenlund,2,Fjernvarme/blokvarme,/adresse/enighedsvej-27-2920-charlottenlund-01570202__27_______,234.0,2920.0,Metal,7.0,boligsiden,https://www.boligsiden.dk/adresse/enighedsvej-27-2920-charlottenlund-01570202__27_______,Mursten,293.85
enighedsvej-27-2920-charlottenlund-01570202__27_______,Villa,Free Sale,23-04-1998,Fri handel,23-04-1998,2.474.560,3,Enighedsvej 27,Charlottenlund,2,Fjernvarme/blokvarme,/adresse/enighedsvej-27-2920-charlottenlund-01570202__27_______,234.0,2920.0,Metal,7.0,boligsiden,https://www.boligsiden.dk/adresse/enighedsvej-27-2920-charlottenlund-01570202__27_______,Mursten,293.85
enighedsvej-27-2920-charlottenlund-01570202__27_______,Villa,Family Sale,30-01-1993,Familie handel,30-01-1993,468.500,3,Enighedsvej 27,Charlottenlund,2,Fjernvarme/blokvarme,/adresse/enighedsvej-27-2920-charlottenlund-01570202__27_______,234.0,2920.0,Metal,7.0,boligsiden,https://www.boligsiden.dk/adresse/enighedsvej-27-2920-charlottenlund-01570202__27_______,Mursten,293.85
moellemarken-51-2880-bagsvaerd-01590585__51_______,Rækkehus,Free Sale,31-03-2025,Fri handel,31-03-2025,5.000.000,3,Møllemarken 51,Bagsværd,1,Varmepumpe,/adresse/moellemarken-51-2880-bagsvaerd-01590585__51_______,86.0,2880.0,Fibercement herunder asbest,4.0,boligsiden,https://www.boligsiden.dk/adresse/moellemarken-51-2880-bagsvaerd-01590585__51_______,Mursten,85.65
moellemarken-51-2880-bagsvaerd-01590585__51_______,Rækkehus,Free Sale,28-10-2018,Fri handel,28-10-2018,2.825.000,3,Møllemarken 51,Bagsværd,1,Varmepumpe,/adresse/moellemarken-51-2880-bagsvaerd-01590585__51_______,86.0,2880.0,Fibercement herunder asbest,4.0,boligsiden,https://www.boligsiden.dk/adresse/moellemarken-51-2880-bagsvaerd-01590585__51_______,Mursten,85.65
moellemarken-51-2880-bagsvaerd-01590585__51_______,Rækkehus,Family Sale,09-10-2014,Familie handel,09-10-2014,1.225.000,3,Møllemarken 51,Bagsværd,1,Varmepumpe,/adresse/moellemarken-51-2880-bagsvaerd-01590585__51_______,86.0,2880.0,Fibercement herunder asbest,4.0,boligsiden,https://www.boligsiden.dk/adresse/moellemarken-51-2880-bagsvaerd-01590585__51_______,Mursten,85.65
skriverhusene-10-2620-albertslund-01650443__10_______,Rækkehus,Family Sale,31-03-2025,Familie handel,31-03-2025,1.450.000,2,Skriverhusene 10,Albertslund,2,Fjernvarme/blokvarme,/adresse/skriverhusene-10-2620-albertslund-01650443__10_______,106.0,2620.0,Tagpap med lille hældning,4.0,boligsiden,https://www.boligsiden.dk/adresse/skriverhusene-10-2620-albertslund-01650443__10_______,Betonelementer,128.2
skriverhusene-10-2620-albertslund-01650443__10_______,Rækkehus,Free Sale,17-06-2021,Fri handel,17-06-2021,2.710.000,2,Skriverhusene 10,Albertslund,2,Fjernvarme/blokvarme,/adresse/skriverhusene-10-2620-albertslund-01650443__10_______,106.0,2620.0,Tagpap med lille hældning,4.0,boligsiden,https://www.boligsiden.dk/adresse/skriverhusene-10-2620-albertslund-01650443__10_______,Betonelementer,128.2
lindevangshusene-70-2-mf-2630-taastrup-01694520__70__2__mf,Ejerlejlighed,Free Sale,31-03-2025,Fri handel,31-03-2025,1.075.000,3,"Lindevangshusene 70, 2. mf.",Taastrup,1,Fjernvarme/blokvarme,/adresse/lindevangshusene-70-2-mf-2630-taastrup-01694520__70__2__mf,46.0,2630.0,Betontagsten,1.0,boligsiden,https://www.boligsiden.dk/adresse/lindevangshusene-70-2-mf-2630-taastrup-01694520__70__2__mf,Mursten,Ikke oplyst
lindevangshusene-70-2-mf-2630-taastrup-01694520__70__2__mf,Ejerlejlighed,Free Sale,17-08-2020,Fri handel,17-08-2020,1.100.000,3,"Lindevangshusene 70, 2. mf.",Taastrup,1,Fjernvarme/blokvarme,/adresse/lindevangshusene-70-2-mf-2630-taastrup-01694520__70__2__mf,46.0,2630.0,Betontagsten,1.0,boligsiden,https://www.boligsiden.dk/adresse/lindevangshusene-70-2-mf-2630-taastrup-01694520__70__2__mf,Mursten,Ikke oplyst
lindevangshusene-70-2-mf-2630-taastrup-01694520__70__2__mf,Ejerlejlighed,Free Sale,13-07-2016,Fri handel,13-07-2016,700.000,3,"Lindevangshusene 70, 2. mf.",Taastrup,1,Fjernvarme/blokvarme,/adresse/lindevangshusene-70-2-mf-2630-taastrup-01694520__70__2__mf,46.0,2630.0,Betontagsten,1.0,boligsiden,https://www.boligsiden.dk/adresse/lindevangshusene-70-2-mf-2630-taastrup-01694520__70__2__mf,Mursten,Ikke oplyst
kallerupvej-9-2640-hedehusene-01693627___9_______,Villa,Family Sale,31-03-2025,Familie handel,31-03-2025,1.832.500,2,Kallerupvej 9,Hedehusene,1,Fjernvarme/blokvarme,/adresse/kallerupvej-9-2640-hedehusene-01693627___9_______,135.0,2640.0,Fibercement herunder asbest,5.0,boligsiden,https://www.boligsiden.dk/adresse/kallerupvej-9-2640-hedehusene-01693627___9_______,Letbetonsten,183.25
kallerupvej-9-2640-hedehusene-01693627___9_______,Villa,Free Sale,27-11-2003,Fri handel,27-11-2003,1.798.000,2,Kallerupvej 9,Hedehusene,1,Fjernvarme/blokvarme,/adresse/kallerupvej-9-2640-hedehusene-01693627___9_______,135.0,2640.0,Fibercement herunder asbest,5.0,boligsiden,https://www.boligsiden.dk/adresse/kallerupvej-9-2640-hedehusene-01693627___9_______,Letbetonsten,183.25
h-p-olsens-vaenge-46-2630-taastrup-01692950__46_______,Rækkehus,Family Sale,31-03-2025,Familie handel,31-03-2025,1.892.950,1,H P Olsens Vænge 46,Taastrup,1,Fjernvarme/blokvarme,/adresse/h-p-olsens-vaenge-46-2630-taastrup-01692950__46_______,80.0,2630.0,Fibercement herunder asbest,4.0,boligsiden,https://www.boligsiden.dk/adresse/h-p-olsens-vaenge-46-2630-taastrup-01692950__46_______,Mursten,88.8
brandholms-alle-22d-0-2610-roedovre-01750085_22d_st____,Ejerlejlighed,Free Sale,31-03-2025,Fri handel,31-03-2025,2.240.000,3,"Brandholms Alle 22D, st.",Rødovre,1,Fjernvarme/blokvarme,/adresse/brandholms-alle-22d-0-2610-roedovre-01750085_22d_st____,48.0,2610.0,Fibercement herunder asbest,2.0,boligsiden,https://www.boligsiden.dk/adresse/brandholms-alle-22d-0-2610-roedovre-01750085_22d_st____,Mursten,Ikke oplyst
brandholms-alle-22d-0-2610-roedovre-01750085_22d_st____,Ejerlejlighed,Free Sale,07-09-2017,Fri handel,07-09-2017,1.395.000,3,"Brandholms Alle 22D, st.",Rødovre,1,Fjernvarme/blokvarme,/adresse/brandholms-alle-22d-0-2610-roedovre-01750085_22d_st____,48.0,2610.0,Fibercement herunder asbest,2.0,boligsiden,https://www.boligsiden.dk/adresse/brandholms-alle-22d-0-2610-roedovre-01750085_22d_st____,Mursten,Ikke oplyst
brandholms-alle-22d-0-2610-roedovre-01750085_22d_st____,Ejerlejlighed,Free Sale,10-10-2014,Fri handel,10-10-2014,960.000,3,"Brandholms Alle 22D, st.",Rødovre,1,Fjernvarme/blokvarme,/adresse/brandholms-alle-22d-0-2610-roedovre-01750085_22d_st____,48.0,2610.0,Fibercement herunder asbest,2.0,boligsiden,https://www.boligsiden.dk/adresse/brandholms-alle-22d-0-2610-roedovre-01750085_22d_st____,Mursten,Ikke oplyst
skovvej-201-2750-ballerup-01510309_201_______,Villa,Free Sale,31-03-2025,Fri handel,31-03-2025,7.800.000,1,,,,,,,,,,,,,
solvej-31b-2635-ishoej-01830620_31b_______,Villa,Family Sale,31-03-2025,Familie handel,31-03-2025,3.250.000,1,Solvej 31B,Ishøj,1,Varmepumpe,/adresse/solvej-31b-2635-ishoej-01830620_31b_______,180.0,2635.0,Betontagsten,5.0,boligsiden,https://www.boligsiden.dk/adresse/solvej-31b-2635-ishoej-01830620_31b_______,Mursten,180
vestervej-77-2630-taastrup-01699420__77_______,Rækkehus,Free Sale,31-03-2025,Fri handel,31-03-2025,3.850.000,1,Vestervej 77,Taastrup,2,Fjernvarme/blokvarme,/adresse/vestervej-77-2630-taastrup-01699420__77_______,112.0,2630.0,Tagpap med lille hældning,4.0,boligsiden,https://www.boligsiden.dk/adresse/vestervej-77-2630-taastrup-01699420__77_______,Mursten,Ikke oplyst
laerke-alle-13-2635-ishoej-01830450__13_______,Villa,Other,31-03-2025,Andet,31-03-2025,2.186.250,2,Lærke Alle 13,Ishøj,1,Centralvarme med én fyringsenhed,/adresse/laerke-alle-13-2635-ishoej-01830450__13_______,140.0,2635.0,Fibercement herunder asbest,5.0,boligsiden,https://www.boligsiden.dk/adresse/laerke-alle-13-2635-ishoej-01830450__13_______,Mursten,158.35
laerke-alle-13-2635-ishoej-01830450__13_______,Villa,Free Sale,09-03-2014,Fri handel,09-03-2014,2.625.000,2,Lærke Alle 13,Ishøj,1,Centralvarme med én fyringsenhed,/adresse/laerke-alle-13-2635-ishoej-01830450__13_______,140.0,2635.0,Fibercement herunder asbest,5.0,boligsiden,https://www.boligsiden.dk/adresse/laerke-alle-13-2635-ishoej-01830450__13_______,Mursten,158.35
egelunden-53-2635-ishoej-01830143__53_______,Rækkehus,Free Sale,31-03-2025,Fri handel,31-03-2025,3.100.000,3,Egelunden 53,Ishøj,1,Fjernvarme/blokvarme,/adresse/egelunden-53-2635-ishoej-01830143__53_______,117.0,2635.0,Fibercement herunder asbest,4.0,boligsiden,https://www.boligsiden.dk/adresse/egelunden-53-2635-ishoej-01830143__53_______,Mursten,119.55
egelunden-53-2635-ishoej-01830143__53_______,Rækkehus,Free Sale,11-04-2022,Fri handel,11-04-2022,3.145.000,3,Egelunden 53,Ishøj,1,Fjernvarme/blokvarme,/adresse/egelunden-53-2635-ishoej-01830143__53_______,117.0,2635.0,Fibercement herunder asbest,4.0,boligsiden,https://www.boligsiden.dk/adresse/egelunden-53-2635-ishoej-01830143__53_______,Mursten,119.55
egelunden-53-2635-ishoej-01830143__53_______,Rækkehus,Free Sale,24-10-2010,Fri handel,24-10-2010,1.550.000,3,Egelunden 53,Ishøj,1,Fjernvarme/blokvarme,/adresse/egelunden-53-2635-ishoej-01830143__53_______,117.0,2635.0,Fibercement herunder asbest,4.0,boligsiden,https://www.boligsiden.dk/adresse/egelunden-53-2635-ishoej-01830143__53_______,Mursten,119.55
ved-vandloebet-18-2610-roedovre-01750941__18_______,Villa,Free Sale,31-03-2025,Fri handel,31-03-2025,4.075.000,3,Ved Vandløbet 18,Rødovre,1,Centralvarme med én fyringsenhed,/adresse/ved-vandloebet-18-2610-roedovre-01750941__18_______,129.0,2610.0,Tegl,4.0,boligsiden,https://www.boligsiden.dk/adresse/ved-vandloebet-18-2610-roedovre-01750941__18_______,Mursten,127.2
ved-vandloebet-18-2610-roedovre-01750941__18_______,Villa,Family Sale,18-06-2017,Familie handel,18-06-2017,1.350.000,3,Ved Vandløbet 18,Rødovre,1,Centralvarme med én fyringsenhed,/adresse/ved-vandloebet-18-2610-roedovre-01750941__18_______,129.0,2610.0,Tegl,4.0,boligsiden,https://www.boligsiden.dk/adresse/ved-vandloebet-18-2610-roedovre-01750941__18_______,Mursten,127.2
ved-vandloebet-18-2610-roedovre-01750941__18_______,Villa,Free Sale,09-03-2010,Fri handel,09-03-2010,2.150.000,3,Ved Vandløbet 18,Rødovre,1,Centralvarme med én fyringsenhed,/adresse/ved-vandloebet-18-2610-roedovre-01750941__18_______,129.0,2610.0,Tegl,4.0,boligsiden,https://www.boligsiden.dk/adresse/ved-vandloebet-18-2610-roedovre-01750941__18_______,Mursten,127.2
strandvejen-306-2930-klampenborg-01570802_306_______,Villa,Family Sale,31-03-2025,Familie handel,31-03-2025,19.445.600,3,,,,,,,,,,,,,
strandvejen-306-2930-klampenborg-01570802_306_______,Villa,Free Sale,01-02-2021,Fri handel,01-02-2021,23.000.000,3,,,,,,,,,,,,,
strandvejen-306-2930-klampenborg-01570802_306_______,Villa,Free Sale,02-07-2014,Fri handel,02-07-2014,7.501.055,3,,,,,,,,,,,,,
christian-x's-alle-27-0-tv-2800-kongens-lyngby-01730145__27_st__tv,Ejerlejlighed,Free Sale,31-03-2025,Fri handel,31-03-2025,3.450.000,2,"Christian X's Alle 27, st. tv.",Kongens Lyngby,1,Fjernvarme/blokvarme,/adresse/christian-x's-alle-27-0-tv-2800-kongens-lyngby-01730145__27_st__tv,82.0,2800.0,Tegl,4.0,boligsiden,https://www.boligsiden.dk/adresse/christian-x's-alle-27-0-tv-2800-kongens-lyngby-01730145__27_st__tv,Mursten,Ikke oplyst
christian-x's-alle-27-0-tv-2800-kongens-lyngby-01730145__27_st__tv,Ejerlejlighed,Free Sale,23-12-1992,Fri handel,23-12-1992,582.000,2,"Christian X's Alle 27, st. tv.",Kongens Lyngby,1,Fjernvarme/blokvarme,/adresse/christian-x's-alle-27-0-tv-2800-kongens-lyngby-01730145__27_st__tv,82.0,2800.0,Tegl,4.0,boligsiden,https://www.boligsiden.dk/adresse/christian-x's-alle-27-0-tv-2800-kongens-lyngby-01730145__27_st__tv,Mursten,Ikke oplyst
cedervaenget-7-3-th-2830-virum-01730143___7__3__th,Ejerlejlighed,Free Sale,31-03-2025,Fri handel,31-03-2025,3.000.000,2,"Cedervænget 7, 3. th.",Virum,1,Centralvarme med én fyringsenhed,/adresse/cedervaenget-7-3-th-2830-virum-01730143___7__3__th,75.0,2830.0,Tagpap med lille hældning,4.0,boligsiden,https://www.boligsiden.dk/adresse/cedervaenget-7-3-th-2830-virum-01730143___7__3__th,Mursten,Ikke oplyst
cedervaenget-7-3-th-2830-virum-01730143___7__3__th,Ejerlejlighed,Free Sale,22-02-2013,Fri handel,22-02-2013,1.500.000,2,"Cedervænget 7, 3. th.",Virum,1,Centralvarme med én fyringsenhed,/adresse/cedervaenget-7-3-th-2830-virum-01730143___7__3__th,75.0,2830.0,Tagpap med lille hældning,4.0,boligsiden,https://www.boligsiden.dk/adresse/cedervaenget-7-3-th-2830-virum-01730143___7__3__th,Mursten,Ikke oplyst
topperne-6-1-13-2620-albertslund-01650532___6__1__13,Ejerlejlighed,Family Sale,31-03-2025,Familie handel,31-03-2025,1.000.000,3,"Topperne 6, 1. 13.",Albertslund,1,Fjernvarme/blokvarme,/adresse/topperne-6-1-13-2620-albertslund-01650532___6__1__13,97.0,2620.0,Fibercement herunder asbest,4.0,boligsiden,https://www.boligsiden.dk/adresse/topperne-6-1-13-2620-albertslund-01650532___6__1__13,Betonelementer,Ikke oplyst
topperne-6-1-13-2620-albertslund-01650532___6__1__13,Ejerlejlighed,Free Sale,23-04-2023,Fri handel,23-04-2023,2.120.000,3,"Topperne 6, 1. 13.",Albertslund,1,Fjernvarme/blokvarme,/adresse/topperne-6-1-13-2620-albertslund-01650532___6__1__13,97.0,2620.0,Fibercement herunder asbest,4.0,boligsiden,https://www.boligsiden.dk/adresse/topperne-6-1-13-2620-albertslund-01650532___6__1__13,Betonelementer,Ikke oplyst
topperne-6-1-13-2620-albertslund-01650532___6__1__13,Ejerlejlighed,Free Sale,22-05-2017,Fri handel,22-05-2017,1.925.000,3,"Topperne 6, 1. 13.",Albertslund,1,Fjernvarme/blokvarme,/adresse/topperne-6-1-13-2620-albertslund-01650532___6__1__13,97.0,2620.0,Fibercement herunder asbest,4.0,boligsiden,https://www.boligsiden.dk/adresse/topperne-6-1-13-2620-albertslund-01650532___6__1__13,Betonelementer,Ikke oplyst
kratager-7-2620-albertslund-01650283___7_______,Villa,Free Sale,31-03-2025,Fri handel,31-03-2025,3.800.000,1,Kratager 7,Albertslund,1,Fjernvarme/blokvarme,/adresse/kratager-7-2620-albertslund-01650283___7_______,178.0,2620.0,Fibercement herunder asbest,5.0,boligsiden,https://www.boligsiden.dk/adresse/kratager-7-2620-albertslund-01650283___7_______,Mursten,181.2
hjorthoej-12-0-th-2800-kongens-lyngby-01730340__12_st__th,Villa,Free Sale,31-03-2025,Fri handel,31-03-2025,10.500.000,1,,,,,,,,,,,,,
engelsborgvej-10-1-th-2800-kongens-lyngby-01730200__10__1__th,Ejerlejlighed,Family Sale,31-03-2025,Familie handel,31-03-2025,2.600.000,3,"Engelsborgvej 10, 1. th.",Kongens Lyngby,1,Fjernvarme/blokvarme,/adresse/engelsborgvej-10-1-th-2800-kongens-lyngby-01730200__10__1__th,66.0,2800.0,Tegl,2.0,boligsiden,https://www.boligsiden.dk/adresse/engelsborgvej-10-1-th-2800-kongens-lyngby-01730200__10__1__th,Mursten,Ikke oplyst
engelsborgvej-10-1-th-2800-kongens-lyngby-01730200__10__1__th,Ejerlejlighed,Free Sale,02-03-2020,Fri handel,02-03-2020,2.515.000,3,"Engelsborgvej 10, 1. th.",Kongens Lyngby,1,Fjernvarme/blokvarme,/adresse/engelsborgvej-10-1-th-2800-kongens-lyngby-01730200__10__1__th,66.0,2800.0,Tegl,2.0,boligsiden,https://www.boligsiden.dk/adresse/engelsborgvej-10-1-th-2800-kongens-lyngby-01730200__10__1__th,Mursten,Ikke oplyst
engelsborgvej-10-1-th-2800-kongens-lyngby-01730200__10__1__th,Ejerlejlighed,Free Sale,03-10-2017,Fri handel,03-10-2017,2.350.000,3,"Engelsborgvej 10, 1. th.",Kongens Lyngby,1,Fjernvarme/blokvarme,/adresse/engelsborgvej-10-1-th-2800-kongens-lyngby-01730200__10__1__th,66.0,2800.0,Tegl,2.0,boligsiden,https://www.boligsiden.dk/adresse/engelsborgvej-10-1-th-2800-kongens-lyngby-01730200__10__1__th,Mursten,Ikke oplyst
snogegaardsvej-91-2820-gentofte-01570761__91_______,Villa,Free Sale,31-03-2025,Fri handel,31-03-2025,5.850.000,2,Snogegårdsvej 91,Gentofte,1,Centralvarme med én fyringsenhed,/adresse/snogegaardsvej-91-2820-gentofte-01570761__91_______,103.0,2820.0,Andet materiale,4.0,boligsiden,https://www.boligsiden.dk/adresse/snogegaardsvej-91-2820-gentofte-01570761__91_______,Bindingsværk,109.2
snogegaardsvej-91-2820-gentofte-01570761__91_______,Villa,Free Sale,11-03-2015,Fri handel,11-03-2015,3.200.000,2,Snogegårdsvej 91,Gentofte,1,Centralvarme med én fyringsenhed,/adresse/snogegaardsvej-91-2820-gentofte-01570761__91_______,103.0,2820.0,Andet materiale,4.0,boligsiden,https://www.boligsiden.dk/adresse/snogegaardsvej-91-2820-gentofte-01570761__91_______,Bindingsværk,109.2
skraenten-11-2820-gentofte-01570745__11_______,Villa,Free Sale,31-03-2025,Fri handel,31-03-2025,9.700.000,3,Skrænten 11,Gentofte,1,Fjernvarme/blokvarme,/adresse/skraenten-11-2820-gentofte-01570745__11_______,114.0,2820.0,Tagpap med stor hældning,4.0,boligsiden,https://www.boligsiden.dk/adresse/skraenten-11-2820-gentofte-01570745__11_______,Mursten,147.7
skraenten-11-2820-gentofte-01570745__11_______,Villa,Free Sale,27-08-2015,Fri handel,27-08-2015,6.720.000,3,Skrænten 11,Gentofte,1,Fjernvarme/blokvarme,/adresse/skraenten-11-2820-gentofte-01570745__11_______,114.0,2820.0,Tagpap med stor hældning,4.0,boligsiden,https://www.boligsiden.dk/adresse/skraenten-11-2820-gentofte-01570745__11_______,Mursten,147.7
skraenten-11-2820-gentofte-01570745__11_______,Villa,Free Sale,23-09-2013,Fri handel,23-09-2013,4.725.000,3,Skrænten 11,Gentofte,1,Fjernvarme/blokvarme,/adresse/skraenten-11-2820-gentofte-01570745__11_______,114.0,2820.0,Tagpap med stor hældning,4.0,boligsiden,https://www.boligsiden.dk/adresse/skraenten-11-2820-gentofte-01570745__11_______,Mursten,147.7
skjoldagervej-88-3-th-2820-gentofte-01570705__88__3__th,Ejerlejlighed,Family Sale,31-03-2025,Familie handel,31-03-2025,1.275.000,3,"Skjoldagervej 88, 3. th.",Gentofte,1,Fjernvarme/blokvarme,/adresse/skjoldagervej-88-3-th-2820-gentofte-01570705__88__3__th,63.0,2820.0,Andet materiale,2.0,boligsiden,https://www.boligsiden.dk/adresse/skjoldagervej-88-3-th-2820-gentofte-01570705__88__3__th,Mursten,Ikke oplyst
skjoldagervej-88-3-th-2820-gentofte-01570705__88__3__th,Ejerlejlighed,Free Sale,19-06-2024,Fri handel,19-06-2024,1.237.500,3,"Skjoldagervej 88, 3. th.",Gentofte,1,Fjernvarme/blokvarme,/adresse/skjoldagervej-88-3-th-2820-gentofte-01570705__88__3__th,63.0,2820.0,Andet materiale,2.0,boligsiden,https://www.boligsiden.dk/adresse/skjoldagervej-88-3-th-2820-gentofte-01570705__88__3__th,Mursten,Ikke oplyst
skjoldagervej-88-3-th-2820-gentofte-01570705__88__3__th,Ejerlejlighed,Free Sale,03-10-2019,Fri handel,03-10-2019,2.175.000,3,"Skjoldagervej 88, 3. th.",Gentofte,1,Fjernvarme/blokvarme,/adresse/skjoldagervej-88-3-th-2820-gentofte-01570705__88__3__th,63.0,2820.0,Andet materiale,2.0,boligsiden,https://www.boligsiden.dk/adresse/skjoldagervej-88-3-th-2820-gentofte-01570705__88__3__th,Mursten,Ikke oplyst
strandvejen-306-2930-klampenborg-01570802_306_______,Villa,Family Sale,31-03-2025,Familie handel,31-03-2025,19.445.600,3,,,,,,,,,,,,,
strandvejen-306-2930-klampenborg-01570802_306_______,Villa,Free Sale,01-02-2021,Fri handel,01-02-2021,23.000.000,3,,,,,,,,,,,,,
strandvejen-306-2930-klampenborg-01570802_306_______,Villa,Free Sale,02-07-2014,Fri handel,02-07-2014,7.501.055,3,,,,,,,,,,,,,
soeborg-hovedgade-60-2-2-2860-soeborg-01590841__60__2___2,Ejerlejlighed,Free Sale,31-03-2025,Fri handel,31-03-2025,1.425.000,2,"Søborg Hovedgade 60, 2. 2.",Søborg,1,Fjernvarme/blokvarme,/adresse/soeborg-hovedgade-60-2-2-2860-soeborg-01590841__60__2___2,46.0,2860.0,Tagpap med lille hældning,1.0,boligsiden,https://www.boligsiden.dk/adresse/soeborg-hovedgade-60-2-2-2860-soeborg-01590841__60__2___2,Mursten,Ikke oplyst
soeborg-hovedgade-60-2-2-2860-soeborg-01590841__60__2___2,Ejerlejlighed,Free Sale,24-02-1998,Fri handel,24-02-1998,250.000,2,"Søborg Hovedgade 60, 2. 2.",Søborg,1,Fjernvarme/blokvarme,/adresse/soeborg-hovedgade-60-2-2-2860-soeborg-01590841__60__2___2,46.0,2860.0,Tagpap med lille hældning,1.0,boligsiden,https://www.boligsiden.dk/adresse/soeborg-hovedgade-60-2-2-2860-soeborg-01590841__60__2___2,Mursten,Ikke oplyst
maglegaards-alle-123-1-th-2860-soeborg-01590538_123__1__th,Ejerlejlighed,Other,31-03-2025,Andet,31-03-2025,855.000,3,"Maglegårds Alle 123, 1. th.",Søborg,1,Centralvarme med én fyringsenhed,/adresse/maglegaards-alle-123-1-th-2860-soeborg-01590538_123__1__th,64.0,2860.0,Tegl,3.0,boligsiden,https://www.boligsiden.dk/adresse/maglegaards-alle-123-1-th-2860-soeborg-01590538_123__1__th,Mursten,Ikke oplyst
maglegaards-alle-123-1-th-2860-soeborg-01590538_123__1__th,Ejerlejlighed,Free Sale,28-07-2015,Fri handel,28-07-2015,1.498.000,3,"Maglegårds Alle 123, 1. th.",Søborg,1,Centralvarme med én fyringsenhed,/adresse/maglegaards-alle-123-1-th-2860-soeborg-01590538_123__1__th,64.0,2860.0,Tegl,3.0,boligsiden,https://www.boligsiden.dk/adresse/maglegaards-alle-123-1-th-2860-soeborg-01590538_123__1__th,Mursten,Ikke oplyst
maglegaards-alle-123-1-th-2860-soeborg-01590538_123__1__th,Ejerlejlighed,Free Sale,28-04-2008,Fri handel,28-04-2008,1.369.000,3,"Maglegårds Alle 123, 1. th.",Søborg,1,Centralvarme med én fyringsenhed,/adresse/maglegaards-alle-123-1-th-2860-soeborg-01590538_123__1__th,64.0,2860.0,Tegl,3.0,boligsiden,https://www.boligsiden.dk/adresse/maglegaards-alle-123-1-th-2860-soeborg-01590538_123__1__th,Mursten,Ikke oplyst
krogmosevej-15-2880-bagsvaerd-01590466__15_______,Villa,Free Sale,31-03-2025,Fri handel,31-03-2025,2.300.000,3,Krogmosevej 15,Bagsværd,1,Centralvarme med én fyringsenhed,/adresse/krogmosevej-15-2880-bagsvaerd-01590466__15_______,94.0,2880.0,Fibercement herunder asbest,4.0,boligsiden,https://www.boligsiden.dk/adresse/krogmosevej-15-2880-bagsvaerd-01590466__15_______,Letbetonsten,114.4
krogmosevej-15-2880-bagsvaerd-01590466__15_______,Villa,Free Sale,18-10-2013,Fri handel,18-10-2013,2.995.000,3,Krogmosevej 15,Bagsværd,1,Centralvarme med én fyringsenhed,/adresse/krogmosevej-15-2880-bagsvaerd-01590466__15_______,94.0,2880.0,Fibercement herunder asbest,4.0,boligsiden,https://www.boligsiden.dk/adresse/krogmosevej-15-2880-bagsvaerd-01590466__15_______,Letbetonsten,114.4
krogmosevej-15-2880-bagsvaerd-01590466__15_______,Villa,Free Sale,15-05-1995,Fri handel,15-05-1995,934.000,3,Krogmosevej 15,Bagsværd,1,Centralvarme med én fyringsenhed,/adresse/krogmosevej-15-2880-bagsvaerd-01590466__15_______,94.0,2880.0,Fibercement herunder asbest,4.0,boligsiden,https://www.boligsiden.dk/adresse/krogmosevej-15-2880-bagsvaerd-01590466__15_______,Letbetonsten,114.4
jensloevs-tvaervej-10-2-th-2920-charlottenlund-01570406__10__2__th,Ejerlejlighed,Free Sale,31-03-2025,Fri handel,31-03-2025,2.995.000,3,"Jensløvs Tværvej 10, 2. th.",Charlottenlund,1,Fjernvarme/blokvarme,/adresse/jensloevs-tvaervej-10-2-th-2920-charlottenlund-01570406__10__2__th,69.0,2920.0,Tegl,2.0,boligsiden,https://www.boligsiden.dk/adresse/jensloevs-tvaervej-10-2-th-2920-charlottenlund-01570406__10__2__th,Mursten,Ikke oplyst
jensloevs-tvaervej-10-2-th-2920-charlottenlund-01570406__10__2__th,Ejerlejlighed,Family Sale,08-06-2019,Familie handel,08-06-2019,1.190.000,3,"Jensløvs Tværvej 10, 2. th.",Charlottenlund,1,Fjernvarme/blokvarme,/adresse/jensloevs-tvaervej-10-2-th-2920-charlottenlund-01570406__10__2__th,69.0,2920.0,Tegl,2.0,boligsiden,https://www.boligsiden.dk/adresse/jensloevs-tvaervej-10-2-th-2920-charlottenlund-01570406__10__2__th,Mursten,Ikke oplyst
jensloevs-tvaervej-10-2-th-2920-charlottenlund-01570406__10__2__th,Ejerlejlighed,Free Sale,19-02-1992,Fri handel,19-02-1992,474.600,3,"Jensløvs Tværvej 10, 2. th.",Charlottenlund,1,Fjernvarme/blokvarme,/adresse/jensloevs-tvaervej-10-2-th-2920-charlottenlund-01570406__10__2__th,69.0,2920.0,Tegl,2.0,boligsiden,https://www.boligsiden.dk/adresse/jensloevs-tvaervej-10-2-th-2920-charlottenlund-01570406__10__2__th,Mursten,Ikke oplyst
springholm-1-2-th-2600-glostrup-01610455___1__2__th,Ejerlejlighed,Free Sale,31-03-2025,Fri handel,31-03-2025,2.455.000,3,"Springholm 1, 2. th.",Glostrup,1,Fjernvarme/blokvarme,/adresse/springholm-1-2-th-2600-glostrup-01610455___1__2__th,86.0,2600.0,Betontagsten,3.0,boligsiden,https://www.boligsiden.dk/adresse/springholm-1-2-th-2600-glostrup-01610455___1__2__th,Mursten,Ikke oplyst
springholm-1-2-th-2600-glostrup-01610455___1__2__th,Ejerlejlighed,Free Sale,20-11-2016,Fri handel,20-11-2016,1.770.000,3,"Springholm 1, 2. th.",Glostrup,1,Fjernvarme/blokvarme,/adresse/springholm-1-2-th-2600-glostrup-01610455___1__2__th,86.0,2600.0,Betontagsten,3.0,boligsiden,https://www.boligsiden.dk/adresse/springholm-1-2-th-2600-glostrup-01610455___1__2__th,Mursten,Ikke oplyst
springholm-1-2-th-2600-glostrup-01610455___1__2__th,Ejerlejlighed,Free Sale,16-01-2011,Fri handel,16-01-2011,1.350.000,3,"Springholm 1, 2. th.",Glostrup,1,Fjernvarme/blokvarme,/adresse/springholm-1-2-th-2600-glostrup-01610455___1__2__th,86.0,2600.0,Betontagsten,3.0,boligsiden,https://www.boligsiden.dk/adresse/springholm-1-2-th-2600-glostrup-01610455___1__2__th,Mursten,Ikke oplyst
klausdalsbrovej-83-2860-soeborg-01590422__83_______,Rækkehus,Family Sale,31-03-2025,Familie handel,31-03-2025,500.000,3,Klausdalsbrovej 83,Søborg,1,Centralvarme med én fyringsenhed,/adresse/klausdalsbrovej-83-2860-soeborg-01590422__83_______,96.0,2860.0,Tagpap med stor hældning,4.0,boligsiden,https://www.boligsiden.dk/adresse/klausdalsbrovej-83-2860-soeborg-01590422__83_______,Mursten,138.9
klausdalsbrovej-83-2860-soeborg-01590422__83_______,Rækkehus,Family Sale,23-12-2022,Familie handel,23-12-2022,450.000,3,Klausdalsbrovej 83,Søborg,1,Centralvarme med én fyringsenhed,/adresse/klausdalsbrovej-83-2860-soeborg-01590422__83_______,96.0,2860.0,Tagpap med stor hældning,4.0,boligsiden,https://www.boligsiden.dk/adresse/klausdalsbrovej-83-2860-soeborg-01590422__83_______,Mursten,138.9
klausdalsbrovej-83-2860-soeborg-01590422__83_______,Rækkehus,Family Sale,30-08-2016,Familie handel,30-08-2016,477.500,3,Klausdalsbrovej 83,Søborg,1,Centralvarme med én fyringsenhed,/adresse/klausdalsbrovej-83-2860-soeborg-01590422__83_______,96.0,2860.0,Tagpap med stor hældning,4.0,boligsiden,https://www.boligsiden.dk/adresse/klausdalsbrovej-83-2860-soeborg-01590422__83_______,Mursten,138.9
vejlegaardsparken-48-1-12-2665-vallensbaek-strand-01879267__48__1__12,Ejerlejlighed,Free Sale,31-03-2025,Fri handel,31-03-2025,1.200.000,3,"Vejlegårdsparken 48, 1. 12.",Vallensbæk Strand,1,Fjernvarme/blokvarme,/adresse/vejlegaardsparken-48-1-12-2665-vallensbaek-strand-01879267__48__1__12,47.0,2665.0,Tagpap med lille hældning,2.0,boligsiden,https://www.boligsiden.dk/adresse/vejlegaardsparken-48-1-12-2665-vallensbaek-strand-01879267__48__1__12,Betonelementer,Ikke oplyst
vejlegaardsparken-48-1-12-2665-vallensbaek-strand-01879267__48__1__12,Ejerlejlighed,Free Sale,23-09-2021,Fri handel,23-09-2021,1.200.000,3,"Vejlegårdsparken 48, 1. 12.",Vallensbæk Strand,1,Fjernvarme/blokvarme,/adresse/vejlegaardsparken-48-1-12-2665-vallensbaek-strand-01879267__48__1__12,47.0,2665.0,Tagpap med lille hældning,2.0,boligsiden,https://www.boligsiden.dk/adresse/vejlegaardsparken-48-1-12-2665-vallensbaek-strand-01879267__48__1__12,Betonelementer,Ikke oplyst
vejlegaardsparken-48-1-12-2665-vallensbaek-strand-01879267__48__1__12,Ejerlejlighed,Free Sale,13-05-2020,Fri handel,13-05-2020,1.145.000,3,"Vejlegårdsparken 48, 1. 12.",Vallensbæk Strand,1,Fjernvarme/blokvarme,/adresse/vejlegaardsparken-48-1-12-2665-vallensbaek-strand-01879267__48__1__12,47.0,2665.0,Tagpap med lille hældning,2.0,boligsiden,https://www.boligsiden.dk/adresse/vejlegaardsparken-48-1-12-2665-vallensbaek-strand-01879267__48__1__12,Betonelementer,Ikke oplyst
kallerupvej-18-2640-hedehusene-01693627__18_______,Villa,Free Sale,31-03-2025,Fri handel,31-03-2025,2.725.000,1,Kallerupvej 18,Hedehusene,1,Fjernvarme/blokvarme,/adresse/kallerupvej-18-2640-hedehusene-01693627__18_______,105.0,2640.0,Fibercement herunder asbest,5.0,boligsiden,https://www.boligsiden.dk/adresse/kallerupvej-18-2640-hedehusene-01693627__18_______,Letbetonsten,135
brinchs-have-9-0-th-2630-taastrup-01690812___9_st__th,Ejerlejlighed,Free Sale,31-03-2025,Fri handel,31-03-2025,1.400.000,3,"Brinchs Have 9, st. th.",Taastrup,1,Fjernvarme/blokvarme,/adresse/brinchs-have-9-0-th-2630-taastrup-01690812___9_st__th,58.0,2630.0,Fibercement uden asbest,2.0,boligsiden,https://www.boligsiden.dk/adresse/brinchs-have-9-0-th-2630-taastrup-01690812___9_st__th,Mursten,Ikke oplyst
brinchs-have-9-0-th-2630-taastrup-01690812___9_st__th,Ejerlejlighed,Free Sale,22-03-2007,Fri handel,22-03-2007,1.125.000,3,"Brinchs Have 9, st. th.",Taastrup,1,Fjernvarme/blokvarme,/adresse/brinchs-have-9-0-th-2630-taastrup-01690812___9_st__th,58.0,2630.0,Fibercement uden asbest,2.0,boligsiden,https://www.boligsiden.dk/adresse/brinchs-have-9-0-th-2630-taastrup-01690812___9_st__th,Mursten,Ikke oplyst
brinchs-have-9-0-th-2630-taastrup-01690812___9_st__th,Ejerlejlighed,Free Sale,09-10-2000,Fri handel,09-10-2000,746.000,3,"Brinchs Have 9, st. th.",Taastrup,1,Fjernvarme/blokvarme,/adresse/brinchs-have-9-0-th-2630-taastrup-01690812___9_st__th,58.0,2630.0,Fibercement uden asbest,2.0,boligsiden,https://www.boligsiden.dk/adresse/brinchs-have-9-0-th-2630-taastrup-01690812___9_st__th,Mursten,Ikke oplyst
agerlunden-40-2660-broendby-strand-01530002__40_______,Villa,Family Sale,31-03-2025,Familie handel,31-03-2025,2.438.400,2,Agerlunden 40,Brøndby Strand,1,Fjernvarme/blokvarme,/adresse/agerlunden-40-2660-broendby-strand-01530002__40_______,160.0,2660.0,Betontagsten,5.0,boligsiden,https://www.boligsiden.dk/adresse/agerlunden-40-2660-broendby-strand-01530002__40_______,Mursten,165
agerlunden-40-2660-broendby-strand-01530002__40_______,Villa,Family Sale,31-03-2025,Familie handel,31-03-2025,2.438.400,2,Agerlunden 40,Brøndby Strand,1,Fjernvarme/blokvarme,/adresse/agerlunden-40-2660-broendby-strand-01530002__40_______,160.0,2660.0,Betontagsten,5.0,boligsiden,https://www.boligsiden.dk/adresse/agerlunden-40-2660-broendby-strand-01530002__40_______,Mursten,165
agerlunden-40-2660-broendby-strand-01530002__40_______,Villa,Free Sale,10-12-2002,Fri handel,10-12-2002,645.000,2,Agerlunden 40,Brøndby Strand,1,Fjernvarme/blokvarme,/adresse/agerlunden-40-2660-broendby-strand-01530002__40_______,160.0,2660.0,Betontagsten,5.0,boligsiden,https://www.boligsiden.dk/adresse/agerlunden-40-2660-broendby-strand-01530002__40_______,Mursten,165
agerlunden-40-2660-broendby-strand-01530002__40_______,Villa,Free Sale,10-12-2002,Fri handel,10-12-2002,645.000,2,Agerlunden 40,Brøndby Strand,1,Fjernvarme/blokvarme,/adresse/agerlunden-40-2660-broendby-strand-01530002__40_______,160.0,2660.0,Betontagsten,5.0,boligsiden,https://www.boligsiden.dk/adresse/agerlunden-40-2660-broendby-strand-01530002__40_______,Mursten,165
agerlunden-40-2660-broendby-strand-01530002__40_______,Villa,Family Sale,31-03-2025,Familie handel,31-03-2025,2.438.400,2,Agerlunden 40,Brøndby Strand,1,Fjernvarme/blokvarme,/adresse/agerlunden-40-2660-broendby-strand-01530002__40_______,160.0,2660.0,Betontagsten,5.0,boligsiden,https://www.boligsiden.dk/adresse/agerlunden-40-2660-broendby-strand-01530002__40_______,Mursten,165
agerlunden-40-2660-broendby-strand-01530002__40_______,Villa,Family Sale,31-03-2025,Familie handel,31-03-2025,2.438.400,2,Agerlunden 40,Brøndby Strand,1,Fjernvarme/blokvarme,/adresse/agerlunden-40-2660-broendby-strand-01530002__40_______,160.0,2660.0,Betontagsten,5.0,boligsiden,https://www.boligsiden.dk/adresse/agerlunden-40-2660-broendby-strand-01530002__40_______,Mursten,165
agerlunden-40-2660-broendby-strand-01530002__40_______,Villa,Free Sale,10-12-2002,Fri handel,10-12-2002,645.000,2,Agerlunden 40,Brøndby Strand,1,Fjernvarme/blokvarme,/adresse/agerlunden-40-2660-broendby-strand-01530002__40_______,160.0,2660.0,Betontagsten,5.0,boligsiden,https://www.boligsiden.dk/adresse/agerlunden-40-2660-broendby-strand-01530002__40_______,Mursten,165
agerlunden-40-2660-broendby-strand-01530002__40_______,Villa,Free Sale,10-12-2002,Fri handel,10-12-2002,645.000,2,Agerlunden 40,Brøndby Strand,1,Fjernvarme/blokvarme,/adresse/agerlunden-40-2660-broendby-strand-01530002__40_______,160.0,2660.0,Betontagsten,5.0,boligsiden,https://www.boligsiden.dk/adresse/agerlunden-40-2660-broendby-strand-01530002__40_______,Mursten,165
stenagervej-24-2900-hellerup-01570782__24_______,Villa,Other,30-03-2025,Andet,30-03-2025,7.874.429,2,Stenagervej 24,Hellerup,1,Varmepumpe,/adresse/stenagervej-24-2900-hellerup-01570782__24_______,89.0,2900.0,Tegl,4.0,boligsiden,https://www.boligsiden.dk/adresse/stenagervej-24-2900-hellerup-01570782__24_______,Mursten,124.6
stenagervej-24-2900-hellerup-01570782__24_______,Villa,Free Sale,07-12-2022,Fri handel,07-12-2022,4.600.000,2,Stenagervej 24,Hellerup,1,Varmepumpe,/adresse/stenagervej-24-2900-hellerup-01570782__24_______,89.0,2900.0,Tegl,4.0,boligsiden,https://www.boligsiden.dk/adresse/stenagervej-24-2900-hellerup-01570782__24_______,Mursten,124.6
j-e-pitznersvej-50-2730-herlev-01634136__50_______,Villa,Free Sale,30-03-2025,Fri handel,30-03-2025,2.686.000,3,J E Pitznersvej 50,Herlev,1,Centralvarme med én fyringsenhed,/adresse/j-e-pitznersvej-50-2730-herlev-01634136__50_______,111.0,2730.0,Tegl,5.0,boligsiden,https://www.boligsiden.dk/adresse/j-e-pitznersvej-50-2730-herlev-01634136__50_______,Mursten,140.65
j-e-pitznersvej-50-2730-herlev-01634136__50_______,Villa,Free Sale,10-10-2021,Fri handel,10-10-2021,5.495.000,3,J E Pitznersvej 50,Herlev,1,Centralvarme med én fyringsenhed,/adresse/j-e-pitznersvej-50-2730-herlev-01634136__50_______,111.0,2730.0,Tegl,5.0,boligsiden,https://www.boligsiden.dk/adresse/j-e-pitznersvej-50-2730-herlev-01634136__50_______,Mursten,140.65
j-e-pitznersvej-50-2730-herlev-01634136__50_______,Villa,Free Sale,16-09-2015,Fri handel,16-09-2015,2.450.000,3,J E Pitznersvej 50,Herlev,1,Centralvarme med én fyringsenhed,/adresse/j-e-pitznersvej-50-2730-herlev-01634136__50_______,111.0,2730.0,Tegl,5.0,boligsiden,https://www.boligsiden.dk/adresse/j-e-pitznersvej-50-2730-herlev-01634136__50_______,Mursten,140.65
soendergaards-alle-37-1-th-2760-maaloev-01510802__37__1__th,Ejerlejlighed,Free Sale,29-03-2025,Fri handel,29-03-2025,3.995.000,2,"Søndergårds Allé 37, 1. th.",Måløv,1,Fjernvarme/blokvarme,/adresse/soendergaards-alle-37-1-th-2760-maaloev-01510802__37__1__th,93.0,2760.0,Andet materiale,3.0,boligsiden,https://www.boligsiden.dk/adresse/soendergaards-alle-37-1-th-2760-maaloev-01510802__37__1__th,Mursten,Ikke oplyst
soendergaards-alle-37-1-th-2760-maaloev-01510802__37__1__th,Ejerlejlighed,Free Sale,30-03-2015,Fri handel,30-03-2015,2.150.000,2,"Søndergårds Allé 37, 1. th.",Måløv,1,Fjernvarme/blokvarme,/adresse/soendergaards-alle-37-1-th-2760-maaloev-01510802__37__1__th,93.0,2760.0,Andet materiale,3.0,boligsiden,https://www.boligsiden.dk/adresse/soendergaards-alle-37-1-th-2760-maaloev-01510802__37__1__th,Mursten,Ikke oplyst
brunevang-92-0-1-2610-roedovre-01750108__92_st___1,Ejerlejlighed,Free Sale,29-03-2025,Fri handel,29-03-2025,1.750.000,3,"Brunevang 92, st. 1.",Rødovre,1,Fjernvarme/blokvarme,/adresse/brunevang-92-0-1-2610-roedovre-01750108__92_st___1,40.0,2610.0,Tagpap med lille hældning,1.0,boligsiden,https://www.boligsiden.dk/adresse/brunevang-92-0-1-2610-roedovre-01750108__92_st___1,Betonelementer,Ikke oplyst
brunevang-92-0-1-2610-roedovre-01750108__92_st___1,Ejerlejlighed,Free Sale,01-07-2021,Fri handel,01-07-2021,1.500.000,3,"Brunevang 92, st. 1.",Rødovre,1,Fjernvarme/blokvarme,/adresse/brunevang-92-0-1-2610-roedovre-01750108__92_st___1,40.0,2610.0,Tagpap med lille hældning,1.0,boligsiden,https://www.boligsiden.dk/adresse/brunevang-92-0-1-2610-roedovre-01750108__92_st___1,Betonelementer,Ikke oplyst
brunevang-92-0-1-2610-roedovre-01750108__92_st___1,Ejerlejlighed,Free Sale,05-12-2019,Fri handel,05-12-2019,1.199.000,3,"Brunevang 92, st. 1.",Rødovre,1,Fjernvarme/blokvarme,/adresse/brunevang-92-0-1-2610-roedovre-01750108__92_st___1,40.0,2610.0,Tagpap med lille hældning,1.0,boligsiden,https://www.boligsiden.dk/adresse/brunevang-92-0-1-2610-roedovre-01750108__92_st___1,Betonelementer,Ikke oplyst
roedovre-parkvej-219-2-tv-2610-roedovre-01750702_219__2__tv,Ejerlejlighed,Free Sale,28-03-2025,Fri handel,28-03-2025,2.625.000,2,"Rødovre Parkvej 219, 2. tv.",Rødovre,1,Fjernvarme/blokvarme,/adresse/roedovre-parkvej-219-2-tv-2610-roedovre-01750702_219__2__tv,78.0,2610.0,Tagpap med stor hældning,3.0,boligsiden,https://www.boligsiden.dk/adresse/roedovre-parkvej-219-2-tv-2610-roedovre-01750702_219__2__tv,Mursten,Ikke oplyst
roedovre-parkvej-219-2-tv-2610-roedovre-01750702_219__2__tv,Ejerlejlighed,Free Sale,04-02-2013,Fri handel,04-02-2013,955.000,2,"Rødovre Parkvej 219, 2. tv.",Rødovre,1,Fjernvarme/blokvarme,/adresse/roedovre-parkvej-219-2-tv-2610-roedovre-01750702_219__2__tv,78.0,2610.0,Tagpap med stor hældning,3.0,boligsiden,https://www.boligsiden.dk/adresse/roedovre-parkvej-219-2-tv-2610-roedovre-01750702_219__2__tv,Mursten,Ikke oplyst
ordrup-jagtvej-20a-1-2920-charlottenlund-01570620_20a__1____,Ejerlejlighed,Free Sale,28-03-2025,Fri handel,28-03-2025,8.500.000,1,"Ordrup Jagtvej 20A, 1.",Charlottenlund,1,Centralvarme med én fyringsenhed,/adresse/ordrup-jagtvej-20a-1-2920-charlottenlund-01570620_20a__1____,167.0,2920.0,Tegl,6.0,boligsiden,https://www.boligsiden.dk/adresse/ordrup-jagtvej-20a-1-2920-charlottenlund-01570620_20a__1____,Mursten,Ikke oplyst
bonkesvej-6-2-tv-2650-hvidovre-01670985___6__2__tv,Ejerlejlighed,Free Sale,28-03-2025,Fri handel,28-03-2025,2.400.000,3,"Bonkesvej 6, 2. tv.",Hvidovre,1,Fjernvarme/blokvarme,/adresse/bonkesvej-6-2-tv-2650-hvidovre-01670985___6__2__tv,67.0,2650.0,Tegl,3.0,boligsiden,https://www.boligsiden.dk/adresse/bonkesvej-6-2-tv-2650-hvidovre-01670985___6__2__tv,Mursten,Ikke oplyst
bonkesvej-6-2-tv-2650-hvidovre-01670985___6__2__tv,Ejerlejlighed,Free Sale,11-07-2018,Fri handel,11-07-2018,1.700.000,3,"Bonkesvej 6, 2. tv.",Hvidovre,1,Fjernvarme/blokvarme,/adresse/bonkesvej-6-2-tv-2650-hvidovre-01670985___6__2__tv,67.0,2650.0,Tegl,3.0,boligsiden,https://www.boligsiden.dk/adresse/bonkesvej-6-2-tv-2650-hvidovre-01670985___6__2__tv,Mursten,Ikke oplyst
bonkesvej-6-2-tv-2650-hvidovre-01670985___6__2__tv,Ejerlejlighed,Family Sale,03-04-2005,Familie handel,03-04-2005,1.285.000,3,"Bonkesvej 6, 2. tv.",Hvidovre,1,Fjernvarme/blokvarme,/adresse/bonkesvej-6-2-tv-2650-hvidovre-01670985___6__2__tv,67.0,2650.0,Tegl,3.0,boligsiden,https://www.boligsiden.dk/adresse/bonkesvej-6-2-tv-2650-hvidovre-01670985___6__2__tv,Mursten,Ikke oplyst
parcelvej-127-2830-virum-01730640_127_______,Villa,Family Sale,27-03-2025,Familie handel,27-03-2025,2.052.026,3,Parcelvej 127,Virum,1,Centralvarme med én fyringsenhed,/adresse/parcelvej-127-2830-virum-01730640_127_______,175.0,2830.0,Fibercement herunder asbest,6.0,boligsiden,https://www.boligsiden.dk/adresse/parcelvej-127-2830-virum-01730640_127_______,Mursten,183
parcelvej-127-2830-virum-01730640_127_______,Villa,Free Sale,19-07-2018,Fri handel,19-07-2018,4.200.000,3,Parcelvej 127,Virum,1,Centralvarme med én fyringsenhed,/adresse/parcelvej-127-2830-virum-01730640_127_______,175.0,2830.0,Fibercement herunder asbest,6.0,boligsiden,https://www.boligsiden.dk/adresse/parcelvej-127-2830-virum-01730640_127_______,Mursten,183
parcelvej-127-2830-virum-01730640_127_______,Villa,Free Sale,16-06-1995,Fri handel,16-06-1995,633.400,3,Parcelvej 127,Virum,1,Centralvarme med én fyringsenhed,/adresse/parcelvej-127-2830-virum-01730640_127_______,175.0,2830.0,Fibercement herunder asbest,6.0,boligsiden,https://www.boligsiden.dk/adresse/parcelvej-127-2830-virum-01730640_127_______,Mursten,183
tuborg-havnepark-11-2-th-2900-hellerup-01570899__11__2__th,Ejerlejlighed,Family Sale,27-03-2025,Familie handel,27-03-2025,4.590.000,2,"Tuborg Havnepark 11, 2. th.",Hellerup,1,Fjernvarme/blokvarme,/adresse/tuborg-havnepark-11-2-th-2900-hellerup-01570899__11__2__th,155.0,2900.0,Tagpap med stor hældning,4.0,boligsiden,https://www.boligsiden.dk/adresse/tuborg-havnepark-11-2-th-2900-hellerup-01570899__11__2__th,Mursten,Ikke oplyst
tuborg-havnepark-11-2-th-2900-hellerup-01570899__11__2__th,Ejerlejlighed,Free Sale,03-03-2008,Fri handel,03-03-2008,8.900.000,2,"Tuborg Havnepark 11, 2. th.",Hellerup,1,Fjernvarme/blokvarme,/adresse/tuborg-havnepark-11-2-th-2900-hellerup-01570899__11__2__th,155.0,2900.0,Tagpap med stor hældning,4.0,boligsiden,https://www.boligsiden.dk/adresse/tuborg-havnepark-11-2-th-2900-hellerup-01570899__11__2__th,Mursten,Ikke oplyst
soesvinget-8-2635-ishoej-01830680___8_______,Villa,Free Sale,27-03-2025,Fri handel,27-03-2025,4.900.000,3,Søsvinget 8,Ishøj,1,Centralvarme med én fyringsenhed,/adresse/soesvinget-8-2635-ishoej-01830680___8_______,137.0,2635.0,Fibercement herunder asbest,5.0,boligsiden,https://www.boligsiden.dk/adresse/soesvinget-8-2635-ishoej-01830680___8_______,Mursten,145.25
soesvinget-8-2635-ishoej-01830680___8_______,Villa,Free Sale,18-12-2019,Fri handel,18-12-2019,3.600.000,3,Søsvinget 8,Ishøj,1,Centralvarme med én fyringsenhed,/adresse/soesvinget-8-2635-ishoej-01830680___8_______,137.0,2635.0,Fibercement herunder asbest,5.0,boligsiden,https://www.boligsiden.dk/adresse/soesvinget-8-2635-ishoej-01830680___8_______,Mursten,145.25
soesvinget-8-2635-ishoej-01830680___8_______,Villa,Free Sale,02-02-1998,Fri handel,02-02-1998,1.431.000,3,Søsvinget 8,Ishøj,1,Centralvarme med én fyringsenhed,/adresse/soesvinget-8-2635-ishoej-01830680___8_______,137.0,2635.0,Fibercement herunder asbest,5.0,boligsiden,https://www.boligsiden.dk/adresse/soesvinget-8-2635-ishoej-01830680___8_______,Mursten,145.25
hallingdal-5-2800-kongens-lyngby-01730315___5_______,Rækkehus,Free Sale,27-03-2025,Fri handel,27-03-2025,2.875.000,3,Hallingdal 5,Kongens Lyngby,1,Centralvarme med én fyringsenhed,/adresse/hallingdal-5-2800-kongens-lyngby-01730315___5_______,95.0,2800.0,Betontagsten,4.0,boligsiden,https://www.boligsiden.dk/adresse/hallingdal-5-2800-kongens-lyngby-01730315___5_______,Mursten,91
hallingdal-5-2800-kongens-lyngby-01730315___5_______,Rækkehus,Free Sale,23-06-2022,Fri handel,23-06-2022,5.850.000,3,Hallingdal 5,Kongens Lyngby,1,Centralvarme med én fyringsenhed,/adresse/hallingdal-5-2800-kongens-lyngby-01730315___5_______,95.0,2800.0,Betontagsten,4.0,boligsiden,https://www.boligsiden.dk/adresse/hallingdal-5-2800-kongens-lyngby-01730315___5_______,Mursten,91
hallingdal-5-2800-kongens-lyngby-01730315___5_______,Rækkehus,Free Sale,09-01-2014,Fri handel,09-01-2014,3.200.000,3,Hallingdal 5,Kongens Lyngby,1,Centralvarme med én fyringsenhed,/adresse/hallingdal-5-2800-kongens-lyngby-01730315___5_______,95.0,2800.0,Betontagsten,4.0,boligsiden,https://www.boligsiden.dk/adresse/hallingdal-5-2800-kongens-lyngby-01730315___5_______,Mursten,91
niels-finsens-alle-100-4-g-2860-soeborg-01590604_100__4___g,Ejerlejlighed,Free Sale,27-03-2025,Fri handel,27-03-2025,2.450.000,3,"Niels Finsens Alle 100, 4. g.",Søborg,1,Fjernvarme/blokvarme,/adresse/niels-finsens-alle-100-4-g-2860-soeborg-01590604_100__4___g,68.0,2860.0,Tagpap med lille hældning,2.0,boligsiden,https://www.boligsiden.dk/adresse/niels-finsens-alle-100-4-g-2860-soeborg-01590604_100__4___g,Mursten,Ikke oplyst
niels-finsens-alle-100-4-g-2860-soeborg-01590604_100__4___g,Ejerlejlighed,Free Sale,16-07-2007,Fri handel,16-07-2007,1.540.000,3,"Niels Finsens Alle 100, 4. g.",Søborg,1,Fjernvarme/blokvarme,/adresse/niels-finsens-alle-100-4-g-2860-soeborg-01590604_100__4___g,68.0,2860.0,Tagpap med lille hældning,2.0,boligsiden,https://www.boligsiden.dk/adresse/niels-finsens-alle-100-4-g-2860-soeborg-01590604_100__4___g,Mursten,Ikke oplyst
niels-finsens-alle-100-4-g-2860-soeborg-01590604_100__4___g,Ejerlejlighed,Free Sale,09-08-2004,Fri handel,09-08-2004,970.000,3,"Niels Finsens Alle 100, 4. g.",Søborg,1,Fjernvarme/blokvarme,/adresse/niels-finsens-alle-100-4-g-2860-soeborg-01590604_100__4___g,68.0,2860.0,Tagpap med lille hældning,2.0,boligsiden,https://www.boligsiden.dk/adresse/niels-finsens-alle-100-4-g-2860-soeborg-01590604_100__4___g,Mursten,Ikke oplyst
bagsvaerd-hovedgade-99-14-c-2880-bagsvaerd-01590039__99_14___c,Ejerlejlighed,Free Sale,27-03-2025,Fri handel,27-03-2025,1.150.000,3,"Bagsværd Hovedgade 99, 14. c.",Bagsværd,1,Fjernvarme/blokvarme,/adresse/bagsvaerd-hovedgade-99-14-c-2880-bagsvaerd-01590039__99_14___c,49.0,2880.0,Tagpap med stor hældning,1.0,boligsiden,https://www.boligsiden.dk/adresse/bagsvaerd-hovedgade-99-14-c-2880-bagsvaerd-01590039__99_14___c,Betonelementer,Ikke oplyst
bagsvaerd-hovedgade-99-14-c-2880-bagsvaerd-01590039__99_14___c,Ejerlejlighed,Free Sale,06-03-2019,Fri handel,06-03-2019,950.000,3,"Bagsværd Hovedgade 99, 14. c.",Bagsværd,1,Fjernvarme/blokvarme,/adresse/bagsvaerd-hovedgade-99-14-c-2880-bagsvaerd-01590039__99_14___c,49.0,2880.0,Tagpap med stor hældning,1.0,boligsiden,https://www.boligsiden.dk/adresse/bagsvaerd-hovedgade-99-14-c-2880-bagsvaerd-01590039__99_14___c,Betonelementer,Ikke oplyst
bagsvaerd-hovedgade-99-14-c-2880-bagsvaerd-01590039__99_14___c,Ejerlejlighed,Free Sale,06-10-2003,Fri handel,06-10-2003,595.000,3,"Bagsværd Hovedgade 99, 14. c.",Bagsværd,1,Fjernvarme/blokvarme,/adresse/bagsvaerd-hovedgade-99-14-c-2880-bagsvaerd-01590039__99_14___c,49.0,2880.0,Tagpap med stor hældning,1.0,boligsiden,https://www.boligsiden.dk/adresse/bagsvaerd-hovedgade-99-14-c-2880-bagsvaerd-01590039__99_14___c,Betonelementer,Ikke oplyst
clarasvej-1d-0-2-2920-charlottenlund-01570122__1d_st___2,Ejerlejlighed,Free Sale,27-03-2025,Fri handel,27-03-2025,2.550.000,3,"Clarasvej 1D, st. 2.",Charlottenlund,1,Fjernvarme/blokvarme,/adresse/clarasvej-1d-0-2-2920-charlottenlund-01570122__1d_st___2,54.0,2920.0,Tagpap med stor hældning,2.0,boligsiden,https://www.boligsiden.dk/adresse/clarasvej-1d-0-2-2920-charlottenlund-01570122__1d_st___2,Mursten,Ikke oplyst
clarasvej-1d-0-2-2920-charlottenlund-01570122__1d_st___2,Ejerlejlighed,Free Sale,04-04-2021,Fri handel,04-04-2021,2.550.000,3,"Clarasvej 1D, st. 2.",Charlottenlund,1,Fjernvarme/blokvarme,/adresse/clarasvej-1d-0-2-2920-charlottenlund-01570122__1d_st___2,54.0,2920.0,Tagpap med stor hældning,2.0,boligsiden,https://www.boligsiden.dk/adresse/clarasvej-1d-0-2-2920-charlottenlund-01570122__1d_st___2,Mursten,Ikke oplyst
clarasvej-1d-0-2-2920-charlottenlund-01570122__1d_st___2,Ejerlejlighed,Free Sale,30-10-2020,Fri handel,30-10-2020,1.818.000,3,"Clarasvej 1D, st. 2.",Charlottenlund,1,Fjernvarme/blokvarme,/adresse/clarasvej-1d-0-2-2920-charlottenlund-01570122__1d_st___2,54.0,2920.0,Tagpap med stor hældning,2.0,boligsiden,https://www.boligsiden.dk/adresse/clarasvej-1d-0-2-2920-charlottenlund-01570122__1d_st___2,Mursten,Ikke oplyst
kamstrupvej-119a-2610-roedovre-01750425119a_______,Villa,Free Sale,27-03-2025,Fri handel,27-03-2025,10.600.000,2,Kamstrupvej 119A,Rødovre,1,Varmepumpe,/adresse/kamstrupvej-119a-2610-roedovre-01750425119a_______,159.0,2610.0,Tagpap med lille hældning,6.0,boligsiden,https://www.boligsiden.dk/adresse/kamstrupvej-119a-2610-roedovre-01750425119a_______,Mursten,205
kamstrupvej-119a-2610-roedovre-01750425119a_______,Villa,Free Sale,05-05-2021,Fri handel,05-05-2021,3.850.000,2,Kamstrupvej 119A,Rødovre,1,Varmepumpe,/adresse/kamstrupvej-119a-2610-roedovre-01750425119a_______,159.0,2610.0,Tagpap med lille hældning,6.0,boligsiden,https://www.boligsiden.dk/adresse/kamstrupvej-119a-2610-roedovre-01750425119a_______,Mursten,205
gyngemose-parkvej-22-1-tv-2860-soeborg-01590259__22__1__tv,Ejerlejlighed,Free Sale,27-03-2025,Fri handel,27-03-2025,3.560.000,1,"Gyngemose Parkvej 22, 1. tv.",Søborg,7,Fjernvarme/blokvarme,/adresse/gyngemose-parkvej-22-1-tv-2860-soeborg-01590259__22__1__tv,99.0,2860.0,Tagpap med lille hældning,4.0,boligsiden,https://www.boligsiden.dk/adresse/gyngemose-parkvej-22-1-tv-2860-soeborg-01590259__22__1__tv,Mursten,Ikke oplyst
peter-lunds-vej-12a-2800-kongens-lyngby-01730649_12a_______,Villa,Free Sale,27-03-2025,Fri handel,27-03-2025,2.900.000,1,Peter Lunds Vej 12A,Kongens Lyngby,1,Fjernvarme/blokvarme,/adresse/peter-lunds-vej-12a-2800-kongens-lyngby-01730649_12a_______,41.0,2800.0,Stråtag,2.0,boligsiden,https://www.boligsiden.dk/adresse/peter-lunds-vej-12a-2800-kongens-lyngby-01730649_12a_______,Bindingsværk,Ikke oplyst
bagsvaerd-hovedgade-99-2-b-2880-bagsvaerd-01590039__99__2___b,Ejerlejlighed,Free Sale,27-03-2025,Fri handel,27-03-2025,1.050.000,3,"Bagsværd Hovedgade 99, 2. b.",Bagsværd,1,Fjernvarme/blokvarme,/adresse/bagsvaerd-hovedgade-99-2-b-2880-bagsvaerd-01590039__99__2___b,48.0,2880.0,Tagpap med stor hældning,1.0,boligsiden,https://www.boligsiden.dk/adresse/bagsvaerd-hovedgade-99-2-b-2880-bagsvaerd-01590039__99__2___b,Betonelementer,Ikke oplyst
bagsvaerd-hovedgade-99-2-b-2880-bagsvaerd-01590039__99__2___b,Ejerlejlighed,Free Sale,06-04-2018,Fri handel,06-04-2018,1.050.000,3,"Bagsværd Hovedgade 99, 2. b.",Bagsværd,1,Fjernvarme/blokvarme,/adresse/bagsvaerd-hovedgade-99-2-b-2880-bagsvaerd-01590039__99__2___b,48.0,2880.0,Tagpap med stor hældning,1.0,boligsiden,https://www.boligsiden.dk/adresse/bagsvaerd-hovedgade-99-2-b-2880-bagsvaerd-01590039__99__2___b,Betonelementer,Ikke oplyst
bagsvaerd-hovedgade-99-2-b-2880-bagsvaerd-01590039__99__2___b,Ejerlejlighed,Free Sale,09-11-2011,Fri handel,09-11-2011,335.000,3,"Bagsværd Hovedgade 99, 2. b.",Bagsværd,1,Fjernvarme/blokvarme,/adresse/bagsvaerd-hovedgade-99-2-b-2880-bagsvaerd-01590039__99__2___b,48.0,2880.0,Tagpap med stor hældning,1.0,boligsiden,https://www.boligsiden.dk/adresse/bagsvaerd-hovedgade-99-2-b-2880-bagsvaerd-01590039__99__2___b,Betonelementer,Ikke oplyst
stroebyvej-34-2650-hvidovre-01678214__34_______,Villa,Free Sale,26-03-2025,Fri handel,26-03-2025,7.800.000,3,Strøbyvej 34,Hvidovre,1,Elvarme,/adresse/stroebyvej-34-2650-hvidovre-01678214__34_______,181.0,2650.0,Betontagsten,6.0,boligsiden,https://www.boligsiden.dk/adresse/stroebyvej-34-2650-hvidovre-01678214__34_______,Mursten,181
stroebyvej-34-2650-hvidovre-01678214__34_______,Villa,Other,12-02-1993,Andet,12-02-1993,2.500.000,3,Strøbyvej 34,Hvidovre,1,Elvarme,/adresse/stroebyvej-34-2650-hvidovre-01678214__34_______,181.0,2650.0,Betontagsten,6.0,boligsiden,https://www.boligsiden.dk/adresse/stroebyvej-34-2650-hvidovre-01678214__34_______,Mursten,181
bagsvaerd-hovedgade-116a-13-e-2880-bagsvaerd-01590039116a_13___e,Ejerlejlighed,Free Sale,26-03-2025,Fri handel,26-03-2025,2.950.000,3,"Bagsværd Hovedgade 116A, 13. e.",Bagsværd,1,Fjernvarme/blokvarme,/adresse/bagsvaerd-hovedgade-116a-13-e-2880-bagsvaerd-01590039116a_13___e,91.0,2880.0,Tagpap med lille hældning,3.0,boligsiden,https://www.boligsiden.dk/adresse/bagsvaerd-hovedgade-116a-13-e-2880-bagsvaerd-01590039116a_13___e,Letbetonsten,Ikke oplyst
bagsvaerd-hovedgade-116a-13-e-2880-bagsvaerd-01590039116a_13___e,Ejerlejlighed,Free Sale,25-03-2021,Fri handel,25-03-2021,2.850.000,3,"Bagsværd Hovedgade 116A, 13. e.",Bagsværd,1,Fjernvarme/blokvarme,/adresse/bagsvaerd-hovedgade-116a-13-e-2880-bagsvaerd-01590039116a_13___e,91.0,2880.0,Tagpap med lille hældning,3.0,boligsiden,https://www.boligsiden.dk/adresse/bagsvaerd-hovedgade-116a-13-e-2880-bagsvaerd-01590039116a_13___e,Letbetonsten,Ikke oplyst
bagsvaerd-hovedgade-116a-13-e-2880-bagsvaerd-01590039116a_13___e,Ejerlejlighed,Free Sale,02-09-2016,Fri handel,02-09-2016,1.895.000,3,"Bagsværd Hovedgade 116A, 13. e.",Bagsværd,1,Fjernvarme/blokvarme,/adresse/bagsvaerd-hovedgade-116a-13-e-2880-bagsvaerd-01590039116a_13___e,91.0,2880.0,Tagpap med lille hældning,3.0,boligsiden,https://www.boligsiden.dk/adresse/bagsvaerd-hovedgade-116a-13-e-2880-bagsvaerd-01590039116a_13___e,Letbetonsten,Ikke oplyst
nordre-ringvej-12-1-tv-2600-glostrup-01610358__12__1__tv,Ejerlejlighed,Free Sale,26-03-2025,Fri handel,26-03-2025,2.000.000,2,"Nordre Ringvej 12, 1. tv.",Glostrup,1,Fjernvarme/blokvarme,/adresse/nordre-ringvej-12-1-tv-2600-glostrup-01610358__12__1__tv,57.0,2600.0,Tegl,3.0,boligsiden,https://www.boligsiden.dk/adresse/nordre-ringvej-12-1-tv-2600-glostrup-01610358__12__1__tv,Mursten,Ikke oplyst
nordre-ringvej-12-1-tv-2600-glostrup-01610358__12__1__tv,Ejerlejlighed,Free Sale,18-10-2023,Fri handel,18-10-2023,1.375.000,2,"Nordre Ringvej 12, 1. tv.",Glostrup,1,Fjernvarme/blokvarme,/adresse/nordre-ringvej-12-1-tv-2600-glostrup-01610358__12__1__tv,57.0,2600.0,Tegl,3.0,boligsiden,https://www.boligsiden.dk/adresse/nordre-ringvej-12-1-tv-2600-glostrup-01610358__12__1__tv,Mursten,Ikke oplyst
stengaards-alle-199-1-4-2860-soeborg-01590810_199__1___4,Ejerlejlighed,Free Sale,26-03-2025,Fri handel,26-03-2025,3.815.000,3,"Stengårds Alle 199, 1. 4.",Søborg,1,Centralvarme med én fyringsenhed,/adresse/stengaards-alle-199-1-4-2860-soeborg-01590810_199__1___4,99.0,2860.0,Tagpap med lille hældning,3.0,boligsiden,https://www.boligsiden.dk/adresse/stengaards-alle-199-1-4-2860-soeborg-01590810_199__1___4,Mursten,Ikke oplyst
stengaards-alle-199-1-4-2860-soeborg-01590810_199__1___4,Ejerlejlighed,Free Sale,06-10-2023,Fri handel,06-10-2023,3.400.000,3,"Stengårds Alle 199, 1. 4.",Søborg,1,Centralvarme med én fyringsenhed,/adresse/stengaards-alle-199-1-4-2860-soeborg-01590810_199__1___4,99.0,2860.0,Tagpap med lille hældning,3.0,boligsiden,https://www.boligsiden.dk/adresse/stengaards-alle-199-1-4-2860-soeborg-01590810_199__1___4,Mursten,Ikke oplyst
stengaards-alle-199-1-4-2860-soeborg-01590810_199__1___4,Ejerlejlighed,Free Sale,11-03-2016,Fri handel,11-03-2016,2.525.000,3,"Stengårds Alle 199, 1. 4.",Søborg,1,Centralvarme med én fyringsenhed,/adresse/stengaards-alle-199-1-4-2860-soeborg-01590810_199__1___4,99.0,2860.0,Tagpap med lille hældning,3.0,boligsiden,https://www.boligsiden.dk/adresse/stengaards-alle-199-1-4-2860-soeborg-01590810_199__1___4,Mursten,Ikke oplyst
esperance-alle-10a-0-tv-2920-charlottenlund-01570215_10a_st__tv,Ejerlejlighed,Free Sale,26-03-2025,Fri handel,26-03-2025,15.900.000,3,"Esperance Alle 10A, st. tv.",Charlottenlund,1,Centralvarme med én fyringsenhed,/adresse/esperance-alle-10a-0-tv-2920-charlottenlund-01570215_10a_st__tv,176.0,2920.0,Tagpap med stor hældning,5.0,boligsiden,https://www.boligsiden.dk/adresse/esperance-alle-10a-0-tv-2920-charlottenlund-01570215_10a_st__tv,Mursten,Ikke oplyst
esperance-alle-10a-0-tv-2920-charlottenlund-01570215_10a_st__tv,Ejerlejlighed,Free Sale,04-03-2015,Fri handel,04-03-2015,7.500.000,3,"Esperance Alle 10A, st. tv.",Charlottenlund,1,Centralvarme med én fyringsenhed,/adresse/esperance-alle-10a-0-tv-2920-charlottenlund-01570215_10a_st__tv,176.0,2920.0,Tagpap med stor hældning,5.0,boligsiden,https://www.boligsiden.dk/adresse/esperance-alle-10a-0-tv-2920-charlottenlund-01570215_10a_st__tv,Mursten,Ikke oplyst
esperance-alle-10a-0-tv-2920-charlottenlund-01570215_10a_st__tv,Ejerlejlighed,Free Sale,11-05-2000,Fri handel,11-05-2000,3.650.000,3,"Esperance Alle 10A, st. tv.",Charlottenlund,1,Centralvarme med én fyringsenhed,/adresse/esperance-alle-10a-0-tv-2920-charlottenlund-01570215_10a_st__tv,176.0,2920.0,Tagpap med stor hældning,5.0,boligsiden,https://www.boligsiden.dk/adresse/esperance-alle-10a-0-tv-2920-charlottenlund-01570215_10a_st__tv,Mursten,Ikke oplyst
hoejagerparken-69-0-2750-ballerup-01510158__69_st____,Ejerlejlighed,Free Sale,26-03-2025,Fri handel,26-03-2025,1.350.000,1,"Højagerparken 69, st.",Ballerup,1,Fjernvarme/blokvarme,/adresse/hoejagerparken-69-0-2750-ballerup-01510158__69_st____,55.0,2750.0,Tagpap med lille hældning,1.0,boligsiden,https://www.boligsiden.dk/adresse/hoejagerparken-69-0-2750-ballerup-01510158__69_st____,Mursten,Ikke oplyst
jyllingevej-268-2610-roedovre-01750415_268_______,Villa,Free Sale,26-03-2025,Fri handel,26-03-2025,3.650.000,3,Jyllingevej 268,Rødovre,1,Varmepumpe,/adresse/jyllingevej-268-2610-roedovre-01750415_268_______,76.0,2610.0,Fibercement herunder asbest,3.0,boligsiden,https://www.boligsiden.dk/adresse/jyllingevej-268-2610-roedovre-01750415_268_______,Mursten,109.15
jyllingevej-268-2610-roedovre-01750415_268_______,Villa,Free Sale,15-09-2022,Fri handel,15-09-2022,2.500.000,3,Jyllingevej 268,Rødovre,1,Varmepumpe,/adresse/jyllingevej-268-2610-roedovre-01750415_268_______,76.0,2610.0,Fibercement herunder asbest,3.0,boligsiden,https://www.boligsiden.dk/adresse/jyllingevej-268-2610-roedovre-01750415_268_______,Mursten,109.15
taarnvej-151f-1-2610-roedovre-01750897151f__1____,Ejerlejlighed,Free Sale,26-03-2025,Fri handel,26-03-2025,2.295.000,3,"Tårnvej 151F, 1.",Rødovre,1,Fjernvarme/blokvarme,/adresse/taarnvej-151f-1-2610-roedovre-01750897151f__1____,72.0,2610.0,Tagpap med stor hældning,3.0,boligsiden,https://www.boligsiden.dk/adresse/taarnvej-151f-1-2610-roedovre-01750897151f__1____,Mursten,Ikke oplyst
taarnvej-151f-1-2610-roedovre-01750897151f__1____,Ejerlejlighed,Free Sale,19-07-2017,Fri handel,19-07-2017,1.720.000,3,"Tårnvej 151F, 1.",Rødovre,1,Fjernvarme/blokvarme,/adresse/taarnvej-151f-1-2610-roedovre-01750897151f__1____,72.0,2610.0,Tagpap med stor hældning,3.0,boligsiden,https://www.boligsiden.dk/adresse/taarnvej-151f-1-2610-roedovre-01750897151f__1____,Mursten,Ikke oplyst
taarnvej-151f-1-2610-roedovre-01750897151f__1____,Ejerlejlighed,Free Sale,29-07-2005,Fri handel,29-07-2005,1.450.000,3,"Tårnvej 151F, 1.",Rødovre,1,Fjernvarme/blokvarme,/adresse/taarnvej-151f-1-2610-roedovre-01750897151f__1____,72.0,2610.0,Tagpap med stor hældning,3.0,boligsiden,https://www.boligsiden.dk/adresse/taarnvej-151f-1-2610-roedovre-01750897151f__1____,Mursten,Ikke oplyst
bolystvej-13-2650-hvidovre-01670955__13_______,Rækkehus,Free Sale,25-03-2025,Fri handel,25-03-2025,3.995.000,1,Bolystvej 13,Hvidovre,1,Fjernvarme/blokvarme,/adresse/bolystvej-13-2650-hvidovre-01670955__13_______,68.0,2650.0,Tagpap med stor hældning,3.0,boligsiden,https://www.boligsiden.dk/adresse/bolystvej-13-2650-hvidovre-01670955__13_______,Mursten,82
ulrikkenborg-alle-39-0-th-2800-kongens-lyngby-01730831__39_st__th,Ejerlejlighed,Free Sale,25-03-2025,Fri handel,25-03-2025,2.030.000,3,"Ulrikkenborg Alle 39, st. th.",Kongens Lyngby,1,Fjernvarme/blokvarme,/adresse/ulrikkenborg-alle-39-0-th-2800-kongens-lyngby-01730831__39_st__th,57.0,2800.0,Tagpap med stor hældning,2.0,boligsiden,https://www.boligsiden.dk/adresse/ulrikkenborg-alle-39-0-th-2800-kongens-lyngby-01730831__39_st__th,Mursten,Ikke oplyst
ulrikkenborg-alle-39-0-th-2800-kongens-lyngby-01730831__39_st__th,Ejerlejlighed,Free Sale,02-01-2020,Fri handel,02-01-2020,1.450.000,3,"Ulrikkenborg Alle 39, st. th.",Kongens Lyngby,1,Fjernvarme/blokvarme,/adresse/ulrikkenborg-alle-39-0-th-2800-kongens-lyngby-01730831__39_st__th,57.0,2800.0,Tagpap med stor hældning,2.0,boligsiden,https://www.boligsiden.dk/adresse/ulrikkenborg-alle-39-0-th-2800-kongens-lyngby-01730831__39_st__th,Mursten,Ikke oplyst
ulrikkenborg-alle-39-0-th-2800-kongens-lyngby-01730831__39_st__th,Ejerlejlighed,Free Sale,28-02-2017,Fri handel,28-02-2017,1.525.000,3,"Ulrikkenborg Alle 39, st. th.",Kongens Lyngby,1,Fjernvarme/blokvarme,/adresse/ulrikkenborg-alle-39-0-th-2800-kongens-lyngby-01730831__39_st__th,57.0,2800.0,Tagpap med stor hældning,2.0,boligsiden,https://www.boligsiden.dk/adresse/ulrikkenborg-alle-39-0-th-2800-kongens-lyngby-01730831__39_st__th,Mursten,Ikke oplyst
taarbaek-strandvej-55b-2930-klampenborg-01730970_55b_______,Villa,Family Sale,25-03-2025,Familie handel,25-03-2025,13.000.000,3,Taarbæk Strandvej 55B,Klampenborg,1,Centralvarme med én fyringsenhed,/adresse/taarbaek-strandvej-55b-2930-klampenborg-01730970_55b_______,138.0,2930.0,Tegl,4.0,boligsiden,https://www.boligsiden.dk/adresse/taarbaek-strandvej-55b-2930-klampenborg-01730970_55b_______,Mursten,143.85
taarbaek-strandvej-55b-2930-klampenborg-01730970_55b_______,Villa,Family Sale,04-03-2020,Familie handel,04-03-2020,4.700.000,3,Taarbæk Strandvej 55B,Klampenborg,1,Centralvarme med én fyringsenhed,/adresse/taarbaek-strandvej-55b-2930-klampenborg-01730970_55b_______,138.0,2930.0,Tegl,4.0,boligsiden,https://www.boligsiden.dk/adresse/taarbaek-strandvej-55b-2930-klampenborg-01730970_55b_______,Mursten,143.85
taarbaek-strandvej-55b-2930-klampenborg-01730970_55b_______,Villa,Free Sale,18-02-2009,Fri handel,18-02-2009,4.500.000,3,Taarbæk Strandvej 55B,Klampenborg,1,Centralvarme med én fyringsenhed,/adresse/taarbaek-strandvej-55b-2930-klampenborg-01730970_55b_______,138.0,2930.0,Tegl,4.0,boligsiden,https://www.boligsiden.dk/adresse/taarbaek-strandvej-55b-2930-klampenborg-01730970_55b_______,Mursten,143.85
soendertoften-157-2630-taastrup-01698121_157_______,Rækkehus,Free Sale,25-03-2025,Fri handel,25-03-2025,2.896.000,1,Søndertoften 157,Taastrup,1,Fjernvarme/blokvarme,/adresse/soendertoften-157-2630-taastrup-01698121_157_______,134.0,2630.0,Fibercement herunder asbest,6.0,boligsiden,https://www.boligsiden.dk/adresse/soendertoften-157-2630-taastrup-01698121_157_______,Mursten,129.3
bellevuevej-1-0-th-2930-klampenborg-01570046___1_st__th,Ejerlejlighed,Free Sale,25-03-2025,Fri handel,25-03-2025,7.350.000,3,"Bellevuevej 1, st. th.",Klampenborg,1,Centralvarme med én fyringsenhed,/adresse/bellevuevej-1-0-th-2930-klampenborg-01570046___1_st__th,97.0,2930.0,Tagpap med stor hældning,3.0,boligsiden,https://www.boligsiden.dk/adresse/bellevuevej-1-0-th-2930-klampenborg-01570046___1_st__th,Mursten,Ikke oplyst
bellevuevej-1-0-th-2930-klampenborg-01570046___1_st__th,Ejerlejlighed,Free Sale,02-01-2005,Fri handel,02-01-2005,3.400.000,3,"Bellevuevej 1, st. th.",Klampenborg,1,Centralvarme med én fyringsenhed,/adresse/bellevuevej-1-0-th-2930-klampenborg-01570046___1_st__th,97.0,2930.0,Tagpap med stor hældning,3.0,boligsiden,https://www.boligsiden.dk/adresse/bellevuevej-1-0-th-2930-klampenborg-01570046___1_st__th,Mursten,Ikke oplyst
bellevuevej-1-0-th-2930-klampenborg-01570046___1_st__th,Ejerlejlighed,Free Sale,29-03-1999,Fri handel,29-03-1999,1.950.000,3,"Bellevuevej 1, st. th.",Klampenborg,1,Centralvarme med én fyringsenhed,/adresse/bellevuevej-1-0-th-2930-klampenborg-01570046___1_st__th,97.0,2930.0,Tagpap med stor hældning,3.0,boligsiden,https://www.boligsiden.dk/adresse/bellevuevej-1-0-th-2930-klampenborg-01570046___1_st__th,Mursten,Ikke oplyst
brandholms-alle-32f-2-2610-roedovre-01750085_32f__2____,Ejerlejlighed,Free Sale,25-03-2025,Fri handel,25-03-2025,1.856.500,3,"Brandholms Alle 32F, 2.",Rødovre,1,Fjernvarme/blokvarme,/adresse/brandholms-alle-32f-2-2610-roedovre-01750085_32f__2____,58.0,2610.0,Tagpap med stor hældning,2.0,boligsiden,https://www.boligsiden.dk/adresse/brandholms-alle-32f-2-2610-roedovre-01750085_32f__2____,Mursten,Ikke oplyst
brandholms-alle-32f-2-2610-roedovre-01750085_32f__2____,Ejerlejlighed,Free Sale,25-11-2019,Fri handel,25-11-2019,1.550.000,3,"Brandholms Alle 32F, 2.",Rødovre,1,Fjernvarme/blokvarme,/adresse/brandholms-alle-32f-2-2610-roedovre-01750085_32f__2____,58.0,2610.0,Tagpap med stor hældning,2.0,boligsiden,https://www.boligsiden.dk/adresse/brandholms-alle-32f-2-2610-roedovre-01750085_32f__2____,Mursten,Ikke oplyst
brandholms-alle-32f-2-2610-roedovre-01750085_32f__2____,Ejerlejlighed,Free Sale,24-04-2012,Fri handel,24-04-2012,740.000,3,"Brandholms Alle 32F, 2.",Rødovre,1,Fjernvarme/blokvarme,/adresse/brandholms-alle-32f-2-2610-roedovre-01750085_32f__2____,58.0,2610.0,Tagpap med stor hældning,2.0,boligsiden,https://www.boligsiden.dk/adresse/brandholms-alle-32f-2-2610-roedovre-01750085_32f__2____,Mursten,Ikke oplyst
agerskovvej-4k-2-2610-roedovre-01750007__4k__2____,Ejerlejlighed,Free Sale,25-03-2025,Fri handel,25-03-2025,2.000.000,2,"Agerskovvej 4K, 2.",Rødovre,1,Fjernvarme/blokvarme,/adresse/agerskovvej-4k-2-2610-roedovre-01750007__4k__2____,70.0,2610.0,Tagpap med lille hældning,2.0,boligsiden,https://www.boligsiden.dk/adresse/agerskovvej-4k-2-2610-roedovre-01750007__4k__2____,Betonelementer,Ikke oplyst
agerskovvej-4k-2-2610-roedovre-01750007__4k__2____,Ejerlejlighed,Free Sale,09-02-1997,Fri handel,09-02-1997,475.000,2,"Agerskovvej 4K, 2.",Rødovre,1,Fjernvarme/blokvarme,/adresse/agerskovvej-4k-2-2610-roedovre-01750007__4k__2____,70.0,2610.0,Tagpap med lille hældning,2.0,boligsiden,https://www.boligsiden.dk/adresse/agerskovvej-4k-2-2610-roedovre-01750007__4k__2____,Betonelementer,Ikke oplyst
granvej-107-4-6-2880-bagsvaerd-01590226_107__4___6,Ejerlejlighed,Free Sale,24-03-2025,Fri handel,24-03-2025,5.395.000,1,"Granvej 107, 4. 6.",Bagsværd,1,Fjernvarme/blokvarme,/adresse/granvej-107-4-6-2880-bagsvaerd-01590226_107__4___6,115.0,2880.0,Levende tage,4.0,boligsiden,https://www.boligsiden.dk/adresse/granvej-107-4-6-2880-bagsvaerd-01590226_107__4___6,Betonelementer,Ikke oplyst
hoejagerparken-34-2-tv-2750-ballerup-01510158__34__2__tv,Ejerlejlighed,Free Sale,24-03-2025,Fri handel,24-03-2025,2.275.000,2,"Højagerparken 34, 2. tv.",Ballerup,1,Fjernvarme/blokvarme,/adresse/hoejagerparken-34-2-tv-2750-ballerup-01510158__34__2__tv,74.0,2750.0,Tagpap med lille hældning,3.0,boligsiden,https://www.boligsiden.dk/adresse/hoejagerparken-34-2-tv-2750-ballerup-01510158__34__2__tv,Mursten,Ikke oplyst
hoejagerparken-34-2-tv-2750-ballerup-01510158__34__2__tv,Ejerlejlighed,Free Sale,19-01-2012,Fri handel,19-01-2012,1.050.000,2,"Højagerparken 34, 2. tv.",Ballerup,1,Fjernvarme/blokvarme,/adresse/hoejagerparken-34-2-tv-2750-ballerup-01510158__34__2__tv,74.0,2750.0,Tagpap med lille hældning,3.0,boligsiden,https://www.boligsiden.dk/adresse/hoejagerparken-34-2-tv-2750-ballerup-01510158__34__2__tv,Mursten,Ikke oplyst
gyngemose-parkvej-49-2-tv-2860-soeborg-01590259__49__2__tv,Ejerlejlighed,Free Sale,24-03-2025,Fri handel,24-03-2025,3.300.000,1,"Gyngemose Parkvej 49, 2. tv.",Søborg,1,Fjernvarme/blokvarme,/adresse/gyngemose-parkvej-49-2-tv-2860-soeborg-01590259__49__2__tv,109.0,2860.0,Tagpap med lille hældning,5.0,boligsiden,https://www.boligsiden.dk/adresse/gyngemose-parkvej-49-2-tv-2860-soeborg-01590259__49__2__tv,Mursten,Ikke oplyst
herthavej-5f-1-tv-2920-charlottenlund-01570345__5f__1__tv,Ejerlejlighed,Free Sale,24-03-2025,Fri handel,24-03-2025,7.900.000,3,"Herthavej 5F, 1. tv.",Charlottenlund,1,Fjernvarme/blokvarme,/adresse/herthavej-5f-1-tv-2920-charlottenlund-01570345__5f__1__tv,104.0,2920.0,Tagpap med lille hældning,3.0,boligsiden,https://www.boligsiden.dk/adresse/herthavej-5f-1-tv-2920-charlottenlund-01570345__5f__1__tv,Mursten,Ikke oplyst
herthavej-5f-1-tv-2920-charlottenlund-01570345__5f__1__tv,Ejerlejlighed,Free Sale,04-07-2013,Fri handel,04-07-2013,3.700.000,3,"Herthavej 5F, 1. tv.",Charlottenlund,1,Fjernvarme/blokvarme,/adresse/herthavej-5f-1-tv-2920-charlottenlund-01570345__5f__1__tv,104.0,2920.0,Tagpap med lille hældning,3.0,boligsiden,https://www.boligsiden.dk/adresse/herthavej-5f-1-tv-2920-charlottenlund-01570345__5f__1__tv,Mursten,Ikke oplyst
herthavej-5f-1-tv-2920-charlottenlund-01570345__5f__1__tv,Ejerlejlighed,Free Sale,05-07-2007,Fri handel,05-07-2007,4.100.000,3,"Herthavej 5F, 1. tv.",Charlottenlund,1,Fjernvarme/blokvarme,/adresse/herthavej-5f-1-tv-2920-charlottenlund-01570345__5f__1__tv,104.0,2920.0,Tagpap med lille hældning,3.0,boligsiden,https://www.boligsiden.dk/adresse/herthavej-5f-1-tv-2920-charlottenlund-01570345__5f__1__tv,Mursten,Ikke oplyst
knudslundvej-30a-2605-broendby-01530351_30a_______,Rækkehus,Free Sale,24-03-2025,Fri handel,24-03-2025,3.525.000,3,Knudslundvej 30A,Brøndby,1,Centralvarme med to fyringsenheder,/adresse/knudslundvej-30a-2605-broendby-01530351_30a_______,89.0,2605.0,Tegl,3.0,boligsiden,https://www.boligsiden.dk/adresse/knudslundvej-30a-2605-broendby-01530351_30a_______,Mursten,Ikke oplyst
knudslundvej-30a-2605-broendby-01530351_30a_______,Rækkehus,Free Sale,25-11-2022,Fri handel,25-11-2022,2.850.000,3,Knudslundvej 30A,Brøndby,1,Centralvarme med to fyringsenheder,/adresse/knudslundvej-30a-2605-broendby-01530351_30a_______,89.0,2605.0,Tegl,3.0,boligsiden,https://www.boligsiden.dk/adresse/knudslundvej-30a-2605-broendby-01530351_30a_______,Mursten,Ikke oplyst
knudslundvej-30a-2605-broendby-01530351_30a_______,Rækkehus,Free Sale,13-04-2010,Fri handel,13-04-2010,2.000.000,3,Knudslundvej 30A,Brøndby,1,Centralvarme med to fyringsenheder,/adresse/knudslundvej-30a-2605-broendby-01530351_30a_______,89.0,2605.0,Tegl,3.0,boligsiden,https://www.boligsiden.dk/adresse/knudslundvej-30a-2605-broendby-01530351_30a_______,Mursten,Ikke oplyst
lidsoevej-33-2730-herlev-01635514__33_______,Villa,Free Sale,24-03-2025,Fri handel,24-03-2025,4.600.000,2,Lidsøvej 33,Herlev,1,Centralvarme med én fyringsenhed,/adresse/lidsoevej-33-2730-herlev-01635514__33_______,100.0,2730.0,Fibercement herunder asbest,4.0,boligsiden,https://www.boligsiden.dk/adresse/lidsoevej-33-2730-herlev-01635514__33_______,Mursten,102.7
lidsoevej-33-2730-herlev-01635514__33_______,Villa,Free Sale,25-03-1998,Fri handel,25-03-1998,1.244.452,2,Lidsøvej 33,Herlev,1,Centralvarme med én fyringsenhed,/adresse/lidsoevej-33-2730-herlev-01635514__33_______,100.0,2730.0,Fibercement herunder asbest,4.0,boligsiden,https://www.boligsiden.dk/adresse/lidsoevej-33-2730-herlev-01635514__33_______,Mursten,102.7
soeborg-hovedgade-199-2-4-2860-soeborg-01590841_199__2___4,Ejerlejlighed,Free Sale,24-03-2025,Fri handel,24-03-2025,2.820.000,3,"Søborg Hovedgade 199, 2. 4.",Søborg,1,Fjernvarme/blokvarme,/adresse/soeborg-hovedgade-199-2-4-2860-soeborg-01590841_199__2___4,81.0,2860.0,Tagpap med stor hældning,3.0,boligsiden,https://www.boligsiden.dk/adresse/soeborg-hovedgade-199-2-4-2860-soeborg-01590841_199__2___4,Mursten,Ikke oplyst
soeborg-hovedgade-199-2-4-2860-soeborg-01590841_199__2___4,Ejerlejlighed,Free Sale,23-03-2021,Fri handel,23-03-2021,2.600.000,3,"Søborg Hovedgade 199, 2. 4.",Søborg,1,Fjernvarme/blokvarme,/adresse/soeborg-hovedgade-199-2-4-2860-soeborg-01590841_199__2___4,81.0,2860.0,Tagpap med stor hældning,3.0,boligsiden,https://www.boligsiden.dk/adresse/soeborg-hovedgade-199-2-4-2860-soeborg-01590841_199__2___4,Mursten,Ikke oplyst
soeborg-hovedgade-199-2-4-2860-soeborg-01590841_199__2___4,Ejerlejlighed,Free Sale,11-08-2014,Fri handel,11-08-2014,1.380.000,3,"Søborg Hovedgade 199, 2. 4.",Søborg,1,Fjernvarme/blokvarme,/adresse/soeborg-hovedgade-199-2-4-2860-soeborg-01590841_199__2___4,81.0,2860.0,Tagpap med stor hældning,3.0,boligsiden,https://www.boligsiden.dk/adresse/soeborg-hovedgade-199-2-4-2860-soeborg-01590841_199__2___4,Mursten,Ikke oplyst
gyngemose-parkvej-22-5-th-2860-soeborg-01590259__22__5__th,Ejerlejlighed,Free Sale,24-03-2025,Fri handel,24-03-2025,3.725.000,1,"Gyngemose Parkvej 22, 5. th.",Søborg,1,Fjernvarme/blokvarme,/adresse/gyngemose-parkvej-22-5-th-2860-soeborg-01590259__22__5__th,103.0,2860.0,Tagpap med lille hældning,4.0,boligsiden,https://www.boligsiden.dk/adresse/gyngemose-parkvej-22-5-th-2860-soeborg-01590259__22__5__th,Mursten,Ikke oplyst
rypehusene-74-2620-albertslund-01650426__74_______,Rækkehus,Free Sale,24-03-2025,Fri handel,24-03-2025,3.348.000,3,Rypehusene 74,Albertslund,2,Fjernvarme/blokvarme,/adresse/rypehusene-74-2620-albertslund-01650426__74_______,108.0,2620.0,Tagpap med lille hældning,4.0,boligsiden,https://www.boligsiden.dk/adresse/rypehusene-74-2620-albertslund-01650426__74_______,Betonelementer,131.2
rypehusene-74-2620-albertslund-01650426__74_______,Rækkehus,Free Sale,18-10-2024,Fri handel,18-10-2024,2.500.000,3,Rypehusene 74,Albertslund,2,Fjernvarme/blokvarme,/adresse/rypehusene-74-2620-albertslund-01650426__74_______,108.0,2620.0,Tagpap med lille hældning,4.0,boligsiden,https://www.boligsiden.dk/adresse/rypehusene-74-2620-albertslund-01650426__74_______,Betonelementer,131.2
rypehusene-74-2620-albertslund-01650426__74_______,Rækkehus,Other,16-12-2013,Andet,16-12-2013,1.007.100,3,Rypehusene 74,Albertslund,2,Fjernvarme/blokvarme,/adresse/rypehusene-74-2620-albertslund-01650426__74_______,108.0,2620.0,Tagpap med lille hældning,4.0,boligsiden,https://www.boligsiden.dk/adresse/rypehusene-74-2620-albertslund-01650426__74_______,Betonelementer,131.2
aldershvilevej-115-0-b-2880-bagsvaerd-01590009_115_st___b,Ejerlejlighed,Free Sale,24-03-2025,Fri handel,24-03-2025,1.710.000,3,"Aldershvilevej 115, st. b.",Bagsværd,1,Fjernvarme/blokvarme,/adresse/aldershvilevej-115-0-b-2880-bagsvaerd-01590009_115_st___b,43.0,2880.0,Fibercement herunder asbest,2.0,boligsiden,https://www.boligsiden.dk/adresse/aldershvilevej-115-0-b-2880-bagsvaerd-01590009_115_st___b,Mursten,Ikke oplyst
aldershvilevej-115-0-b-2880-bagsvaerd-01590009_115_st___b,Ejerlejlighed,Free Sale,21-01-2020,Fri handel,21-01-2020,1.333.000,3,"Aldershvilevej 115, st. b.",Bagsværd,1,Fjernvarme/blokvarme,/adresse/aldershvilevej-115-0-b-2880-bagsvaerd-01590009_115_st___b,43.0,2880.0,Fibercement herunder asbest,2.0,boligsiden,https://www.boligsiden.dk/adresse/aldershvilevej-115-0-b-2880-bagsvaerd-01590009_115_st___b,Mursten,Ikke oplyst
aldershvilevej-115-0-b-2880-bagsvaerd-01590009_115_st___b,Ejerlejlighed,Free Sale,20-07-2007,Fri handel,20-07-2007,1.385.602,3,"Aldershvilevej 115, st. b.",Bagsværd,1,Fjernvarme/blokvarme,/adresse/aldershvilevej-115-0-b-2880-bagsvaerd-01590009_115_st___b,43.0,2880.0,Fibercement herunder asbest,2.0,boligsiden,https://www.boligsiden.dk/adresse/aldershvilevej-115-0-b-2880-bagsvaerd-01590009_115_st___b,Mursten,Ikke oplyst
viemosebro-29-2610-roedovre-01750957__29_______,Rækkehus,Free Sale,23-03-2025,Fri handel,23-03-2025,3.700.000,1,Viemosebro 29,Rødovre,1,Centralvarme med én fyringsenhed,/adresse/viemosebro-29-2610-roedovre-01750957__29_______,122.0,2610.0,Tagpap med lille hældning,5.0,boligsiden,https://www.boligsiden.dk/adresse/viemosebro-29-2610-roedovre-01750957__29_______,Mursten,125.6
hasselhaven-42-2600-glostrup-01650161__42_______,Villa,Free Sale,23-03-2025,Fri handel,23-03-2025,5.295.000,3,Hasselhaven 42,Glostrup,1,Varmepumpe,/adresse/hasselhaven-42-2600-glostrup-01650161__42_______,156.0,2600.0,Betontagsten,5.0,boligsiden,https://www.boligsiden.dk/adresse/hasselhaven-42-2600-glostrup-01650161__42_______,Mursten,159.45
hasselhaven-42-2600-glostrup-01650161__42_______,Villa,Free Sale,27-02-2020,Fri handel,27-02-2020,3.845.000,3,Hasselhaven 42,Glostrup,1,Varmepumpe,/adresse/hasselhaven-42-2600-glostrup-01650161__42_______,156.0,2600.0,Betontagsten,5.0,boligsiden,https://www.boligsiden.dk/adresse/hasselhaven-42-2600-glostrup-01650161__42_______,Mursten,159.45
hasselhaven-42-2600-glostrup-01650161__42_______,Villa,Free Sale,28-08-2014,Fri handel,28-08-2014,2.275.000,3,Hasselhaven 42,Glostrup,1,Varmepumpe,/adresse/hasselhaven-42-2600-glostrup-01650161__42_______,156.0,2600.0,Betontagsten,5.0,boligsiden,https://www.boligsiden.dk/adresse/hasselhaven-42-2600-glostrup-01650161__42_______,Mursten,159.45
gammelgaards-alle-7-4-48-2665-vallensbaek-strand-01871704___7__4__48,Ejerlejlighed,Free Sale,23-03-2025,Fri handel,23-03-2025,2.162.500,3,"Gammelgårds Alle 7, 4. 48.",Vallensbæk Strand,1,Fjernvarme/blokvarme,/adresse/gammelgaards-alle-7-4-48-2665-vallensbaek-strand-01871704___7__4__48,88.0,2665.0,Tagpap med lille hældning,3.0,boligsiden,https://www.boligsiden.dk/adresse/gammelgaards-alle-7-4-48-2665-vallensbaek-strand-01871704___7__4__48,Betonelementer,Ikke oplyst
gammelgaards-alle-7-4-48-2665-vallensbaek-strand-01871704___7__4__48,Ejerlejlighed,Free Sale,10-07-2021,Fri handel,10-07-2021,1.965.000,3,"Gammelgårds Alle 7, 4. 48.",Vallensbæk Strand,1,Fjernvarme/blokvarme,/adresse/gammelgaards-alle-7-4-48-2665-vallensbaek-strand-01871704___7__4__48,88.0,2665.0,Tagpap med lille hældning,3.0,boligsiden,https://www.boligsiden.dk/adresse/gammelgaards-alle-7-4-48-2665-vallensbaek-strand-01871704___7__4__48,Betonelementer,Ikke oplyst
gammelgaards-alle-7-4-48-2665-vallensbaek-strand-01871704___7__4__48,Ejerlejlighed,Free Sale,01-08-2018,Fri handel,01-08-2018,704.583,3,"Gammelgårds Alle 7, 4. 48.",Vallensbæk Strand,1,Fjernvarme/blokvarme,/adresse/gammelgaards-alle-7-4-48-2665-vallensbaek-strand-01871704___7__4__48,88.0,2665.0,Tagpap med lille hældning,3.0,boligsiden,https://www.boligsiden.dk/adresse/gammelgaards-alle-7-4-48-2665-vallensbaek-strand-01871704___7__4__48,Betonelementer,Ikke oplyst
hans-jensens-vej-21-1-2900-hellerup-01570316__21__1____,Ejerlejlighed,Free Sale,23-03-2025,Fri handel,23-03-2025,8.700.000,3,"Hans Jensens Vej 21, 1.",Hellerup,1,Fjernvarme/blokvarme,/adresse/hans-jensens-vej-21-1-2900-hellerup-01570316__21__1____,91.0,2900.0,Tegl,3.0,boligsiden,https://www.boligsiden.dk/adresse/hans-jensens-vej-21-1-2900-hellerup-01570316__21__1____,Mursten,Ikke oplyst
hans-jensens-vej-21-1-2900-hellerup-01570316__21__1____,Ejerlejlighed,Free Sale,19-11-2001,Fri handel,19-11-2001,2.100.000,3,"Hans Jensens Vej 21, 1.",Hellerup,1,Fjernvarme/blokvarme,/adresse/hans-jensens-vej-21-1-2900-hellerup-01570316__21__1____,91.0,2900.0,Tegl,3.0,boligsiden,https://www.boligsiden.dk/adresse/hans-jensens-vej-21-1-2900-hellerup-01570316__21__1____,Mursten,Ikke oplyst
hans-jensens-vej-21-1-2900-hellerup-01570316__21__1____,Ejerlejlighed,Free Sale,30-05-1999,Fri handel,30-05-1999,1.750.000,3,"Hans Jensens Vej 21, 1.",Hellerup,1,Fjernvarme/blokvarme,/adresse/hans-jensens-vej-21-1-2900-hellerup-01570316__21__1____,91.0,2900.0,Tegl,3.0,boligsiden,https://www.boligsiden.dk/adresse/hans-jensens-vej-21-1-2900-hellerup-01570316__21__1____,Mursten,Ikke oplyst
agnetevej-2-0-th-2800-kongens-lyngby-01730014___2_st__th,Ejerlejlighed,Free Sale,23-03-2025,Fri handel,23-03-2025,1.900.000,2,"Agnetevej 2, st. th.",Kongens Lyngby,1,Fjernvarme/blokvarme,/adresse/agnetevej-2-0-th-2800-kongens-lyngby-01730014___2_st__th,49.0,2800.0,Tegl,2.0,boligsiden,https://www.boligsiden.dk/adresse/agnetevej-2-0-th-2800-kongens-lyngby-01730014___2_st__th,Mursten,Ikke oplyst
agnetevej-2-0-th-2800-kongens-lyngby-01730014___2_st__th,Ejerlejlighed,Free Sale,29-09-2016,Fri handel,29-09-2016,1.100.000,2,"Agnetevej 2, st. th.",Kongens Lyngby,1,Fjernvarme/blokvarme,/adresse/agnetevej-2-0-th-2800-kongens-lyngby-01730014___2_st__th,49.0,2800.0,Tegl,2.0,boligsiden,https://www.boligsiden.dk/adresse/agnetevej-2-0-th-2800-kongens-lyngby-01730014___2_st__th,Mursten,Ikke oplyst
gyngemose-parkvej-8b-4-th-2860-soeborg-01590259__8b__4__th,Ejerlejlighed,Free Sale,23-03-2025,Fri handel,23-03-2025,3.900.000,2,"Gyngemose Parkvej 8B, 4. th.",Søborg,1,Fjernvarme/blokvarme,/adresse/gyngemose-parkvej-8b-4-th-2860-soeborg-01590259__8b__4__th,97.0,2860.0,Tagpap med lille hældning,4.0,boligsiden,https://www.boligsiden.dk/adresse/gyngemose-parkvej-8b-4-th-2860-soeborg-01590259__8b__4__th,Betonelementer,Ikke oplyst
gyngemose-parkvej-8b-4-th-2860-soeborg-01590259__8b__4__th,Ejerlejlighed,Free Sale,15-08-2014,Fri handel,15-08-2014,2.495.000,2,"Gyngemose Parkvej 8B, 4. th.",Søborg,1,Fjernvarme/blokvarme,/adresse/gyngemose-parkvej-8b-4-th-2860-soeborg-01590259__8b__4__th,97.0,2860.0,Tagpap med lille hældning,4.0,boligsiden,https://www.boligsiden.dk/adresse/gyngemose-parkvej-8b-4-th-2860-soeborg-01590259__8b__4__th,Betonelementer,Ikke oplyst
park-alle-40-2605-broendby-01530486__40_______,Villa,Family Sale,22-03-2025,Familie handel,22-03-2025,2.507.500,1,,,,,,,,,,,,,
broendbyvestervej-38-1-th-2605-broendby-01530071__38__1__th,Ejerlejlighed,Free Sale,22-03-2025,Fri handel,22-03-2025,2.255.000,3,"Brøndbyvestervej 38, 1. th.",Brøndby,1,Fjernvarme/blokvarme,/adresse/broendbyvestervej-38-1-th-2605-broendby-01530071__38__1__th,79.0,2605.0,Betontagsten,3.0,boligsiden,https://www.boligsiden.dk/adresse/broendbyvestervej-38-1-th-2605-broendby-01530071__38__1__th,Mursten,Ikke oplyst
broendbyvestervej-38-1-th-2605-broendby-01530071__38__1__th,Ejerlejlighed,Family Sale,13-05-2005,Familie handel,13-05-2005,1.068.750,3,"Brøndbyvestervej 38, 1. th.",Brøndby,1,Fjernvarme/blokvarme,/adresse/broendbyvestervej-38-1-th-2605-broendby-01530071__38__1__th,79.0,2605.0,Betontagsten,3.0,boligsiden,https://www.boligsiden.dk/adresse/broendbyvestervej-38-1-th-2605-broendby-01530071__38__1__th,Mursten,Ikke oplyst
broendbyvestervej-38-1-th-2605-broendby-01530071__38__1__th,Ejerlejlighed,Free Sale,09-02-1996,Fri handel,09-02-1996,492.831,3,"Brøndbyvestervej 38, 1. th.",Brøndby,1,Fjernvarme/blokvarme,/adresse/broendbyvestervej-38-1-th-2605-broendby-01530071__38__1__th,79.0,2605.0,Betontagsten,3.0,boligsiden,https://www.boligsiden.dk/adresse/broendbyvestervej-38-1-th-2605-broendby-01530071__38__1__th,Mursten,Ikke oplyst
skodsborgvej-35-2830-virum-01730715__35_______,Villa,Free Sale,22-03-2025,Fri handel,22-03-2025,8.750.000,1,Skodsborgvej 35,Virum,1,Varmepumpe,/adresse/skodsborgvej-35-2830-virum-01730715__35_______,174.0,2830.0,Tegl,8.0,boligsiden,https://www.boligsiden.dk/adresse/skodsborgvej-35-2830-virum-01730715__35_______,Mursten,220.95
bolystvej-1e-0-tv-2650-hvidovre-01670955__1e_st__tv,Ejerlejlighed,Free Sale,22-03-2025,Fri handel,22-03-2025,2.550.000,2,"Bolystvej 1E, st. tv.",Hvidovre,1,Fjernvarme/blokvarme,/adresse/bolystvej-1e-0-tv-2650-hvidovre-01670955__1e_st__tv,59.0,2650.0,Tegl,2.0,boligsiden,https://www.boligsiden.dk/adresse/bolystvej-1e-0-tv-2650-hvidovre-01670955__1e_st__tv,Mursten,Ikke oplyst
bolystvej-1e-0-tv-2650-hvidovre-01670955__1e_st__tv,Ejerlejlighed,Free Sale,28-07-1995,Fri handel,28-07-1995,539.374,2,"Bolystvej 1E, st. tv.",Hvidovre,1,Fjernvarme/blokvarme,/adresse/bolystvej-1e-0-tv-2650-hvidovre-01670955__1e_st__tv,59.0,2650.0,Tegl,2.0,boligsiden,https://www.boligsiden.dk/adresse/bolystvej-1e-0-tv-2650-hvidovre-01670955__1e_st__tv,Mursten,Ikke oplyst
oernekulsvej-15-2920-charlottenlund-01570980__15_______,Villa,Free Sale,22-03-2025,Fri handel,22-03-2025,17.200.000,2,Ørnekulsvej 15,Charlottenlund,2,Fjernvarme/blokvarme,/adresse/oernekulsvej-15-2920-charlottenlund-01570980__15_______,189.0,2920.0,Tagpap med stor hældning,7.0,boligsiden,https://www.boligsiden.dk/adresse/oernekulsvej-15-2920-charlottenlund-01570980__15_______,Mursten,227
oernekulsvej-15-2920-charlottenlund-01570980__15_______,Villa,Free Sale,04-10-1994,Fri handel,04-10-1994,2.096.800,2,Ørnekulsvej 15,Charlottenlund,2,Fjernvarme/blokvarme,/adresse/oernekulsvej-15-2920-charlottenlund-01570980__15_______,189.0,2920.0,Tagpap med stor hældning,7.0,boligsiden,https://www.boligsiden.dk/adresse/oernekulsvej-15-2920-charlottenlund-01570980__15_______,Mursten,227
broksoevej-7-2665-vallensbaek-strand-01870639___7_______,Villa,Free Sale,21-03-2025,Fri handel,21-03-2025,3.000.000,1,Broksøvej 7,Vallensbæk Strand,1,Centralvarme med én fyringsenhed,/adresse/broksoevej-7-2665-vallensbaek-strand-01870639___7_______,123.0,2665.0,Tegl,5.0,boligsiden,https://www.boligsiden.dk/adresse/broksoevej-7-2665-vallensbaek-strand-01870639___7_______,Mursten,130.15
moellekrogen-19-2800-kongens-lyngby-01590583__19_______,Rækkehus,Free Sale,21-03-2025,Fri handel,21-03-2025,6.095.000,3,Møllekrogen 19,Kongens Lyngby,1,Centralvarme med én fyringsenhed,/adresse/moellekrogen-19-2800-kongens-lyngby-01590583__19_______,92.0,2800.0,Tegl,4.0,boligsiden,https://www.boligsiden.dk/adresse/moellekrogen-19-2800-kongens-lyngby-01590583__19_______,Mursten,105.3
moellekrogen-19-2800-kongens-lyngby-01590583__19_______,Rækkehus,Free Sale,11-02-2021,Fri handel,11-02-2021,4.500.000,3,Møllekrogen 19,Kongens Lyngby,1,Centralvarme med én fyringsenhed,/adresse/moellekrogen-19-2800-kongens-lyngby-01590583__19_______,92.0,2800.0,Tegl,4.0,boligsiden,https://www.boligsiden.dk/adresse/moellekrogen-19-2800-kongens-lyngby-01590583__19_______,Mursten,105.3
moellekrogen-19-2800-kongens-lyngby-01590583__19_______,Rækkehus,Free Sale,22-11-2017,Fri handel,22-11-2017,2.700.000,3,Møllekrogen 19,Kongens Lyngby,1,Centralvarme med én fyringsenhed,/adresse/moellekrogen-19-2800-kongens-lyngby-01590583__19_______,92.0,2800.0,Tegl,4.0,boligsiden,https://www.boligsiden.dk/adresse/moellekrogen-19-2800-kongens-lyngby-01590583__19_______,Mursten,105.3
buddingevej-260-1-l-2860-soeborg-01590088_260__1___l,Ejerlejlighed,Free Sale,21-03-2025,Fri handel,21-03-2025,1.080.000,3,"Buddingevej 260, 1. l.",Søborg,1,Fjernvarme/blokvarme,/adresse/buddingevej-260-1-l-2860-soeborg-01590088_260__1___l,36.0,2860.0,Fibercement herunder asbest,1.0,boligsiden,https://www.boligsiden.dk/adresse/buddingevej-260-1-l-2860-soeborg-01590088_260__1___l,Mursten,Ikke oplyst
buddingevej-260-1-l-2860-soeborg-01590088_260__1___l,Ejerlejlighed,Family Sale,18-10-2005,Familie handel,18-10-2005,331.135,3,"Buddingevej 260, 1. l.",Søborg,1,Fjernvarme/blokvarme,/adresse/buddingevej-260-1-l-2860-soeborg-01590088_260__1___l,36.0,2860.0,Fibercement herunder asbest,1.0,boligsiden,https://www.boligsiden.dk/adresse/buddingevej-260-1-l-2860-soeborg-01590088_260__1___l,Mursten,Ikke oplyst
buddingevej-260-1-l-2860-soeborg-01590088_260__1___l,Ejerlejlighed,Free Sale,23-06-2002,Fri handel,23-06-2002,576.662,3,"Buddingevej 260, 1. l.",Søborg,1,Fjernvarme/blokvarme,/adresse/buddingevej-260-1-l-2860-soeborg-01590088_260__1___l,36.0,2860.0,Fibercement herunder asbest,1.0,boligsiden,https://www.boligsiden.dk/adresse/buddingevej-260-1-l-2860-soeborg-01590088_260__1___l,Mursten,Ikke oplyst
maglemosevej-1-2-tv-2900-hellerup-01570536___1__2__tv,Ejerlejlighed,Free Sale,21-03-2025,Fri handel,21-03-2025,5.225.000,3,"Maglemosevej 1, 2. tv.",Hellerup,1,Fjernvarme/blokvarme,/adresse/maglemosevej-1-2-tv-2900-hellerup-01570536___1__2__tv,105.0,2900.0,Tagpap med stor hældning,4.0,boligsiden,https://www.boligsiden.dk/adresse/maglemosevej-1-2-tv-2900-hellerup-01570536___1__2__tv,Mursten,Ikke oplyst
maglemosevej-1-2-tv-2900-hellerup-01570536___1__2__tv,Ejerlejlighed,Free Sale,17-03-1998,Fri handel,17-03-1998,1.651.000,3,"Maglemosevej 1, 2. tv.",Hellerup,1,Fjernvarme/blokvarme,/adresse/maglemosevej-1-2-tv-2900-hellerup-01570536___1__2__tv,105.0,2900.0,Tagpap med stor hældning,4.0,boligsiden,https://www.boligsiden.dk/adresse/maglemosevej-1-2-tv-2900-hellerup-01570536___1__2__tv,Mursten,Ikke oplyst
maglemosevej-1-2-tv-2900-hellerup-01570536___1__2__tv,Ejerlejlighed,Family Sale,10-05-1993,Familie handel,10-05-1993,740.000,3,"Maglemosevej 1, 2. tv.",Hellerup,1,Fjernvarme/blokvarme,/adresse/maglemosevej-1-2-tv-2900-hellerup-01570536___1__2__tv,105.0,2900.0,Tagpap med stor hældning,4.0,boligsiden,https://www.boligsiden.dk/adresse/maglemosevej-1-2-tv-2900-hellerup-01570536___1__2__tv,Mursten,Ikke oplyst
broendbyvestervej-68a-2-3-2605-broendby-01530071_68a__2___3,Ejerlejlighed,Free Sale,21-03-2025,Fri handel,21-03-2025,1.350.000,3,"Brøndbyvestervej 68A, 2. 3.",Brøndby,1,Fjernvarme/blokvarme,/adresse/broendbyvestervej-68a-2-3-2605-broendby-01530071_68a__2___3,46.0,2605.0,Metal,1.0,boligsiden,https://www.boligsiden.dk/adresse/broendbyvestervej-68a-2-3-2605-broendby-01530071_68a__2___3,Mursten,Ikke oplyst
broendbyvestervej-68a-2-3-2605-broendby-01530071_68a__2___3,Ejerlejlighed,Family Sale,06-07-2022,Familie handel,06-07-2022,674.500,3,"Brøndbyvestervej 68A, 2. 3.",Brøndby,1,Fjernvarme/blokvarme,/adresse/broendbyvestervej-68a-2-3-2605-broendby-01530071_68a__2___3,46.0,2605.0,Metal,1.0,boligsiden,https://www.boligsiden.dk/adresse/broendbyvestervej-68a-2-3-2605-broendby-01530071_68a__2___3,Mursten,Ikke oplyst
broendbyvestervej-68a-2-3-2605-broendby-01530071_68a__2___3,Ejerlejlighed,Free Sale,16-02-2021,Fri handel,16-02-2021,1.275.000,3,"Brøndbyvestervej 68A, 2. 3.",Brøndby,1,Fjernvarme/blokvarme,/adresse/broendbyvestervej-68a-2-3-2605-broendby-01530071_68a__2___3,46.0,2605.0,Metal,1.0,boligsiden,https://www.boligsiden.dk/adresse/broendbyvestervej-68a-2-3-2605-broendby-01530071_68a__2___3,Mursten,Ikke oplyst
bykrogen-36-2860-soeborg-01590094__36_______,Rækkehus,Free Sale,21-03-2025,Fri handel,21-03-2025,3.050.000,1,Bykrogen 36,Søborg,1,Fjernvarme/blokvarme,/adresse/bykrogen-36-2860-soeborg-01590094__36_______,84.0,2860.0,Tegl,3.0,boligsiden,https://www.boligsiden.dk/adresse/bykrogen-36-2860-soeborg-01590094__36_______,Mursten,80.4
vejlegaardsparken-26-1-th-2665-vallensbaek-strand-01879267__26__1__th,Ejerlejlighed,Free Sale,21-03-2025,Fri handel,21-03-2025,2.395.000,3,"Vejlegårdsparken 26, 1. th.",Vallensbæk Strand,1,Fjernvarme/blokvarme,/adresse/vejlegaardsparken-26-1-th-2665-vallensbaek-strand-01879267__26__1__th,87.0,2665.0,Tagpap med lille hældning,3.0,boligsiden,https://www.boligsiden.dk/adresse/vejlegaardsparken-26-1-th-2665-vallensbaek-strand-01879267__26__1__th,Betonelementer,Ikke oplyst
vejlegaardsparken-26-1-th-2665-vallensbaek-strand-01879267__26__1__th,Ejerlejlighed,Free Sale,11-11-2021,Fri handel,11-11-2021,2.250.000,3,"Vejlegårdsparken 26, 1. th.",Vallensbæk Strand,1,Fjernvarme/blokvarme,/adresse/vejlegaardsparken-26-1-th-2665-vallensbaek-strand-01879267__26__1__th,87.0,2665.0,Tagpap med lille hældning,3.0,boligsiden,https://www.boligsiden.dk/adresse/vejlegaardsparken-26-1-th-2665-vallensbaek-strand-01879267__26__1__th,Betonelementer,Ikke oplyst
vejlegaardsparken-26-1-th-2665-vallensbaek-strand-01879267__26__1__th,Ejerlejlighed,Other,16-04-2016,Andet,16-04-2016,1.271.753,3,"Vejlegårdsparken 26, 1. th.",Vallensbæk Strand,1,Fjernvarme/blokvarme,/adresse/vejlegaardsparken-26-1-th-2665-vallensbaek-strand-01879267__26__1__th,87.0,2665.0,Tagpap med lille hældning,3.0,boligsiden,https://www.boligsiden.dk/adresse/vejlegaardsparken-26-1-th-2665-vallensbaek-strand-01879267__26__1__th,Betonelementer,Ikke oplyst
erdalsvej-12-2600-glostrup-01610134__12_______,Villa,Free Sale,21-03-2025,Fri handel,21-03-2025,4.355.000,1,Erdalsvej 12,Glostrup,1,Centralvarme med én fyringsenhed,/adresse/erdalsvej-12-2600-glostrup-01610134__12_______,118.0,2600.0,Tegl,5.0,boligsiden,https://www.boligsiden.dk/adresse/erdalsvej-12-2600-glostrup-01610134__12_______,Mursten,147.15
ellebaekvej-58-0-th-2820-gentofte-01570177__58_st__th,Ejerlejlighed,Free Sale,20-03-2025,Fri handel,20-03-2025,1.850.000,3,"Ellebækvej 58, st. th.",Gentofte,1,Fjernvarme/blokvarme,/adresse/ellebaekvej-58-0-th-2820-gentofte-01570177__58_st__th,49.0,2820.0,Tagpap med stor hældning,2.0,boligsiden,https://www.boligsiden.dk/adresse/ellebaekvej-58-0-th-2820-gentofte-01570177__58_st__th,Mursten,Ikke oplyst
ellebaekvej-58-0-th-2820-gentofte-01570177__58_st__th,Ejerlejlighed,Free Sale,08-10-2019,Fri handel,08-10-2019,1.530.000,3,"Ellebækvej 58, st. th.",Gentofte,1,Fjernvarme/blokvarme,/adresse/ellebaekvej-58-0-th-2820-gentofte-01570177__58_st__th,49.0,2820.0,Tagpap med stor hældning,2.0,boligsiden,https://www.boligsiden.dk/adresse/ellebaekvej-58-0-th-2820-gentofte-01570177__58_st__th,Mursten,Ikke oplyst
ellebaekvej-58-0-th-2820-gentofte-01570177__58_st__th,Ejerlejlighed,Free Sale,10-11-2017,Fri handel,10-11-2017,830.000,3,"Ellebækvej 58, st. th.",Gentofte,1,Fjernvarme/blokvarme,/adresse/ellebaekvej-58-0-th-2820-gentofte-01570177__58_st__th,49.0,2820.0,Tagpap med stor hældning,2.0,boligsiden,https://www.boligsiden.dk/adresse/ellebaekvej-58-0-th-2820-gentofte-01570177__58_st__th,Mursten,Ikke oplyst
herlev-bygade-25-2-tv-2730-herlev-01632954__25__2__tv,Ejerlejlighed,Free Sale,20-03-2025,Fri handel,20-03-2025,2.395.000,3,"Herlev Bygade 25, 2. tv.",Herlev,1,Fjernvarme/blokvarme,/adresse/herlev-bygade-25-2-tv-2730-herlev-01632954__25__2__tv,75.0,2730.0,Tegl,3.0,boligsiden,https://www.boligsiden.dk/adresse/herlev-bygade-25-2-tv-2730-herlev-01632954__25__2__tv,Mursten,Ikke oplyst
herlev-bygade-25-2-tv-2730-herlev-01632954__25__2__tv,Ejerlejlighed,Free Sale,08-03-2004,Fri handel,08-03-2004,1.109.651,3,"Herlev Bygade 25, 2. tv.",Herlev,1,Fjernvarme/blokvarme,/adresse/herlev-bygade-25-2-tv-2730-herlev-01632954__25__2__tv,75.0,2730.0,Tegl,3.0,boligsiden,https://www.boligsiden.dk/adresse/herlev-bygade-25-2-tv-2730-herlev-01632954__25__2__tv,Mursten,Ikke oplyst
herlev-bygade-25-2-tv-2730-herlev-01632954__25__2__tv,Ejerlejlighed,Free Sale,11-04-2002,Fri handel,11-04-2002,946.534,3,"Herlev Bygade 25, 2. tv.",Herlev,1,Fjernvarme/blokvarme,/adresse/herlev-bygade-25-2-tv-2730-herlev-01632954__25__2__tv,75.0,2730.0,Tegl,3.0,boligsiden,https://www.boligsiden.dk/adresse/herlev-bygade-25-2-tv-2730-herlev-01632954__25__2__tv,Mursten,Ikke oplyst
hoejgaards-alle-32-2880-bagsvaerd-01590336__32_______,Villa,Free Sale,20-03-2025,Fri handel,20-03-2025,6.300.000,1,Højgårds Alle 32,Bagsværd,1,Varmepumpe,/adresse/hoejgaards-alle-32-2880-bagsvaerd-01590336__32_______,134.0,2880.0,Tegl,5.0,boligsiden,https://www.boligsiden.dk/adresse/hoejgaards-alle-32-2880-bagsvaerd-01590336__32_______,Mursten,142.5
gammel-koege-landevej-306b-2650-hvidovre-01672807306b_______,Ejerlejlighed,Free Sale,20-03-2025,Fri handel,20-03-2025,2.450.000,3,Gammel Køge Landevej 306B,Hvidovre,1,Fjernvarme/blokvarme,/adresse/gammel-koege-landevej-306b-2650-hvidovre-01672807306b_______,57.0,2650.0,Tegl,2.0,boligsiden,https://www.boligsiden.dk/adresse/gammel-koege-landevej-306b-2650-hvidovre-01672807306b_______,Mursten,Ikke oplyst
gammel-koege-landevej-306b-2650-hvidovre-01672807306b_______,Ejerlejlighed,Free Sale,09-03-2021,Fri handel,09-03-2021,2.200.000,3,Gammel Køge Landevej 306B,Hvidovre,1,Fjernvarme/blokvarme,/adresse/gammel-koege-landevej-306b-2650-hvidovre-01672807306b_______,57.0,2650.0,Tegl,2.0,boligsiden,https://www.boligsiden.dk/adresse/gammel-koege-landevej-306b-2650-hvidovre-01672807306b_______,Mursten,Ikke oplyst
gammel-koege-landevej-306b-2650-hvidovre-01672807306b_______,Ejerlejlighed,Free Sale,05-03-2019,Fri handel,05-03-2019,1.695.000,3,Gammel Køge Landevej 306B,Hvidovre,1,Fjernvarme/blokvarme,/adresse/gammel-koege-landevej-306b-2650-hvidovre-01672807306b_______,57.0,2650.0,Tegl,2.0,boligsiden,https://www.boligsiden.dk/adresse/gammel-koege-landevej-306b-2650-hvidovre-01672807306b_______,Mursten,Ikke oplyst
islevvangen-20-2610-roedovre-01750397__20_______,Villa,Free Sale,20-03-2025,Fri handel,20-03-2025,5.500.000,2,Islevvangen 20,Rødovre,1,Varmepumpe,/adresse/islevvangen-20-2610-roedovre-01750397__20_______,130.0,2610.0,Fibercement herunder asbest,5.0,boligsiden,https://www.boligsiden.dk/adresse/islevvangen-20-2610-roedovre-01750397__20_______,Mursten,136
islevvangen-20-2610-roedovre-01750397__20_______,Villa,Free Sale,27-04-2020,Fri handel,27-04-2020,3.100.000,2,Islevvangen 20,Rødovre,1,Varmepumpe,/adresse/islevvangen-20-2610-roedovre-01750397__20_______,130.0,2610.0,Fibercement herunder asbest,5.0,boligsiden,https://www.boligsiden.dk/adresse/islevvangen-20-2610-roedovre-01750397__20_______,Mursten,136
taarbaek-strandvej-71-2930-klampenborg-01730970__71_______,Villa,Free Sale,20-03-2025,Fri handel,20-03-2025,12.500.000,2,Taarbæk Strandvej 71,Klampenborg,2,Centralvarme med én fyringsenhed,/adresse/taarbaek-strandvej-71-2930-klampenborg-01730970__71_______,142.0,2930.0,Tagpap med stor hældning,5.0,boligsiden,https://www.boligsiden.dk/adresse/taarbaek-strandvej-71-2930-klampenborg-01730970__71_______,Mursten,171.75
taarbaek-strandvej-71-2930-klampenborg-01730970__71_______,Villa,Family Sale,11-11-2004,Familie handel,11-11-2004,3.200.000,2,Taarbæk Strandvej 71,Klampenborg,2,Centralvarme med én fyringsenhed,/adresse/taarbaek-strandvej-71-2930-klampenborg-01730970__71_______,142.0,2930.0,Tagpap med stor hældning,5.0,boligsiden,https://www.boligsiden.dk/adresse/taarbaek-strandvej-71-2930-klampenborg-01730970__71_______,Mursten,171.75
vejlebrovej-85-3-152-2635-ishoej-01830850__85__3_152,Ejerlejlighed,Free Sale,20-03-2025,Fri handel,20-03-2025,2.650.000,3,"Vejlebrovej 85, 3. 152.",Ishøj,1,Fjernvarme/blokvarme,/adresse/vejlebrovej-85-3-152-2635-ishoej-01830850__85__3_152,107.0,2635.0,Tagpap med lille hældning,4.0,boligsiden,https://www.boligsiden.dk/adresse/vejlebrovej-85-3-152-2635-ishoej-01830850__85__3_152,Mursten,Ikke oplyst
vejlebrovej-85-3-152-2635-ishoej-01830850__85__3_152,Ejerlejlighed,Free Sale,18-10-2017,Fri handel,18-10-2017,2.100.000,3,"Vejlebrovej 85, 3. 152.",Ishøj,1,Fjernvarme/blokvarme,/adresse/vejlebrovej-85-3-152-2635-ishoej-01830850__85__3_152,107.0,2635.0,Tagpap med lille hældning,4.0,boligsiden,https://www.boligsiden.dk/adresse/vejlebrovej-85-3-152-2635-ishoej-01830850__85__3_152,Mursten,Ikke oplyst
vejlebrovej-85-3-152-2635-ishoej-01830850__85__3_152,Ejerlejlighed,Free Sale,26-07-2001,Fri handel,26-07-2001,1.248.000,3,"Vejlebrovej 85, 3. 152.",Ishøj,1,Fjernvarme/blokvarme,/adresse/vejlebrovej-85-3-152-2635-ishoej-01830850__85__3_152,107.0,2635.0,Tagpap med lille hældning,4.0,boligsiden,https://www.boligsiden.dk/adresse/vejlebrovej-85-3-152-2635-ishoej-01830850__85__3_152,Mursten,Ikke oplyst
vejlebrovej-77-2-285-2635-ishoej-01830850__77__2_285,Ejerlejlighed,Free Sale,20-03-2025,Fri handel,20-03-2025,1.577.500,3,"Vejlebrovej 77, 2. 285.",Ishøj,1,Fjernvarme/blokvarme,/adresse/vejlebrovej-77-2-285-2635-ishoej-01830850__77__2_285,51.0,2635.0,Tagpap med lille hældning,2.0,boligsiden,https://www.boligsiden.dk/adresse/vejlebrovej-77-2-285-2635-ishoej-01830850__77__2_285,Mursten,Ikke oplyst
vejlebrovej-77-2-285-2635-ishoej-01830850__77__2_285,Ejerlejlighed,Free Sale,23-05-2022,Fri handel,23-05-2022,1.580.000,3,"Vejlebrovej 77, 2. 285.",Ishøj,1,Fjernvarme/blokvarme,/adresse/vejlebrovej-77-2-285-2635-ishoej-01830850__77__2_285,51.0,2635.0,Tagpap med lille hældning,2.0,boligsiden,https://www.boligsiden.dk/adresse/vejlebrovej-77-2-285-2635-ishoej-01830850__77__2_285,Mursten,Ikke oplyst
vejlebrovej-77-2-285-2635-ishoej-01830850__77__2_285,Ejerlejlighed,Free Sale,02-10-2013,Fri handel,02-10-2013,785.000,3,"Vejlebrovej 77, 2. 285.",Ishøj,1,Fjernvarme/blokvarme,/adresse/vejlebrovej-77-2-285-2635-ishoej-01830850__77__2_285,51.0,2635.0,Tagpap med lille hældning,2.0,boligsiden,https://www.boligsiden.dk/adresse/vejlebrovej-77-2-285-2635-ishoej-01830850__77__2_285,Mursten,Ikke oplyst
kulsviervej-87a-1-th-2800-kongens-lyngby-01730477_87a__1__th,Ejerlejlighed,Free Sale,20-03-2025,Fri handel,20-03-2025,2.575.000,3,"Kulsviervej 87A, 1. th.",Kongens Lyngby,1,Fjernvarme/blokvarme,/adresse/kulsviervej-87a-1-th-2800-kongens-lyngby-01730477_87a__1__th,70.0,2800.0,Tegl,3.0,boligsiden,https://www.boligsiden.dk/adresse/kulsviervej-87a-1-th-2800-kongens-lyngby-01730477_87a__1__th,Mursten,Ikke oplyst
kulsviervej-87a-1-th-2800-kongens-lyngby-01730477_87a__1__th,Ejerlejlighed,Free Sale,02-09-2019,Fri handel,02-09-2019,2.025.000,3,"Kulsviervej 87A, 1. th.",Kongens Lyngby,1,Fjernvarme/blokvarme,/adresse/kulsviervej-87a-1-th-2800-kongens-lyngby-01730477_87a__1__th,70.0,2800.0,Tegl,3.0,boligsiden,https://www.boligsiden.dk/adresse/kulsviervej-87a-1-th-2800-kongens-lyngby-01730477_87a__1__th,Mursten,Ikke oplyst
kulsviervej-87a-1-th-2800-kongens-lyngby-01730477_87a__1__th,Ejerlejlighed,Free Sale,09-09-2013,Fri handel,09-09-2013,1.365.000,3,"Kulsviervej 87A, 1. th.",Kongens Lyngby,1,Fjernvarme/blokvarme,/adresse/kulsviervej-87a-1-th-2800-kongens-lyngby-01730477_87a__1__th,70.0,2800.0,Tegl,3.0,boligsiden,https://www.boligsiden.dk/adresse/kulsviervej-87a-1-th-2800-kongens-lyngby-01730477_87a__1__th,Mursten,Ikke oplyst
randager-54-2620-albertslund-01650370__54_______,Villa,Free Sale,20-03-2025,Fri handel,20-03-2025,5.325.000,3,Randager 54,Albertslund,1,Fjernvarme/blokvarme,/adresse/randager-54-2620-albertslund-01650370__54_______,181.0,2620.0,Tegl,6.0,boligsiden,https://www.boligsiden.dk/adresse/randager-54-2620-albertslund-01650370__54_______,Mursten,186.75
randager-54-2620-albertslund-01650370__54_______,Villa,Free Sale,31-07-2022,Fri handel,31-07-2022,4.745.000,3,Randager 54,Albertslund,1,Fjernvarme/blokvarme,/adresse/randager-54-2620-albertslund-01650370__54_______,181.0,2620.0,Tegl,6.0,boligsiden,https://www.boligsiden.dk/adresse/randager-54-2620-albertslund-01650370__54_______,Mursten,186.75
randager-54-2620-albertslund-01650370__54_______,Villa,Free Sale,14-02-2001,Fri handel,14-02-2001,1.725.000,3,Randager 54,Albertslund,1,Fjernvarme/blokvarme,/adresse/randager-54-2620-albertslund-01650370__54_______,181.0,2620.0,Tegl,6.0,boligsiden,https://www.boligsiden.dk/adresse/randager-54-2620-albertslund-01650370__54_______,Mursten,186.75
pederstrupvej-46-2750-ballerup-01510252__46_______,Villa,Free Sale,20-03-2025,Fri handel,20-03-2025,8.150.000,3,Pederstrupvej 46,Ballerup,1,Centralvarme med én fyringsenhed,/adresse/pederstrupvej-46-2750-ballerup-01510252__46_______,150.0,2750.0,Tegl,4.0,boligsiden,https://www.boligsiden.dk/adresse/pederstrupvej-46-2750-ballerup-01510252__46_______,Mursten,174.6
pederstrupvej-46-2750-ballerup-01510252__46_______,Villa,Free Sale,12-07-2005,Fri handel,12-07-2005,1.300.000,3,Pederstrupvej 46,Ballerup,1,Centralvarme med én fyringsenhed,/adresse/pederstrupvej-46-2750-ballerup-01510252__46_______,150.0,2750.0,Tegl,4.0,boligsiden,https://www.boligsiden.dk/adresse/pederstrupvej-46-2750-ballerup-01510252__46_______,Mursten,174.6
pederstrupvej-46-2750-ballerup-01510252__46_______,Villa,Free Sale,01-05-1997,Fri handel,01-05-1997,495.000,3,Pederstrupvej 46,Ballerup,1,Centralvarme med én fyringsenhed,/adresse/pederstrupvej-46-2750-ballerup-01510252__46_______,150.0,2750.0,Tegl,4.0,boligsiden,https://www.boligsiden.dk/adresse/pederstrupvej-46-2750-ballerup-01510252__46_______,Mursten,174.6
aldershvilevej-42a-2880-bagsvaerd-01590009_42a_______,Villa,Free Sale,20-03-2025,Fri handel,20-03-2025,9.500.000,2,Aldershvilevej 42A,Bagsværd,1,Centralvarme med én fyringsenhed,/adresse/aldershvilevej-42a-2880-bagsvaerd-01590009_42a_______,176.0,2880.0,Fibercement herunder asbest,5.0,boligsiden,https://www.boligsiden.dk/adresse/aldershvilevej-42a-2880-bagsvaerd-01590009_42a_______,Mursten,223.65
aldershvilevej-42a-2880-bagsvaerd-01590009_42a_______,Villa,Free Sale,01-05-1998,Fri handel,01-05-1998,2.408.600,2,Aldershvilevej 42A,Bagsværd,1,Centralvarme med én fyringsenhed,/adresse/aldershvilevej-42a-2880-bagsvaerd-01590009_42a_______,176.0,2880.0,Fibercement herunder asbest,5.0,boligsiden,https://www.boligsiden.dk/adresse/aldershvilevej-42a-2880-bagsvaerd-01590009_42a_______,Mursten,223.65
taastrup-have-15-1-th-2630-taastrup-01698960__15__1__th,Ejerlejlighed,Free Sale,20-03-2025,Fri handel,20-03-2025,1.795.000,2,"Taastrup Have 15, 1. th.",Taastrup,1,Fjernvarme/blokvarme,/adresse/taastrup-have-15-1-th-2630-taastrup-01698960__15__1__th,60.0,2630.0,Fibercement herunder asbest,2.0,boligsiden,https://www.boligsiden.dk/adresse/taastrup-have-15-1-th-2630-taastrup-01698960__15__1__th,Mursten,Ikke oplyst
taastrup-have-15-1-th-2630-taastrup-01698960__15__1__th,Ejerlejlighed,Free Sale,20-03-2019,Fri handel,20-03-2019,1.345.000,2,"Taastrup Have 15, 1. th.",Taastrup,1,Fjernvarme/blokvarme,/adresse/taastrup-have-15-1-th-2630-taastrup-01698960__15__1__th,60.0,2630.0,Fibercement herunder asbest,2.0,boligsiden,https://www.boligsiden.dk/adresse/taastrup-have-15-1-th-2630-taastrup-01698960__15__1__th,Mursten,Ikke oplyst
roedovre-parkvej-207-1-2610-roedovre-01750702_207__1____,Ejerlejlighed,Free Sale,20-03-2025,Fri handel,20-03-2025,1.370.000,2,"Rødovre Parkvej 207, 1.",Rødovre,1,Fjernvarme/blokvarme,/adresse/roedovre-parkvej-207-1-2610-roedovre-01750702_207__1____,47.0,2610.0,Tagpap med stor hældning,1.0,boligsiden,https://www.boligsiden.dk/adresse/roedovre-parkvej-207-1-2610-roedovre-01750702_207__1____,Mursten,Ikke oplyst
roedovre-parkvej-207-1-2610-roedovre-01750702_207__1____,Ejerlejlighed,Free Sale,01-09-1998,Fri handel,01-09-1998,317.800,2,"Rødovre Parkvej 207, 1.",Rødovre,1,Fjernvarme/blokvarme,/adresse/roedovre-parkvej-207-1-2610-roedovre-01750702_207__1____,47.0,2610.0,Tagpap med stor hældning,1.0,boligsiden,https://www.boligsiden.dk/adresse/roedovre-parkvej-207-1-2610-roedovre-01750702_207__1____,Mursten,Ikke oplyst
brannersvej-23-3-48-2920-charlottenlund-01570078__23__3__48,Ejerlejlighed,Free Sale,20-03-2025,Fri handel,20-03-2025,2.100.000,3,"Brannersvej 23, 3. 48.",Charlottenlund,1,Fjernvarme/blokvarme,/adresse/brannersvej-23-3-48-2920-charlottenlund-01570078__23__3__48,47.0,2920.0,Tagpap med lille hældning,1.0,boligsiden,https://www.boligsiden.dk/adresse/brannersvej-23-3-48-2920-charlottenlund-01570078__23__3__48,Betonelementer,Ikke oplyst
brannersvej-23-3-48-2920-charlottenlund-01570078__23__3__48,Ejerlejlighed,Free Sale,07-07-2017,Fri handel,07-07-2017,1.495.000,3,"Brannersvej 23, 3. 48.",Charlottenlund,1,Fjernvarme/blokvarme,/adresse/brannersvej-23-3-48-2920-charlottenlund-01570078__23__3__48,47.0,2920.0,Tagpap med lille hældning,1.0,boligsiden,https://www.boligsiden.dk/adresse/brannersvej-23-3-48-2920-charlottenlund-01570078__23__3__48,Betonelementer,Ikke oplyst
brannersvej-23-3-48-2920-charlottenlund-01570078__23__3__48,Ejerlejlighed,Free Sale,26-10-2003,Fri handel,26-10-2003,990.000,3,"Brannersvej 23, 3. 48.",Charlottenlund,1,Fjernvarme/blokvarme,/adresse/brannersvej-23-3-48-2920-charlottenlund-01570078__23__3__48,47.0,2920.0,Tagpap med lille hældning,1.0,boligsiden,https://www.boligsiden.dk/adresse/brannersvej-23-3-48-2920-charlottenlund-01570078__23__3__48,Betonelementer,Ikke oplyst
kloeverbo-35-2665-vallensbaek-strand-01873875__35_______,Rækkehus,Free Sale,20-03-2025,Fri handel,20-03-2025,3.515.000,3,Kløverbo 35,Vallensbæk Strand,1,Fjernvarme/blokvarme,/adresse/kloeverbo-35-2665-vallensbaek-strand-01873875__35_______,109.0,2665.0,Betontagsten,4.0,boligsiden,https://www.boligsiden.dk/adresse/kloeverbo-35-2665-vallensbaek-strand-01873875__35_______,Mursten,106.75
kloeverbo-35-2665-vallensbaek-strand-01873875__35_______,Rækkehus,Free Sale,27-12-2015,Fri handel,27-12-2015,2.550.000,3,Kløverbo 35,Vallensbæk Strand,1,Fjernvarme/blokvarme,/adresse/kloeverbo-35-2665-vallensbaek-strand-01873875__35_______,109.0,2665.0,Betontagsten,4.0,boligsiden,https://www.boligsiden.dk/adresse/kloeverbo-35-2665-vallensbaek-strand-01873875__35_______,Mursten,106.75
kloeverbo-35-2665-vallensbaek-strand-01873875__35_______,Rækkehus,Free Sale,02-12-1999,Fri handel,02-12-1999,1.480.360,3,Kløverbo 35,Vallensbæk Strand,1,Fjernvarme/blokvarme,/adresse/kloeverbo-35-2665-vallensbaek-strand-01873875__35_______,109.0,2665.0,Betontagsten,4.0,boligsiden,https://www.boligsiden.dk/adresse/kloeverbo-35-2665-vallensbaek-strand-01873875__35_______,Mursten,106.75
skovridergaardsvej-26-2830-virum-01730727__26_______,Villa,Free Sale,20-03-2025,Fri handel,20-03-2025,7.800.000,3,Skovridergårdsvej 26,Virum,1,Centralvarme med én fyringsenhed,/adresse/skovridergaardsvej-26-2830-virum-01730727__26_______,120.0,2830.0,Tegl,4.0,boligsiden,https://www.boligsiden.dk/adresse/skovridergaardsvej-26-2830-virum-01730727__26_______,Mursten,152.25
skovridergaardsvej-26-2830-virum-01730727__26_______,Villa,Free Sale,03-02-1997,Fri handel,03-02-1997,1.237.754,3,Skovridergårdsvej 26,Virum,1,Centralvarme med én fyringsenhed,/adresse/skovridergaardsvej-26-2830-virum-01730727__26_______,120.0,2830.0,Tegl,4.0,boligsiden,https://www.boligsiden.dk/adresse/skovridergaardsvej-26-2830-virum-01730727__26_______,Mursten,152.25
skovridergaardsvej-26-2830-virum-01730727__26_______,Villa,Free Sale,13-02-1996,Fri handel,13-02-1996,1.120.000,3,Skovridergårdsvej 26,Virum,1,Centralvarme med én fyringsenhed,/adresse/skovridergaardsvej-26-2830-virum-01730727__26_______,120.0,2830.0,Tegl,4.0,boligsiden,https://www.boligsiden.dk/adresse/skovridergaardsvej-26-2830-virum-01730727__26_______,Mursten,152.25
frugtparken-30-2820-gentofte-01570255__30_______,Villa,Family Sale,20-03-2025,Familie handel,20-03-2025,6.000.000,3,Frugtparken 30,Gentofte,1,Fjernvarme/blokvarme,/adresse/frugtparken-30-2820-gentofte-01570255__30_______,278.0,2820.0,Tegl,9.0,boligsiden,https://www.boligsiden.dk/adresse/frugtparken-30-2820-gentofte-01570255__30_______,Mursten,314
frugtparken-30-2820-gentofte-01570255__30_______,Villa,Free Sale,20-06-2019,Fri handel,20-06-2019,9.350.000,3,Frugtparken 30,Gentofte,1,Fjernvarme/blokvarme,/adresse/frugtparken-30-2820-gentofte-01570255__30_______,278.0,2820.0,Tegl,9.0,boligsiden,https://www.boligsiden.dk/adresse/frugtparken-30-2820-gentofte-01570255__30_______,Mursten,314
frugtparken-30-2820-gentofte-01570255__30_______,Villa,Free Sale,31-03-2000,Fri handel,31-03-2000,3.600.000,3,Frugtparken 30,Gentofte,1,Fjernvarme/blokvarme,/adresse/frugtparken-30-2820-gentofte-01570255__30_______,278.0,2820.0,Tegl,9.0,boligsiden,https://www.boligsiden.dk/adresse/frugtparken-30-2820-gentofte-01570255__30_______,Mursten,314
ved-lindelund-51-2605-broendby-01530763__51_______,Rækkehus,Free Sale,20-03-2025,Fri handel,20-03-2025,4.200.000,3,Ved Lindelund 51,Brøndby,1,Fjernvarme/blokvarme,/adresse/ved-lindelund-51-2605-broendby-01530763__51_______,130.0,2605.0,Betontagsten,3.0,boligsiden,https://www.boligsiden.dk/adresse/ved-lindelund-51-2605-broendby-01530763__51_______,Træ,130
ved-lindelund-51-2605-broendby-01530763__51_______,Rækkehus,Free Sale,29-03-1998,Fri handel,29-03-1998,1.351.900,3,Ved Lindelund 51,Brøndby,1,Fjernvarme/blokvarme,/adresse/ved-lindelund-51-2605-broendby-01530763__51_______,130.0,2605.0,Betontagsten,3.0,boligsiden,https://www.boligsiden.dk/adresse/ved-lindelund-51-2605-broendby-01530763__51_______,Træ,130
ved-lindelund-51-2605-broendby-01530763__51_______,Rækkehus,Free Sale,20-07-1996,Fri handel,20-07-1996,1.150.000,3,Ved Lindelund 51,Brøndby,1,Fjernvarme/blokvarme,/adresse/ved-lindelund-51-2605-broendby-01530763__51_______,130.0,2605.0,Betontagsten,3.0,boligsiden,https://www.boligsiden.dk/adresse/ved-lindelund-51-2605-broendby-01530763__51_______,Træ,130
jaegersborgvej-108-2-th-2820-gentofte-01570425_108__2__th,Ejerlejlighed,Free Sale,19-03-2025,Fri handel,19-03-2025,3.150.000,3,"Jægersborgvej 108, 2. th.",Gentofte,1,Fjernvarme/blokvarme,/adresse/jaegersborgvej-108-2-th-2820-gentofte-01570425_108__2__th,94.0,2820.0,Tagpap med stor hældning,4.0,boligsiden,https://www.boligsiden.dk/adresse/jaegersborgvej-108-2-th-2820-gentofte-01570425_108__2__th,Mursten,Ikke oplyst
jaegersborgvej-108-2-th-2820-gentofte-01570425_108__2__th,Ejerlejlighed,Free Sale,04-12-2017,Fri handel,04-12-2017,2.095.000,3,"Jægersborgvej 108, 2. th.",Gentofte,1,Fjernvarme/blokvarme,/adresse/jaegersborgvej-108-2-th-2820-gentofte-01570425_108__2__th,94.0,2820.0,Tagpap med stor hældning,4.0,boligsiden,https://www.boligsiden.dk/adresse/jaegersborgvej-108-2-th-2820-gentofte-01570425_108__2__th,Mursten,Ikke oplyst
jaegersborgvej-108-2-th-2820-gentofte-01570425_108__2__th,Ejerlejlighed,Free Sale,26-02-2001,Fri handel,26-02-2001,1.234.000,3,"Jægersborgvej 108, 2. th.",Gentofte,1,Fjernvarme/blokvarme,/adresse/jaegersborgvej-108-2-th-2820-gentofte-01570425_108__2__th,94.0,2820.0,Tagpap med stor hældning,4.0,boligsiden,https://www.boligsiden.dk/adresse/jaegersborgvej-108-2-th-2820-gentofte-01570425_108__2__th,Mursten,Ikke oplyst
munkely-9-1-2870-dyssegaard-01570580___9__1____,Ejerlejlighed,Free Sale,19-03-2025,Fri handel,19-03-2025,4.595.000,3,"Munkely 9, 1.",Dyssegård,1,Fjernvarme/blokvarme,/adresse/munkely-9-1-2870-dyssegaard-01570580___9__1____,90.0,2870.0,Tegl,4.0,boligsiden,https://www.boligsiden.dk/adresse/munkely-9-1-2870-dyssegaard-01570580___9__1____,Mursten,Ikke oplyst
munkely-9-1-2870-dyssegaard-01570580___9__1____,Ejerlejlighed,Free Sale,22-12-2021,Fri handel,22-12-2021,4.027.500,3,"Munkely 9, 1.",Dyssegård,1,Fjernvarme/blokvarme,/adresse/munkely-9-1-2870-dyssegaard-01570580___9__1____,90.0,2870.0,Tegl,4.0,boligsiden,https://www.boligsiden.dk/adresse/munkely-9-1-2870-dyssegaard-01570580___9__1____,Mursten,Ikke oplyst
munkely-9-1-2870-dyssegaard-01570580___9__1____,Ejerlejlighed,Free Sale,24-03-2015,Fri handel,24-03-2015,2.090.000,3,"Munkely 9, 1.",Dyssegård,1,Fjernvarme/blokvarme,/adresse/munkely-9-1-2870-dyssegaard-01570580___9__1____,90.0,2870.0,Tegl,4.0,boligsiden,https://www.boligsiden.dk/adresse/munkely-9-1-2870-dyssegaard-01570580___9__1____,Mursten,Ikke oplyst
magnoliavej-20-2-th-2600-glostrup-01610323__20__2__th,Ejerlejlighed,Family Sale,19-03-2025,Familie handel,19-03-2025,1.400.000,3,"Magnoliavej 20, 2. th.",Glostrup,1,Fjernvarme/blokvarme,/adresse/magnoliavej-20-2-th-2600-glostrup-01610323__20__2__th,51.0,2600.0,Tegl,2.0,boligsiden,https://www.boligsiden.dk/adresse/magnoliavej-20-2-th-2600-glostrup-01610323__20__2__th,Mursten,Ikke oplyst
magnoliavej-20-2-th-2600-glostrup-01610323__20__2__th,Ejerlejlighed,Free Sale,25-01-2021,Fri handel,25-01-2021,1.525.000,3,"Magnoliavej 20, 2. th.",Glostrup,1,Fjernvarme/blokvarme,/adresse/magnoliavej-20-2-th-2600-glostrup-01610323__20__2__th,51.0,2600.0,Tegl,2.0,boligsiden,https://www.boligsiden.dk/adresse/magnoliavej-20-2-th-2600-glostrup-01610323__20__2__th,Mursten,Ikke oplyst
magnoliavej-20-2-th-2600-glostrup-01610323__20__2__th,Ejerlejlighed,Free Sale,28-03-2017,Fri handel,28-03-2017,1.300.000,3,"Magnoliavej 20, 2. th.",Glostrup,1,Fjernvarme/blokvarme,/adresse/magnoliavej-20-2-th-2600-glostrup-01610323__20__2__th,51.0,2600.0,Tegl,2.0,boligsiden,https://www.boligsiden.dk/adresse/magnoliavej-20-2-th-2600-glostrup-01610323__20__2__th,Mursten,Ikke oplyst
hovedvejen-178-1-tv-2600-glostrup-01610213_178__1__tv,Ejerlejlighed,Free Sale,19-03-2025,Fri handel,19-03-2025,1.870.000,1,"Hovedvejen 178, 1. tv.",Glostrup,1,Fjernvarme/blokvarme,/adresse/hovedvejen-178-1-tv-2600-glostrup-01610213_178__1__tv,65.0,2600.0,Tegl,3.0,boligsiden,https://www.boligsiden.dk/adresse/hovedvejen-178-1-tv-2600-glostrup-01610213_178__1__tv,Mursten,Ikke oplyst
lindebo-25-2-154-2630-taastrup-01694470__25__2_154,Ejerlejlighed,Free Sale,19-03-2025,Fri handel,19-03-2025,1.130.000,3,"Lindebo 25, 2. 154.",Taastrup,1,Fjernvarme/blokvarme,/adresse/lindebo-25-2-154-2630-taastrup-01694470__25__2_154,42.0,2630.0,Fibercement herunder asbest,1.0,boligsiden,https://www.boligsiden.dk/adresse/lindebo-25-2-154-2630-taastrup-01694470__25__2_154,Mursten,Ikke oplyst
lindebo-25-2-154-2630-taastrup-01694470__25__2_154,Ejerlejlighed,Free Sale,17-03-2021,Fri handel,17-03-2021,1.175.000,3,"Lindebo 25, 2. 154.",Taastrup,1,Fjernvarme/blokvarme,/adresse/lindebo-25-2-154-2630-taastrup-01694470__25__2_154,42.0,2630.0,Fibercement herunder asbest,1.0,boligsiden,https://www.boligsiden.dk/adresse/lindebo-25-2-154-2630-taastrup-01694470__25__2_154,Mursten,Ikke oplyst
lindebo-25-2-154-2630-taastrup-01694470__25__2_154,Ejerlejlighed,Free Sale,02-02-2021,Fri handel,02-02-2021,950.000,3,"Lindebo 25, 2. 154.",Taastrup,1,Fjernvarme/blokvarme,/adresse/lindebo-25-2-154-2630-taastrup-01694470__25__2_154,42.0,2630.0,Fibercement herunder asbest,1.0,boligsiden,https://www.boligsiden.dk/adresse/lindebo-25-2-154-2630-taastrup-01694470__25__2_154,Mursten,Ikke oplyst
birkevang-37-2830-virum-01730062__37_______,Rækkehus,Free Sale,19-03-2025,Fri handel,19-03-2025,4.400.000,3,Birkevang 37,Virum,1,Centralvarme med én fyringsenhed,/adresse/birkevang-37-2830-virum-01730062__37_______,75.0,2830.0,Tagpap med stor hældning,4.0,boligsiden,https://www.boligsiden.dk/adresse/birkevang-37-2830-virum-01730062__37_______,Mursten,91
birkevang-37-2830-virum-01730062__37_______,Rækkehus,Free Sale,28-04-2023,Fri handel,28-04-2023,3.489.000,3,Birkevang 37,Virum,1,Centralvarme med én fyringsenhed,/adresse/birkevang-37-2830-virum-01730062__37_______,75.0,2830.0,Tagpap med stor hældning,4.0,boligsiden,https://www.boligsiden.dk/adresse/birkevang-37-2830-virum-01730062__37_______,Mursten,91
birkevang-37-2830-virum-01730062__37_______,Rækkehus,Free Sale,20-12-2017,Fri handel,20-12-2017,2.999.000,3,Birkevang 37,Virum,1,Centralvarme med én fyringsenhed,/adresse/birkevang-37-2830-virum-01730062__37_______,75.0,2830.0,Tagpap med stor hældning,4.0,boligsiden,https://www.boligsiden.dk/adresse/birkevang-37-2830-virum-01730062__37_______,Mursten,91
hoejdevej-17-2750-ballerup-01510159__17_______,Villa,Free Sale,19-03-2025,Fri handel,19-03-2025,4.195.000,3,Højdevej 17,Ballerup,1,Centralvarme med én fyringsenhed,/adresse/hoejdevej-17-2750-ballerup-01510159__17_______,70.0,2750.0,Tegl,3.0,boligsiden,https://www.boligsiden.dk/adresse/hoejdevej-17-2750-ballerup-01510159__17_______,Mursten,105.5
hoejdevej-17-2750-ballerup-01510159__17_______,Villa,Free Sale,06-10-2015,Fri handel,06-10-2015,2.550.000,3,Højdevej 17,Ballerup,1,Centralvarme med én fyringsenhed,/adresse/hoejdevej-17-2750-ballerup-01510159__17_______,70.0,2750.0,Tegl,3.0,boligsiden,https://www.boligsiden.dk/adresse/hoejdevej-17-2750-ballerup-01510159__17_______,Mursten,105.5
hoejdevej-17-2750-ballerup-01510159__17_______,Villa,Free Sale,24-02-1994,Fri handel,24-02-1994,771.920,3,Højdevej 17,Ballerup,1,Centralvarme med én fyringsenhed,/adresse/hoejdevej-17-2750-ballerup-01510159__17_______,70.0,2750.0,Tegl,3.0,boligsiden,https://www.boligsiden.dk/adresse/hoejdevej-17-2750-ballerup-01510159__17_______,Mursten,105.5
mokkavej-11-3-1-2610-roedovre-01750563__11__3___1,Ejerlejlighed,Free Sale,19-03-2025,Fri handel,19-03-2025,5.075.000,2,"Mokkavej 11, 3. 1.",Rødovre,1,Fjernvarme/blokvarme,/adresse/mokkavej-11-3-1-2610-roedovre-01750563__11__3___1,114.0,2610.0,Tagpap med lille hældning,3.0,boligsiden,https://www.boligsiden.dk/adresse/mokkavej-11-3-1-2610-roedovre-01750563__11__3___1,Betonelementer,Ikke oplyst
mokkavej-11-3-1-2610-roedovre-01750563__11__3___1,Ejerlejlighed,Free Sale,20-03-2018,Fri handel,20-03-2018,4.206.778,2,"Mokkavej 11, 3. 1.",Rødovre,1,Fjernvarme/blokvarme,/adresse/mokkavej-11-3-1-2610-roedovre-01750563__11__3___1,114.0,2610.0,Tagpap med lille hældning,3.0,boligsiden,https://www.boligsiden.dk/adresse/mokkavej-11-3-1-2610-roedovre-01750563__11__3___1,Betonelementer,Ikke oplyst
eremitageparken-323-2-d-2800-kongens-lyngby-01730209_323__2___d,Ejerlejlighed,Free Sale,19-03-2025,Fri handel,19-03-2025,1.765.000,3,"Eremitageparken 323, 2. d.",Kongens Lyngby,1,Fjernvarme/blokvarme,/adresse/eremitageparken-323-2-d-2800-kongens-lyngby-01730209_323__2___d,41.0,2800.0,Tagpap med stor hældning,1.0,boligsiden,https://www.boligsiden.dk/adresse/eremitageparken-323-2-d-2800-kongens-lyngby-01730209_323__2___d,Betonelementer,Ikke oplyst
eremitageparken-323-2-d-2800-kongens-lyngby-01730209_323__2___d,Ejerlejlighed,Free Sale,14-02-2022,Fri handel,14-02-2022,1.600.000,3,"Eremitageparken 323, 2. d.",Kongens Lyngby,1,Fjernvarme/blokvarme,/adresse/eremitageparken-323-2-d-2800-kongens-lyngby-01730209_323__2___d,41.0,2800.0,Tagpap med stor hældning,1.0,boligsiden,https://www.boligsiden.dk/adresse/eremitageparken-323-2-d-2800-kongens-lyngby-01730209_323__2___d,Betonelementer,Ikke oplyst
eremitageparken-323-2-d-2800-kongens-lyngby-01730209_323__2___d,Ejerlejlighed,Free Sale,11-03-2019,Fri handel,11-03-2019,1.095.000,3,"Eremitageparken 323, 2. d.",Kongens Lyngby,1,Fjernvarme/blokvarme,/adresse/eremitageparken-323-2-d-2800-kongens-lyngby-01730209_323__2___d,41.0,2800.0,Tagpap med stor hældning,1.0,boligsiden,https://www.boligsiden.dk/adresse/eremitageparken-323-2-d-2800-kongens-lyngby-01730209_323__2___d,Betonelementer,Ikke oplyst
gaardager-21-2640-hedehusene-01692436__21_______,Villa,Free Sale,19-03-2025,Fri handel,19-03-2025,4.100.000,3,Gårdager 21,Hedehusene,1,Centralvarme med én fyringsenhed,/adresse/gaardager-21-2640-hedehusene-01692436__21_______,134.0,2640.0,Tagpap med lille hældning,5.0,boligsiden,https://www.boligsiden.dk/adresse/gaardager-21-2640-hedehusene-01692436__21_______,Mursten,164.2
gaardager-21-2640-hedehusene-01692436__21_______,Villa,Free Sale,16-07-2020,Fri handel,16-07-2020,3.100.000,3,Gårdager 21,Hedehusene,1,Centralvarme med én fyringsenhed,/adresse/gaardager-21-2640-hedehusene-01692436__21_______,134.0,2640.0,Tagpap med lille hældning,5.0,boligsiden,https://www.boligsiden.dk/adresse/gaardager-21-2640-hedehusene-01692436__21_______,Mursten,164.2
gaardager-21-2640-hedehusene-01692436__21_______,Villa,Free Sale,21-05-2014,Fri handel,21-05-2014,2.350.000,3,Gårdager 21,Hedehusene,1,Centralvarme med én fyringsenhed,/adresse/gaardager-21-2640-hedehusene-01692436__21_______,134.0,2640.0,Tagpap med lille hældning,5.0,boligsiden,https://www.boligsiden.dk/adresse/gaardager-21-2640-hedehusene-01692436__21_______,Mursten,164.2
tvedvangen-54-2730-herlev-01638715__54_______,Rækkehus,Free Sale,19-03-2025,Fri handel,19-03-2025,3.930.000,3,Tvedvangen 54,Herlev,1,Fjernvarme/blokvarme,/adresse/tvedvangen-54-2730-herlev-01638715__54_______,104.0,2730.0,Fibercement herunder asbest,4.0,boligsiden,https://www.boligsiden.dk/adresse/tvedvangen-54-2730-herlev-01638715__54_______,Mursten,110.4
tvedvangen-54-2730-herlev-01638715__54_______,Rækkehus,Free Sale,17-06-2018,Fri handel,17-06-2018,3.295.000,3,Tvedvangen 54,Herlev,1,Fjernvarme/blokvarme,/adresse/tvedvangen-54-2730-herlev-01638715__54_______,104.0,2730.0,Fibercement herunder asbest,4.0,boligsiden,https://www.boligsiden.dk/adresse/tvedvangen-54-2730-herlev-01638715__54_______,Mursten,110.4
tvedvangen-54-2730-herlev-01638715__54_______,Rækkehus,Free Sale,27-03-2017,Fri handel,27-03-2017,2.985.000,3,Tvedvangen 54,Herlev,1,Fjernvarme/blokvarme,/adresse/tvedvangen-54-2730-herlev-01638715__54_______,104.0,2730.0,Fibercement herunder asbest,4.0,boligsiden,https://www.boligsiden.dk/adresse/tvedvangen-54-2730-herlev-01638715__54_______,Mursten,110.4
blichersvej-11-2630-taastrup-01690514__11_______,Villa,Free Sale,19-03-2025,Fri handel,19-03-2025,3.300.000,3,Blichersvej 11,Taastrup,1,Fjernvarme/blokvarme,/adresse/blichersvej-11-2630-taastrup-01690514__11_______,110.0,2630.0,Tegl,4.0,boligsiden,https://www.boligsiden.dk/adresse/blichersvej-11-2630-taastrup-01690514__11_______,Mursten,113.3
blichersvej-11-2630-taastrup-01690514__11_______,Villa,Free Sale,07-04-2024,Fri handel,07-04-2024,2.400.000,3,Blichersvej 11,Taastrup,1,Fjernvarme/blokvarme,/adresse/blichersvej-11-2630-taastrup-01690514__11_______,110.0,2630.0,Tegl,4.0,boligsiden,https://www.boligsiden.dk/adresse/blichersvej-11-2630-taastrup-01690514__11_______,Mursten,113.3
blichersvej-11-2630-taastrup-01690514__11_______,Villa,Free Sale,01-11-2023,Fri handel,01-11-2023,2.000.000,3,Blichersvej 11,Taastrup,1,Fjernvarme/blokvarme,/adresse/blichersvej-11-2630-taastrup-01690514__11_______,110.0,2630.0,Tegl,4.0,boligsiden,https://www.boligsiden.dk/adresse/blichersvej-11-2630-taastrup-01690514__11_______,Mursten,113.3
naesborgvej-16-0-tv-2650-hvidovre-01676123__16_st__tv,Ejerlejlighed,Free Sale,19-03-2025,Fri handel,19-03-2025,2.190.000,1,"Næsborgvej 16, st. tv.",Hvidovre,1,Fjernvarme/blokvarme,/adresse/naesborgvej-16-0-tv-2650-hvidovre-01676123__16_st__tv,73.0,2650.0,Fibercement uden asbest,3.0,boligsiden,https://www.boligsiden.dk/adresse/naesborgvej-16-0-tv-2650-hvidovre-01676123__16_st__tv,Mursten,Ikke oplyst
tvaerbommen-25-1-tv-2820-gentofte-01570895__25__1__tv,Ejerlejlighed,Family Sale,19-03-2025,Familie handel,19-03-2025,2.311.200,3,"Tværbommen 25, 1. tv.",Gentofte,1,Fjernvarme/blokvarme,/adresse/tvaerbommen-25-1-tv-2820-gentofte-01570895__25__1__tv,84.0,2820.0,Tegl,4.0,boligsiden,https://www.boligsiden.dk/adresse/tvaerbommen-25-1-tv-2820-gentofte-01570895__25__1__tv,Mursten,Ikke oplyst
tvaerbommen-25-1-tv-2820-gentofte-01570895__25__1__tv,Ejerlejlighed,Free Sale,18-11-2018,Fri handel,18-11-2018,2.650.000,3,"Tværbommen 25, 1. tv.",Gentofte,1,Fjernvarme/blokvarme,/adresse/tvaerbommen-25-1-tv-2820-gentofte-01570895__25__1__tv,84.0,2820.0,Tegl,4.0,boligsiden,https://www.boligsiden.dk/adresse/tvaerbommen-25-1-tv-2820-gentofte-01570895__25__1__tv,Mursten,Ikke oplyst
tvaerbommen-25-1-tv-2820-gentofte-01570895__25__1__tv,Ejerlejlighed,Free Sale,04-09-2006,Fri handel,04-09-2006,2.893.000,3,"Tværbommen 25, 1. tv.",Gentofte,1,Fjernvarme/blokvarme,/adresse/tvaerbommen-25-1-tv-2820-gentofte-01570895__25__1__tv,84.0,2820.0,Tegl,4.0,boligsiden,https://www.boligsiden.dk/adresse/tvaerbommen-25-1-tv-2820-gentofte-01570895__25__1__tv,Mursten,Ikke oplyst
strandvejen-439-0-mf-2930-klampenborg-01570802_439_st__mf,Ejerlejlighed,Family Sale,19-03-2025,Familie handel,19-03-2025,4.100.000,3,"Strandvejen 439, st. mf.",Klampenborg,1,Centralvarme med én fyringsenhed,/adresse/strandvejen-439-0-mf-2930-klampenborg-01570802_439_st__mf,101.0,2930.0,Tagpap med stor hældning,1.0,boligsiden,https://www.boligsiden.dk/adresse/strandvejen-439-0-mf-2930-klampenborg-01570802_439_st__mf,Mursten,Ikke oplyst
strandvejen-439-0-mf-2930-klampenborg-01570802_439_st__mf,Ejerlejlighed,Free Sale,27-05-1999,Fri handel,27-05-1999,2.223.250,3,"Strandvejen 439, st. mf.",Klampenborg,1,Centralvarme med én fyringsenhed,/adresse/strandvejen-439-0-mf-2930-klampenborg-01570802_439_st__mf,101.0,2930.0,Tagpap med stor hældning,1.0,boligsiden,https://www.boligsiden.dk/adresse/strandvejen-439-0-mf-2930-klampenborg-01570802_439_st__mf,Mursten,Ikke oplyst
strandvejen-439-0-mf-2930-klampenborg-01570802_439_st__mf,Ejerlejlighed,Free Sale,10-10-1995,Fri handel,10-10-1995,1.468.500,3,"Strandvejen 439, st. mf.",Klampenborg,1,Centralvarme med én fyringsenhed,/adresse/strandvejen-439-0-mf-2930-klampenborg-01570802_439_st__mf,101.0,2930.0,Tagpap med stor hældning,1.0,boligsiden,https://www.boligsiden.dk/adresse/strandvejen-439-0-mf-2930-klampenborg-01570802_439_st__mf,Mursten,Ikke oplyst
bagsvaerd-hovedgade-99-11-g-2880-bagsvaerd-01590039__99_11___g,Ejerlejlighed,Free Sale,18-03-2025,Fri handel,18-03-2025,1.150.000,3,"Bagsværd Hovedgade 99, 11. g.",Bagsværd,1,Fjernvarme/blokvarme,/adresse/bagsvaerd-hovedgade-99-11-g-2880-bagsvaerd-01590039__99_11___g,46.0,2880.0,Tagpap med stor hældning,1.0,boligsiden,https://www.boligsiden.dk/adresse/bagsvaerd-hovedgade-99-11-g-2880-bagsvaerd-01590039__99_11___g,Betonelementer,Ikke oplyst
bagsvaerd-hovedgade-99-11-g-2880-bagsvaerd-01590039__99_11___g,Ejerlejlighed,Free Sale,09-11-2019,Fri handel,09-11-2019,850.000,3,"Bagsværd Hovedgade 99, 11. g.",Bagsværd,1,Fjernvarme/blokvarme,/adresse/bagsvaerd-hovedgade-99-11-g-2880-bagsvaerd-01590039__99_11___g,46.0,2880.0,Tagpap med stor hældning,1.0,boligsiden,https://www.boligsiden.dk/adresse/bagsvaerd-hovedgade-99-11-g-2880-bagsvaerd-01590039__99_11___g,Betonelementer,Ikke oplyst
bagsvaerd-hovedgade-99-11-g-2880-bagsvaerd-01590039__99_11___g,Ejerlejlighed,Free Sale,01-07-2016,Fri handel,01-07-2016,750.000,3,"Bagsværd Hovedgade 99, 11. g.",Bagsværd,1,Fjernvarme/blokvarme,/adresse/bagsvaerd-hovedgade-99-11-g-2880-bagsvaerd-01590039__99_11___g,46.0,2880.0,Tagpap med stor hældning,1.0,boligsiden,https://www.boligsiden.dk/adresse/bagsvaerd-hovedgade-99-11-g-2880-bagsvaerd-01590039__99_11___g,Betonelementer,Ikke oplyst
jensloevs-tvaervej-5a-1-tv-2920-charlottenlund-01570406__5a__1__tv,Ejerlejlighed,Family Sale,18-03-2025,Familie handel,18-03-2025,2.360.000,2,"Jensløvs Tværvej 5A, 1. tv.",Charlottenlund,1,Fjernvarme/blokvarme,/adresse/jensloevs-tvaervej-5a-1-tv-2920-charlottenlund-01570406__5a__1__tv,67.0,2920.0,Tegl,2.0,boligsiden,https://www.boligsiden.dk/adresse/jensloevs-tvaervej-5a-1-tv-2920-charlottenlund-01570406__5a__1__tv,Mursten,Ikke oplyst
jensloevs-tvaervej-5a-1-tv-2920-charlottenlund-01570406__5a__1__tv,Ejerlejlighed,Family Sale,18-03-2025,Familie handel,18-03-2025,2.360.000,2,"Jensløvs Tværvej 5A, 1. tv.",Charlottenlund,1,Fjernvarme/blokvarme,/adresse/jensloevs-tvaervej-5a-1-tv-2920-charlottenlund-01570406__5a__1__tv,67.0,2920.0,Tegl,2.0,boligsiden,https://www.boligsiden.dk/adresse/jensloevs-tvaervej-5a-1-tv-2920-charlottenlund-01570406__5a__1__tv,Mursten,Ikke oplyst
jensloevs-tvaervej-5a-1-tv-2920-charlottenlund-01570406__5a__1__tv,Ejerlejlighed,Free Sale,15-03-2000,Fri handel,15-03-2000,950.000,2,"Jensløvs Tværvej 5A, 1. tv.",Charlottenlund,1,Fjernvarme/blokvarme,/adresse/jensloevs-tvaervej-5a-1-tv-2920-charlottenlund-01570406__5a__1__tv,67.0,2920.0,Tegl,2.0,boligsiden,https://www.boligsiden.dk/adresse/jensloevs-tvaervej-5a-1-tv-2920-charlottenlund-01570406__5a__1__tv,Mursten,Ikke oplyst
jensloevs-tvaervej-5a-1-tv-2920-charlottenlund-01570406__5a__1__tv,Ejerlejlighed,Free Sale,15-03-2000,Fri handel,15-03-2000,950.000,2,"Jensløvs Tværvej 5A, 1. tv.",Charlottenlund,1,Fjernvarme/blokvarme,/adresse/jensloevs-tvaervej-5a-1-tv-2920-charlottenlund-01570406__5a__1__tv,67.0,2920.0,Tegl,2.0,boligsiden,https://www.boligsiden.dk/adresse/jensloevs-tvaervej-5a-1-tv-2920-charlottenlund-01570406__5a__1__tv,Mursten,Ikke oplyst
askevang-36-2640-hedehusene-01690060__36_______,Villa,Free Sale,18-03-2025,Fri handel,18-03-2025,3.750.000,1,Askevang 36,Hedehusene,1,Elvarme,/adresse/askevang-36-2640-hedehusene-01690060__36_______,164.0,2640.0,Fibercement herunder asbest,5.0,boligsiden,https://www.boligsiden.dk/adresse/askevang-36-2640-hedehusene-01690060__36_______,Mursten,174.5
jensloevs-tvaervej-5a-1-tv-2920-charlottenlund-01570406__5a__1__tv,Ejerlejlighed,Family Sale,18-03-2025,Familie handel,18-03-2025,2.360.000,2,"Jensløvs Tværvej 5A, 1. tv.",Charlottenlund,1,Fjernvarme/blokvarme,/adresse/jensloevs-tvaervej-5a-1-tv-2920-charlottenlund-01570406__5a__1__tv,67.0,2920.0,Tegl,2.0,boligsiden,https://www.boligsiden.dk/adresse/jensloevs-tvaervej-5a-1-tv-2920-charlottenlund-01570406__5a__1__tv,Mursten,Ikke oplyst
jensloevs-tvaervej-5a-1-tv-2920-charlottenlund-01570406__5a__1__tv,Ejerlejlighed,Family Sale,18-03-2025,Familie handel,18-03-2025,2.360.000,2,"Jensløvs Tværvej 5A, 1. tv.",Charlottenlund,1,Fjernvarme/blokvarme,/adresse/jensloevs-tvaervej-5a-1-tv-2920-charlottenlund-01570406__5a__1__tv,67.0,2920.0,Tegl,2.0,boligsiden,https://www.boligsiden.dk/adresse/jensloevs-tvaervej-5a-1-tv-2920-charlottenlund-01570406__5a__1__tv,Mursten,Ikke oplyst
jensloevs-tvaervej-5a-1-tv-2920-charlottenlund-01570406__5a__1__tv,Ejerlejlighed,Free Sale,15-03-2000,Fri handel,15-03-2000,950.000,2,"Jensløvs Tværvej 5A, 1. tv.",Charlottenlund,1,Fjernvarme/blokvarme,/adresse/jensloevs-tvaervej-5a-1-tv-2920-charlottenlund-01570406__5a__1__tv,67.0,2920.0,Tegl,2.0,boligsiden,https://www.boligsiden.dk/adresse/jensloevs-tvaervej-5a-1-tv-2920-charlottenlund-01570406__5a__1__tv,Mursten,Ikke oplyst
jensloevs-tvaervej-5a-1-tv-2920-charlottenlund-01570406__5a__1__tv,Ejerlejlighed,Free Sale,15-03-2000,Fri handel,15-03-2000,950.000,2,"Jensløvs Tværvej 5A, 1. tv.",Charlottenlund,1,Fjernvarme/blokvarme,/adresse/jensloevs-tvaervej-5a-1-tv-2920-charlottenlund-01570406__5a__1__tv,67.0,2920.0,Tegl,2.0,boligsiden,https://www.boligsiden.dk/adresse/jensloevs-tvaervej-5a-1-tv-2920-charlottenlund-01570406__5a__1__tv,Mursten,Ikke oplyst
jaegersborg-alle-239-1-mf-2820-gentofte-01570423_239__1__mf,Ejerlejlighed,Free Sale,18-03-2025,Fri handel,18-03-2025,1.850.000,3,"Jægersborg Alle 239, 1. mf.",Gentofte,1,Fjernvarme/blokvarme,/adresse/jaegersborg-alle-239-1-mf-2820-gentofte-01570423_239__1__mf,54.0,2820.0,Tagpap med lille hældning,1.0,boligsiden,https://www.boligsiden.dk/adresse/jaegersborg-alle-239-1-mf-2820-gentofte-01570423_239__1__mf,Mursten,Ikke oplyst
jaegersborg-alle-239-1-mf-2820-gentofte-01570423_239__1__mf,Ejerlejlighed,Family Sale,25-03-2022,Familie handel,25-03-2022,1.167.000,3,"Jægersborg Alle 239, 1. mf.",Gentofte,1,Fjernvarme/blokvarme,/adresse/jaegersborg-alle-239-1-mf-2820-gentofte-01570423_239__1__mf,54.0,2820.0,Tagpap med lille hældning,1.0,boligsiden,https://www.boligsiden.dk/adresse/jaegersborg-alle-239-1-mf-2820-gentofte-01570423_239__1__mf,Mursten,Ikke oplyst
jaegersborg-alle-239-1-mf-2820-gentofte-01570423_239__1__mf,Ejerlejlighed,Free Sale,29-11-2013,Fri handel,29-11-2013,785.000,3,"Jægersborg Alle 239, 1. mf.",Gentofte,1,Fjernvarme/blokvarme,/adresse/jaegersborg-alle-239-1-mf-2820-gentofte-01570423_239__1__mf,54.0,2820.0,Tagpap med lille hældning,1.0,boligsiden,https://www.boligsiden.dk/adresse/jaegersborg-alle-239-1-mf-2820-gentofte-01570423_239__1__mf,Mursten,Ikke oplyst
potentilvej-43-2630-taastrup-01695918__43_______,Rækkehus,Free Sale,18-03-2025,Fri handel,18-03-2025,4.400.000,2,Potentilvej 43,Taastrup,1,Fjernvarme/blokvarme,/adresse/potentilvej-43-2630-taastrup-01695918__43_______,118.0,2630.0,Betontagsten,5.0,boligsiden,https://www.boligsiden.dk/adresse/potentilvej-43-2630-taastrup-01695918__43_______,Mursten,121.3
potentilvej-43-2630-taastrup-01695918__43_______,Rækkehus,Free Sale,22-01-2004,Fri handel,22-01-2004,2.095.000,2,Potentilvej 43,Taastrup,1,Fjernvarme/blokvarme,/adresse/potentilvej-43-2630-taastrup-01695918__43_______,118.0,2630.0,Betontagsten,5.0,boligsiden,https://www.boligsiden.dk/adresse/potentilvej-43-2630-taastrup-01695918__43_______,Mursten,121.3
brunevang-92-0-12-2610-roedovre-01750108__92_st__12,Ejerlejlighed,Free Sale,18-03-2025,Fri handel,18-03-2025,1.250.000,3,"Brunevang 92, st. 12.",Rødovre,1,Fjernvarme/blokvarme,/adresse/brunevang-92-0-12-2610-roedovre-01750108__92_st__12,40.0,2610.0,Tagpap med lille hældning,1.0,boligsiden,https://www.boligsiden.dk/adresse/brunevang-92-0-12-2610-roedovre-01750108__92_st__12,Betonelementer,Ikke oplyst
brunevang-92-0-12-2610-roedovre-01750108__92_st__12,Ejerlejlighed,Free Sale,22-05-2006,Fri handel,22-05-2006,1.087.737,3,"Brunevang 92, st. 12.",Rødovre,1,Fjernvarme/blokvarme,/adresse/brunevang-92-0-12-2610-roedovre-01750108__92_st__12,40.0,2610.0,Tagpap med lille hældning,1.0,boligsiden,https://www.boligsiden.dk/adresse/brunevang-92-0-12-2610-roedovre-01750108__92_st__12,Betonelementer,Ikke oplyst
brunevang-92-0-12-2610-roedovre-01750108__92_st__12,Ejerlejlighed,Free Sale,06-02-2002,Fri handel,06-02-2002,598.851,3,"Brunevang 92, st. 12.",Rødovre,1,Fjernvarme/blokvarme,/adresse/brunevang-92-0-12-2610-roedovre-01750108__92_st__12,40.0,2610.0,Tagpap med lille hældning,1.0,boligsiden,https://www.boligsiden.dk/adresse/brunevang-92-0-12-2610-roedovre-01750108__92_st__12,Betonelementer,Ikke oplyst
oktobervej-103-2860-soeborg-01590633_103_______,Villa,Free Sale,18-03-2025,Fri handel,18-03-2025,3.875.000,3,Oktobervej 103,Søborg,1,Fjernvarme/blokvarme,/adresse/oktobervej-103-2860-soeborg-01590633_103_______,103.0,2860.0,Fibercement herunder asbest,4.0,boligsiden,https://www.boligsiden.dk/adresse/oktobervej-103-2860-soeborg-01590633_103_______,Letbetonsten,107.35
oktobervej-103-2860-soeborg-01590633_103_______,Villa,Free Sale,15-10-2019,Fri handel,15-10-2019,2.865.000,3,Oktobervej 103,Søborg,1,Fjernvarme/blokvarme,/adresse/oktobervej-103-2860-soeborg-01590633_103_______,103.0,2860.0,Fibercement herunder asbest,4.0,boligsiden,https://www.boligsiden.dk/adresse/oktobervej-103-2860-soeborg-01590633_103_______,Letbetonsten,107.35
oktobervej-103-2860-soeborg-01590633_103_______,Villa,Free Sale,15-08-2006,Fri handel,15-08-2006,936.857,3,Oktobervej 103,Søborg,1,Fjernvarme/blokvarme,/adresse/oktobervej-103-2860-soeborg-01590633_103_______,103.0,2860.0,Fibercement herunder asbest,4.0,boligsiden,https://www.boligsiden.dk/adresse/oktobervej-103-2860-soeborg-01590633_103_______,Letbetonsten,107.35
ellemosevej-91-2900-hellerup-01570185__91_______,Villa,Free Sale,18-03-2025,Fri handel,18-03-2025,6.860.000,1,,,,,,,,,,,,,
ahornvej-13-2630-taastrup-01690027__13_______,Villa,Free Sale,18-03-2025,Fri handel,18-03-2025,5.795.000,3,,,,,,,,,,,,,
ahornvej-13-2630-taastrup-01690027__13_______,Villa,Family Sale,16-09-2015,Familie handel,16-09-2015,1.838.438,3,,,,,,,,,,,,,
ahornvej-13-2630-taastrup-01690027__13_______,Villa,Free Sale,22-04-2009,Fri handel,22-04-2009,3.380.000,3,,,,,,,,,,,,,
blidahpark-31-2-tv-2900-hellerup-01570064__31__2__tv,Ejerlejlighed,Free Sale,18-03-2025,Fri handel,18-03-2025,5.995.000,3,"Blidahpark 31, 2. tv.",Hellerup,1,Fjernvarme/blokvarme,/adresse/blidahpark-31-2-tv-2900-hellerup-01570064__31__2__tv,95.0,2900.0,Tagpap med stor hældning,4.0,boligsiden,https://www.boligsiden.dk/adresse/blidahpark-31-2-tv-2900-hellerup-01570064__31__2__tv,Mursten,Ikke oplyst
blidahpark-31-2-tv-2900-hellerup-01570064__31__2__tv,Ejerlejlighed,Free Sale,21-02-1999,Fri handel,21-02-1999,1.412.500,3,"Blidahpark 31, 2. tv.",Hellerup,1,Fjernvarme/blokvarme,/adresse/blidahpark-31-2-tv-2900-hellerup-01570064__31__2__tv,95.0,2900.0,Tagpap med stor hældning,4.0,boligsiden,https://www.boligsiden.dk/adresse/blidahpark-31-2-tv-2900-hellerup-01570064__31__2__tv,Mursten,Ikke oplyst
blidahpark-31-2-tv-2900-hellerup-01570064__31__2__tv,Ejerlejlighed,Free Sale,21-06-1994,Fri handel,21-06-1994,940.000,3,"Blidahpark 31, 2. tv.",Hellerup,1,Fjernvarme/blokvarme,/adresse/blidahpark-31-2-tv-2900-hellerup-01570064__31__2__tv,95.0,2900.0,Tagpap med stor hældning,4.0,boligsiden,https://www.boligsiden.dk/adresse/blidahpark-31-2-tv-2900-hellerup-01570064__31__2__tv,Mursten,Ikke oplyst
blomstervaenget-29-1-3-2800-kongens-lyngby-01730076__29__1___3,Ejerlejlighed,Free Sale,18-03-2025,Fri handel,18-03-2025,1.790.000,3,"Blomstervænget 29, 1. 3.",Kongens Lyngby,1,Fjernvarme/blokvarme,/adresse/blomstervaenget-29-1-3-2800-kongens-lyngby-01730076__29__1___3,42.0,2800.0,Tagpap med stor hældning,1.0,boligsiden,https://www.boligsiden.dk/adresse/blomstervaenget-29-1-3-2800-kongens-lyngby-01730076__29__1___3,Mursten,Ikke oplyst
blomstervaenget-29-1-3-2800-kongens-lyngby-01730076__29__1___3,Ejerlejlighed,Free Sale,01-02-2024,Fri handel,01-02-2024,1.650.000,3,"Blomstervænget 29, 1. 3.",Kongens Lyngby,1,Fjernvarme/blokvarme,/adresse/blomstervaenget-29-1-3-2800-kongens-lyngby-01730076__29__1___3,42.0,2800.0,Tagpap med stor hældning,1.0,boligsiden,https://www.boligsiden.dk/adresse/blomstervaenget-29-1-3-2800-kongens-lyngby-01730076__29__1___3,Mursten,Ikke oplyst
blomstervaenget-29-1-3-2800-kongens-lyngby-01730076__29__1___3,Ejerlejlighed,Free Sale,12-09-2005,Fri handel,12-09-2005,1.115.000,3,"Blomstervænget 29, 1. 3.",Kongens Lyngby,1,Fjernvarme/blokvarme,/adresse/blomstervaenget-29-1-3-2800-kongens-lyngby-01730076__29__1___3,42.0,2800.0,Tagpap med stor hældning,1.0,boligsiden,https://www.boligsiden.dk/adresse/blomstervaenget-29-1-3-2800-kongens-lyngby-01730076__29__1___3,Mursten,Ikke oplyst
bagsvaerdvej-71c-1-th-2800-kongens-lyngby-01730040_71c__1__th,Ejerlejlighed,Family Sale,18-03-2025,Familie handel,18-03-2025,1.640.000,3,"Bagsværdvej 71C, 1. th.",Kongens Lyngby,1,Fjernvarme/blokvarme,/adresse/bagsvaerdvej-71c-1-th-2800-kongens-lyngby-01730040_71c__1__th,56.0,2800.0,Tagpap med stor hældning,2.0,boligsiden,https://www.boligsiden.dk/adresse/bagsvaerdvej-71c-1-th-2800-kongens-lyngby-01730040_71c__1__th,Mursten,Ikke oplyst
bagsvaerdvej-71c-1-th-2800-kongens-lyngby-01730040_71c__1__th,Ejerlejlighed,Free Sale,26-01-2020,Fri handel,26-01-2020,1.570.000,3,"Bagsværdvej 71C, 1. th.",Kongens Lyngby,1,Fjernvarme/blokvarme,/adresse/bagsvaerdvej-71c-1-th-2800-kongens-lyngby-01730040_71c__1__th,56.0,2800.0,Tagpap med stor hældning,2.0,boligsiden,https://www.boligsiden.dk/adresse/bagsvaerdvej-71c-1-th-2800-kongens-lyngby-01730040_71c__1__th,Mursten,Ikke oplyst
bagsvaerdvej-71c-1-th-2800-kongens-lyngby-01730040_71c__1__th,Ejerlejlighed,Free Sale,21-03-2018,Fri handel,21-03-2018,1.600.000,3,"Bagsværdvej 71C, 1. th.",Kongens Lyngby,1,Fjernvarme/blokvarme,/adresse/bagsvaerdvej-71c-1-th-2800-kongens-lyngby-01730040_71c__1__th,56.0,2800.0,Tagpap med stor hældning,2.0,boligsiden,https://www.boligsiden.dk/adresse/bagsvaerdvej-71c-1-th-2800-kongens-lyngby-01730040_71c__1__th,Mursten,Ikke oplyst
syvhoejvaenge-11-2625-vallensbaek-01877882__11_______,Villa,Free Sale,18-03-2025,Fri handel,18-03-2025,4.850.000,3,Syvhøjvænge 11,Vallensbæk,1,Centralvarme med én fyringsenhed,/adresse/syvhoejvaenge-11-2625-vallensbaek-01877882__11_______,182.0,2625.0,Fibercement herunder asbest,6.0,boligsiden,https://www.boligsiden.dk/adresse/syvhoejvaenge-11-2625-vallensbaek-01877882__11_______,Mursten,191.8
syvhoejvaenge-11-2625-vallensbaek-01877882__11_______,Villa,Free Sale,03-08-2012,Fri handel,03-08-2012,2.700.000,3,Syvhøjvænge 11,Vallensbæk,1,Centralvarme med én fyringsenhed,/adresse/syvhoejvaenge-11-2625-vallensbaek-01877882__11_______,182.0,2625.0,Fibercement herunder asbest,6.0,boligsiden,https://www.boligsiden.dk/adresse/syvhoejvaenge-11-2625-vallensbaek-01877882__11_______,Mursten,191.8
syvhoejvaenge-11-2625-vallensbaek-01877882__11_______,Villa,Free Sale,06-03-1998,Fri handel,06-03-1998,1.342.217,3,Syvhøjvænge 11,Vallensbæk,1,Centralvarme med én fyringsenhed,/adresse/syvhoejvaenge-11-2625-vallensbaek-01877882__11_______,182.0,2625.0,Fibercement herunder asbest,6.0,boligsiden,https://www.boligsiden.dk/adresse/syvhoejvaenge-11-2625-vallensbaek-01877882__11_______,Mursten,191.8
j-e-pitznersvej-31a-2730-herlev-01634136_31a_______,Villa,Family Sale,17-03-2025,Familie handel,17-03-2025,1.908.000,3,J E Pitznersvej 31A,Herlev,1,Elvarme,/adresse/j-e-pitznersvej-31a-2730-herlev-01634136_31a_______,61.0,2730.0,Tagpap med stor hældning,3.0,boligsiden,https://www.boligsiden.dk/adresse/j-e-pitznersvej-31a-2730-herlev-01634136_31a_______,Fibercement herunder asbest,68.5
j-e-pitznersvej-31a-2730-herlev-01634136_31a_______,Villa,Free Sale,21-02-1997,Fri handel,21-02-1997,748.360,3,J E Pitznersvej 31A,Herlev,1,Elvarme,/adresse/j-e-pitznersvej-31a-2730-herlev-01634136_31a_______,61.0,2730.0,Tagpap med stor hældning,3.0,boligsiden,https://www.boligsiden.dk/adresse/j-e-pitznersvej-31a-2730-herlev-01634136_31a_______,Fibercement herunder asbest,68.5
j-e-pitznersvej-31a-2730-herlev-01634136_31a_______,Villa,Family Sale,02-04-1993,Familie handel,02-04-1993,313.347,3,J E Pitznersvej 31A,Herlev,1,Elvarme,/adresse/j-e-pitznersvej-31a-2730-herlev-01634136_31a_______,61.0,2730.0,Tagpap med stor hældning,3.0,boligsiden,https://www.boligsiden.dk/adresse/j-e-pitznersvej-31a-2730-herlev-01634136_31a_______,Fibercement herunder asbest,68.5
elmehusene-187-2600-glostrup-01650087_187_______,Rækkehus,Free Sale,17-03-2025,Fri handel,17-03-2025,2.600.000,1,Elmehusene 187,Glostrup,2,Fjernvarme/blokvarme,/adresse/elmehusene-187-2600-glostrup-01650087_187_______,96.0,2600.0,Fibercement herunder asbest,4.0,boligsiden,https://www.boligsiden.dk/adresse/elmehusene-187-2600-glostrup-01650087_187_______,Betonelementer,97.5
lystoftevej-18b-1-th-2800-kongens-lyngby-01730550_18b__1__th,Ejerlejlighed,Free Sale,17-03-2025,Fri handel,17-03-2025,2.000.000,3,"Lystoftevej 18B, 1. th.",Kongens Lyngby,1,Fjernvarme/blokvarme,/adresse/lystoftevej-18b-1-th-2800-kongens-lyngby-01730550_18b__1__th,55.0,2800.0,Tegl,2.0,boligsiden,https://www.boligsiden.dk/adresse/lystoftevej-18b-1-th-2800-kongens-lyngby-01730550_18b__1__th,Mursten,Ikke oplyst
lystoftevej-18b-1-th-2800-kongens-lyngby-01730550_18b__1__th,Ejerlejlighed,Free Sale,04-03-2002,Fri handel,04-03-2002,850.000,3,"Lystoftevej 18B, 1. th.",Kongens Lyngby,1,Fjernvarme/blokvarme,/adresse/lystoftevej-18b-1-th-2800-kongens-lyngby-01730550_18b__1__th,55.0,2800.0,Tegl,2.0,boligsiden,https://www.boligsiden.dk/adresse/lystoftevej-18b-1-th-2800-kongens-lyngby-01730550_18b__1__th,Mursten,Ikke oplyst
lystoftevej-18b-1-th-2800-kongens-lyngby-01730550_18b__1__th,Ejerlejlighed,Free Sale,29-09-1997,Fri handel,29-09-1997,489.745,3,"Lystoftevej 18B, 1. th.",Kongens Lyngby,1,Fjernvarme/blokvarme,/adresse/lystoftevej-18b-1-th-2800-kongens-lyngby-01730550_18b__1__th,55.0,2800.0,Tegl,2.0,boligsiden,https://www.boligsiden.dk/adresse/lystoftevej-18b-1-th-2800-kongens-lyngby-01730550_18b__1__th,Mursten,Ikke oplyst
hoejsgaards-alle-52-2900-hellerup-01570386__52_______,Villa,Free Sale,17-03-2025,Fri handel,17-03-2025,9.375.000,2,Højsgårds Alle 52,Hellerup,1,Fjernvarme/blokvarme,/adresse/hoejsgaards-alle-52-2900-hellerup-01570386__52_______,152.0,2900.0,Tagpap med stor hældning,7.0,boligsiden,https://www.boligsiden.dk/adresse/hoejsgaards-alle-52-2900-hellerup-01570386__52_______,Mursten,178.4
hoejsgaards-alle-52-2900-hellerup-01570386__52_______,Villa,Free Sale,09-07-2001,Fri handel,09-07-2001,2.000.000,2,Højsgårds Alle 52,Hellerup,1,Fjernvarme/blokvarme,/adresse/hoejsgaards-alle-52-2900-hellerup-01570386__52_______,152.0,2900.0,Tagpap med stor hældning,7.0,boligsiden,https://www.boligsiden.dk/adresse/hoejsgaards-alle-52-2900-hellerup-01570386__52_______,Mursten,178.4
olivenlunden-77-2630-taastrup-01695640__77_______,Rækkehus,Free Sale,17-03-2025,Fri handel,17-03-2025,2.828.000,3,Olivenlunden 77,Taastrup,2,Fjernvarme/blokvarme,/adresse/olivenlunden-77-2630-taastrup-01695640__77_______,92.0,2630.0,Betontagsten,4.0,boligsiden,https://www.boligsiden.dk/adresse/olivenlunden-77-2630-taastrup-01695640__77_______,Mursten,92.75
olivenlunden-77-2630-taastrup-01695640__77_______,Rækkehus,Free Sale,14-02-2020,Fri handel,14-02-2020,2.395.000,3,Olivenlunden 77,Taastrup,2,Fjernvarme/blokvarme,/adresse/olivenlunden-77-2630-taastrup-01695640__77_______,92.0,2630.0,Betontagsten,4.0,boligsiden,https://www.boligsiden.dk/adresse/olivenlunden-77-2630-taastrup-01695640__77_______,Mursten,92.75
olivenlunden-77-2630-taastrup-01695640__77_______,Rækkehus,Free Sale,10-06-2014,Fri handel,10-06-2014,1.650.000,3,Olivenlunden 77,Taastrup,2,Fjernvarme/blokvarme,/adresse/olivenlunden-77-2630-taastrup-01695640__77_______,92.0,2630.0,Betontagsten,4.0,boligsiden,https://www.boligsiden.dk/adresse/olivenlunden-77-2630-taastrup-01695640__77_______,Mursten,92.75
cedervaenget-17-1-th-2830-virum-01730143__17__1__th,Ejerlejlighed,Free Sale,17-03-2025,Fri handel,17-03-2025,3.200.000,3,"Cedervænget 17, 1. th.",Virum,1,Centralvarme med én fyringsenhed,/adresse/cedervaenget-17-1-th-2830-virum-01730143__17__1__th,86.0,2830.0,Tagpap med stor hældning,4.0,boligsiden,https://www.boligsiden.dk/adresse/cedervaenget-17-1-th-2830-virum-01730143__17__1__th,Mursten,Ikke oplyst
cedervaenget-17-1-th-2830-virum-01730143__17__1__th,Ejerlejlighed,Free Sale,03-06-2021,Fri handel,03-06-2021,3.050.000,3,"Cedervænget 17, 1. th.",Virum,1,Centralvarme med én fyringsenhed,/adresse/cedervaenget-17-1-th-2830-virum-01730143__17__1__th,86.0,2830.0,Tagpap med stor hældning,4.0,boligsiden,https://www.boligsiden.dk/adresse/cedervaenget-17-1-th-2830-virum-01730143__17__1__th,Mursten,Ikke oplyst
cedervaenget-17-1-th-2830-virum-01730143__17__1__th,Ejerlejlighed,Free Sale,29-10-2015,Fri handel,29-10-2015,2.185.000,3,"Cedervænget 17, 1. th.",Virum,1,Centralvarme med én fyringsenhed,/adresse/cedervaenget-17-1-th-2830-virum-01730143__17__1__th,86.0,2830.0,Tagpap med stor hældning,4.0,boligsiden,https://www.boligsiden.dk/adresse/cedervaenget-17-1-th-2830-virum-01730143__17__1__th,Mursten,Ikke oplyst
hummeltoften-29-2830-virum-01730354__29_______,Villa,Free Sale,17-03-2025,Fri handel,17-03-2025,8.050.000,1,Hummeltoften 29,Virum,1,Varmepumpe,/adresse/hummeltoften-29-2830-virum-01730354__29_______,148.0,2830.0,Tagpap med lille hældning,4.0,boligsiden,https://www.boligsiden.dk/adresse/hummeltoften-29-2830-virum-01730354__29_______,Mursten,154.5
slaavang-alle-16-2610-roedovre-01750790__16_______,Villa,Family Sale,17-03-2025,Familie handel,17-03-2025,3.200.000,2,Slåvang Alle 16,Rødovre,1,Centralvarme med én fyringsenhed,/adresse/slaavang-alle-16-2610-roedovre-01750790__16_______,153.0,2610.0,Tegl,5.0,boligsiden,https://www.boligsiden.dk/adresse/slaavang-alle-16-2610-roedovre-01750790__16_______,Mursten,154.45
slaavang-alle-16-2610-roedovre-01750790__16_______,Villa,Free Sale,15-09-2022,Fri handel,15-09-2022,2.260.000,2,Slåvang Alle 16,Rødovre,1,Centralvarme med én fyringsenhed,/adresse/slaavang-alle-16-2610-roedovre-01750790__16_______,153.0,2610.0,Tegl,5.0,boligsiden,https://www.boligsiden.dk/adresse/slaavang-alle-16-2610-roedovre-01750790__16_______,Mursten,154.45
brostykkevej-200-2650-hvidovre-01671194_200_______,Villa,Free Sale,17-03-2025,Fri handel,17-03-2025,5.445.000,3,Brostykkevej 200,Hvidovre,1,Varmepumpe,/adresse/brostykkevej-200-2650-hvidovre-01671194_200_______,148.0,2650.0,Fibercement herunder asbest,5.0,boligsiden,https://www.boligsiden.dk/adresse/brostykkevej-200-2650-hvidovre-01671194_200_______,Mursten,158.2
brostykkevej-200-2650-hvidovre-01671194_200_______,Villa,Free Sale,09-01-2024,Fri handel,09-01-2024,5.500.000,3,Brostykkevej 200,Hvidovre,1,Varmepumpe,/adresse/brostykkevej-200-2650-hvidovre-01671194_200_______,148.0,2650.0,Fibercement herunder asbest,5.0,boligsiden,https://www.boligsiden.dk/adresse/brostykkevej-200-2650-hvidovre-01671194_200_______,Mursten,158.2
brostykkevej-200-2650-hvidovre-01671194_200_______,Villa,Free Sale,31-08-2021,Fri handel,31-08-2021,3.100.000,3,Brostykkevej 200,Hvidovre,1,Varmepumpe,/adresse/brostykkevej-200-2650-hvidovre-01671194_200_______,148.0,2650.0,Fibercement herunder asbest,5.0,boligsiden,https://www.boligsiden.dk/adresse/brostykkevej-200-2650-hvidovre-01671194_200_______,Mursten,158.2
bredegaards-alle-50-2650-hvidovre-01671045__50_______,Villa,Free Sale,17-03-2025,Fri handel,17-03-2025,5.495.000,3,Bredegårds Alle 50,Hvidovre,1,Centralvarme med én fyringsenhed,/adresse/bredegaards-alle-50-2650-hvidovre-01671045__50_______,156.0,2650.0,Metal,5.0,boligsiden,https://www.boligsiden.dk/adresse/bredegaards-alle-50-2650-hvidovre-01671045__50_______,Letbetonsten,152.2
bredegaards-alle-50-2650-hvidovre-01671045__50_______,Villa,Family Sale,11-03-2017,Familie handel,11-03-2017,1.390.948,3,Bredegårds Alle 50,Hvidovre,1,Centralvarme med én fyringsenhed,/adresse/bredegaards-alle-50-2650-hvidovre-01671045__50_______,156.0,2650.0,Metal,5.0,boligsiden,https://www.boligsiden.dk/adresse/bredegaards-alle-50-2650-hvidovre-01671045__50_______,Letbetonsten,152.2
bredegaards-alle-50-2650-hvidovre-01671045__50_______,Villa,Free Sale,30-04-1998,Fri handel,30-04-1998,839.280,3,Bredegårds Alle 50,Hvidovre,1,Centralvarme med én fyringsenhed,/adresse/bredegaards-alle-50-2650-hvidovre-01671045__50_______,156.0,2650.0,Metal,5.0,boligsiden,https://www.boligsiden.dk/adresse/bredegaards-alle-50-2650-hvidovre-01671045__50_______,Letbetonsten,152.2
moerkhoej-parkalle-14e-2860-soeborg-01590596_14e_______,Rækkehus,Free Sale,17-03-2025,Fri handel,17-03-2025,5.300.000,3,Mørkhøj Parkalle 14E,Søborg,2,Fjernvarme/blokvarme,/adresse/moerkhoej-parkalle-14e-2860-soeborg-01590596_14e_______,147.0,2860.0,Tegl,5.0,boligsiden,https://www.boligsiden.dk/adresse/moerkhoej-parkalle-14e-2860-soeborg-01590596_14e_______,Mursten,145.6
moerkhoej-parkalle-14e-2860-soeborg-01590596_14e_______,Rækkehus,Family Sale,17-06-2017,Familie handel,17-06-2017,2.000.000,3,Mørkhøj Parkalle 14E,Søborg,2,Fjernvarme/blokvarme,/adresse/moerkhoej-parkalle-14e-2860-soeborg-01590596_14e_______,147.0,2860.0,Tegl,5.0,boligsiden,https://www.boligsiden.dk/adresse/moerkhoej-parkalle-14e-2860-soeborg-01590596_14e_______,Mursten,145.6
moerkhoej-parkalle-14e-2860-soeborg-01590596_14e_______,Rækkehus,Free Sale,27-01-2005,Fri handel,27-01-2005,2.489.051,3,Mørkhøj Parkalle 14E,Søborg,2,Fjernvarme/blokvarme,/adresse/moerkhoej-parkalle-14e-2860-soeborg-01590596_14e_______,147.0,2860.0,Tegl,5.0,boligsiden,https://www.boligsiden.dk/adresse/moerkhoej-parkalle-14e-2860-soeborg-01590596_14e_______,Mursten,145.6
kaermysse-16-2830-virum-01730484__16_______,Rækkehus,Free Sale,17-03-2025,Fri handel,17-03-2025,6.995.000,2,Kærmysse 16,Virum,1,Centralvarme med én fyringsenhed,/adresse/kaermysse-16-2830-virum-01730484__16_______,97.0,2830.0,Tagpap med stor hældning,3.0,boligsiden,https://www.boligsiden.dk/adresse/kaermysse-16-2830-virum-01730484__16_______,Mursten,98.5
kaermysse-16-2830-virum-01730484__16_______,Rækkehus,Free Sale,21-09-2015,Fri handel,21-09-2015,4.500.000,2,Kærmysse 16,Virum,1,Centralvarme med én fyringsenhed,/adresse/kaermysse-16-2830-virum-01730484__16_______,97.0,2830.0,Tagpap med stor hældning,3.0,boligsiden,https://www.boligsiden.dk/adresse/kaermysse-16-2830-virum-01730484__16_______,Mursten,98.5
wienerbyen-27-2830-virum-01730850__27_______,Villa,Free Sale,17-03-2025,Fri handel,17-03-2025,10.500.000,2,Wienerbyen 27,Virum,1,Centralvarme med én fyringsenhed,/adresse/wienerbyen-27-2830-virum-01730850__27_______,190.0,2830.0,Tagpap med stor hældning,5.0,boligsiden,https://www.boligsiden.dk/adresse/wienerbyen-27-2830-virum-01730850__27_______,Mursten,209.5
wienerbyen-27-2830-virum-01730850__27_______,Villa,Free Sale,20-12-2012,Fri handel,20-12-2012,2.100.000,2,Wienerbyen 27,Virum,1,Centralvarme med én fyringsenhed,/adresse/wienerbyen-27-2830-virum-01730850__27_______,190.0,2830.0,Tagpap med stor hældning,5.0,boligsiden,https://www.boligsiden.dk/adresse/wienerbyen-27-2830-virum-01730850__27_______,Mursten,209.5
lauggaards-alle-8-0-tv-2860-soeborg-01590498___8_st__tv,Ejerlejlighed,Free Sale,17-03-2025,Fri handel,17-03-2025,2.945.000,3,"Lauggårds Alle 8, st. tv.",Søborg,1,Fjernvarme/blokvarme,/adresse/lauggaards-alle-8-0-tv-2860-soeborg-01590498___8_st__tv,76.0,2860.0,Tegl,4.0,boligsiden,https://www.boligsiden.dk/adresse/lauggaards-alle-8-0-tv-2860-soeborg-01590498___8_st__tv,Mursten,Ikke oplyst
lauggaards-alle-8-0-tv-2860-soeborg-01590498___8_st__tv,Ejerlejlighed,Free Sale,30-10-2017,Fri handel,30-10-2017,2.075.000,3,"Lauggårds Alle 8, st. tv.",Søborg,1,Fjernvarme/blokvarme,/adresse/lauggaards-alle-8-0-tv-2860-soeborg-01590498___8_st__tv,76.0,2860.0,Tegl,4.0,boligsiden,https://www.boligsiden.dk/adresse/lauggaards-alle-8-0-tv-2860-soeborg-01590498___8_st__tv,Mursten,Ikke oplyst
lauggaards-alle-8-0-tv-2860-soeborg-01590498___8_st__tv,Ejerlejlighed,Free Sale,30-10-2017,Fri handel,30-10-2017,2.075.000,3,"Lauggårds Alle 8, st. tv.",Søborg,1,Fjernvarme/blokvarme,/adresse/lauggaards-alle-8-0-tv-2860-soeborg-01590498___8_st__tv,76.0,2860.0,Tegl,4.0,boligsiden,https://www.boligsiden.dk/adresse/lauggaards-alle-8-0-tv-2860-soeborg-01590498___8_st__tv,Mursten,Ikke oplyst
mellemvej-23-2750-ballerup-01510769__23_______,Villa,Free Sale,17-03-2025,Fri handel,17-03-2025,7.000.000,3,Mellemvej 23,Ballerup,1,Centralvarme med én fyringsenhed,/adresse/mellemvej-23-2750-ballerup-01510769__23_______,198.0,2750.0,Tagpap med stor hældning,7.0,boligsiden,https://www.boligsiden.dk/adresse/mellemvej-23-2750-ballerup-01510769__23_______,Letbetonsten,206.55
mellemvej-23-2750-ballerup-01510769__23_______,Villa,Family Sale,04-12-2019,Familie handel,04-12-2019,1.083.750,3,Mellemvej 23,Ballerup,1,Centralvarme med én fyringsenhed,/adresse/mellemvej-23-2750-ballerup-01510769__23_______,198.0,2750.0,Tagpap med stor hældning,7.0,boligsiden,https://www.boligsiden.dk/adresse/mellemvej-23-2750-ballerup-01510769__23_______,Letbetonsten,206.55
mellemvej-23-2750-ballerup-01510769__23_______,Villa,Family Sale,27-04-2019,Familie handel,27-04-2019,1.083.750,3,Mellemvej 23,Ballerup,1,Centralvarme med én fyringsenhed,/adresse/mellemvej-23-2750-ballerup-01510769__23_______,198.0,2750.0,Tagpap med stor hældning,7.0,boligsiden,https://www.boligsiden.dk/adresse/mellemvej-23-2750-ballerup-01510769__23_______,Letbetonsten,206.55
hvidovrevej-97f-2650-hvidovre-01674032_97f_______,Rækkehus,Free Sale,16-03-2025,Fri handel,16-03-2025,4.495.000,3,Hvidovrevej 97F,Hvidovre,2,Fjernvarme/blokvarme,/adresse/hvidovrevej-97f-2650-hvidovre-01674032_97f_______,128.0,2650.0,Betontagsten,4.0,boligsiden,https://www.boligsiden.dk/adresse/hvidovrevej-97f-2650-hvidovre-01674032_97f_______,Mursten,Ikke oplyst
hvidovrevej-97f-2650-hvidovre-01674032_97f_______,Rækkehus,Free Sale,11-03-2013,Fri handel,11-03-2013,2.425.000,3,Hvidovrevej 97F,Hvidovre,2,Fjernvarme/blokvarme,/adresse/hvidovrevej-97f-2650-hvidovre-01674032_97f_______,128.0,2650.0,Betontagsten,4.0,boligsiden,https://www.boligsiden.dk/adresse/hvidovrevej-97f-2650-hvidovre-01674032_97f_______,Mursten,Ikke oplyst
hvidovrevej-97f-2650-hvidovre-01674032_97f_______,Rækkehus,Free Sale,28-01-1998,Fri handel,28-01-1998,1.128.080,3,Hvidovrevej 97F,Hvidovre,2,Fjernvarme/blokvarme,/adresse/hvidovrevej-97f-2650-hvidovre-01674032_97f_______,128.0,2650.0,Betontagsten,4.0,boligsiden,https://www.boligsiden.dk/adresse/hvidovrevej-97f-2650-hvidovre-01674032_97f_______,Mursten,Ikke oplyst
klintemarken-14a-2860-soeborg-01590425_14a_______,Rækkehus,Free Sale,16-03-2025,Fri handel,16-03-2025,3.125.000,2,Klintemarken 14A,Søborg,1,Centralvarme med én fyringsenhed,/adresse/klintemarken-14a-2860-soeborg-01590425_14a_______,70.0,2860.0,Betontagsten,3.0,boligsiden,https://www.boligsiden.dk/adresse/klintemarken-14a-2860-soeborg-01590425_14a_______,Mursten,Ikke oplyst
klintemarken-14a-2860-soeborg-01590425_14a_______,Rækkehus,Free Sale,01-10-2001,Fri handel,01-10-2001,1.279.000,2,Klintemarken 14A,Søborg,1,Centralvarme med én fyringsenhed,/adresse/klintemarken-14a-2860-soeborg-01590425_14a_______,70.0,2860.0,Betontagsten,3.0,boligsiden,https://www.boligsiden.dk/adresse/klintemarken-14a-2860-soeborg-01590425_14a_______,Mursten,Ikke oplyst
rytterhusene-41-2620-albertslund-01650427__41_______,Rækkehus,Free Sale,16-03-2025,Fri handel,16-03-2025,3.052.000,3,Rytterhusene 41,Albertslund,2,Fjernvarme/blokvarme,/adresse/rytterhusene-41-2620-albertslund-01650427__41_______,108.0,2620.0,Tagpap med lille hældning,4.0,boligsiden,https://www.boligsiden.dk/adresse/rytterhusene-41-2620-albertslund-01650427__41_______,Betonelementer,130.6
rytterhusene-41-2620-albertslund-01650427__41_______,Rækkehus,Free Sale,09-09-2017,Fri handel,09-09-2017,2.298.000,3,Rytterhusene 41,Albertslund,2,Fjernvarme/blokvarme,/adresse/rytterhusene-41-2620-albertslund-01650427__41_______,108.0,2620.0,Tagpap med lille hældning,4.0,boligsiden,https://www.boligsiden.dk/adresse/rytterhusene-41-2620-albertslund-01650427__41_______,Betonelementer,130.6
rytterhusene-41-2620-albertslund-01650427__41_______,Rækkehus,Free Sale,02-04-2000,Fri handel,02-04-2000,1.185.000,3,Rytterhusene 41,Albertslund,2,Fjernvarme/blokvarme,/adresse/rytterhusene-41-2620-albertslund-01650427__41_______,108.0,2620.0,Tagpap med lille hældning,4.0,boligsiden,https://www.boligsiden.dk/adresse/rytterhusene-41-2620-albertslund-01650427__41_______,Betonelementer,130.6
skovlunde-byvej-78-2740-skovlunde-01510656__78_______,Villa,Free Sale,16-03-2025,Fri handel,16-03-2025,3.450.000,1,Skovlunde Byvej 78,Skovlunde,1,Centralvarme med én fyringsenhed,/adresse/skovlunde-byvej-78-2740-skovlunde-01510656__78_______,85.0,2740.0,Tegl,3.0,boligsiden,https://www.boligsiden.dk/adresse/skovlunde-byvej-78-2740-skovlunde-01510656__78_______,Mursten,126
gjoerlingsvej-6-2900-hellerup-01570282___6_______,Villa,Free Sale,16-03-2025,Fri handel,16-03-2025,19.000.000,2,Gjørlingsvej 6,Hellerup,1,Fjernvarme/blokvarme,/adresse/gjoerlingsvej-6-2900-hellerup-01570282___6_______,210.0,2900.0,Tegl,8.0,boligsiden,https://www.boligsiden.dk/adresse/gjoerlingsvej-6-2900-hellerup-01570282___6_______,Mursten,227.85
gjoerlingsvej-6-2900-hellerup-01570282___6_______,Villa,Free Sale,30-04-2019,Fri handel,30-04-2019,9.300.000,2,Gjørlingsvej 6,Hellerup,1,Fjernvarme/blokvarme,/adresse/gjoerlingsvej-6-2900-hellerup-01570282___6_______,210.0,2900.0,Tegl,8.0,boligsiden,https://www.boligsiden.dk/adresse/gjoerlingsvej-6-2900-hellerup-01570282___6_______,Mursten,227.85
froedings-alle-9-1-tv-2860-soeborg-01590195___9__1__tv,Ejerlejlighed,Free Sale,16-03-2025,Fri handel,16-03-2025,1.560.000,3,"Frødings Alle 9, 1. tv.",Søborg,1,Centralvarme med én fyringsenhed,/adresse/froedings-alle-9-1-tv-2860-soeborg-01590195___9__1__tv,46.0,2860.0,Tagpap med stor hældning,2.0,boligsiden,https://www.boligsiden.dk/adresse/froedings-alle-9-1-tv-2860-soeborg-01590195___9__1__tv,Mursten,Ikke oplyst
froedings-alle-9-1-tv-2860-soeborg-01590195___9__1__tv,Ejerlejlighed,Free Sale,04-02-2020,Fri handel,04-02-2020,1.400.000,3,"Frødings Alle 9, 1. tv.",Søborg,1,Centralvarme med én fyringsenhed,/adresse/froedings-alle-9-1-tv-2860-soeborg-01590195___9__1__tv,46.0,2860.0,Tagpap med stor hældning,2.0,boligsiden,https://www.boligsiden.dk/adresse/froedings-alle-9-1-tv-2860-soeborg-01590195___9__1__tv,Mursten,Ikke oplyst
rosmosevej-49-2650-hvidovre-01676929__49_______,Villa,Free Sale,16-03-2025,Fri handel,16-03-2025,4.295.000,1,Rosmosevej 49,Hvidovre,1,Centralvarme med én fyringsenhed,/adresse/rosmosevej-49-2650-hvidovre-01676929__49_______,115.0,2650.0,Betontagsten,3.0,boligsiden,https://www.boligsiden.dk/adresse/rosmosevej-49-2650-hvidovre-01676929__49_______,Mursten,128.55
pagteroldvej-12-2650-hvidovre-01676302__12_______,Villa,Family Sale,16-03-2025,Familie handel,16-03-2025,1.756.400,2,Pagteroldvej 12,Hvidovre,1,Centralvarme med én fyringsenhed,/adresse/pagteroldvej-12-2650-hvidovre-01676302__12_______,192.0,2650.0,Tegl,4.0,boligsiden,https://www.boligsiden.dk/adresse/pagteroldvej-12-2650-hvidovre-01676302__12_______,Mursten,185.1
pagteroldvej-12-2650-hvidovre-01676302__12_______,Villa,Free Sale,09-03-1999,Fri handel,09-03-1999,1.275.940,2,Pagteroldvej 12,Hvidovre,1,Centralvarme med én fyringsenhed,/adresse/pagteroldvej-12-2650-hvidovre-01676302__12_______,192.0,2650.0,Tegl,4.0,boligsiden,https://www.boligsiden.dk/adresse/pagteroldvej-12-2650-hvidovre-01676302__12_______,Mursten,185.1
toftemosevej-5-2650-hvidovre-01678781___5_______,Villa,Free Sale,15-03-2025,Fri handel,15-03-2025,5.850.000,3,Toftemosevej 5,Hvidovre,1,Centralvarme med én fyringsenhed,/adresse/toftemosevej-5-2650-hvidovre-01678781___5_______,142.0,2650.0,Fibercement herunder asbest,5.0,boligsiden,https://www.boligsiden.dk/adresse/toftemosevej-5-2650-hvidovre-01678781___5_______,Mursten,175.4
toftemosevej-5-2650-hvidovre-01678781___5_______,Villa,Free Sale,11-12-2021,Fri handel,11-12-2021,5.750.000,3,Toftemosevej 5,Hvidovre,1,Centralvarme med én fyringsenhed,/adresse/toftemosevej-5-2650-hvidovre-01678781___5_______,142.0,2650.0,Fibercement herunder asbest,5.0,boligsiden,https://www.boligsiden.dk/adresse/toftemosevej-5-2650-hvidovre-01678781___5_______,Mursten,175.4
toftemosevej-5-2650-hvidovre-01678781___5_______,Villa,Free Sale,01-10-2020,Fri handel,01-10-2020,4.525.000,3,Toftemosevej 5,Hvidovre,1,Centralvarme med én fyringsenhed,/adresse/toftemosevej-5-2650-hvidovre-01678781___5_______,142.0,2650.0,Fibercement herunder asbest,5.0,boligsiden,https://www.boligsiden.dk/adresse/toftemosevej-5-2650-hvidovre-01678781___5_______,Mursten,175.4
hjortekaersvej-147b-2800-kongens-lyngby-01730338147b_______,Villa,Free Sale,15-03-2025,Fri handel,15-03-2025,6.900.000,1,Hjortekærsvej 147B,Kongens Lyngby,1,Centralvarme med én fyringsenhed,/adresse/hjortekaersvej-147b-2800-kongens-lyngby-01730338147b_______,136.0,2800.0,Fibercement herunder asbest,5.0,boligsiden,https://www.boligsiden.dk/adresse/hjortekaersvej-147b-2800-kongens-lyngby-01730338147b_______,Mursten,141.25
frederiksdalsvej-12b-2-tv-2830-virum-01730229_12b__2__tv,Ejerlejlighed,Free Sale,15-03-2025,Fri handel,15-03-2025,1.895.000,3,"Frederiksdalsvej 12B, 2. tv.",Virum,1,Centralvarme med én fyringsenhed,/adresse/frederiksdalsvej-12b-2-tv-2830-virum-01730229_12b__2__tv,59.0,2830.0,Fibercement herunder asbest,2.0,boligsiden,https://www.boligsiden.dk/adresse/frederiksdalsvej-12b-2-tv-2830-virum-01730229_12b__2__tv,Mursten,Ikke oplyst
frederiksdalsvej-12b-2-tv-2830-virum-01730229_12b__2__tv,Ejerlejlighed,Free Sale,30-03-2021,Fri handel,30-03-2021,1.699.000,3,"Frederiksdalsvej 12B, 2. tv.",Virum,1,Centralvarme med én fyringsenhed,/adresse/frederiksdalsvej-12b-2-tv-2830-virum-01730229_12b__2__tv,59.0,2830.0,Fibercement herunder asbest,2.0,boligsiden,https://www.boligsiden.dk/adresse/frederiksdalsvej-12b-2-tv-2830-virum-01730229_12b__2__tv,Mursten,Ikke oplyst
frederiksdalsvej-12b-2-tv-2830-virum-01730229_12b__2__tv,Ejerlejlighed,Free Sale,02-03-2012,Fri handel,02-03-2012,870.000,3,"Frederiksdalsvej 12B, 2. tv.",Virum,1,Centralvarme med én fyringsenhed,/adresse/frederiksdalsvej-12b-2-tv-2830-virum-01730229_12b__2__tv,59.0,2830.0,Fibercement herunder asbest,2.0,boligsiden,https://www.boligsiden.dk/adresse/frederiksdalsvej-12b-2-tv-2830-virum-01730229_12b__2__tv,Mursten,Ikke oplyst
vejlebrovej-75-3-303-2635-ishoej-01830850__75__3_303,Ejerlejlighed,Free Sale,15-03-2025,Fri handel,15-03-2025,2.195.000,3,"Vejlebrovej 75, 3. 303.",Ishøj,1,Fjernvarme/blokvarme,/adresse/vejlebrovej-75-3-303-2635-ishoej-01830850__75__3_303,88.0,2635.0,Tagpap med lille hældning,3.0,boligsiden,https://www.boligsiden.dk/adresse/vejlebrovej-75-3-303-2635-ishoej-01830850__75__3_303,Mursten,Ikke oplyst
vejlebrovej-75-3-303-2635-ishoej-01830850__75__3_303,Ejerlejlighed,Free Sale,06-11-2005,Fri handel,06-11-2005,1.650.000,3,"Vejlebrovej 75, 3. 303.",Ishøj,1,Fjernvarme/blokvarme,/adresse/vejlebrovej-75-3-303-2635-ishoej-01830850__75__3_303,88.0,2635.0,Tagpap med lille hældning,3.0,boligsiden,https://www.boligsiden.dk/adresse/vejlebrovej-75-3-303-2635-ishoej-01830850__75__3_303,Mursten,Ikke oplyst
vejlebrovej-75-3-303-2635-ishoej-01830850__75__3_303,Ejerlejlighed,Free Sale,15-11-2001,Fri handel,15-11-2001,1.181.774,3,"Vejlebrovej 75, 3. 303.",Ishøj,1,Fjernvarme/blokvarme,/adresse/vejlebrovej-75-3-303-2635-ishoej-01830850__75__3_303,88.0,2635.0,Tagpap med lille hældning,3.0,boligsiden,https://www.boligsiden.dk/adresse/vejlebrovej-75-3-303-2635-ishoej-01830850__75__3_303,Mursten,Ikke oplyst
gildbrovej-51-1-192-2635-ishoej-01830205__51__1_192,Ejerlejlighed,Free Sale,15-03-2025,Fri handel,15-03-2025,1.510.000,3,"Gildbrovej 51, 1. 192.",Ishøj,1,Fjernvarme/blokvarme,/adresse/gildbrovej-51-1-192-2635-ishoej-01830205__51__1_192,56.0,2635.0,Tagpap med lille hældning,2.0,boligsiden,https://www.boligsiden.dk/adresse/gildbrovej-51-1-192-2635-ishoej-01830205__51__1_192,Mursten,Ikke oplyst
gildbrovej-51-1-192-2635-ishoej-01830205__51__1_192,Ejerlejlighed,Free Sale,18-06-2013,Fri handel,18-06-2013,720.000,3,"Gildbrovej 51, 1. 192.",Ishøj,1,Fjernvarme/blokvarme,/adresse/gildbrovej-51-1-192-2635-ishoej-01830205__51__1_192,56.0,2635.0,Tagpap med lille hældning,2.0,boligsiden,https://www.boligsiden.dk/adresse/gildbrovej-51-1-192-2635-ishoej-01830205__51__1_192,Mursten,Ikke oplyst
gildbrovej-51-1-192-2635-ishoej-01830205__51__1_192,Ejerlejlighed,Free Sale,23-11-1999,Fri handel,23-11-1999,294.900,3,"Gildbrovej 51, 1. 192.",Ishøj,1,Fjernvarme/blokvarme,/adresse/gildbrovej-51-1-192-2635-ishoej-01830205__51__1_192,56.0,2635.0,Tagpap med lille hældning,2.0,boligsiden,https://www.boligsiden.dk/adresse/gildbrovej-51-1-192-2635-ishoej-01830205__51__1_192,Mursten,Ikke oplyst
strandvejen-323-1-tv-2920-charlottenlund-01570802_323__1__tv,Ejerlejlighed,Free Sale,15-03-2025,Fri handel,15-03-2025,7.400.000,3,"Strandvejen 323, 1. tv.",Charlottenlund,1,Centralvarme med én fyringsenhed,/adresse/strandvejen-323-1-tv-2920-charlottenlund-01570802_323__1__tv,83.0,2920.0,Andet materiale,3.0,boligsiden,https://www.boligsiden.dk/adresse/strandvejen-323-1-tv-2920-charlottenlund-01570802_323__1__tv,Mursten,Ikke oplyst
strandvejen-323-1-tv-2920-charlottenlund-01570802_323__1__tv,Ejerlejlighed,Free Sale,16-11-2017,Fri handel,16-11-2017,5.150.000,3,"Strandvejen 323, 1. tv.",Charlottenlund,1,Centralvarme med én fyringsenhed,/adresse/strandvejen-323-1-tv-2920-charlottenlund-01570802_323__1__tv,83.0,2920.0,Andet materiale,3.0,boligsiden,https://www.boligsiden.dk/adresse/strandvejen-323-1-tv-2920-charlottenlund-01570802_323__1__tv,Mursten,Ikke oplyst
strandvejen-323-1-tv-2920-charlottenlund-01570802_323__1__tv,Ejerlejlighed,Free Sale,19-06-2006,Fri handel,19-06-2006,4.495.000,3,"Strandvejen 323, 1. tv.",Charlottenlund,1,Centralvarme med én fyringsenhed,/adresse/strandvejen-323-1-tv-2920-charlottenlund-01570802_323__1__tv,83.0,2920.0,Andet materiale,3.0,boligsiden,https://www.boligsiden.dk/adresse/strandvejen-323-1-tv-2920-charlottenlund-01570802_323__1__tv,Mursten,Ikke oplyst
vejlebrovej-80-3-tv-2635-ishoej-01830850__80__3__tv,Ejerlejlighed,Free Sale,14-03-2025,Fri handel,14-03-2025,1.885.000,1,"Vejlebrovej 80, 3. tv.",Ishøj,1,Fjernvarme/blokvarme,/adresse/vejlebrovej-80-3-tv-2635-ishoej-01830850__80__3__tv,76.0,2635.0,Tagpap med lille hældning,2.0,boligsiden,https://www.boligsiden.dk/adresse/vejlebrovej-80-3-tv-2635-ishoej-01830850__80__3__tv,Betonelementer,Ikke oplyst
virum-stationsvej-141e-1-tv-2830-virum-01730869141e__1__tv,Ejerlejlighed,Free Sale,14-03-2025,Fri handel,14-03-2025,1.870.000,3,"Virum Stationsvej 141E, 1. tv.",Virum,1,Centralvarme med én fyringsenhed,/adresse/virum-stationsvej-141e-1-tv-2830-virum-01730869141e__1__tv,50.0,2830.0,Fibercement herunder asbest,2.0,boligsiden,https://www.boligsiden.dk/adresse/virum-stationsvej-141e-1-tv-2830-virum-01730869141e__1__tv,Mursten,Ikke oplyst
virum-stationsvej-141e-1-tv-2830-virum-01730869141e__1__tv,Ejerlejlighed,Free Sale,17-07-2019,Fri handel,17-07-2019,1.150.000,3,"Virum Stationsvej 141E, 1. tv.",Virum,1,Centralvarme med én fyringsenhed,/adresse/virum-stationsvej-141e-1-tv-2830-virum-01730869141e__1__tv,50.0,2830.0,Fibercement herunder asbest,2.0,boligsiden,https://www.boligsiden.dk/adresse/virum-stationsvej-141e-1-tv-2830-virum-01730869141e__1__tv,Mursten,Ikke oplyst
virum-stationsvej-141e-1-tv-2830-virum-01730869141e__1__tv,Ejerlejlighed,Free Sale,06-05-2010,Fri handel,06-05-2010,725.000,3,"Virum Stationsvej 141E, 1. tv.",Virum,1,Centralvarme med én fyringsenhed,/adresse/virum-stationsvej-141e-1-tv-2830-virum-01730869141e__1__tv,50.0,2830.0,Fibercement herunder asbest,2.0,boligsiden,https://www.boligsiden.dk/adresse/virum-stationsvej-141e-1-tv-2830-virum-01730869141e__1__tv,Mursten,Ikke oplyst
kraghave-parkvej-4-2630-taastrup-01694060___4_______,Villa,Free Sale,14-03-2025,Fri handel,14-03-2025,4.525.000,3,Kraghave Parkvej 4,Taastrup,1,Fjernvarme/blokvarme,/adresse/kraghave-parkvej-4-2630-taastrup-01694060___4_______,187.0,2630.0,Betontagsten,6.0,boligsiden,https://www.boligsiden.dk/adresse/kraghave-parkvej-4-2630-taastrup-01694060___4_______,Mursten,183.35
kraghave-parkvej-4-2630-taastrup-01694060___4_______,Villa,Free Sale,28-03-2022,Fri handel,28-03-2022,4.935.000,3,Kraghave Parkvej 4,Taastrup,1,Fjernvarme/blokvarme,/adresse/kraghave-parkvej-4-2630-taastrup-01694060___4_______,187.0,2630.0,Betontagsten,6.0,boligsiden,https://www.boligsiden.dk/adresse/kraghave-parkvej-4-2630-taastrup-01694060___4_______,Mursten,183.35
kraghave-parkvej-4-2630-taastrup-01694060___4_______,Villa,Free Sale,08-08-1999,Fri handel,08-08-1999,1.794.971,3,Kraghave Parkvej 4,Taastrup,1,Fjernvarme/blokvarme,/adresse/kraghave-parkvej-4-2630-taastrup-01694060___4_______,187.0,2630.0,Betontagsten,6.0,boligsiden,https://www.boligsiden.dk/adresse/kraghave-parkvej-4-2630-taastrup-01694060___4_______,Mursten,183.35
hedekaeret-18-1-th-2640-hedehusene-01692652__18__1__th,Ejerlejlighed,Free Sale,14-03-2025,Fri handel,14-03-2025,1.695.000,3,"Hedekæret 18, 1. th.",Hedehusene,1,Fjernvarme/blokvarme,/adresse/hedekaeret-18-1-th-2640-hedehusene-01692652__18__1__th,73.0,2640.0,Fibercement herunder asbest,3.0,boligsiden,https://www.boligsiden.dk/adresse/hedekaeret-18-1-th-2640-hedehusene-01692652__18__1__th,Mursten,Ikke oplyst
hedekaeret-18-1-th-2640-hedehusene-01692652__18__1__th,Ejerlejlighed,Free Sale,01-05-2022,Fri handel,01-05-2022,1.600.000,3,"Hedekæret 18, 1. th.",Hedehusene,1,Fjernvarme/blokvarme,/adresse/hedekaeret-18-1-th-2640-hedehusene-01692652__18__1__th,73.0,2640.0,Fibercement herunder asbest,3.0,boligsiden,https://www.boligsiden.dk/adresse/hedekaeret-18-1-th-2640-hedehusene-01692652__18__1__th,Mursten,Ikke oplyst
hedekaeret-18-1-th-2640-hedehusene-01692652__18__1__th,Ejerlejlighed,Free Sale,23-01-2011,Fri handel,23-01-2011,1.135.000,3,"Hedekæret 18, 1. th.",Hedehusene,1,Fjernvarme/blokvarme,/adresse/hedekaeret-18-1-th-2640-hedehusene-01692652__18__1__th,73.0,2640.0,Fibercement herunder asbest,3.0,boligsiden,https://www.boligsiden.dk/adresse/hedekaeret-18-1-th-2640-hedehusene-01692652__18__1__th,Mursten,Ikke oplyst
baunevej-38-2630-taastrup-01690324__38_______,Rækkehus,Free Sale,14-03-2025,Fri handel,14-03-2025,3.300.000,3,Baunevej 38,Taastrup,1,Fjernvarme/blokvarme,/adresse/baunevej-38-2630-taastrup-01690324__38_______,107.0,2630.0,Fibercement herunder asbest,4.0,boligsiden,https://www.boligsiden.dk/adresse/baunevej-38-2630-taastrup-01690324__38_______,Betonelementer,109.75
baunevej-38-2630-taastrup-01690324__38_______,Rækkehus,Free Sale,08-12-2020,Fri handel,08-12-2020,2.880.000,3,Baunevej 38,Taastrup,1,Fjernvarme/blokvarme,/adresse/baunevej-38-2630-taastrup-01690324__38_______,107.0,2630.0,Fibercement herunder asbest,4.0,boligsiden,https://www.boligsiden.dk/adresse/baunevej-38-2630-taastrup-01690324__38_______,Betonelementer,109.75
baunevej-38-2630-taastrup-01690324__38_______,Rækkehus,Free Sale,31-10-2013,Fri handel,31-10-2013,2.000.000,3,Baunevej 38,Taastrup,1,Fjernvarme/blokvarme,/adresse/baunevej-38-2630-taastrup-01690324__38_______,107.0,2630.0,Fibercement herunder asbest,4.0,boligsiden,https://www.boligsiden.dk/adresse/baunevej-38-2630-taastrup-01690324__38_______,Betonelementer,109.75
blokhus-alle-8-2660-broendby-strand-01530031___8_______,Villa,Free Sale,14-03-2025,Fri handel,14-03-2025,4.425.000,3,Blokhus Allé 8,Brøndby Strand,1,Centralvarme med én fyringsenhed,/adresse/blokhus-alle-8-2660-broendby-strand-01530031___8_______,112.0,2660.0,Tagpap med stor hældning,4.0,boligsiden,https://www.boligsiden.dk/adresse/blokhus-alle-8-2660-broendby-strand-01530031___8_______,Mursten,114.05
blokhus-alle-8-2660-broendby-strand-01530031___8_______,Villa,Free Sale,07-09-2018,Fri handel,07-09-2018,3.075.000,3,Blokhus Allé 8,Brøndby Strand,1,Centralvarme med én fyringsenhed,/adresse/blokhus-alle-8-2660-broendby-strand-01530031___8_______,112.0,2660.0,Tagpap med stor hældning,4.0,boligsiden,https://www.boligsiden.dk/adresse/blokhus-alle-8-2660-broendby-strand-01530031___8_______,Mursten,114.05
blokhus-alle-8-2660-broendby-strand-01530031___8_______,Villa,Free Sale,11-11-2014,Fri handel,11-11-2014,2.770.000,3,Blokhus Allé 8,Brøndby Strand,1,Centralvarme med én fyringsenhed,/adresse/blokhus-alle-8-2660-broendby-strand-01530031___8_______,112.0,2660.0,Tagpap med stor hældning,4.0,boligsiden,https://www.boligsiden.dk/adresse/blokhus-alle-8-2660-broendby-strand-01530031___8_______,Mursten,114.05
bystedparken-20-2660-broendby-strand-01530104__20_______,Rækkehus,Free Sale,14-03-2025,Fri handel,14-03-2025,3.200.000,2,Bystedparken 20,Brøndby Strand,1,Fjernvarme/blokvarme,/adresse/bystedparken-20-2660-broendby-strand-01530104__20_______,138.0,2660.0,Fibercement herunder asbest,4.0,boligsiden,https://www.boligsiden.dk/adresse/bystedparken-20-2660-broendby-strand-01530104__20_______,Mursten,135.25
bystedparken-20-2660-broendby-strand-01530104__20_______,Rækkehus,Family Sale,14-07-1993,Familie handel,14-07-1993,286.544,2,Bystedparken 20,Brøndby Strand,1,Fjernvarme/blokvarme,/adresse/bystedparken-20-2660-broendby-strand-01530104__20_______,138.0,2660.0,Fibercement herunder asbest,4.0,boligsiden,https://www.boligsiden.dk/adresse/bystedparken-20-2660-broendby-strand-01530104__20_______,Mursten,135.25
strandvejen-178a-2920-charlottenlund-01570802178a_______,Villa,Free Sale,14-03-2025,Fri handel,14-03-2025,23.000.000,1,,,,,,,,,,,,,
langkildevej-47-2650-hvidovre-01675306__47_______,Rækkehus,Free Sale,14-03-2025,Fri handel,14-03-2025,4.795.000,3,Langkildevej 47,Hvidovre,2,Fjernvarme/blokvarme,/adresse/langkildevej-47-2650-hvidovre-01675306__47_______,122.0,2650.0,Tagpap med lille hældning,5.0,boligsiden,https://www.boligsiden.dk/adresse/langkildevej-47-2650-hvidovre-01675306__47_______,Mursten,122.5
langkildevej-47-2650-hvidovre-01675306__47_______,Rækkehus,Other,16-05-2023,Andet,16-05-2023,1.900.000,3,Langkildevej 47,Hvidovre,2,Fjernvarme/blokvarme,/adresse/langkildevej-47-2650-hvidovre-01675306__47_______,122.0,2650.0,Tagpap med lille hældning,5.0,boligsiden,https://www.boligsiden.dk/adresse/langkildevej-47-2650-hvidovre-01675306__47_______,Mursten,122.5
langkildevej-47-2650-hvidovre-01675306__47_______,Rækkehus,Free Sale,21-04-2021,Fri handel,21-04-2021,3.995.000,3,Langkildevej 47,Hvidovre,2,Fjernvarme/blokvarme,/adresse/langkildevej-47-2650-hvidovre-01675306__47_______,122.0,2650.0,Tagpap med lille hældning,5.0,boligsiden,https://www.boligsiden.dk/adresse/langkildevej-47-2650-hvidovre-01675306__47_______,Mursten,122.5
aertemarken-107a-2860-soeborg-01590981107a_______,Rækkehus,Family Sale,14-03-2025,Familie handel,14-03-2025,4.200.000,1,Ærtemarken 107A,Søborg,1,Varmepumpe,/adresse/aertemarken-107a-2860-soeborg-01590981107a_______,135.0,2860.0,Fibercement herunder asbest,5.0,boligsiden,https://www.boligsiden.dk/adresse/aertemarken-107a-2860-soeborg-01590981107a_______,Mursten,143.25
bagsvaerd-hovedgade-99-8-c-2880-bagsvaerd-01590039__99__8___c,Ejerlejlighed,Free Sale,14-03-2025,Fri handel,14-03-2025,1.060.000,3,"Bagsværd Hovedgade 99, 8. c.",Bagsværd,1,Fjernvarme/blokvarme,/adresse/bagsvaerd-hovedgade-99-8-c-2880-bagsvaerd-01590039__99__8___c,48.0,2880.0,Tagpap med stor hældning,1.0,boligsiden,https://www.boligsiden.dk/adresse/bagsvaerd-hovedgade-99-8-c-2880-bagsvaerd-01590039__99__8___c,Betonelementer,Ikke oplyst
bagsvaerd-hovedgade-99-8-c-2880-bagsvaerd-01590039__99__8___c,Ejerlejlighed,Free Sale,30-09-2021,Fri handel,30-09-2021,1.150.000,3,"Bagsværd Hovedgade 99, 8. c.",Bagsværd,1,Fjernvarme/blokvarme,/adresse/bagsvaerd-hovedgade-99-8-c-2880-bagsvaerd-01590039__99__8___c,48.0,2880.0,Tagpap med stor hældning,1.0,boligsiden,https://www.boligsiden.dk/adresse/bagsvaerd-hovedgade-99-8-c-2880-bagsvaerd-01590039__99__8___c,Betonelementer,Ikke oplyst
bagsvaerd-hovedgade-99-8-c-2880-bagsvaerd-01590039__99__8___c,Ejerlejlighed,Family Sale,20-12-2019,Familie handel,20-12-2019,459.000,3,"Bagsværd Hovedgade 99, 8. c.",Bagsværd,1,Fjernvarme/blokvarme,/adresse/bagsvaerd-hovedgade-99-8-c-2880-bagsvaerd-01590039__99__8___c,48.0,2880.0,Tagpap med stor hældning,1.0,boligsiden,https://www.boligsiden.dk/adresse/bagsvaerd-hovedgade-99-8-c-2880-bagsvaerd-01590039__99__8___c,Betonelementer,Ikke oplyst
borgmester-joergensens-vej-9-2930-klampenborg-01570071___9_______,Villa,Free Sale,14-03-2025,Fri handel,14-03-2025,1.800.000,2,Borgmester Jørgensens Vej 9,Klampenborg,1,Centralvarme med én fyringsenhed,/adresse/borgmester-joergensens-vej-9-2930-klampenborg-01570071___9_______,195.0,2930.0,Fibercement herunder asbest,7.0,boligsiden,https://www.boligsiden.dk/adresse/borgmester-joergensens-vej-9-2930-klampenborg-01570071___9_______,Mursten,209
borgmester-joergensens-vej-9-2930-klampenborg-01570071___9_______,Villa,Free Sale,30-06-2023,Fri handel,30-06-2023,10.000.000,2,Borgmester Jørgensens Vej 9,Klampenborg,1,Centralvarme med én fyringsenhed,/adresse/borgmester-joergensens-vej-9-2930-klampenborg-01570071___9_______,195.0,2930.0,Fibercement herunder asbest,7.0,boligsiden,https://www.boligsiden.dk/adresse/borgmester-joergensens-vej-9-2930-klampenborg-01570071___9_______,Mursten,209
lindevangshusene-76-0-tv-2630-taastrup-01694520__76_st__tv,Ejerlejlighed,Free Sale,14-03-2025,Fri handel,14-03-2025,1.750.000,3,"Lindevangshusene 76, st. tv.",Taastrup,1,Fjernvarme/blokvarme,/adresse/lindevangshusene-76-0-tv-2630-taastrup-01694520__76_st__tv,67.0,2630.0,Betontagsten,2.0,boligsiden,https://www.boligsiden.dk/adresse/lindevangshusene-76-0-tv-2630-taastrup-01694520__76_st__tv,Mursten,Ikke oplyst
lindevangshusene-76-0-tv-2630-taastrup-01694520__76_st__tv,Ejerlejlighed,Free Sale,12-04-2005,Fri handel,12-04-2005,1.145.000,3,"Lindevangshusene 76, st. tv.",Taastrup,1,Fjernvarme/blokvarme,/adresse/lindevangshusene-76-0-tv-2630-taastrup-01694520__76_st__tv,67.0,2630.0,Betontagsten,2.0,boligsiden,https://www.boligsiden.dk/adresse/lindevangshusene-76-0-tv-2630-taastrup-01694520__76_st__tv,Mursten,Ikke oplyst
lindevangshusene-76-0-tv-2630-taastrup-01694520__76_st__tv,Ejerlejlighed,Free Sale,12-10-1993,Fri handel,12-10-1993,312.750,3,"Lindevangshusene 76, st. tv.",Taastrup,1,Fjernvarme/blokvarme,/adresse/lindevangshusene-76-0-tv-2630-taastrup-01694520__76_st__tv,67.0,2630.0,Betontagsten,2.0,boligsiden,https://www.boligsiden.dk/adresse/lindevangshusene-76-0-tv-2630-taastrup-01694520__76_st__tv,Mursten,Ikke oplyst
hedekaeret-12-1-th-2640-hedehusene-01692652__12__1__th,Ejerlejlighed,Free Sale,14-03-2025,Fri handel,14-03-2025,1.725.000,3,"Hedekæret 12, 1. th.",Hedehusene,1,Fjernvarme/blokvarme,/adresse/hedekaeret-12-1-th-2640-hedehusene-01692652__12__1__th,73.0,2640.0,Fibercement herunder asbest,3.0,boligsiden,https://www.boligsiden.dk/adresse/hedekaeret-12-1-th-2640-hedehusene-01692652__12__1__th,Mursten,Ikke oplyst
hedekaeret-12-1-th-2640-hedehusene-01692652__12__1__th,Ejerlejlighed,Family Sale,09-08-2021,Familie handel,09-08-2021,450.000,3,"Hedekæret 12, 1. th.",Hedehusene,1,Fjernvarme/blokvarme,/adresse/hedekaeret-12-1-th-2640-hedehusene-01692652__12__1__th,73.0,2640.0,Fibercement herunder asbest,3.0,boligsiden,https://www.boligsiden.dk/adresse/hedekaeret-12-1-th-2640-hedehusene-01692652__12__1__th,Mursten,Ikke oplyst
hedekaeret-12-1-th-2640-hedehusene-01692652__12__1__th,Ejerlejlighed,Free Sale,26-02-2018,Fri handel,26-02-2018,1.490.000,3,"Hedekæret 12, 1. th.",Hedehusene,1,Fjernvarme/blokvarme,/adresse/hedekaeret-12-1-th-2640-hedehusene-01692652__12__1__th,73.0,2640.0,Fibercement herunder asbest,3.0,boligsiden,https://www.boligsiden.dk/adresse/hedekaeret-12-1-th-2640-hedehusene-01692652__12__1__th,Mursten,Ikke oplyst
noerregaardsvej-148-2610-roedovre-01750614_148_______,Rækkehus,Free Sale,14-03-2025,Fri handel,14-03-2025,5.000.000,3,Nørregårdsvej 148,Rødovre,1,Centralvarme med én fyringsenhed,/adresse/noerregaardsvej-148-2610-roedovre-01750614_148_______,131.0,2610.0,Tegl,5.0,boligsiden,https://www.boligsiden.dk/adresse/noerregaardsvej-148-2610-roedovre-01750614_148_______,Mursten,160.3
noerregaardsvej-148-2610-roedovre-01750614_148_______,Rækkehus,Free Sale,19-03-2023,Fri handel,19-03-2023,4.195.000,3,Nørregårdsvej 148,Rødovre,1,Centralvarme med én fyringsenhed,/adresse/noerregaardsvej-148-2610-roedovre-01750614_148_______,131.0,2610.0,Tegl,5.0,boligsiden,https://www.boligsiden.dk/adresse/noerregaardsvej-148-2610-roedovre-01750614_148_______,Mursten,160.3
noerregaardsvej-148-2610-roedovre-01750614_148_______,Rækkehus,Free Sale,15-02-2022,Fri handel,15-02-2022,4.725.000,3,Nørregårdsvej 148,Rødovre,1,Centralvarme med én fyringsenhed,/adresse/noerregaardsvej-148-2610-roedovre-01750614_148_______,131.0,2610.0,Tegl,5.0,boligsiden,https://www.boligsiden.dk/adresse/noerregaardsvej-148-2610-roedovre-01750614_148_______,Mursten,160.3
gunnarsvej-2-2880-bagsvaerd-01590248___2_______,Rækkehus,Free Sale,14-03-2025,Fri handel,14-03-2025,4.200.000,1,Gunnarsvej 2,Bagsværd,1,Centralvarme med én fyringsenhed,/adresse/gunnarsvej-2-2880-bagsvaerd-01590248___2_______,110.0,2880.0,Tegl,5.0,boligsiden,https://www.boligsiden.dk/adresse/gunnarsvej-2-2880-bagsvaerd-01590248___2_______,Mursten,131
baldersvej-22-2635-ishoej-01830060__22_______,Villa,Free Sale,14-03-2025,Fri handel,14-03-2025,3.500.000,3,,,,,,,,,,,,,
baldersvej-22-2635-ishoej-01830060__22_______,Villa,Other,01-06-2022,Andet,01-06-2022,4.750.000,3,,,,,,,,,,,,,
baldersvej-22-2635-ishoej-01830060__22_______,Villa,Free Sale,23-06-2021,Fri handel,23-06-2021,4.750.000,3,,,,,,,,,,,,,
agerskovvej-19-2610-roedovre-01750007__19_______,Villa,Family Sale,14-03-2025,Familie handel,14-03-2025,2.900.000,2,Agerskovvej 19,Rødovre,1,Centralvarme med én fyringsenhed,/adresse/agerskovvej-19-2610-roedovre-01750007__19_______,130.0,2610.0,Tegl,6.0,boligsiden,https://www.boligsiden.dk/adresse/agerskovvej-19-2610-roedovre-01750007__19_______,Mursten,153
agerskovvej-19-2610-roedovre-01750007__19_______,Villa,Free Sale,08-05-2015,Fri handel,08-05-2015,2.995.000,2,Agerskovvej 19,Rødovre,1,Centralvarme med én fyringsenhed,/adresse/agerskovvej-19-2610-roedovre-01750007__19_______,130.0,2610.0,Tegl,6.0,boligsiden,https://www.boligsiden.dk/adresse/agerskovvej-19-2610-roedovre-01750007__19_______,Mursten,153
fyrrevang-47-2830-virum-01730262__47_______,Rækkehus,Free Sale,14-03-2025,Fri handel,14-03-2025,5.531.000,3,Fyrrevang 47,Virum,1,Centralvarme med én fyringsenhed,/adresse/fyrrevang-47-2830-virum-01730262__47_______,128.0,2830.0,Tegl,5.0,boligsiden,https://www.boligsiden.dk/adresse/fyrrevang-47-2830-virum-01730262__47_______,Mursten,136.5
fyrrevang-47-2830-virum-01730262__47_______,Rækkehus,Free Sale,14-03-2025,Fri handel,14-03-2025,5.531.000,3,Fyrrevang 47,Virum,1,Centralvarme med én fyringsenhed,/adresse/fyrrevang-47-2830-virum-01730262__47_______,128.0,2830.0,Tegl,5.0,boligsiden,https://www.boligsiden.dk/adresse/fyrrevang-47-2830-virum-01730262__47_______,Mursten,136.5
fyrrevang-47-2830-virum-01730262__47_______,Rækkehus,Free Sale,05-08-1995,Fri handel,05-08-1995,1.019.600,3,Fyrrevang 47,Virum,1,Centralvarme med én fyringsenhed,/adresse/fyrrevang-47-2830-virum-01730262__47_______,128.0,2830.0,Tegl,5.0,boligsiden,https://www.boligsiden.dk/adresse/fyrrevang-47-2830-virum-01730262__47_______,Mursten,136.5
fyrrevang-47-2830-virum-01730262__47_______,Rækkehus,Free Sale,05-08-1995,Fri handel,05-08-1995,1.019.600,3,Fyrrevang 47,Virum,1,Centralvarme med én fyringsenhed,/adresse/fyrrevang-47-2830-virum-01730262__47_______,128.0,2830.0,Tegl,5.0,boligsiden,https://www.boligsiden.dk/adresse/fyrrevang-47-2830-virum-01730262__47_______,Mursten,136.5
fyrrevang-47-2830-virum-01730262__47_______,Rækkehus,Family Sale,17-05-1994,Familie handel,17-05-1994,688.500,3,Fyrrevang 47,Virum,1,Centralvarme med én fyringsenhed,/adresse/fyrrevang-47-2830-virum-01730262__47_______,128.0,2830.0,Tegl,5.0,boligsiden,https://www.boligsiden.dk/adresse/fyrrevang-47-2830-virum-01730262__47_______,Mursten,136.5
fyrrevang-47-2830-virum-01730262__47_______,Rækkehus,Family Sale,17-05-1994,Familie handel,17-05-1994,688.500,3,Fyrrevang 47,Virum,1,Centralvarme med én fyringsenhed,/adresse/fyrrevang-47-2830-virum-01730262__47_______,128.0,2830.0,Tegl,5.0,boligsiden,https://www.boligsiden.dk/adresse/fyrrevang-47-2830-virum-01730262__47_______,Mursten,136.5
maglegaards-alle-142-2860-soeborg-01590538_142_______,Villa,Free Sale,14-03-2025,Fri handel,14-03-2025,6.950.000,1,Maglegårds Alle 142,Søborg,1,Centralvarme med én fyringsenhed,/adresse/maglegaards-alle-142-2860-soeborg-01590538_142_______,104.0,2860.0,Tegl,5.0,boligsiden,https://www.boligsiden.dk/adresse/maglegaards-alle-142-2860-soeborg-01590538_142_______,Mursten,146.8
fyrrevang-47-2830-virum-01730262__47_______,Rækkehus,Free Sale,14-03-2025,Fri handel,14-03-2025,5.531.000,3,Fyrrevang 47,Virum,1,Centralvarme med én fyringsenhed,/adresse/fyrrevang-47-2830-virum-01730262__47_______,128.0,2830.0,Tegl,5.0,boligsiden,https://www.boligsiden.dk/adresse/fyrrevang-47-2830-virum-01730262__47_______,Mursten,136.5
fyrrevang-47-2830-virum-01730262__47_______,Rækkehus,Free Sale,14-03-2025,Fri handel,14-03-2025,5.531.000,3,Fyrrevang 47,Virum,1,Centralvarme med én fyringsenhed,/adresse/fyrrevang-47-2830-virum-01730262__47_______,128.0,2830.0,Tegl,5.0,boligsiden,https://www.boligsiden.dk/adresse/fyrrevang-47-2830-virum-01730262__47_______,Mursten,136.5
fyrrevang-47-2830-virum-01730262__47_______,Rækkehus,Free Sale,05-08-1995,Fri handel,05-08-1995,1.019.600,3,Fyrrevang 47,Virum,1,Centralvarme med én fyringsenhed,/adresse/fyrrevang-47-2830-virum-01730262__47_______,128.0,2830.0,Tegl,5.0,boligsiden,https://www.boligsiden.dk/adresse/fyrrevang-47-2830-virum-01730262__47_______,Mursten,136.5
fyrrevang-47-2830-virum-01730262__47_______,Rækkehus,Free Sale,05-08-1995,Fri handel,05-08-1995,1.019.600,3,Fyrrevang 47,Virum,1,Centralvarme med én fyringsenhed,/adresse/fyrrevang-47-2830-virum-01730262__47_______,128.0,2830.0,Tegl,5.0,boligsiden,https://www.boligsiden.dk/adresse/fyrrevang-47-2830-virum-01730262__47_______,Mursten,136.5
fyrrevang-47-2830-virum-01730262__47_______,Rækkehus,Family Sale,17-05-1994,Familie handel,17-05-1994,688.500,3,Fyrrevang 47,Virum,1,Centralvarme med én fyringsenhed,/adresse/fyrrevang-47-2830-virum-01730262__47_______,128.0,2830.0,Tegl,5.0,boligsiden,https://www.boligsiden.dk/adresse/fyrrevang-47-2830-virum-01730262__47_______,Mursten,136.5
fyrrevang-47-2830-virum-01730262__47_______,Rækkehus,Family Sale,17-05-1994,Familie handel,17-05-1994,688.500,3,Fyrrevang 47,Virum,1,Centralvarme med én fyringsenhed,/adresse/fyrrevang-47-2830-virum-01730262__47_______,128.0,2830.0,Tegl,5.0,boligsiden,https://www.boligsiden.dk/adresse/fyrrevang-47-2830-virum-01730262__47_______,Mursten,136.5
kathrinebjergvej-22-2665-vallensbaek-strand-01873621__22_______,Villa,Free Sale,14-03-2025,Fri handel,14-03-2025,4.000.000,1,Kathrinebjergvej 22,Vallensbæk Strand,1,Centralvarme med én fyringsenhed,/adresse/kathrinebjergvej-22-2665-vallensbaek-strand-01873621__22_______,120.0,2665.0,Betontagsten,4.0,boligsiden,https://www.boligsiden.dk/adresse/kathrinebjergvej-22-2665-vallensbaek-strand-01873621__22_______,Mursten,125.8
vejlebrovej-20f-2635-ishoej-01830850_20f_______,Rækkehus,Free Sale,13-03-2025,Fri handel,13-03-2025,3.200.000,3,Vejlebrovej 20F,Ishøj,2,Centralvarme med én fyringsenhed,/adresse/vejlebrovej-20f-2635-ishoej-01830850_20f_______,138.0,2635.0,Fibercement herunder asbest,5.0,boligsiden,https://www.boligsiden.dk/adresse/vejlebrovej-20f-2635-ishoej-01830850_20f_______,Betonelementer,139.1
vejlebrovej-20f-2635-ishoej-01830850_20f_______,Rækkehus,Other,21-01-2014,Andet,21-01-2014,1.500.000,3,Vejlebrovej 20F,Ishøj,2,Centralvarme med én fyringsenhed,/adresse/vejlebrovej-20f-2635-ishoej-01830850_20f_______,138.0,2635.0,Fibercement herunder asbest,5.0,boligsiden,https://www.boligsiden.dk/adresse/vejlebrovej-20f-2635-ishoej-01830850_20f_______,Betonelementer,139.1
vejlebrovej-20f-2635-ishoej-01830850_20f_______,Rækkehus,Free Sale,20-03-2011,Fri handel,20-03-2011,1.885.000,3,Vejlebrovej 20F,Ishøj,2,Centralvarme med én fyringsenhed,/adresse/vejlebrovej-20f-2635-ishoej-01830850_20f_______,138.0,2635.0,Fibercement herunder asbest,5.0,boligsiden,https://www.boligsiden.dk/adresse/vejlebrovej-20f-2635-ishoej-01830850_20f_______,Betonelementer,139.1
sofielundsvej-14-0-th-2600-glostrup-01610427__14_st__th,Ejerlejlighed,Free Sale,13-03-2025,Fri handel,13-03-2025,1.700.000,3,"Sofielundsvej 14, st. th.",Glostrup,1,Fjernvarme/blokvarme,/adresse/sofielundsvej-14-0-th-2600-glostrup-01610427__14_st__th,50.0,2600.0,Tegl,2.0,boligsiden,https://www.boligsiden.dk/adresse/sofielundsvej-14-0-th-2600-glostrup-01610427__14_st__th,Mursten,Ikke oplyst
sofielundsvej-14-0-th-2600-glostrup-01610427__14_st__th,Ejerlejlighed,Free Sale,09-05-2019,Fri handel,09-05-2019,1.525.000,3,"Sofielundsvej 14, st. th.",Glostrup,1,Fjernvarme/blokvarme,/adresse/sofielundsvej-14-0-th-2600-glostrup-01610427__14_st__th,50.0,2600.0,Tegl,2.0,boligsiden,https://www.boligsiden.dk/adresse/sofielundsvej-14-0-th-2600-glostrup-01610427__14_st__th,Mursten,Ikke oplyst
sofielundsvej-14-0-th-2600-glostrup-01610427__14_st__th,Ejerlejlighed,Free Sale,23-12-2017,Fri handel,23-12-2017,1.650.000,3,"Sofielundsvej 14, st. th.",Glostrup,1,Fjernvarme/blokvarme,/adresse/sofielundsvej-14-0-th-2600-glostrup-01610427__14_st__th,50.0,2600.0,Tegl,2.0,boligsiden,https://www.boligsiden.dk/adresse/sofielundsvej-14-0-th-2600-glostrup-01610427__14_st__th,Mursten,Ikke oplyst
elmehusene-149-2600-glostrup-01650087_149_______,Rækkehus,Free Sale,13-03-2025,Fri handel,13-03-2025,2.800.000,3,Elmehusene 149,Glostrup,2,Fjernvarme/blokvarme,/adresse/elmehusene-149-2600-glostrup-01650087_149_______,96.0,2600.0,Fibercement herunder asbest,3.0,boligsiden,https://www.boligsiden.dk/adresse/elmehusene-149-2600-glostrup-01650087_149_______,Betonelementer,97.5
elmehusene-149-2600-glostrup-01650087_149_______,Rækkehus,Free Sale,05-06-2016,Fri handel,05-06-2016,2.170.000,3,Elmehusene 149,Glostrup,2,Fjernvarme/blokvarme,/adresse/elmehusene-149-2600-glostrup-01650087_149_______,96.0,2600.0,Fibercement herunder asbest,3.0,boligsiden,https://www.boligsiden.dk/adresse/elmehusene-149-2600-glostrup-01650087_149_______,Betonelementer,97.5
elmehusene-149-2600-glostrup-01650087_149_______,Rækkehus,Free Sale,11-08-2006,Fri handel,11-08-2006,2.100.000,3,Elmehusene 149,Glostrup,2,Fjernvarme/blokvarme,/adresse/elmehusene-149-2600-glostrup-01650087_149_______,96.0,2600.0,Fibercement herunder asbest,3.0,boligsiden,https://www.boligsiden.dk/adresse/elmehusene-149-2600-glostrup-01650087_149_______,Betonelementer,97.5
lindevangshusene-54-0-th-2630-taastrup-01694520__54_st__th,Ejerlejlighed,Free Sale,13-03-2025,Fri handel,13-03-2025,2.025.000,1,"Lindevangshusene 54, st. th.",Taastrup,1,Fjernvarme/blokvarme,/adresse/lindevangshusene-54-0-th-2630-taastrup-01694520__54_st__th,79.0,2630.0,Betontagsten,3.0,boligsiden,https://www.boligsiden.dk/adresse/lindevangshusene-54-0-th-2630-taastrup-01694520__54_st__th,Mursten,Ikke oplyst
nestors-alle-32-2650-hvidovre-01675974__32_______,Villa,Free Sale,13-03-2025,Fri handel,13-03-2025,5.975.000,1,Nestors Alle 32,Hvidovre,1,Centralvarme med én fyringsenhed,/adresse/nestors-alle-32-2650-hvidovre-01675974__32_______,171.0,2650.0,Fibercement herunder asbest,7.0,boligsiden,https://www.boligsiden.dk/adresse/nestors-alle-32-2650-hvidovre-01675974__32_______,Mursten,174.25
ordrupvej-67b-3-tv-2920-charlottenlund-01570622_67b__3__tv,Ejerlejlighed,Free Sale,13-03-2025,Fri handel,13-03-2025,2.900.000,3,"Ordrupvej 67B, 3. tv.",Charlottenlund,1,Fjernvarme/blokvarme,/adresse/ordrupvej-67b-3-tv-2920-charlottenlund-01570622_67b__3__tv,58.0,2920.0,Tegl,2.0,boligsiden,https://www.boligsiden.dk/adresse/ordrupvej-67b-3-tv-2920-charlottenlund-01570622_67b__3__tv,Mursten,Ikke oplyst
ordrupvej-67b-3-tv-2920-charlottenlund-01570622_67b__3__tv,Ejerlejlighed,Free Sale,12-11-2024,Fri handel,12-11-2024,2.000.000,3,"Ordrupvej 67B, 3. tv.",Charlottenlund,1,Fjernvarme/blokvarme,/adresse/ordrupvej-67b-3-tv-2920-charlottenlund-01570622_67b__3__tv,58.0,2920.0,Tegl,2.0,boligsiden,https://www.boligsiden.dk/adresse/ordrupvej-67b-3-tv-2920-charlottenlund-01570622_67b__3__tv,Mursten,Ikke oplyst
ordrupvej-67b-3-tv-2920-charlottenlund-01570622_67b__3__tv,Ejerlejlighed,Free Sale,21-12-2015,Fri handel,21-12-2015,1.425.000,3,"Ordrupvej 67B, 3. tv.",Charlottenlund,1,Fjernvarme/blokvarme,/adresse/ordrupvej-67b-3-tv-2920-charlottenlund-01570622_67b__3__tv,58.0,2920.0,Tegl,2.0,boligsiden,https://www.boligsiden.dk/adresse/ordrupvej-67b-3-tv-2920-charlottenlund-01570622_67b__3__tv,Mursten,Ikke oplyst
tranehusene-64-2620-albertslund-01650536__64_______,Rækkehus,Free Sale,13-03-2025,Fri handel,13-03-2025,3.000.000,3,Tranehusene 64,Albertslund,2,Fjernvarme/blokvarme,/adresse/tranehusene-64-2620-albertslund-01650536__64_______,108.0,2620.0,Tagpap med lille hældning,5.0,boligsiden,https://www.boligsiden.dk/adresse/tranehusene-64-2620-albertslund-01650536__64_______,Betonelementer,130.95
tranehusene-64-2620-albertslund-01650536__64_______,Rækkehus,Free Sale,20-04-2020,Fri handel,20-04-2020,2.420.000,3,Tranehusene 64,Albertslund,2,Fjernvarme/blokvarme,/adresse/tranehusene-64-2620-albertslund-01650536__64_______,108.0,2620.0,Tagpap med lille hældning,5.0,boligsiden,https://www.boligsiden.dk/adresse/tranehusene-64-2620-albertslund-01650536__64_______,Betonelementer,130.95
tranehusene-64-2620-albertslund-01650536__64_______,Rækkehus,Free Sale,04-09-2014,Fri handel,04-09-2014,1.995.000,3,Tranehusene 64,Albertslund,2,Fjernvarme/blokvarme,/adresse/tranehusene-64-2620-albertslund-01650536__64_______,108.0,2620.0,Tagpap med lille hældning,5.0,boligsiden,https://www.boligsiden.dk/adresse/tranehusene-64-2620-albertslund-01650536__64_______,Betonelementer,130.95
syvendehusvej-4-2750-ballerup-01510333___4_______,Villa,Free Sale,13-03-2025,Fri handel,13-03-2025,5.200.000,1,Syvendehusvej 4,Ballerup,1,Centralvarme med én fyringsenhed,/adresse/syvendehusvej-4-2750-ballerup-01510333___4_______,145.0,2750.0,Fibercement herunder asbest,5.0,boligsiden,https://www.boligsiden.dk/adresse/syvendehusvej-4-2750-ballerup-01510333___4_______,Mursten,144.45
svenstrupvej-1c-2665-vallensbaek-strand-01877775__1c_______,Rækkehus,Free Sale,13-03-2025,Fri handel,13-03-2025,3.100.000,3,Svenstrupvej 1C,Vallensbæk Strand,1,Centralvarme med én fyringsenhed,/adresse/svenstrupvej-1c-2665-vallensbaek-strand-01877775__1c_______,94.0,2665.0,Fibercement herunder asbest,4.0,boligsiden,https://www.boligsiden.dk/adresse/svenstrupvej-1c-2665-vallensbaek-strand-01877775__1c_______,Mursten,95.1
svenstrupvej-1c-2665-vallensbaek-strand-01877775__1c_______,Rækkehus,Free Sale,07-07-2016,Fri handel,07-07-2016,2.050.000,3,Svenstrupvej 1C,Vallensbæk Strand,1,Centralvarme med én fyringsenhed,/adresse/svenstrupvej-1c-2665-vallensbaek-strand-01877775__1c_______,94.0,2665.0,Fibercement herunder asbest,4.0,boligsiden,https://www.boligsiden.dk/adresse/svenstrupvej-1c-2665-vallensbaek-strand-01877775__1c_______,Mursten,95.1
svenstrupvej-1c-2665-vallensbaek-strand-01877775__1c_______,Rækkehus,Free Sale,10-06-2013,Fri handel,10-06-2013,1.295.000,3,Svenstrupvej 1C,Vallensbæk Strand,1,Centralvarme med én fyringsenhed,/adresse/svenstrupvej-1c-2665-vallensbaek-strand-01877775__1c_______,94.0,2665.0,Fibercement herunder asbest,4.0,boligsiden,https://www.boligsiden.dk/adresse/svenstrupvej-1c-2665-vallensbaek-strand-01877775__1c_______,Mursten,95.1
skjoerrings-vaenge-22-2640-hedehusene-01696821__22_______,Villa,Free Sale,13-03-2025,Fri handel,13-03-2025,2.625.000,1,Skjørrings Vænge 22,Hedehusene,1,Centralvarme med én fyringsenhed,/adresse/skjoerrings-vaenge-22-2640-hedehusene-01696821__22_______,160.0,2640.0,Tagpap med stor hældning,6.0,boligsiden,https://www.boligsiden.dk/adresse/skjoerrings-vaenge-22-2640-hedehusene-01696821__22_______,Mursten,161.5
fagerbo-69-2640-hedehusene-01691597__69_______,Villa,Free Sale,13-03-2025,Fri handel,13-03-2025,3.100.000,2,Fagerbo 69,Hedehusene,1,Centralvarme med én fyringsenhed,/adresse/fagerbo-69-2640-hedehusene-01691597__69_______,152.0,2640.0,Fibercement uden asbest,6.0,boligsiden,https://www.boligsiden.dk/adresse/fagerbo-69-2640-hedehusene-01691597__69_______,Mursten,166
fagerbo-69-2640-hedehusene-01691597__69_______,Villa,Free Sale,01-03-2015,Fri handel,01-03-2015,1.450.000,2,Fagerbo 69,Hedehusene,1,Centralvarme med én fyringsenhed,/adresse/fagerbo-69-2640-hedehusene-01691597__69_______,152.0,2640.0,Fibercement uden asbest,6.0,boligsiden,https://www.boligsiden.dk/adresse/fagerbo-69-2640-hedehusene-01691597__69_______,Mursten,166
bredevej-36-2830-virum-01730094__36_______,Villa,Free Sale,13-03-2025,Fri handel,13-03-2025,5.770.000,2,Bredevej 36,Virum,1,Centralvarme med én fyringsenhed,/adresse/bredevej-36-2830-virum-01730094__36_______,100.0,2830.0,Fibercement herunder asbest,3.0,boligsiden,https://www.boligsiden.dk/adresse/bredevej-36-2830-virum-01730094__36_______,Mursten,141.9
bredevej-36-2830-virum-01730094__36_______,Villa,Free Sale,30-08-2001,Fri handel,30-08-2001,2.010.000,2,Bredevej 36,Virum,1,Centralvarme med én fyringsenhed,/adresse/bredevej-36-2830-virum-01730094__36_______,100.0,2830.0,Fibercement herunder asbest,3.0,boligsiden,https://www.boligsiden.dk/adresse/bredevej-36-2830-virum-01730094__36_______,Mursten,141.9
kollelevbakken-3a-1-2830-virum-01730451__3a__1____,Ejerlejlighed,Free Sale,13-03-2025,Fri handel,13-03-2025,4.775.000,3,"Kollelevbakken 3A, 1.",Virum,1,Centralvarme med én fyringsenhed,/adresse/kollelevbakken-3a-1-2830-virum-01730451__3a__1____,109.0,2830.0,Tegl,5.0,boligsiden,https://www.boligsiden.dk/adresse/kollelevbakken-3a-1-2830-virum-01730451__3a__1____,Mursten,Ikke oplyst
kollelevbakken-3a-1-2830-virum-01730451__3a__1____,Ejerlejlighed,Free Sale,28-01-2021,Fri handel,28-01-2021,4.200.000,3,"Kollelevbakken 3A, 1.",Virum,1,Centralvarme med én fyringsenhed,/adresse/kollelevbakken-3a-1-2830-virum-01730451__3a__1____,109.0,2830.0,Tegl,5.0,boligsiden,https://www.boligsiden.dk/adresse/kollelevbakken-3a-1-2830-virum-01730451__3a__1____,Mursten,Ikke oplyst
kollelevbakken-3a-1-2830-virum-01730451__3a__1____,Ejerlejlighed,Free Sale,05-08-2011,Fri handel,05-08-2011,887.500,3,"Kollelevbakken 3A, 1.",Virum,1,Centralvarme med én fyringsenhed,/adresse/kollelevbakken-3a-1-2830-virum-01730451__3a__1____,109.0,2830.0,Tegl,5.0,boligsiden,https://www.boligsiden.dk/adresse/kollelevbakken-3a-1-2830-virum-01730451__3a__1____,Mursten,Ikke oplyst
lykkens-gave-26-2630-taastrup-01694640__26_______,Villa,Free Sale,13-03-2025,Fri handel,13-03-2025,3.350.000,3,Lykkens Gave 26,Taastrup,1,Fjernvarme/blokvarme,/adresse/lykkens-gave-26-2630-taastrup-01694640__26_______,102.0,2630.0,Tegl,3.0,boligsiden,https://www.boligsiden.dk/adresse/lykkens-gave-26-2630-taastrup-01694640__26_______,Mursten,104.55
lykkens-gave-26-2630-taastrup-01694640__26_______,Villa,Free Sale,12-07-2010,Fri handel,12-07-2010,2.050.000,3,Lykkens Gave 26,Taastrup,1,Fjernvarme/blokvarme,/adresse/lykkens-gave-26-2630-taastrup-01694640__26_______,102.0,2630.0,Tegl,3.0,boligsiden,https://www.boligsiden.dk/adresse/lykkens-gave-26-2630-taastrup-01694640__26_______,Mursten,104.55
lykkens-gave-26-2630-taastrup-01694640__26_______,Villa,Free Sale,12-01-2006,Fri handel,12-01-2006,2.000.000,3,Lykkens Gave 26,Taastrup,1,Fjernvarme/blokvarme,/adresse/lykkens-gave-26-2630-taastrup-01694640__26_______,102.0,2630.0,Tegl,3.0,boligsiden,https://www.boligsiden.dk/adresse/lykkens-gave-26-2630-taastrup-01694640__26_______,Mursten,104.55
kaffevej-37-1-th-2610-roedovre-01750423__37__1__th,Ejerlejlighed,Free Sale,12-03-2025,Fri handel,12-03-2025,3.625.000,3,"Kaffevej 37, 1. th.",Rødovre,1,Fjernvarme/blokvarme,/adresse/kaffevej-37-1-th-2610-roedovre-01750423__37__1__th,87.0,2610.0,Tagpap med lille hældning,3.0,boligsiden,https://www.boligsiden.dk/adresse/kaffevej-37-1-th-2610-roedovre-01750423__37__1__th,Mursten,Ikke oplyst
kaffevej-37-1-th-2610-roedovre-01750423__37__1__th,Ejerlejlighed,Free Sale,07-02-2021,Fri handel,07-02-2021,3.345.000,3,"Kaffevej 37, 1. th.",Rødovre,1,Fjernvarme/blokvarme,/adresse/kaffevej-37-1-th-2610-roedovre-01750423__37__1__th,87.0,2610.0,Tagpap med lille hældning,3.0,boligsiden,https://www.boligsiden.dk/adresse/kaffevej-37-1-th-2610-roedovre-01750423__37__1__th,Mursten,Ikke oplyst
kaffevej-37-1-th-2610-roedovre-01750423__37__1__th,Ejerlejlighed,Free Sale,09-10-2017,Fri handel,09-10-2017,2.345.000,3,"Kaffevej 37, 1. th.",Rødovre,1,Fjernvarme/blokvarme,/adresse/kaffevej-37-1-th-2610-roedovre-01750423__37__1__th,87.0,2610.0,Tagpap med lille hældning,3.0,boligsiden,https://www.boligsiden.dk/adresse/kaffevej-37-1-th-2610-roedovre-01750423__37__1__th,Mursten,Ikke oplyst
herthavej-5b-2-tv-2920-charlottenlund-01570345__5b__2__tv,Ejerlejlighed,Free Sale,12-03-2025,Fri handel,12-03-2025,7.995.000,1,"Herthavej 5B, 2. tv.",Charlottenlund,1,Fjernvarme/blokvarme,/adresse/herthavej-5b-2-tv-2920-charlottenlund-01570345__5b__2__tv,104.0,2920.0,Tagpap med lille hældning,4.0,boligsiden,https://www.boligsiden.dk/adresse/herthavej-5b-2-tv-2920-charlottenlund-01570345__5b__2__tv,Mursten,Ikke oplyst
nordmarksvaenge-37-2625-vallensbaek-01875600__37_______,Villa,Free Sale,12-03-2025,Fri handel,12-03-2025,5.775.000,2,Nordmarksvænge 37,Vallensbæk,1,Fjernvarme/blokvarme,/adresse/nordmarksvaenge-37-2625-vallensbaek-01875600__37_______,144.0,2625.0,Tegl,5.0,boligsiden,https://www.boligsiden.dk/adresse/nordmarksvaenge-37-2625-vallensbaek-01875600__37_______,Mursten,148.45
nordmarksvaenge-37-2625-vallensbaek-01875600__37_______,Villa,Free Sale,15-09-2000,Fri handel,15-09-2000,650.000,2,Nordmarksvænge 37,Vallensbæk,1,Fjernvarme/blokvarme,/adresse/nordmarksvaenge-37-2625-vallensbaek-01875600__37_______,144.0,2625.0,Tegl,5.0,boligsiden,https://www.boligsiden.dk/adresse/nordmarksvaenge-37-2625-vallensbaek-01875600__37_______,Mursten,148.45
hollandsvej-24-2800-kongens-lyngby-01730344__24_______,Rækkehus,Free Sale,12-03-2025,Fri handel,12-03-2025,9.425.000,2,Hollandsvej 24,Kongens Lyngby,2,Centralvarme med én fyringsenhed,/adresse/hollandsvej-24-2800-kongens-lyngby-01730344__24_______,123.0,2800.0,Tagpap med stor hældning,4.0,boligsiden,https://www.boligsiden.dk/adresse/hollandsvej-24-2800-kongens-lyngby-01730344__24_______,Mursten,149.4
hollandsvej-24-2800-kongens-lyngby-01730344__24_______,Rækkehus,Free Sale,16-04-2008,Fri handel,16-04-2008,2.950.000,2,Hollandsvej 24,Kongens Lyngby,2,Centralvarme med én fyringsenhed,/adresse/hollandsvej-24-2800-kongens-lyngby-01730344__24_______,123.0,2800.0,Tagpap med stor hældning,4.0,boligsiden,https://www.boligsiden.dk/adresse/hollandsvej-24-2800-kongens-lyngby-01730344__24_______,Mursten,149.4
guldborgvej-3-1-th-2660-broendby-strand-01530213___3__1__th,Ejerlejlighed,Free Sale,12-03-2025,Fri handel,12-03-2025,2.825.000,3,"Guldborgvej 3, 1. th.",Brøndby Strand,1,Fjernvarme/blokvarme,/adresse/guldborgvej-3-1-th-2660-broendby-strand-01530213___3__1__th,93.0,2660.0,Tagpap med stor hældning,3.0,boligsiden,https://www.boligsiden.dk/adresse/guldborgvej-3-1-th-2660-broendby-strand-01530213___3__1__th,Andet materiale,Ikke oplyst
guldborgvej-3-1-th-2660-broendby-strand-01530213___3__1__th,Ejerlejlighed,Free Sale,03-09-2014,Fri handel,03-09-2014,61.000.000,3,"Guldborgvej 3, 1. th.",Brøndby Strand,1,Fjernvarme/blokvarme,/adresse/guldborgvej-3-1-th-2660-broendby-strand-01530213___3__1__th,93.0,2660.0,Tagpap med stor hældning,3.0,boligsiden,https://www.boligsiden.dk/adresse/guldborgvej-3-1-th-2660-broendby-strand-01530213___3__1__th,Andet materiale,Ikke oplyst
guldborgvej-3-1-th-2660-broendby-strand-01530213___3__1__th,Ejerlejlighed,Free Sale,26-05-2011,Fri handel,26-05-2011,56.192.088,3,"Guldborgvej 3, 1. th.",Brøndby Strand,1,Fjernvarme/blokvarme,/adresse/guldborgvej-3-1-th-2660-broendby-strand-01530213___3__1__th,93.0,2660.0,Tagpap med stor hældning,3.0,boligsiden,https://www.boligsiden.dk/adresse/guldborgvej-3-1-th-2660-broendby-strand-01530213___3__1__th,Andet materiale,Ikke oplyst
roedovre-parkvej-181-1-th-2610-roedovre-01750702_181__1__th,Ejerlejlighed,Free Sale,12-03-2025,Fri handel,12-03-2025,2.700.000,3,"Rødovre Parkvej 181, 1. th.",Rødovre,1,Fjernvarme/blokvarme,/adresse/roedovre-parkvej-181-1-th-2610-roedovre-01750702_181__1__th,76.0,2610.0,Tagpap med stor hældning,3.0,boligsiden,https://www.boligsiden.dk/adresse/roedovre-parkvej-181-1-th-2610-roedovre-01750702_181__1__th,Mursten,Ikke oplyst
roedovre-parkvej-181-1-th-2610-roedovre-01750702_181__1__th,Ejerlejlighed,Free Sale,12-03-2024,Fri handel,12-03-2024,2.040.000,3,"Rødovre Parkvej 181, 1. th.",Rødovre,1,Fjernvarme/blokvarme,/adresse/roedovre-parkvej-181-1-th-2610-roedovre-01750702_181__1__th,76.0,2610.0,Tagpap med stor hældning,3.0,boligsiden,https://www.boligsiden.dk/adresse/roedovre-parkvej-181-1-th-2610-roedovre-01750702_181__1__th,Mursten,Ikke oplyst
roedovre-parkvej-181-1-th-2610-roedovre-01750702_181__1__th,Ejerlejlighed,Free Sale,18-12-2020,Fri handel,18-12-2020,1.895.000,3,"Rødovre Parkvej 181, 1. th.",Rødovre,1,Fjernvarme/blokvarme,/adresse/roedovre-parkvej-181-1-th-2610-roedovre-01750702_181__1__th,76.0,2610.0,Tagpap med stor hældning,3.0,boligsiden,https://www.boligsiden.dk/adresse/roedovre-parkvej-181-1-th-2610-roedovre-01750702_181__1__th,Mursten,Ikke oplyst
vinkelvej-12d-6-tv-2800-kongens-lyngby-01730858_12d__6__tv,Ejerlejlighed,Free Sale,12-03-2025,Fri handel,12-03-2025,3.250.000,3,"Vinkelvej 12D, 6. tv.",Kongens Lyngby,1,Fjernvarme/blokvarme,/adresse/vinkelvej-12d-6-tv-2800-kongens-lyngby-01730858_12d__6__tv,79.0,2800.0,Metal,2.0,boligsiden,https://www.boligsiden.dk/adresse/vinkelvej-12d-6-tv-2800-kongens-lyngby-01730858_12d__6__tv,Betonelementer,Ikke oplyst
vinkelvej-12d-6-tv-2800-kongens-lyngby-01730858_12d__6__tv,Ejerlejlighed,Free Sale,15-06-2020,Fri handel,15-06-2020,2.875.000,3,"Vinkelvej 12D, 6. tv.",Kongens Lyngby,1,Fjernvarme/blokvarme,/adresse/vinkelvej-12d-6-tv-2800-kongens-lyngby-01730858_12d__6__tv,79.0,2800.0,Metal,2.0,boligsiden,https://www.boligsiden.dk/adresse/vinkelvej-12d-6-tv-2800-kongens-lyngby-01730858_12d__6__tv,Betonelementer,Ikke oplyst
vinkelvej-12d-6-tv-2800-kongens-lyngby-01730858_12d__6__tv,Ejerlejlighed,Free Sale,02-04-2002,Fri handel,02-04-2002,1.470.000,3,"Vinkelvej 12D, 6. tv.",Kongens Lyngby,1,Fjernvarme/blokvarme,/adresse/vinkelvej-12d-6-tv-2800-kongens-lyngby-01730858_12d__6__tv,79.0,2800.0,Metal,2.0,boligsiden,https://www.boligsiden.dk/adresse/vinkelvej-12d-6-tv-2800-kongens-lyngby-01730858_12d__6__tv,Betonelementer,Ikke oplyst
stengaards-alle-64-2800-kongens-lyngby-01590810__64_______,Rækkehus,Free Sale,12-03-2025,Fri handel,12-03-2025,4.900.000,3,Stengårds Alle 64,Kongens Lyngby,1,Centralvarme med én fyringsenhed,/adresse/stengaards-alle-64-2800-kongens-lyngby-01590810__64_______,87.0,2800.0,Fibercement uden asbest,4.0,boligsiden,https://www.boligsiden.dk/adresse/stengaards-alle-64-2800-kongens-lyngby-01590810__64_______,Letbetonsten,97.15
stengaards-alle-64-2800-kongens-lyngby-01590810__64_______,Rækkehus,Free Sale,30-06-2022,Fri handel,30-06-2022,4.995.000,3,Stengårds Alle 64,Kongens Lyngby,1,Centralvarme med én fyringsenhed,/adresse/stengaards-alle-64-2800-kongens-lyngby-01590810__64_______,87.0,2800.0,Fibercement uden asbest,4.0,boligsiden,https://www.boligsiden.dk/adresse/stengaards-alle-64-2800-kongens-lyngby-01590810__64_______,Letbetonsten,97.15
stengaards-alle-64-2800-kongens-lyngby-01590810__64_______,Rækkehus,Free Sale,13-10-2019,Fri handel,13-10-2019,3.795.000,3,Stengårds Alle 64,Kongens Lyngby,1,Centralvarme med én fyringsenhed,/adresse/stengaards-alle-64-2800-kongens-lyngby-01590810__64_______,87.0,2800.0,Fibercement uden asbest,4.0,boligsiden,https://www.boligsiden.dk/adresse/stengaards-alle-64-2800-kongens-lyngby-01590810__64_______,Letbetonsten,97.15
risbystraede-11-2620-albertslund-01650380__11_______,Villa,Free Sale,12-03-2025,Fri handel,12-03-2025,4.800.000,1,Risbystræde 11,Albertslund,1,Varmepumpe,/adresse/risbystraede-11-2620-albertslund-01650380__11_______,152.0,2620.0,Fibercement herunder asbest,4.0,boligsiden,https://www.boligsiden.dk/adresse/risbystraede-11-2620-albertslund-01650380__11_______,Mursten,184.75
birkemosevej-9-2750-ballerup-01510037___9_______,Villa,Free Sale,12-03-2025,Fri handel,12-03-2025,6.700.000,2,Birkemosevej 9,Ballerup,1,Centralvarme med én fyringsenhed,/adresse/birkemosevej-9-2750-ballerup-01510037___9_______,175.0,2750.0,Betontagsten,5.0,boligsiden,https://www.boligsiden.dk/adresse/birkemosevej-9-2750-ballerup-01510037___9_______,Mursten,206.8
birkemosevej-9-2750-ballerup-01510037___9_______,Villa,Free Sale,21-08-2005,Fri handel,21-08-2005,3.295.000,2,Birkemosevej 9,Ballerup,1,Centralvarme med én fyringsenhed,/adresse/birkemosevej-9-2750-ballerup-01510037___9_______,175.0,2750.0,Betontagsten,5.0,boligsiden,https://www.boligsiden.dk/adresse/birkemosevej-9-2750-ballerup-01510037___9_______,Mursten,206.8
lumbyvej-16-2740-skovlunde-01510619__16_______,Rækkehus,Free Sale,12-03-2025,Fri handel,12-03-2025,4.500.000,2,Lumbyvej 16,Skovlunde,1,Centralvarme med én fyringsenhed,/adresse/lumbyvej-16-2740-skovlunde-01510619__16_______,124.0,2740.0,Fibercement uden asbest,4.0,boligsiden,https://www.boligsiden.dk/adresse/lumbyvej-16-2740-skovlunde-01510619__16_______,Mursten,127.35
lumbyvej-16-2740-skovlunde-01510619__16_______,Rækkehus,Family Sale,02-10-2006,Familie handel,02-10-2006,1.997.500,2,Lumbyvej 16,Skovlunde,1,Centralvarme med én fyringsenhed,/adresse/lumbyvej-16-2740-skovlunde-01510619__16_______,124.0,2740.0,Fibercement uden asbest,4.0,boligsiden,https://www.boligsiden.dk/adresse/lumbyvej-16-2740-skovlunde-01510619__16_______,Mursten,127.35
bolystvej-15-2650-hvidovre-01670955__15_______,Rækkehus,Free Sale,12-03-2025,Fri handel,12-03-2025,3.745.000,3,Bolystvej 15,Hvidovre,1,Fjernvarme/blokvarme,/adresse/bolystvej-15-2650-hvidovre-01670955__15_______,70.0,2650.0,Tagpap med stor hældning,3.0,boligsiden,https://www.boligsiden.dk/adresse/bolystvej-15-2650-hvidovre-01670955__15_______,Mursten,83.2
bolystvej-15-2650-hvidovre-01670955__15_______,Rækkehus,Free Sale,16-05-2022,Fri handel,16-05-2022,2.849.500,3,Bolystvej 15,Hvidovre,1,Fjernvarme/blokvarme,/adresse/bolystvej-15-2650-hvidovre-01670955__15_______,70.0,2650.0,Tagpap med stor hældning,3.0,boligsiden,https://www.boligsiden.dk/adresse/bolystvej-15-2650-hvidovre-01670955__15_______,Mursten,83.2
bolystvej-15-2650-hvidovre-01670955__15_______,Rækkehus,Free Sale,19-10-1994,Fri handel,19-10-1994,475.000,3,Bolystvej 15,Hvidovre,1,Fjernvarme/blokvarme,/adresse/bolystvej-15-2650-hvidovre-01670955__15_______,70.0,2650.0,Tagpap med stor hældning,3.0,boligsiden,https://www.boligsiden.dk/adresse/bolystvej-15-2650-hvidovre-01670955__15_______,Mursten,83.2
m-w-gjoees-vej-2d-2640-hedehusene-01694805__2d_______,Rækkehus,Free Sale,11-03-2025,Fri handel,11-03-2025,2.750.000,2,M W Gjøes Vej 2D,Hedehusene,1,Varmepumpe,/adresse/m-w-gjoees-vej-2d-2640-hedehusene-01694805__2d_______,90.0,2640.0,Tegl,3.0,boligsiden,https://www.boligsiden.dk/adresse/m-w-gjoees-vej-2d-2640-hedehusene-01694805__2d_______,Mursten,90
m-w-gjoees-vej-2d-2640-hedehusene-01694805__2d_______,Rækkehus,Free Sale,06-07-2018,Fri handel,06-07-2018,2.325.000,2,M W Gjøes Vej 2D,Hedehusene,1,Varmepumpe,/adresse/m-w-gjoees-vej-2d-2640-hedehusene-01694805__2d_______,90.0,2640.0,Tegl,3.0,boligsiden,https://www.boligsiden.dk/adresse/m-w-gjoees-vej-2d-2640-hedehusene-01694805__2d_______,Mursten,90
noerrebred-68-2625-vallensbaek-01876178__68_______,Villa,Free Sale,11-03-2025,Fri handel,11-03-2025,4.000.000,3,Nørrebred 68,Vallensbæk,1,Centralvarme med én fyringsenhed,/adresse/noerrebred-68-2625-vallensbaek-01876178__68_______,114.0,2625.0,Fibercement herunder asbest,4.0,boligsiden,https://www.boligsiden.dk/adresse/noerrebred-68-2625-vallensbaek-01876178__68_______,Mursten,119.45
noerrebred-68-2625-vallensbaek-01876178__68_______,Villa,Free Sale,09-05-2019,Fri handel,09-05-2019,3.150.000,3,Nørrebred 68,Vallensbæk,1,Centralvarme med én fyringsenhed,/adresse/noerrebred-68-2625-vallensbaek-01876178__68_______,114.0,2625.0,Fibercement herunder asbest,4.0,boligsiden,https://www.boligsiden.dk/adresse/noerrebred-68-2625-vallensbaek-01876178__68_______,Mursten,119.45
noerrebred-68-2625-vallensbaek-01876178__68_______,Villa,Free Sale,04-11-1994,Fri handel,04-11-1994,875.000,3,Nørrebred 68,Vallensbæk,1,Centralvarme med én fyringsenhed,/adresse/noerrebred-68-2625-vallensbaek-01876178__68_______,114.0,2625.0,Fibercement herunder asbest,4.0,boligsiden,https://www.boligsiden.dk/adresse/noerrebred-68-2625-vallensbaek-01876178__68_______,Mursten,119.45
odins-vaenge-7-2635-ishoej-01830501___7_______,Villa,Free Sale,11-03-2025,Fri handel,11-03-2025,2.995.000,2,Odins Vænge 7,Ishøj,1,Centralvarme med én fyringsenhed,/adresse/odins-vaenge-7-2635-ishoej-01830501___7_______,135.0,2635.0,Betontagsten,4.0,boligsiden,https://www.boligsiden.dk/adresse/odins-vaenge-7-2635-ishoej-01830501___7_______,Mursten,141.55
odins-vaenge-7-2635-ishoej-01830501___7_______,Villa,Free Sale,10-07-1995,Fri handel,10-07-1995,1.266.580,2,Odins Vænge 7,Ishøj,1,Centralvarme med én fyringsenhed,/adresse/odins-vaenge-7-2635-ishoej-01830501___7_______,135.0,2635.0,Betontagsten,4.0,boligsiden,https://www.boligsiden.dk/adresse/odins-vaenge-7-2635-ishoej-01830501___7_______,Mursten,141.55
elledalen-1-2800-kongens-lyngby-01590145___1_______,Rækkehus,Free Sale,11-03-2025,Fri handel,11-03-2025,4.995.000,3,Elledalen 1,Kongens Lyngby,2,Centralvarme med én fyringsenhed,/adresse/elledalen-1-2800-kongens-lyngby-01590145___1_______,104.0,2800.0,Fibercement uden asbest,4.0,boligsiden,https://www.boligsiden.dk/adresse/elledalen-1-2800-kongens-lyngby-01590145___1_______,Mursten,112.5
elledalen-1-2800-kongens-lyngby-01590145___1_______,Rækkehus,Free Sale,23-02-2022,Fri handel,23-02-2022,4.795.000,3,Elledalen 1,Kongens Lyngby,2,Centralvarme med én fyringsenhed,/adresse/elledalen-1-2800-kongens-lyngby-01590145___1_______,104.0,2800.0,Fibercement uden asbest,4.0,boligsiden,https://www.boligsiden.dk/adresse/elledalen-1-2800-kongens-lyngby-01590145___1_______,Mursten,112.5
elledalen-1-2800-kongens-lyngby-01590145___1_______,Rækkehus,Free Sale,27-01-2017,Fri handel,27-01-2017,3.200.000,3,Elledalen 1,Kongens Lyngby,2,Centralvarme med én fyringsenhed,/adresse/elledalen-1-2800-kongens-lyngby-01590145___1_______,104.0,2800.0,Fibercement uden asbest,4.0,boligsiden,https://www.boligsiden.dk/adresse/elledalen-1-2800-kongens-lyngby-01590145___1_______,Mursten,112.5
kildebakken-45-2-tv-2860-soeborg-01590406__45__2__tv,Ejerlejlighed,Free Sale,11-03-2025,Fri handel,11-03-2025,2.305.000,3,"Kildebakken 45, 2. tv.",Søborg,1,Fjernvarme/blokvarme,/adresse/kildebakken-45-2-tv-2860-soeborg-01590406__45__2__tv,68.0,2860.0,Fibercement herunder asbest,3.0,boligsiden,https://www.boligsiden.dk/adresse/kildebakken-45-2-tv-2860-soeborg-01590406__45__2__tv,Mursten,Ikke oplyst
kildebakken-45-2-tv-2860-soeborg-01590406__45__2__tv,Ejerlejlighed,Free Sale,01-11-2020,Fri handel,01-11-2020,1.950.000,3,"Kildebakken 45, 2. tv.",Søborg,1,Fjernvarme/blokvarme,/adresse/kildebakken-45-2-tv-2860-soeborg-01590406__45__2__tv,68.0,2860.0,Fibercement herunder asbest,3.0,boligsiden,https://www.boligsiden.dk/adresse/kildebakken-45-2-tv-2860-soeborg-01590406__45__2__tv,Mursten,Ikke oplyst
kildebakken-45-2-tv-2860-soeborg-01590406__45__2__tv,Ejerlejlighed,Free Sale,24-11-2017,Fri handel,24-11-2017,1.795.000,3,"Kildebakken 45, 2. tv.",Søborg,1,Fjernvarme/blokvarme,/adresse/kildebakken-45-2-tv-2860-soeborg-01590406__45__2__tv,68.0,2860.0,Fibercement herunder asbest,3.0,boligsiden,https://www.boligsiden.dk/adresse/kildebakken-45-2-tv-2860-soeborg-01590406__45__2__tv,Mursten,Ikke oplyst
kongestien-41-2830-virum-01730456__41_______,Villa,Free Sale,11-03-2025,Fri handel,11-03-2025,9.400.000,3,Kongestien 41,Virum,1,Centralvarme med én fyringsenhed,/adresse/kongestien-41-2830-virum-01730456__41_______,168.0,2830.0,Tegl,5.0,boligsiden,https://www.boligsiden.dk/adresse/kongestien-41-2830-virum-01730456__41_______,Letbetonsten,170.5
kongestien-41-2830-virum-01730456__41_______,Villa,Free Sale,30-03-2011,Fri handel,30-03-2011,5.250.000,3,Kongestien 41,Virum,1,Centralvarme med én fyringsenhed,/adresse/kongestien-41-2830-virum-01730456__41_______,168.0,2830.0,Tegl,5.0,boligsiden,https://www.boligsiden.dk/adresse/kongestien-41-2830-virum-01730456__41_______,Letbetonsten,170.5
kongestien-41-2830-virum-01730456__41_______,Villa,Free Sale,25-05-2001,Fri handel,25-05-2001,1.825.020,3,Kongestien 41,Virum,1,Centralvarme med én fyringsenhed,/adresse/kongestien-41-2830-virum-01730456__41_______,168.0,2830.0,Tegl,5.0,boligsiden,https://www.boligsiden.dk/adresse/kongestien-41-2830-virum-01730456__41_______,Letbetonsten,170.5
klokkerhaven-58-2750-ballerup-01510183__58_______,Rækkehus,Free Sale,11-03-2025,Fri handel,11-03-2025,2.600.000,1,Klokkerhaven 58,Ballerup,1,Centralvarme med én fyringsenhed,/adresse/klokkerhaven-58-2750-ballerup-01510183__58_______,75.0,2750.0,Fibercement herunder asbest,4.0,boligsiden,https://www.boligsiden.dk/adresse/klokkerhaven-58-2750-ballerup-01510183__58_______,Mursten,77
stengaards-alle-204-0-2860-soeborg-01590810_204_st____,Ejerlejlighed,Free Sale,11-03-2025,Fri handel,11-03-2025,2.950.000,3,"Stengårds Alle 204, st.",Søborg,1,Centralvarme med én fyringsenhed,/adresse/stengaards-alle-204-0-2860-soeborg-01590810_204_st____,89.0,2860.0,Tegl,3.0,boligsiden,https://www.boligsiden.dk/adresse/stengaards-alle-204-0-2860-soeborg-01590810_204_st____,Mursten,Ikke oplyst
stengaards-alle-204-0-2860-soeborg-01590810_204_st____,Ejerlejlighed,Free Sale,02-08-2023,Fri handel,02-08-2023,1.800.000,3,"Stengårds Alle 204, st.",Søborg,1,Centralvarme med én fyringsenhed,/adresse/stengaards-alle-204-0-2860-soeborg-01590810_204_st____,89.0,2860.0,Tegl,3.0,boligsiden,https://www.boligsiden.dk/adresse/stengaards-alle-204-0-2860-soeborg-01590810_204_st____,Mursten,Ikke oplyst
stengaards-alle-204-0-2860-soeborg-01590810_204_st____,Ejerlejlighed,Free Sale,14-02-2005,Fri handel,14-02-2005,1.350.000,3,"Stengårds Alle 204, st.",Søborg,1,Centralvarme med én fyringsenhed,/adresse/stengaards-alle-204-0-2860-soeborg-01590810_204_st____,89.0,2860.0,Tegl,3.0,boligsiden,https://www.boligsiden.dk/adresse/stengaards-alle-204-0-2860-soeborg-01590810_204_st____,Mursten,Ikke oplyst
vejledalen-202-2635-ishoej-01830854_202_______,Rækkehus,Free Sale,11-03-2025,Fri handel,11-03-2025,2.000.000,3,Vejledalen 202,Ishøj,2,Fjernvarme/blokvarme,/adresse/vejledalen-202-2635-ishoej-01830854_202_______,62.0,2635.0,Betontagsten,3.0,boligsiden,https://www.boligsiden.dk/adresse/vejledalen-202-2635-ishoej-01830854_202_______,Træ,62
vejledalen-202-2635-ishoej-01830854_202_______,Rækkehus,Free Sale,05-12-1997,Fri handel,05-12-1997,665.320,3,Vejledalen 202,Ishøj,2,Fjernvarme/blokvarme,/adresse/vejledalen-202-2635-ishoej-01830854_202_______,62.0,2635.0,Betontagsten,3.0,boligsiden,https://www.boligsiden.dk/adresse/vejledalen-202-2635-ishoej-01830854_202_______,Træ,62
vejledalen-202-2635-ishoej-01830854_202_______,Rækkehus,Free Sale,24-05-1993,Fri handel,24-05-1993,395.000,3,Vejledalen 202,Ishøj,2,Fjernvarme/blokvarme,/adresse/vejledalen-202-2635-ishoej-01830854_202_______,62.0,2635.0,Betontagsten,3.0,boligsiden,https://www.boligsiden.dk/adresse/vejledalen-202-2635-ishoej-01830854_202_______,Træ,62
vejledalen-140b-2635-ishoej-01830854140b_______,Rækkehus,Free Sale,11-03-2025,Fri handel,11-03-2025,2.675.000,3,Vejledalen 140B,Ishøj,2,Fjernvarme/blokvarme,/adresse/vejledalen-140b-2635-ishoej-01830854140b_______,97.0,2635.0,Betontagsten,4.0,boligsiden,https://www.boligsiden.dk/adresse/vejledalen-140b-2635-ishoej-01830854140b_______,Træ,94.7
vejledalen-140b-2635-ishoej-01830854140b_______,Rækkehus,Free Sale,09-07-2019,Fri handel,09-07-2019,1.780.000,3,Vejledalen 140B,Ishøj,2,Fjernvarme/blokvarme,/adresse/vejledalen-140b-2635-ishoej-01830854140b_______,97.0,2635.0,Betontagsten,4.0,boligsiden,https://www.boligsiden.dk/adresse/vejledalen-140b-2635-ishoej-01830854140b_______,Træ,94.7
vejledalen-140b-2635-ishoej-01830854140b_______,Rækkehus,Free Sale,06-11-2013,Fri handel,06-11-2013,1.440.000,3,Vejledalen 140B,Ishøj,2,Fjernvarme/blokvarme,/adresse/vejledalen-140b-2635-ishoej-01830854140b_______,97.0,2635.0,Betontagsten,4.0,boligsiden,https://www.boligsiden.dk/adresse/vejledalen-140b-2635-ishoej-01830854140b_______,Træ,94.7
soeborg-hovedgade-221-3-j-2860-soeborg-01590841_221__3___j,Ejerlejlighed,Free Sale,11-03-2025,Fri handel,11-03-2025,1.995.000,3,"Søborg Hovedgade 221, 3. j.",Søborg,1,Fjernvarme/blokvarme,/adresse/soeborg-hovedgade-221-3-j-2860-soeborg-01590841_221__3___j,59.0,2860.0,Tagpap med stor hældning,2.0,boligsiden,https://www.boligsiden.dk/adresse/soeborg-hovedgade-221-3-j-2860-soeborg-01590841_221__3___j,Mursten,Ikke oplyst
soeborg-hovedgade-221-3-j-2860-soeborg-01590841_221__3___j,Ejerlejlighed,Free Sale,25-06-2020,Fri handel,25-06-2020,1.885.000,3,"Søborg Hovedgade 221, 3. j.",Søborg,1,Fjernvarme/blokvarme,/adresse/soeborg-hovedgade-221-3-j-2860-soeborg-01590841_221__3___j,59.0,2860.0,Tagpap med stor hældning,2.0,boligsiden,https://www.boligsiden.dk/adresse/soeborg-hovedgade-221-3-j-2860-soeborg-01590841_221__3___j,Mursten,Ikke oplyst
soeborg-hovedgade-221-3-j-2860-soeborg-01590841_221__3___j,Ejerlejlighed,Family Sale,23-03-2020,Familie handel,23-03-2020,954.500,3,"Søborg Hovedgade 221, 3. j.",Søborg,1,Fjernvarme/blokvarme,/adresse/soeborg-hovedgade-221-3-j-2860-soeborg-01590841_221__3___j,59.0,2860.0,Tagpap med stor hældning,2.0,boligsiden,https://www.boligsiden.dk/adresse/soeborg-hovedgade-221-3-j-2860-soeborg-01590841_221__3___j,Mursten,Ikke oplyst
roedovrevej-305-1-th-2610-roedovre-01750705_305__1__th,Ejerlejlighed,Free Sale,11-03-2025,Fri handel,11-03-2025,2.525.000,3,"Rødovrevej 305, 1. th.",Rødovre,1,Fjernvarme/blokvarme,/adresse/roedovrevej-305-1-th-2610-roedovre-01750705_305__1__th,86.0,2610.0,Fibercement uden asbest,3.0,boligsiden,https://www.boligsiden.dk/adresse/roedovrevej-305-1-th-2610-roedovre-01750705_305__1__th,Mursten,Ikke oplyst
roedovrevej-305-1-th-2610-roedovre-01750705_305__1__th,Ejerlejlighed,Free Sale,28-05-1998,Fri handel,28-05-1998,651.000,3,"Rødovrevej 305, 1. th.",Rødovre,1,Fjernvarme/blokvarme,/adresse/roedovrevej-305-1-th-2610-roedovre-01750705_305__1__th,86.0,2610.0,Fibercement uden asbest,3.0,boligsiden,https://www.boligsiden.dk/adresse/roedovrevej-305-1-th-2610-roedovre-01750705_305__1__th,Mursten,Ikke oplyst
roedovrevej-305-1-th-2610-roedovre-01750705_305__1__th,Ejerlejlighed,Free Sale,14-05-1992,Fri handel,14-05-1992,545.000,3,"Rødovrevej 305, 1. th.",Rødovre,1,Fjernvarme/blokvarme,/adresse/roedovrevej-305-1-th-2610-roedovre-01750705_305__1__th,86.0,2610.0,Fibercement uden asbest,3.0,boligsiden,https://www.boligsiden.dk/adresse/roedovrevej-305-1-th-2610-roedovre-01750705_305__1__th,Mursten,Ikke oplyst
lyngby-hovedgade-15b-1-2800-kongens-lyngby-01730535_15b__1____,Ejerlejlighed,Family Sale,11-03-2025,Familie handel,11-03-2025,2.525.000,3,"Lyngby Hovedgade 15B, 1.",Kongens Lyngby,1,Centralvarme med én fyringsenhed,/adresse/lyngby-hovedgade-15b-1-2800-kongens-lyngby-01730535_15b__1____,97.0,2800.0,Fibercement herunder asbest,4.0,boligsiden,https://www.boligsiden.dk/adresse/lyngby-hovedgade-15b-1-2800-kongens-lyngby-01730535_15b__1____,Mursten,Ikke oplyst
lyngby-hovedgade-15b-1-2800-kongens-lyngby-01730535_15b__1____,Ejerlejlighed,Family Sale,25-05-2022,Familie handel,25-05-2022,3.294.000,3,"Lyngby Hovedgade 15B, 1.",Kongens Lyngby,1,Centralvarme med én fyringsenhed,/adresse/lyngby-hovedgade-15b-1-2800-kongens-lyngby-01730535_15b__1____,97.0,2800.0,Fibercement herunder asbest,4.0,boligsiden,https://www.boligsiden.dk/adresse/lyngby-hovedgade-15b-1-2800-kongens-lyngby-01730535_15b__1____,Mursten,Ikke oplyst
lyngby-hovedgade-15b-1-2800-kongens-lyngby-01730535_15b__1____,Ejerlejlighed,Free Sale,20-12-2016,Fri handel,20-12-2016,3.995.000,3,"Lyngby Hovedgade 15B, 1.",Kongens Lyngby,1,Centralvarme med én fyringsenhed,/adresse/lyngby-hovedgade-15b-1-2800-kongens-lyngby-01730535_15b__1____,97.0,2800.0,Fibercement herunder asbest,4.0,boligsiden,https://www.boligsiden.dk/adresse/lyngby-hovedgade-15b-1-2800-kongens-lyngby-01730535_15b__1____,Mursten,Ikke oplyst
blaafuglestraede-64-2640-hedehusene-01690029__64_______,Rækkehus,Free Sale,11-03-2025,Fri handel,11-03-2025,3.800.000,2,,,,,,,,,,,,,
blaafuglestraede-64-2640-hedehusene-01690029__64_______,Rækkehus,Free Sale,11-03-2022,Fri handel,11-03-2022,3.685.974,2,,,,,,,,,,,,,
gyngemose-parkvej-14-5-th-2860-soeborg-01590259__14__5__th,Ejerlejlighed,Free Sale,11-03-2025,Fri handel,11-03-2025,3.695.000,1,"Gyngemose Parkvej 14, 5. th.",Søborg,1,Fjernvarme/blokvarme,/adresse/gyngemose-parkvej-14-5-th-2860-soeborg-01590259__14__5__th,98.0,2860.0,Tagpap med lille hældning,4.0,boligsiden,https://www.boligsiden.dk/adresse/gyngemose-parkvej-14-5-th-2860-soeborg-01590259__14__5__th,Mursten,Ikke oplyst
bernstorfflund-alle-78-2920-charlottenlund-01570052__78_______,Villa,Free Sale,11-03-2025,Fri handel,11-03-2025,18.800.000,3,Bernstorfflund Alle 78,Charlottenlund,2,Centralvarme med én fyringsenhed,/adresse/bernstorfflund-alle-78-2920-charlottenlund-01570052__78_______,194.0,2920.0,Tegl,7.0,boligsiden,https://www.boligsiden.dk/adresse/bernstorfflund-alle-78-2920-charlottenlund-01570052__78_______,Mursten,251.95
bernstorfflund-alle-78-2920-charlottenlund-01570052__78_______,Villa,Free Sale,27-07-2018,Fri handel,27-07-2018,9.900.000,3,Bernstorfflund Alle 78,Charlottenlund,2,Centralvarme med én fyringsenhed,/adresse/bernstorfflund-alle-78-2920-charlottenlund-01570052__78_______,194.0,2920.0,Tegl,7.0,boligsiden,https://www.boligsiden.dk/adresse/bernstorfflund-alle-78-2920-charlottenlund-01570052__78_______,Mursten,251.95
bernstorfflund-alle-78-2920-charlottenlund-01570052__78_______,Villa,Free Sale,23-05-2016,Fri handel,23-05-2016,9.250.000,3,Bernstorfflund Alle 78,Charlottenlund,2,Centralvarme med én fyringsenhed,/adresse/bernstorfflund-alle-78-2920-charlottenlund-01570052__78_______,194.0,2920.0,Tegl,7.0,boligsiden,https://www.boligsiden.dk/adresse/bernstorfflund-alle-78-2920-charlottenlund-01570052__78_______,Mursten,251.95
vojensvej-4-1-mf-2610-roedovre-01679409___4__1__mf,Ejerlejlighed,Free Sale,10-03-2025,Fri handel,10-03-2025,1.740.000,3,"Vojensvej 4, 1. mf.",Rødovre,1,Elvarme,/adresse/vojensvej-4-1-mf-2610-roedovre-01679409___4__1__mf,52.0,2610.0,Tegl,2.0,boligsiden,https://www.boligsiden.dk/adresse/vojensvej-4-1-mf-2610-roedovre-01679409___4__1__mf,Mursten,Ikke oplyst
vojensvej-4-1-mf-2610-roedovre-01679409___4__1__mf,Ejerlejlighed,Free Sale,16-02-2012,Fri handel,16-02-2012,450.000,3,"Vojensvej 4, 1. mf.",Rødovre,1,Elvarme,/adresse/vojensvej-4-1-mf-2610-roedovre-01679409___4__1__mf,52.0,2610.0,Tegl,2.0,boligsiden,https://www.boligsiden.dk/adresse/vojensvej-4-1-mf-2610-roedovre-01679409___4__1__mf,Mursten,Ikke oplyst
vojensvej-4-1-mf-2610-roedovre-01679409___4__1__mf,Ejerlejlighed,Free Sale,16-02-2012,Fri handel,16-02-2012,450.000,3,"Vojensvej 4, 1. mf.",Rødovre,1,Elvarme,/adresse/vojensvej-4-1-mf-2610-roedovre-01679409___4__1__mf,52.0,2610.0,Tegl,2.0,boligsiden,https://www.boligsiden.dk/adresse/vojensvej-4-1-mf-2610-roedovre-01679409___4__1__mf,Mursten,Ikke oplyst
drivkaer-28-2650-hvidovre-01671732__28_______,Rækkehus,Free Sale,10-03-2025,Fri handel,10-03-2025,4.330.000,3,Drivkær 28,Hvidovre,1,Varmepumpe,/adresse/drivkaer-28-2650-hvidovre-01671732__28_______,151.0,2650.0,Tagpap med lille hældning,4.0,boligsiden,https://www.boligsiden.dk/adresse/drivkaer-28-2650-hvidovre-01671732__28_______,Mursten,151
drivkaer-28-2650-hvidovre-01671732__28_______,Rækkehus,Family Sale,03-02-2002,Familie handel,03-02-2002,1.400.000,3,Drivkær 28,Hvidovre,1,Varmepumpe,/adresse/drivkaer-28-2650-hvidovre-01671732__28_______,151.0,2650.0,Tagpap med lille hældning,4.0,boligsiden,https://www.boligsiden.dk/adresse/drivkaer-28-2650-hvidovre-01671732__28_______,Mursten,151
drivkaer-28-2650-hvidovre-01671732__28_______,Rækkehus,Free Sale,15-05-1998,Fri handel,15-05-1998,1.355.000,3,Drivkær 28,Hvidovre,1,Varmepumpe,/adresse/drivkaer-28-2650-hvidovre-01671732__28_______,151.0,2650.0,Tagpap med lille hældning,4.0,boligsiden,https://www.boligsiden.dk/adresse/drivkaer-28-2650-hvidovre-01671732__28_______,Mursten,151
hvidovre-boulevard-6-2650-hvidovre-01673763___6_______,Villa,Free Sale,10-03-2025,Fri handel,10-03-2025,4.100.000,3,Hvidovre Boulevard 6,Hvidovre,1,Centralvarme med én fyringsenhed,/adresse/hvidovre-boulevard-6-2650-hvidovre-01673763___6_______,115.0,2650.0,Fibercement herunder asbest,4.0,boligsiden,https://www.boligsiden.dk/adresse/hvidovre-boulevard-6-2650-hvidovre-01673763___6_______,Mursten,121.35
hvidovre-boulevard-6-2650-hvidovre-01673763___6_______,Villa,Free Sale,18-12-2017,Fri handel,18-12-2017,3.150.000,3,Hvidovre Boulevard 6,Hvidovre,1,Centralvarme med én fyringsenhed,/adresse/hvidovre-boulevard-6-2650-hvidovre-01673763___6_______,115.0,2650.0,Fibercement herunder asbest,4.0,boligsiden,https://www.boligsiden.dk/adresse/hvidovre-boulevard-6-2650-hvidovre-01673763___6_______,Mursten,121.35
hvidovre-boulevard-6-2650-hvidovre-01673763___6_______,Villa,Family Sale,05-01-2016,Familie handel,05-01-2016,1.700.000,3,Hvidovre Boulevard 6,Hvidovre,1,Centralvarme med én fyringsenhed,/adresse/hvidovre-boulevard-6-2650-hvidovre-01673763___6_______,115.0,2650.0,Fibercement herunder asbest,4.0,boligsiden,https://www.boligsiden.dk/adresse/hvidovre-boulevard-6-2650-hvidovre-01673763___6_______,Mursten,121.35
sofiehaven-1-1-tv-2600-glostrup-01610428___1__1__tv,Ejerlejlighed,Free Sale,10-03-2025,Fri handel,10-03-2025,3.345.000,3,"Sofiehaven 1, 1. tv.",Glostrup,1,Centralvarme med én fyringsenhed,/adresse/sofiehaven-1-1-tv-2600-glostrup-01610428___1__1__tv,78.0,2600.0,Fibercement uden asbest,3.0,boligsiden,https://www.boligsiden.dk/adresse/sofiehaven-1-1-tv-2600-glostrup-01610428___1__1__tv,Mursten,Ikke oplyst
sofiehaven-1-1-tv-2600-glostrup-01610428___1__1__tv,Ejerlejlighed,Free Sale,07-05-2021,Fri handel,07-05-2021,2.750.000,3,"Sofiehaven 1, 1. tv.",Glostrup,1,Centralvarme med én fyringsenhed,/adresse/sofiehaven-1-1-tv-2600-glostrup-01610428___1__1__tv,78.0,2600.0,Fibercement uden asbest,3.0,boligsiden,https://www.boligsiden.dk/adresse/sofiehaven-1-1-tv-2600-glostrup-01610428___1__1__tv,Mursten,Ikke oplyst
sofiehaven-1-1-tv-2600-glostrup-01610428___1__1__tv,Ejerlejlighed,Free Sale,05-09-2006,Fri handel,05-09-2006,2.460.000,3,"Sofiehaven 1, 1. tv.",Glostrup,1,Centralvarme med én fyringsenhed,/adresse/sofiehaven-1-1-tv-2600-glostrup-01610428___1__1__tv,78.0,2600.0,Fibercement uden asbest,3.0,boligsiden,https://www.boligsiden.dk/adresse/sofiehaven-1-1-tv-2600-glostrup-01610428___1__1__tv,Mursten,Ikke oplyst
brydegaardsvej-21c-2760-maaloev-01510713_21c_______,Villa,Free Sale,10-03-2025,Fri handel,10-03-2025,6.525.000,3,Brydegårdsvej 21C,Måløv,1,Centralvarme med én fyringsenhed,/adresse/brydegaardsvej-21c-2760-maaloev-01510713_21c_______,156.0,2760.0,Betontagsten,6.0,boligsiden,https://www.boligsiden.dk/adresse/brydegaardsvej-21c-2760-maaloev-01510713_21c_______,Mursten,161.5
brydegaardsvej-21c-2760-maaloev-01510713_21c_______,Villa,Free Sale,21-04-2015,Fri handel,21-04-2015,4.520.000,3,Brydegårdsvej 21C,Måløv,1,Centralvarme med én fyringsenhed,/adresse/brydegaardsvej-21c-2760-maaloev-01510713_21c_______,156.0,2760.0,Betontagsten,6.0,boligsiden,https://www.boligsiden.dk/adresse/brydegaardsvej-21c-2760-maaloev-01510713_21c_______,Mursten,161.5
brydegaardsvej-21c-2760-maaloev-01510713_21c_______,Villa,Free Sale,01-06-2008,Fri handel,01-06-2008,4.500.000,3,Brydegårdsvej 21C,Måløv,1,Centralvarme med én fyringsenhed,/adresse/brydegaardsvej-21c-2760-maaloev-01510713_21c_______,156.0,2760.0,Betontagsten,6.0,boligsiden,https://www.boligsiden.dk/adresse/brydegaardsvej-21c-2760-maaloev-01510713_21c_______,Mursten,161.5
hoejagerparken-59-2-2750-ballerup-01510158__59__2____,Ejerlejlighed,Free Sale,10-03-2025,Fri handel,10-03-2025,1.340.000,3,"Højagerparken 59, 2.",Ballerup,3,Fjernvarme/blokvarme,/adresse/hoejagerparken-59-2-2750-ballerup-01510158__59__2____,55.0,2750.0,Tagpap med lille hældning,1.0,boligsiden,https://www.boligsiden.dk/adresse/hoejagerparken-59-2-2750-ballerup-01510158__59__2____,Mursten,Ikke oplyst
hoejagerparken-59-2-2750-ballerup-01510158__59__2____,Ejerlejlighed,Free Sale,16-11-2022,Fri handel,16-11-2022,1.050.000,3,"Højagerparken 59, 2.",Ballerup,3,Fjernvarme/blokvarme,/adresse/hoejagerparken-59-2-2750-ballerup-01510158__59__2____,55.0,2750.0,Tagpap med lille hældning,1.0,boligsiden,https://www.boligsiden.dk/adresse/hoejagerparken-59-2-2750-ballerup-01510158__59__2____,Mursten,Ikke oplyst
hoejagerparken-59-2-2750-ballerup-01510158__59__2____,Ejerlejlighed,Free Sale,17-04-2008,Fri handel,17-04-2008,900.000,3,"Højagerparken 59, 2.",Ballerup,3,Fjernvarme/blokvarme,/adresse/hoejagerparken-59-2-2750-ballerup-01510158__59__2____,55.0,2750.0,Tagpap med lille hældning,1.0,boligsiden,https://www.boligsiden.dk/adresse/hoejagerparken-59-2-2750-ballerup-01510158__59__2____,Mursten,Ikke oplyst
roennevangshusene-33-0-th-2630-taastrup-01696605__33_st__th,Ejerlejlighed,Free Sale,10-03-2025,Fri handel,10-03-2025,2.100.000,1,"Rønnevangshusene 33, st. th.",Taastrup,3,Fjernvarme/blokvarme,/adresse/roennevangshusene-33-0-th-2630-taastrup-01696605__33_st__th,80.0,2630.0,Betontagsten,3.0,boligsiden,https://www.boligsiden.dk/adresse/roennevangshusene-33-0-th-2630-taastrup-01696605__33_st__th,Mursten,Ikke oplyst
mosevej-4-0-tv-2800-kongens-lyngby-01730587___4_st__tv,Ejerlejlighed,Free Sale,10-03-2025,Fri handel,10-03-2025,3.885.000,1,"Mosevej 4, st. tv.",Kongens Lyngby,3,Fjernvarme/blokvarme,/adresse/mosevej-4-0-tv-2800-kongens-lyngby-01730587___4_st__tv,87.0,2800.0,Tegl,3.0,boligsiden,https://www.boligsiden.dk/adresse/mosevej-4-0-tv-2800-kongens-lyngby-01730587___4_st__tv,Mursten,Ikke oplyst
granparken-189-2800-kongens-lyngby-01730298_189_______,Rækkehus,Free Sale,10-03-2025,Fri handel,10-03-2025,5.500.000,1,Granparken 189,Kongens Lyngby,2,Fjernvarme/blokvarme,/adresse/granparken-189-2800-kongens-lyngby-01730298_189_______,119.0,2800.0,Fibercement herunder asbest,4.0,boligsiden,https://www.boligsiden.dk/adresse/granparken-189-2800-kongens-lyngby-01730298_189_______,Mursten,128.2
rebaek-soepark-17-4-th-2650-hvidovre-01676690__17__4__th,Ejerlejlighed,Free Sale,10-03-2025,Fri handel,10-03-2025,2.500.000,1,"Rebæk Søpark 17, 4. th.",Hvidovre,1,Fjernvarme/blokvarme,/adresse/rebaek-soepark-17-4-th-2650-hvidovre-01676690__17__4__th,86.0,2650.0,Tagpap med stor hældning,3.0,boligsiden,https://www.boligsiden.dk/adresse/rebaek-soepark-17-4-th-2650-hvidovre-01676690__17__4__th,Mursten,Ikke oplyst
tvaerbommen-15-2-th-2820-gentofte-01570895__15__2__th,Ejerlejlighed,Free Sale,10-03-2025,Fri handel,10-03-2025,2.750.000,3,"Tværbommen 15, 2. th.",Gentofte,1,Fjernvarme/blokvarme,/adresse/tvaerbommen-15-2-th-2820-gentofte-01570895__15__2__th,65.0,2820.0,Tegl,3.0,boligsiden,https://www.boligsiden.dk/adresse/tvaerbommen-15-2-th-2820-gentofte-01570895__15__2__th,Mursten,Ikke oplyst
tvaerbommen-15-2-th-2820-gentofte-01570895__15__2__th,Ejerlejlighed,Free Sale,15-04-2018,Fri handel,15-04-2018,1.995.000,3,"Tværbommen 15, 2. th.",Gentofte,1,Fjernvarme/blokvarme,/adresse/tvaerbommen-15-2-th-2820-gentofte-01570895__15__2__th,65.0,2820.0,Tegl,3.0,boligsiden,https://www.boligsiden.dk/adresse/tvaerbommen-15-2-th-2820-gentofte-01570895__15__2__th,Mursten,Ikke oplyst
tvaerbommen-15-2-th-2820-gentofte-01570895__15__2__th,Ejerlejlighed,Free Sale,20-07-1999,Fri handel,20-07-1999,775.000,3,"Tværbommen 15, 2. th.",Gentofte,1,Fjernvarme/blokvarme,/adresse/tvaerbommen-15-2-th-2820-gentofte-01570895__15__2__th,65.0,2820.0,Tegl,3.0,boligsiden,https://www.boligsiden.dk/adresse/tvaerbommen-15-2-th-2820-gentofte-01570895__15__2__th,Mursten,Ikke oplyst
taastrup-have-53-2-th-2630-taastrup-01698960__53__2__th,Ejerlejlighed,Free Sale,10-03-2025,Fri handel,10-03-2025,1.545.000,3,"Taastrup Have 53, 2. th.",Taastrup,1,Fjernvarme/blokvarme,/adresse/taastrup-have-53-2-th-2630-taastrup-01698960__53__2__th,53.0,2630.0,Fibercement herunder asbest,2.0,boligsiden,https://www.boligsiden.dk/adresse/taastrup-have-53-2-th-2630-taastrup-01698960__53__2__th,Mursten,Ikke oplyst
taastrup-have-53-2-th-2630-taastrup-01698960__53__2__th,Ejerlejlighed,Free Sale,28-12-2018,Fri handel,28-12-2018,1.350.000,3,"Taastrup Have 53, 2. th.",Taastrup,1,Fjernvarme/blokvarme,/adresse/taastrup-have-53-2-th-2630-taastrup-01698960__53__2__th,53.0,2630.0,Fibercement herunder asbest,2.0,boligsiden,https://www.boligsiden.dk/adresse/taastrup-have-53-2-th-2630-taastrup-01698960__53__2__th,Mursten,Ikke oplyst
taastrup-have-53-2-th-2630-taastrup-01698960__53__2__th,Ejerlejlighed,Family Sale,21-03-2017,Familie handel,21-03-2017,800.000,3,"Taastrup Have 53, 2. th.",Taastrup,1,Fjernvarme/blokvarme,/adresse/taastrup-have-53-2-th-2630-taastrup-01698960__53__2__th,53.0,2630.0,Fibercement herunder asbest,2.0,boligsiden,https://www.boligsiden.dk/adresse/taastrup-have-53-2-th-2630-taastrup-01698960__53__2__th,Mursten,Ikke oplyst
poppelhusene-42-2600-glostrup-01650364__42_______,Rækkehus,Free Sale,10-03-2025,Fri handel,10-03-2025,3.300.000,3,Poppelhusene 42,Glostrup,2,Fjernvarme/blokvarme,/adresse/poppelhusene-42-2600-glostrup-01650364__42_______,122.0,2600.0,Tagpap med lille hældning,5.0,boligsiden,https://www.boligsiden.dk/adresse/poppelhusene-42-2600-glostrup-01650364__42_______,Træ,147.9
poppelhusene-42-2600-glostrup-01650364__42_______,Rækkehus,Free Sale,08-04-2020,Fri handel,08-04-2020,2.900.000,3,Poppelhusene 42,Glostrup,2,Fjernvarme/blokvarme,/adresse/poppelhusene-42-2600-glostrup-01650364__42_______,122.0,2600.0,Tagpap med lille hældning,5.0,boligsiden,https://www.boligsiden.dk/adresse/poppelhusene-42-2600-glostrup-01650364__42_______,Træ,147.9
poppelhusene-42-2600-glostrup-01650364__42_______,Rækkehus,Other,28-08-2006,Andet,28-08-2006,1.548.924,3,Poppelhusene 42,Glostrup,2,Fjernvarme/blokvarme,/adresse/poppelhusene-42-2600-glostrup-01650364__42_______,122.0,2600.0,Tagpap med lille hældning,5.0,boligsiden,https://www.boligsiden.dk/adresse/poppelhusene-42-2600-glostrup-01650364__42_______,Træ,147.9
jaegersborg-alle-237-1-th-2820-gentofte-01570423_237__1__th,Ejerlejlighed,Free Sale,10-03-2025,Fri handel,10-03-2025,3.995.000,2,"Jægersborg Alle 237, 1. th.",Gentofte,1,Fjernvarme/blokvarme,/adresse/jaegersborg-alle-237-1-th-2820-gentofte-01570423_237__1__th,111.0,2820.0,Tagpap med lille hældning,3.0,boligsiden,https://www.boligsiden.dk/adresse/jaegersborg-alle-237-1-th-2820-gentofte-01570423_237__1__th,Mursten,Ikke oplyst
jaegersborg-alle-237-1-th-2820-gentofte-01570423_237__1__th,Ejerlejlighed,Free Sale,12-08-2004,Fri handel,12-08-2004,1.925.000,2,"Jægersborg Alle 237, 1. th.",Gentofte,1,Fjernvarme/blokvarme,/adresse/jaegersborg-alle-237-1-th-2820-gentofte-01570423_237__1__th,111.0,2820.0,Tagpap med lille hældning,3.0,boligsiden,https://www.boligsiden.dk/adresse/jaegersborg-alle-237-1-th-2820-gentofte-01570423_237__1__th,Mursten,Ikke oplyst
birkemosen-1-2640-hedehusene-01690406___1_______,Villa,Family Sale,09-03-2025,Familie handel,09-03-2025,1.600.000,2,Birkemosen 1,Hedehusene,1,Fjernvarme/blokvarme,/adresse/birkemosen-1-2640-hedehusene-01690406___1_______,98.0,2640.0,Fibercement herunder asbest,4.0,boligsiden,https://www.boligsiden.dk/adresse/birkemosen-1-2640-hedehusene-01690406___1_______,Mursten,139.7
birkemosen-1-2640-hedehusene-01690406___1_______,Villa,Free Sale,12-06-2018,Fri handel,12-06-2018,2.350.000,2,Birkemosen 1,Hedehusene,1,Fjernvarme/blokvarme,/adresse/birkemosen-1-2640-hedehusene-01690406___1_______,98.0,2640.0,Fibercement herunder asbest,4.0,boligsiden,https://www.boligsiden.dk/adresse/birkemosen-1-2640-hedehusene-01690406___1_______,Mursten,139.7
roedhoejgaardsvej-96-2630-taastrup-01696496__96_______,Villa,Free Sale,09-03-2025,Fri handel,09-03-2025,3.775.000,3,Rødhøjgårdsvej 96,Taastrup,1,Fjernvarme/blokvarme,/adresse/roedhoejgaardsvej-96-2630-taastrup-01696496__96_______,149.0,2630.0,Fibercement herunder asbest,5.0,boligsiden,https://www.boligsiden.dk/adresse/roedhoejgaardsvej-96-2630-taastrup-01696496__96_______,Mursten,158
roedhoejgaardsvej-96-2630-taastrup-01696496__96_______,Villa,Free Sale,17-07-2012,Fri handel,17-07-2012,2.100.000,3,Rødhøjgårdsvej 96,Taastrup,1,Fjernvarme/blokvarme,/adresse/roedhoejgaardsvej-96-2630-taastrup-01696496__96_______,149.0,2630.0,Fibercement herunder asbest,5.0,boligsiden,https://www.boligsiden.dk/adresse/roedhoejgaardsvej-96-2630-taastrup-01696496__96_______,Mursten,158
roedhoejgaardsvej-96-2630-taastrup-01696496__96_______,Villa,Free Sale,09-07-1999,Fri handel,09-07-1999,1.680.195,3,Rødhøjgårdsvej 96,Taastrup,1,Fjernvarme/blokvarme,/adresse/roedhoejgaardsvej-96-2630-taastrup-01696496__96_______,149.0,2630.0,Fibercement herunder asbest,5.0,boligsiden,https://www.boligsiden.dk/adresse/roedhoejgaardsvej-96-2630-taastrup-01696496__96_______,Mursten,158
esberns-alle-1-0-1-2860-soeborg-01590172___1_st___1,Ejerlejlighed,Free Sale,09-03-2025,Fri handel,09-03-2025,1.700.000,1,"Esberns Alle 1, st. 1.",Søborg,1,Fjernvarme/blokvarme,/adresse/esberns-alle-1-0-1-2860-soeborg-01590172___1_st___1,55.0,2860.0,Fibercement herunder asbest,2.0,boligsiden,https://www.boligsiden.dk/adresse/esberns-alle-1-0-1-2860-soeborg-01590172___1_st___1,Mursten,Ikke oplyst
skaerbaekvej-64-2610-roedovre-01750760__64_______,Villa,Free Sale,09-03-2025,Fri handel,09-03-2025,5.500.000,1,Skærbækvej 64,Rødovre,1,Centralvarme med én fyringsenhed,/adresse/skaerbaekvej-64-2610-roedovre-01750760__64_______,102.0,2610.0,Tagpap med stor hældning,4.0,boligsiden,https://www.boligsiden.dk/adresse/skaerbaekvej-64-2610-roedovre-01750760__64_______,Mursten,134.2
lauggaards-alle-19-2860-soeborg-01590498__19_______,Villa,Family Sale,09-03-2025,Familie handel,09-03-2025,1.723.200,1,Lauggårds Alle 19,Søborg,1,Centralvarme med én fyringsenhed,/adresse/lauggaards-alle-19-2860-soeborg-01590498__19_______,57.0,2860.0,Metal,3.0,boligsiden,https://www.boligsiden.dk/adresse/lauggaards-alle-19-2860-soeborg-01590498__19_______,Mursten,90.3
strandfogedvej-6-2660-broendby-strand-01530636___6_______,Villa,Free Sale,08-03-2025,Fri handel,08-03-2025,5.325.000,3,Strandfogedvej 6,Brøndby Strand,1,Centralvarme med én fyringsenhed,/adresse/strandfogedvej-6-2660-broendby-strand-01530636___6_______,164.0,2660.0,Tegl,5.0,boligsiden,https://www.boligsiden.dk/adresse/strandfogedvej-6-2660-broendby-strand-01530636___6_______,Mursten,194.6
strandfogedvej-6-2660-broendby-strand-01530636___6_______,Villa,Free Sale,19-01-2022,Fri handel,19-01-2022,5.850.000,3,Strandfogedvej 6,Brøndby Strand,1,Centralvarme med én fyringsenhed,/adresse/strandfogedvej-6-2660-broendby-strand-01530636___6_______,164.0,2660.0,Tegl,5.0,boligsiden,https://www.boligsiden.dk/adresse/strandfogedvej-6-2660-broendby-strand-01530636___6_______,Mursten,194.6
strandfogedvej-6-2660-broendby-strand-01530636___6_______,Villa,Free Sale,08-11-2012,Fri handel,08-11-2012,1.700.000,3,Strandfogedvej 6,Brøndby Strand,1,Centralvarme med én fyringsenhed,/adresse/strandfogedvej-6-2660-broendby-strand-01530636___6_______,164.0,2660.0,Tegl,5.0,boligsiden,https://www.boligsiden.dk/adresse/strandfogedvej-6-2660-broendby-strand-01530636___6_______,Mursten,194.6
augustvej-132-2860-soeborg-01590033_132_______,Villa,Free Sale,08-03-2025,Fri handel,08-03-2025,3.600.000,2,Augustvej 132,Søborg,1,Fjernvarme/blokvarme,/adresse/augustvej-132-2860-soeborg-01590033_132_______,108.0,2860.0,Tegl,6.0,boligsiden,https://www.boligsiden.dk/adresse/augustvej-132-2860-soeborg-01590033_132_______,Mursten,113
augustvej-132-2860-soeborg-01590033_132_______,Villa,Free Sale,02-09-2020,Fri handel,02-09-2020,3.250.000,2,Augustvej 132,Søborg,1,Fjernvarme/blokvarme,/adresse/augustvej-132-2860-soeborg-01590033_132_______,108.0,2860.0,Tegl,6.0,boligsiden,https://www.boligsiden.dk/adresse/augustvej-132-2860-soeborg-01590033_132_______,Mursten,113
borgevej-27-2800-kongens-lyngby-01730082__27_______,Villa,Free Sale,08-03-2025,Fri handel,08-03-2025,14.500.000,1,,,,,,,,,,,,,
sandkrogen-27-2800-kongens-lyngby-01590729__27_______,Rækkehus,Free Sale,08-03-2025,Fri handel,08-03-2025,6.500.000,3,Sandkrogen 27,Kongens Lyngby,2,Centralvarme med én fyringsenhed,/adresse/sandkrogen-27-2800-kongens-lyngby-01590729__27_______,106.0,2800.0,Tegl,4.0,boligsiden,https://www.boligsiden.dk/adresse/sandkrogen-27-2800-kongens-lyngby-01590729__27_______,Mursten,127.7
sandkrogen-27-2800-kongens-lyngby-01590729__27_______,Rækkehus,Family Sale,15-04-2020,Familie handel,15-04-2020,2.250.000,3,Sandkrogen 27,Kongens Lyngby,2,Centralvarme med én fyringsenhed,/adresse/sandkrogen-27-2800-kongens-lyngby-01590729__27_______,106.0,2800.0,Tegl,4.0,boligsiden,https://www.boligsiden.dk/adresse/sandkrogen-27-2800-kongens-lyngby-01590729__27_______,Mursten,127.7
sandkrogen-27-2800-kongens-lyngby-01590729__27_______,Rækkehus,Free Sale,16-10-2014,Fri handel,16-10-2014,4.400.000,3,Sandkrogen 27,Kongens Lyngby,2,Centralvarme med én fyringsenhed,/adresse/sandkrogen-27-2800-kongens-lyngby-01590729__27_______,106.0,2800.0,Tegl,4.0,boligsiden,https://www.boligsiden.dk/adresse/sandkrogen-27-2800-kongens-lyngby-01590729__27_______,Mursten,127.7
gentoftegade-38-0-th-2820-gentofte-01570278__38_st__th,Ejerlejlighed,Free Sale,07-03-2025,Fri handel,07-03-2025,7.750.000,3,"Gentoftegade 38, st. th.",Gentofte,1,Fjernvarme/blokvarme,/adresse/gentoftegade-38-0-th-2820-gentofte-01570278__38_st__th,112.0,2820.0,Tagpap med stor hældning,4.0,boligsiden,https://www.boligsiden.dk/adresse/gentoftegade-38-0-th-2820-gentofte-01570278__38_st__th,Mursten,Ikke oplyst
gentoftegade-38-0-th-2820-gentofte-01570278__38_st__th,Ejerlejlighed,Free Sale,10-05-2012,Fri handel,10-05-2012,2.495.000,3,"Gentoftegade 38, st. th.",Gentofte,1,Fjernvarme/blokvarme,/adresse/gentoftegade-38-0-th-2820-gentofte-01570278__38_st__th,112.0,2820.0,Tagpap med stor hældning,4.0,boligsiden,https://www.boligsiden.dk/adresse/gentoftegade-38-0-th-2820-gentofte-01570278__38_st__th,Mursten,Ikke oplyst
gentoftegade-38-0-th-2820-gentofte-01570278__38_st__th,Ejerlejlighed,Family Sale,10-12-2001,Familie handel,10-12-2001,2.095.000,3,"Gentoftegade 38, st. th.",Gentofte,1,Fjernvarme/blokvarme,/adresse/gentoftegade-38-0-th-2820-gentofte-01570278__38_st__th,112.0,2820.0,Tagpap med stor hældning,4.0,boligsiden,https://www.boligsiden.dk/adresse/gentoftegade-38-0-th-2820-gentofte-01570278__38_st__th,Mursten,Ikke oplyst
ejby-mosevej-121-2600-glostrup-01610094_121_______,Villa,Free Sale,07-03-2025,Fri handel,07-03-2025,3.200.000,1,Ejby Mosevej 121,Glostrup,1,Centralvarme med én fyringsenhed,/adresse/ejby-mosevej-121-2600-glostrup-01610094_121_______,117.0,2600.0,Fibercement herunder asbest,4.0,boligsiden,https://www.boligsiden.dk/adresse/ejby-mosevej-121-2600-glostrup-01610094_121_______,Mursten,124.4
skaerager-1-2620-albertslund-01650447___1_______,Villa,Free Sale,07-03-2025,Fri handel,07-03-2025,4.300.000,2,Skærager 1,Albertslund,1,Fjernvarme/blokvarme,/adresse/skaerager-1-2620-albertslund-01650447___1_______,172.0,2620.0,Fibercement herunder asbest,5.0,boligsiden,https://www.boligsiden.dk/adresse/skaerager-1-2620-albertslund-01650447___1_______,Mursten,188.7
skaerager-1-2620-albertslund-01650447___1_______,Villa,Free Sale,05-03-2003,Fri handel,05-03-2003,2.195.000,2,Skærager 1,Albertslund,1,Fjernvarme/blokvarme,/adresse/skaerager-1-2620-albertslund-01650447___1_______,172.0,2620.0,Fibercement herunder asbest,5.0,boligsiden,https://www.boligsiden.dk/adresse/skaerager-1-2620-albertslund-01650447___1_______,Mursten,188.7
hvidovrevej-22b-2610-roedovre-01750365_22b_______,Rækkehus,Other,07-03-2025,Andet,07-03-2025,1.900.000,3,Hvidovrevej 22B,Rødovre,1,Elvarme,/adresse/hvidovrevej-22b-2610-roedovre-01750365_22b_______,89.0,2610.0,Fibercement herunder asbest,3.0,boligsiden,https://www.boligsiden.dk/adresse/hvidovrevej-22b-2610-roedovre-01750365_22b_______,Mursten,Ikke oplyst
hvidovrevej-22b-2610-roedovre-01750365_22b_______,Rækkehus,Free Sale,14-12-2020,Fri handel,14-12-2020,3.100.000,3,Hvidovrevej 22B,Rødovre,1,Elvarme,/adresse/hvidovrevej-22b-2610-roedovre-01750365_22b_______,89.0,2610.0,Fibercement herunder asbest,3.0,boligsiden,https://www.boligsiden.dk/adresse/hvidovrevej-22b-2610-roedovre-01750365_22b_______,Mursten,Ikke oplyst
hvidovrevej-22b-2610-roedovre-01750365_22b_______,Rækkehus,Free Sale,22-10-1996,Fri handel,22-10-1996,836.318,3,Hvidovrevej 22B,Rødovre,1,Elvarme,/adresse/hvidovrevej-22b-2610-roedovre-01750365_22b_______,89.0,2610.0,Fibercement herunder asbest,3.0,boligsiden,https://www.boligsiden.dk/adresse/hvidovrevej-22b-2610-roedovre-01750365_22b_______,Mursten,Ikke oplyst
pligtgaardsvej-22-2660-broendby-strand-01530501__22_______,Villa,Free Sale,07-03-2025,Fri handel,07-03-2025,5.300.000,2,Pligtgårdsvej 22,Brøndby Strand,1,Centralvarme med én fyringsenhed,/adresse/pligtgaardsvej-22-2660-broendby-strand-01530501__22_______,187.0,2660.0,Betontagsten,5.0,boligsiden,https://www.boligsiden.dk/adresse/pligtgaardsvej-22-2660-broendby-strand-01530501__22_______,Mursten,188.75
pligtgaardsvej-22-2660-broendby-strand-01530501__22_______,Villa,Free Sale,20-08-1993,Fri handel,20-08-1993,1.097.000,2,Pligtgårdsvej 22,Brøndby Strand,1,Centralvarme med én fyringsenhed,/adresse/pligtgaardsvej-22-2660-broendby-strand-01530501__22_______,187.0,2660.0,Betontagsten,5.0,boligsiden,https://www.boligsiden.dk/adresse/pligtgaardsvej-22-2660-broendby-strand-01530501__22_______,Mursten,188.75
macgregor-alle-7-2750-ballerup-01510134___7_______,Rækkehus,Free Sale,07-03-2025,Fri handel,07-03-2025,3.650.000,3,MacGregor Alle 7,Ballerup,1,Centralvarme med én fyringsenhed,/adresse/macgregor-alle-7-2750-ballerup-01510134___7_______,107.0,2750.0,Tagpap med lille hældning,4.0,boligsiden,https://www.boligsiden.dk/adresse/macgregor-alle-7-2750-ballerup-01510134___7_______,Betonelementer,114.25
macgregor-alle-7-2750-ballerup-01510134___7_______,Rækkehus,Free Sale,09-11-2017,Fri handel,09-11-2017,2.920.000,3,MacGregor Alle 7,Ballerup,1,Centralvarme med én fyringsenhed,/adresse/macgregor-alle-7-2750-ballerup-01510134___7_______,107.0,2750.0,Tagpap med lille hældning,4.0,boligsiden,https://www.boligsiden.dk/adresse/macgregor-alle-7-2750-ballerup-01510134___7_______,Betonelementer,114.25
macgregor-alle-7-2750-ballerup-01510134___7_______,Rækkehus,Free Sale,28-08-2014,Fri handel,28-08-2014,2.375.000,3,MacGregor Alle 7,Ballerup,1,Centralvarme med én fyringsenhed,/adresse/macgregor-alle-7-2750-ballerup-01510134___7_______,107.0,2750.0,Tagpap med lille hældning,4.0,boligsiden,https://www.boligsiden.dk/adresse/macgregor-alle-7-2750-ballerup-01510134___7_______,Betonelementer,114.25
ordrupvej-98b-4-tv-2920-charlottenlund-01570622_98b__4__tv,Ejerlejlighed,Free Sale,07-03-2025,Fri handel,07-03-2025,2.920.000,3,"Ordrupvej 98B, 4. tv.",Charlottenlund,1,Fjernvarme/blokvarme,/adresse/ordrupvej-98b-4-tv-2920-charlottenlund-01570622_98b__4__tv,58.0,2920.0,Tegl,2.0,boligsiden,https://www.boligsiden.dk/adresse/ordrupvej-98b-4-tv-2920-charlottenlund-01570622_98b__4__tv,Mursten,Ikke oplyst
ordrupvej-98b-4-tv-2920-charlottenlund-01570622_98b__4__tv,Ejerlejlighed,Free Sale,13-07-2022,Fri handel,13-07-2022,2.400.000,3,"Ordrupvej 98B, 4. tv.",Charlottenlund,1,Fjernvarme/blokvarme,/adresse/ordrupvej-98b-4-tv-2920-charlottenlund-01570622_98b__4__tv,58.0,2920.0,Tegl,2.0,boligsiden,https://www.boligsiden.dk/adresse/ordrupvej-98b-4-tv-2920-charlottenlund-01570622_98b__4__tv,Mursten,Ikke oplyst
ordrupvej-98b-4-tv-2920-charlottenlund-01570622_98b__4__tv,Ejerlejlighed,Free Sale,24-02-2003,Fri handel,24-02-2003,1.086.081,3,"Ordrupvej 98B, 4. tv.",Charlottenlund,1,Fjernvarme/blokvarme,/adresse/ordrupvej-98b-4-tv-2920-charlottenlund-01570622_98b__4__tv,58.0,2920.0,Tegl,2.0,boligsiden,https://www.boligsiden.dk/adresse/ordrupvej-98b-4-tv-2920-charlottenlund-01570622_98b__4__tv,Mursten,Ikke oplyst
sandtoften-35-2800-kongens-lyngby-01590731__35_______,Rækkehus,Free Sale,07-03-2025,Fri handel,07-03-2025,4.350.000,3,Sandtoften 35,Kongens Lyngby,1,Centralvarme med én fyringsenhed,/adresse/sandtoften-35-2800-kongens-lyngby-01590731__35_______,95.0,2800.0,Tegl,3.0,boligsiden,https://www.boligsiden.dk/adresse/sandtoften-35-2800-kongens-lyngby-01590731__35_______,Mursten,112.75
sandtoften-35-2800-kongens-lyngby-01590731__35_______,Rækkehus,Free Sale,29-05-2013,Fri handel,29-05-2013,2.410.000,3,Sandtoften 35,Kongens Lyngby,1,Centralvarme med én fyringsenhed,/adresse/sandtoften-35-2800-kongens-lyngby-01590731__35_______,95.0,2800.0,Tegl,3.0,boligsiden,https://www.boligsiden.dk/adresse/sandtoften-35-2800-kongens-lyngby-01590731__35_______,Mursten,112.75
sandtoften-35-2800-kongens-lyngby-01590731__35_______,Rækkehus,Free Sale,03-02-2011,Fri handel,03-02-2011,2.365.000,3,Sandtoften 35,Kongens Lyngby,1,Centralvarme med én fyringsenhed,/adresse/sandtoften-35-2800-kongens-lyngby-01590731__35_______,95.0,2800.0,Tegl,3.0,boligsiden,https://www.boligsiden.dk/adresse/sandtoften-35-2800-kongens-lyngby-01590731__35_______,Mursten,112.75
dalstroeget-81-3-tv-2870-dyssegaard-01570133__81__3__tv,Ejerlejlighed,Free Sale,07-03-2025,Fri handel,07-03-2025,2.370.000,1,"Dalstrøget 81, 3. tv.",Dyssegård,1,Fjernvarme/blokvarme,/adresse/dalstroeget-81-3-tv-2870-dyssegaard-01570133__81__3__tv,64.0,2870.0,Andet materiale,2.0,boligsiden,https://www.boligsiden.dk/adresse/dalstroeget-81-3-tv-2870-dyssegaard-01570133__81__3__tv,Mursten,Ikke oplyst
draebyvej-8-2740-skovlunde-01510543___8_______,Villa,Free Sale,07-03-2025,Fri handel,07-03-2025,5.100.000,1,Dræbyvej 8,Skovlunde,1,Centralvarme med én fyringsenhed,/adresse/draebyvej-8-2740-skovlunde-01510543___8_______,110.0,2740.0,Tagpap med lille hældning,4.0,boligsiden,https://www.boligsiden.dk/adresse/draebyvej-8-2740-skovlunde-01510543___8_______,Mursten,147.05
moellevaenget-2-2640-hedehusene-01695278___2_______,Villa,Free Sale,07-03-2025,Fri handel,07-03-2025,2.500.000,1,Møllevænget 2,Hedehusene,1,Fjernvarme/blokvarme,/adresse/moellevaenget-2-2640-hedehusene-01695278___2_______,110.0,2640.0,Metal,5.0,boligsiden,https://www.boligsiden.dk/adresse/moellevaenget-2-2640-hedehusene-01695278___2_______,Letbetonsten,143.6
moellevaenget-2-2640-hedehusene-01695278___2_______,Villa,Free Sale,07-03-2025,Fri handel,07-03-2025,2.500.000,1,Møllevænget 2,Hedehusene,1,Fjernvarme/blokvarme,/adresse/moellevaenget-2-2640-hedehusene-01695278___2_______,110.0,2640.0,Metal,5.0,boligsiden,https://www.boligsiden.dk/adresse/moellevaenget-2-2640-hedehusene-01695278___2_______,Letbetonsten,143.6
multebaervaenget-18-2650-hvidovre-01675764__18_______,Rækkehus,Free Sale,07-03-2025,Fri handel,07-03-2025,4.225.000,3,Multebærvænget 18,Hvidovre,1,Varmepumpe,/adresse/multebaervaenget-18-2650-hvidovre-01675764__18_______,110.0,2650.0,Fibercement uden asbest,3.0,boligsiden,https://www.boligsiden.dk/adresse/multebaervaenget-18-2650-hvidovre-01675764__18_______,Letbetonsten,113.3
multebaervaenget-18-2650-hvidovre-01675764__18_______,Rækkehus,Family Sale,24-01-2017,Familie handel,24-01-2017,1.600.000,3,Multebærvænget 18,Hvidovre,1,Varmepumpe,/adresse/multebaervaenget-18-2650-hvidovre-01675764__18_______,110.0,2650.0,Fibercement uden asbest,3.0,boligsiden,https://www.boligsiden.dk/adresse/multebaervaenget-18-2650-hvidovre-01675764__18_______,Letbetonsten,113.3
multebaervaenget-18-2650-hvidovre-01675764__18_______,Rækkehus,Free Sale,06-12-2007,Fri handel,06-12-2007,1.750.000,3,Multebærvænget 18,Hvidovre,1,Varmepumpe,/adresse/multebaervaenget-18-2650-hvidovre-01675764__18_______,110.0,2650.0,Fibercement uden asbest,3.0,boligsiden,https://www.boligsiden.dk/adresse/multebaervaenget-18-2650-hvidovre-01675764__18_______,Letbetonsten,113.3
leen-b-6-0-1-2630-taastrup-01694316___6_st___1,Ejerlejlighed,Free Sale,07-03-2025,Fri handel,07-03-2025,1.550.000,3,"Leen B 6, st. 1.",Taastrup,1,Fjernvarme/blokvarme,/adresse/leen-b-6-0-1-2630-taastrup-01694316___6_st___1,57.0,2630.0,Tagpap med lille hældning,2.0,boligsiden,https://www.boligsiden.dk/adresse/leen-b-6-0-1-2630-taastrup-01694316___6_st___1,Betonelementer,Ikke oplyst
leen-b-6-0-1-2630-taastrup-01694316___6_st___1,Ejerlejlighed,Free Sale,07-03-2025,Fri handel,07-03-2025,1.550.000,3,"Leen B 6, st. 1.",Taastrup,1,Fjernvarme/blokvarme,/adresse/leen-b-6-0-1-2630-taastrup-01694316___6_st___1,57.0,2630.0,Tagpap med lille hældning,2.0,boligsiden,https://www.boligsiden.dk/adresse/leen-b-6-0-1-2630-taastrup-01694316___6_st___1,Betonelementer,Ikke oplyst
leen-b-6-0-1-2630-taastrup-01694316___6_st___1,Ejerlejlighed,Free Sale,02-05-2007,Fri handel,02-05-2007,1.235.000,3,"Leen B 6, st. 1.",Taastrup,1,Fjernvarme/blokvarme,/adresse/leen-b-6-0-1-2630-taastrup-01694316___6_st___1,57.0,2630.0,Tagpap med lille hældning,2.0,boligsiden,https://www.boligsiden.dk/adresse/leen-b-6-0-1-2630-taastrup-01694316___6_st___1,Betonelementer,Ikke oplyst
leen-b-6-0-1-2630-taastrup-01694316___6_st___1,Ejerlejlighed,Free Sale,02-05-2007,Fri handel,02-05-2007,1.235.000,3,"Leen B 6, st. 1.",Taastrup,1,Fjernvarme/blokvarme,/adresse/leen-b-6-0-1-2630-taastrup-01694316___6_st___1,57.0,2630.0,Tagpap med lille hældning,2.0,boligsiden,https://www.boligsiden.dk/adresse/leen-b-6-0-1-2630-taastrup-01694316___6_st___1,Betonelementer,Ikke oplyst
leen-b-6-0-1-2630-taastrup-01694316___6_st___1,Ejerlejlighed,Free Sale,01-07-2006,Fri handel,01-07-2006,1.085.000,3,"Leen B 6, st. 1.",Taastrup,1,Fjernvarme/blokvarme,/adresse/leen-b-6-0-1-2630-taastrup-01694316___6_st___1,57.0,2630.0,Tagpap med lille hældning,2.0,boligsiden,https://www.boligsiden.dk/adresse/leen-b-6-0-1-2630-taastrup-01694316___6_st___1,Betonelementer,Ikke oplyst
leen-b-6-0-1-2630-taastrup-01694316___6_st___1,Ejerlejlighed,Free Sale,01-07-2006,Fri handel,01-07-2006,1.085.000,3,"Leen B 6, st. 1.",Taastrup,1,Fjernvarme/blokvarme,/adresse/leen-b-6-0-1-2630-taastrup-01694316___6_st___1,57.0,2630.0,Tagpap med lille hældning,2.0,boligsiden,https://www.boligsiden.dk/adresse/leen-b-6-0-1-2630-taastrup-01694316___6_st___1,Betonelementer,Ikke oplyst
moellevaenget-2-2640-hedehusene-01695278___2_______,Villa,Free Sale,07-03-2025,Fri handel,07-03-2025,2.500.000,1,Møllevænget 2,Hedehusene,1,Fjernvarme/blokvarme,/adresse/moellevaenget-2-2640-hedehusene-01695278___2_______,110.0,2640.0,Metal,5.0,boligsiden,https://www.boligsiden.dk/adresse/moellevaenget-2-2640-hedehusene-01695278___2_______,Letbetonsten,143.6
moellevaenget-2-2640-hedehusene-01695278___2_______,Villa,Free Sale,07-03-2025,Fri handel,07-03-2025,2.500.000,1,Møllevænget 2,Hedehusene,1,Fjernvarme/blokvarme,/adresse/moellevaenget-2-2640-hedehusene-01695278___2_______,110.0,2640.0,Metal,5.0,boligsiden,https://www.boligsiden.dk/adresse/moellevaenget-2-2640-hedehusene-01695278___2_______,Letbetonsten,143.6
leen-b-6-0-1-2630-taastrup-01694316___6_st___1,Ejerlejlighed,Free Sale,07-03-2025,Fri handel,07-03-2025,1.550.000,3,"Leen B 6, st. 1.",Taastrup,1,Fjernvarme/blokvarme,/adresse/leen-b-6-0-1-2630-taastrup-01694316___6_st___1,57.0,2630.0,Tagpap med lille hældning,2.0,boligsiden,https://www.boligsiden.dk/adresse/leen-b-6-0-1-2630-taastrup-01694316___6_st___1,Betonelementer,Ikke oplyst
leen-b-6-0-1-2630-taastrup-01694316___6_st___1,Ejerlejlighed,Free Sale,07-03-2025,Fri handel,07-03-2025,1.550.000,3,"Leen B 6, st. 1.",Taastrup,1,Fjernvarme/blokvarme,/adresse/leen-b-6-0-1-2630-taastrup-01694316___6_st___1,57.0,2630.0,Tagpap med lille hældning,2.0,boligsiden,https://www.boligsiden.dk/adresse/leen-b-6-0-1-2630-taastrup-01694316___6_st___1,Betonelementer,Ikke oplyst
leen-b-6-0-1-2630-taastrup-01694316___6_st___1,Ejerlejlighed,Free Sale,02-05-2007,Fri handel,02-05-2007,1.235.000,3,"Leen B 6, st. 1.",Taastrup,1,Fjernvarme/blokvarme,/adresse/leen-b-6-0-1-2630-taastrup-01694316___6_st___1,57.0,2630.0,Tagpap med lille hældning,2.0,boligsiden,https://www.boligsiden.dk/adresse/leen-b-6-0-1-2630-taastrup-01694316___6_st___1,Betonelementer,Ikke oplyst
leen-b-6-0-1-2630-taastrup-01694316___6_st___1,Ejerlejlighed,Free Sale,02-05-2007,Fri handel,02-05-2007,1.235.000,3,"Leen B 6, st. 1.",Taastrup,1,Fjernvarme/blokvarme,/adresse/leen-b-6-0-1-2630-taastrup-01694316___6_st___1,57.0,2630.0,Tagpap med lille hældning,2.0,boligsiden,https://www.boligsiden.dk/adresse/leen-b-6-0-1-2630-taastrup-01694316___6_st___1,Betonelementer,Ikke oplyst
leen-b-6-0-1-2630-taastrup-01694316___6_st___1,Ejerlejlighed,Free Sale,01-07-2006,Fri handel,01-07-2006,1.085.000,3,"Leen B 6, st. 1.",Taastrup,1,Fjernvarme/blokvarme,/adresse/leen-b-6-0-1-2630-taastrup-01694316___6_st___1,57.0,2630.0,Tagpap med lille hældning,2.0,boligsiden,https://www.boligsiden.dk/adresse/leen-b-6-0-1-2630-taastrup-01694316___6_st___1,Betonelementer,Ikke oplyst
leen-b-6-0-1-2630-taastrup-01694316___6_st___1,Ejerlejlighed,Free Sale,01-07-2006,Fri handel,01-07-2006,1.085.000,3,"Leen B 6, st. 1.",Taastrup,1,Fjernvarme/blokvarme,/adresse/leen-b-6-0-1-2630-taastrup-01694316___6_st___1,57.0,2630.0,Tagpap med lille hældning,2.0,boligsiden,https://www.boligsiden.dk/adresse/leen-b-6-0-1-2630-taastrup-01694316___6_st___1,Betonelementer,Ikke oplyst
ordrupvej-75a-2-th-2920-charlottenlund-01570622_75a__2__th,Ejerlejlighed,Free Sale,06-03-2025,Fri handel,06-03-2025,2.525.000,3,"Ordrupvej 75A, 2. th.",Charlottenlund,1,Fjernvarme/blokvarme,/adresse/ordrupvej-75a-2-th-2920-charlottenlund-01570622_75a__2__th,63.0,2920.0,Tegl,2.0,boligsiden,https://www.boligsiden.dk/adresse/ordrupvej-75a-2-th-2920-charlottenlund-01570622_75a__2__th,Mursten,Ikke oplyst
ordrupvej-75a-2-th-2920-charlottenlund-01570622_75a__2__th,Ejerlejlighed,Family Sale,01-06-2022,Familie handel,01-06-2022,1.200.000,3,"Ordrupvej 75A, 2. th.",Charlottenlund,1,Fjernvarme/blokvarme,/adresse/ordrupvej-75a-2-th-2920-charlottenlund-01570622_75a__2__th,63.0,2920.0,Tegl,2.0,boligsiden,https://www.boligsiden.dk/adresse/ordrupvej-75a-2-th-2920-charlottenlund-01570622_75a__2__th,Mursten,Ikke oplyst
ordrupvej-75a-2-th-2920-charlottenlund-01570622_75a__2__th,Ejerlejlighed,Free Sale,19-02-2022,Fri handel,19-02-2022,2.275.000,3,"Ordrupvej 75A, 2. th.",Charlottenlund,1,Fjernvarme/blokvarme,/adresse/ordrupvej-75a-2-th-2920-charlottenlund-01570622_75a__2__th,63.0,2920.0,Tegl,2.0,boligsiden,https://www.boligsiden.dk/adresse/ordrupvej-75a-2-th-2920-charlottenlund-01570622_75a__2__th,Mursten,Ikke oplyst
vejlegaardsparken-82-4-mf-2665-vallensbaek-strand-01879267__82__4__mf,Ejerlejlighed,Free Sale,06-03-2025,Fri handel,06-03-2025,1.420.000,3,"Vejlegårdsparken 82, 4. mf.",Vallensbæk Strand,1,Fjernvarme/blokvarme,/adresse/vejlegaardsparken-82-4-mf-2665-vallensbaek-strand-01879267__82__4__mf,60.0,2665.0,Tagpap med stor hældning,2.0,boligsiden,https://www.boligsiden.dk/adresse/vejlegaardsparken-82-4-mf-2665-vallensbaek-strand-01879267__82__4__mf,Betonelementer,Ikke oplyst
vejlegaardsparken-82-4-mf-2665-vallensbaek-strand-01879267__82__4__mf,Ejerlejlighed,Free Sale,26-03-1998,Fri handel,26-03-1998,492.000,3,"Vejlegårdsparken 82, 4. mf.",Vallensbæk Strand,1,Fjernvarme/blokvarme,/adresse/vejlegaardsparken-82-4-mf-2665-vallensbaek-strand-01879267__82__4__mf,60.0,2665.0,Tagpap med stor hældning,2.0,boligsiden,https://www.boligsiden.dk/adresse/vejlegaardsparken-82-4-mf-2665-vallensbaek-strand-01879267__82__4__mf,Betonelementer,Ikke oplyst
vejlegaardsparken-82-4-mf-2665-vallensbaek-strand-01879267__82__4__mf,Ejerlejlighed,Free Sale,11-04-1994,Fri handel,11-04-1994,378.000,3,"Vejlegårdsparken 82, 4. mf.",Vallensbæk Strand,1,Fjernvarme/blokvarme,/adresse/vejlegaardsparken-82-4-mf-2665-vallensbaek-strand-01879267__82__4__mf,60.0,2665.0,Tagpap med stor hældning,2.0,boligsiden,https://www.boligsiden.dk/adresse/vejlegaardsparken-82-4-mf-2665-vallensbaek-strand-01879267__82__4__mf,Betonelementer,Ikke oplyst
hoejdevej-11b-2830-virum-01730364_11b_______,Villa,Free Sale,06-03-2025,Fri handel,06-03-2025,5.800.000,1,Højdevej 11B,Virum,1,Centralvarme med én fyringsenhed,/adresse/hoejdevej-11b-2830-virum-01730364_11b_______,128.0,2830.0,Fibercement herunder asbest,5.0,boligsiden,https://www.boligsiden.dk/adresse/hoejdevej-11b-2830-virum-01730364_11b_______,Letbetonsten,133.2
holmevej-17-2830-virum-01730350__17_______,Villa,Free Sale,06-03-2025,Fri handel,06-03-2025,9.075.000,2,Holmevej 17,Virum,1,Centralvarme med én fyringsenhed,/adresse/holmevej-17-2830-virum-01730350__17_______,134.0,2830.0,Tegl,5.0,boligsiden,https://www.boligsiden.dk/adresse/holmevej-17-2830-virum-01730350__17_______,Mursten,139.7
holmevej-17-2830-virum-01730350__17_______,Villa,Free Sale,06-11-1993,Fri handel,06-11-1993,1.390.490,2,Holmevej 17,Virum,1,Centralvarme med én fyringsenhed,/adresse/holmevej-17-2830-virum-01730350__17_______,134.0,2830.0,Tegl,5.0,boligsiden,https://www.boligsiden.dk/adresse/holmevej-17-2830-virum-01730350__17_______,Mursten,139.7
toftholmvaenget-9-2740-skovlunde-01510682___9_______,Villa,Free Sale,06-03-2025,Fri handel,06-03-2025,4.800.000,1,Toftholmvænget 9,Skovlunde,1,Centralvarme med én fyringsenhed,/adresse/toftholmvaenget-9-2740-skovlunde-01510682___9_______,151.0,2740.0,Metal,6.0,boligsiden,https://www.boligsiden.dk/adresse/toftholmvaenget-9-2740-skovlunde-01510682___9_______,Mursten,167.3
vejledalen-326-2635-ishoej-01830854_326_______,Rækkehus,Free Sale,06-03-2025,Fri handel,06-03-2025,2.595.000,3,Vejledalen 326,Ishøj,2,Fjernvarme/blokvarme,/adresse/vejledalen-326-2635-ishoej-01830854_326_______,76.0,2635.0,Betontagsten,3.0,boligsiden,https://www.boligsiden.dk/adresse/vejledalen-326-2635-ishoej-01830854_326_______,Træ,76
vejledalen-326-2635-ishoej-01830854_326_______,Rækkehus,Free Sale,20-04-2022,Fri handel,20-04-2022,2.490.000,3,Vejledalen 326,Ishøj,2,Fjernvarme/blokvarme,/adresse/vejledalen-326-2635-ishoej-01830854_326_______,76.0,2635.0,Betontagsten,3.0,boligsiden,https://www.boligsiden.dk/adresse/vejledalen-326-2635-ishoej-01830854_326_______,Træ,76
vejledalen-326-2635-ishoej-01830854_326_______,Rækkehus,Free Sale,03-05-2021,Fri handel,03-05-2021,2.095.000,3,Vejledalen 326,Ishøj,2,Fjernvarme/blokvarme,/adresse/vejledalen-326-2635-ishoej-01830854_326_______,76.0,2635.0,Betontagsten,3.0,boligsiden,https://www.boligsiden.dk/adresse/vejledalen-326-2635-ishoej-01830854_326_______,Træ,76
engelsborgvej-28b-2-th-2800-kongens-lyngby-01730200_28b__2__th,Ejerlejlighed,Free Sale,06-03-2025,Fri handel,06-03-2025,2.734.000,3,"Engelsborgvej 28B, 2. th.",Kongens Lyngby,1,Fjernvarme/blokvarme,/adresse/engelsborgvej-28b-2-th-2800-kongens-lyngby-01730200_28b__2__th,64.0,2800.0,Tegl,3.0,boligsiden,https://www.boligsiden.dk/adresse/engelsborgvej-28b-2-th-2800-kongens-lyngby-01730200_28b__2__th,Mursten,Ikke oplyst
engelsborgvej-28b-2-th-2800-kongens-lyngby-01730200_28b__2__th,Ejerlejlighed,Free Sale,20-07-2015,Fri handel,20-07-2015,1.450.000,3,"Engelsborgvej 28B, 2. th.",Kongens Lyngby,1,Fjernvarme/blokvarme,/adresse/engelsborgvej-28b-2-th-2800-kongens-lyngby-01730200_28b__2__th,64.0,2800.0,Tegl,3.0,boligsiden,https://www.boligsiden.dk/adresse/engelsborgvej-28b-2-th-2800-kongens-lyngby-01730200_28b__2__th,Mursten,Ikke oplyst
engelsborgvej-28b-2-th-2800-kongens-lyngby-01730200_28b__2__th,Ejerlejlighed,Free Sale,01-05-1995,Fri handel,01-05-1995,402.320,3,"Engelsborgvej 28B, 2. th.",Kongens Lyngby,1,Fjernvarme/blokvarme,/adresse/engelsborgvej-28b-2-th-2800-kongens-lyngby-01730200_28b__2__th,64.0,2800.0,Tegl,3.0,boligsiden,https://www.boligsiden.dk/adresse/engelsborgvej-28b-2-th-2800-kongens-lyngby-01730200_28b__2__th,Mursten,Ikke oplyst
tinghoejvej-40-0-1-2860-soeborg-01590874__40_st___1,Ejerlejlighed,Free Sale,06-03-2025,Fri handel,06-03-2025,2.010.000,3,"Tinghøjvej 40, st. 1.",Søborg,1,Fjernvarme/blokvarme,/adresse/tinghoejvej-40-0-1-2860-soeborg-01590874__40_st___1,64.0,2860.0,Fibercement herunder asbest,2.0,boligsiden,https://www.boligsiden.dk/adresse/tinghoejvej-40-0-1-2860-soeborg-01590874__40_st___1,Mursten,Ikke oplyst
tinghoejvej-40-0-1-2860-soeborg-01590874__40_st___1,Ejerlejlighed,Free Sale,30-11-2017,Fri handel,30-11-2017,1.550.000,3,"Tinghøjvej 40, st. 1.",Søborg,1,Fjernvarme/blokvarme,/adresse/tinghoejvej-40-0-1-2860-soeborg-01590874__40_st___1,64.0,2860.0,Fibercement herunder asbest,2.0,boligsiden,https://www.boligsiden.dk/adresse/tinghoejvej-40-0-1-2860-soeborg-01590874__40_st___1,Mursten,Ikke oplyst
tinghoejvej-40-0-1-2860-soeborg-01590874__40_st___1,Ejerlejlighed,Free Sale,16-08-2012,Fri handel,16-08-2012,930.000,3,"Tinghøjvej 40, st. 1.",Søborg,1,Fjernvarme/blokvarme,/adresse/tinghoejvej-40-0-1-2860-soeborg-01590874__40_st___1,64.0,2860.0,Fibercement herunder asbest,2.0,boligsiden,https://www.boligsiden.dk/adresse/tinghoejvej-40-0-1-2860-soeborg-01590874__40_st___1,Mursten,Ikke oplyst
kirkeskellet-9-2605-broendby-01530346___9_______,Villa,Free Sale,06-03-2025,Fri handel,06-03-2025,4.500.000,2,Kirkeskellet 9,Brøndby,1,Varmepumpe,/adresse/kirkeskellet-9-2605-broendby-01530346___9_______,110.0,2605.0,Fibercement herunder asbest,3.0,boligsiden,https://www.boligsiden.dk/adresse/kirkeskellet-9-2605-broendby-01530346___9_______,Mursten,160.8
kirkeskellet-9-2605-broendby-01530346___9_______,Villa,Free Sale,02-11-2008,Fri handel,02-11-2008,2.700.000,2,Kirkeskellet 9,Brøndby,1,Varmepumpe,/adresse/kirkeskellet-9-2605-broendby-01530346___9_______,110.0,2605.0,Fibercement herunder asbest,3.0,boligsiden,https://www.boligsiden.dk/adresse/kirkeskellet-9-2605-broendby-01530346___9_______,Mursten,160.8
taaregaardsvej-13-2750-ballerup-01510359__13_______,Villa,Free Sale,06-03-2025,Fri handel,06-03-2025,5.450.000,3,Tåregårdsvej 13,Ballerup,1,Centralvarme med én fyringsenhed,/adresse/taaregaardsvej-13-2750-ballerup-01510359__13_______,130.0,2750.0,Tegl,6.0,boligsiden,https://www.boligsiden.dk/adresse/taaregaardsvej-13-2750-ballerup-01510359__13_______,Mursten,175.45
taaregaardsvej-13-2750-ballerup-01510359__13_______,Villa,Free Sale,28-04-2022,Fri handel,28-04-2022,4.485.000,3,Tåregårdsvej 13,Ballerup,1,Centralvarme med én fyringsenhed,/adresse/taaregaardsvej-13-2750-ballerup-01510359__13_______,130.0,2750.0,Tegl,6.0,boligsiden,https://www.boligsiden.dk/adresse/taaregaardsvej-13-2750-ballerup-01510359__13_______,Mursten,175.45
taaregaardsvej-13-2750-ballerup-01510359__13_______,Villa,Free Sale,02-08-2016,Fri handel,02-08-2016,3.220.000,3,Tåregårdsvej 13,Ballerup,1,Centralvarme med én fyringsenhed,/adresse/taaregaardsvej-13-2750-ballerup-01510359__13_______,130.0,2750.0,Tegl,6.0,boligsiden,https://www.boligsiden.dk/adresse/taaregaardsvej-13-2750-ballerup-01510359__13_______,Mursten,175.45
viemosebro-16-2610-roedovre-01750957__16_______,Villa,Free Sale,06-03-2025,Fri handel,06-03-2025,4.250.000,3,Viemosebro 16,Rødovre,1,Centralvarme med én fyringsenhed,/adresse/viemosebro-16-2610-roedovre-01750957__16_______,84.0,2610.0,Fibercement herunder asbest,4.0,boligsiden,https://www.boligsiden.dk/adresse/viemosebro-16-2610-roedovre-01750957__16_______,Mursten,102.95
viemosebro-16-2610-roedovre-01750957__16_______,Villa,Free Sale,02-02-2003,Fri handel,02-02-2003,1.790.979,3,Viemosebro 16,Rødovre,1,Centralvarme med én fyringsenhed,/adresse/viemosebro-16-2610-roedovre-01750957__16_______,84.0,2610.0,Fibercement herunder asbest,4.0,boligsiden,https://www.boligsiden.dk/adresse/viemosebro-16-2610-roedovre-01750957__16_______,Mursten,102.95
viemosebro-16-2610-roedovre-01750957__16_______,Villa,Free Sale,11-10-1998,Fri handel,11-10-1998,1.103.430,3,Viemosebro 16,Rødovre,1,Centralvarme med én fyringsenhed,/adresse/viemosebro-16-2610-roedovre-01750957__16_______,84.0,2610.0,Fibercement herunder asbest,4.0,boligsiden,https://www.boligsiden.dk/adresse/viemosebro-16-2610-roedovre-01750957__16_______,Mursten,102.95
taarnvej-95b-0-95-2610-roedovre-01750897_95b_st__95,Ejerlejlighed,Free Sale,06-03-2025,Fri handel,06-03-2025,1.300.000,3,"Tårnvej 95B, st. 95.",Rødovre,1,Fjernvarme/blokvarme,/adresse/taarnvej-95b-0-95-2610-roedovre-01750897_95b_st__95,35.0,2610.0,Tagpap med stor hældning,1.0,boligsiden,https://www.boligsiden.dk/adresse/taarnvej-95b-0-95-2610-roedovre-01750897_95b_st__95,Betonelementer,Ikke oplyst
taarnvej-95b-0-95-2610-roedovre-01750897_95b_st__95,Ejerlejlighed,Free Sale,01-10-2001,Fri handel,01-10-2001,550.650,3,"Tårnvej 95B, st. 95.",Rødovre,1,Fjernvarme/blokvarme,/adresse/taarnvej-95b-0-95-2610-roedovre-01750897_95b_st__95,35.0,2610.0,Tagpap med stor hældning,1.0,boligsiden,https://www.boligsiden.dk/adresse/taarnvej-95b-0-95-2610-roedovre-01750897_95b_st__95,Betonelementer,Ikke oplyst
taarnvej-95b-0-95-2610-roedovre-01750897_95b_st__95,Ejerlejlighed,Free Sale,14-06-1995,Fri handel,14-06-1995,174.000,3,"Tårnvej 95B, st. 95.",Rødovre,1,Fjernvarme/blokvarme,/adresse/taarnvej-95b-0-95-2610-roedovre-01750897_95b_st__95,35.0,2610.0,Tagpap med stor hældning,1.0,boligsiden,https://www.boligsiden.dk/adresse/taarnvej-95b-0-95-2610-roedovre-01750897_95b_st__95,Betonelementer,Ikke oplyst
skanderupvej-18-0-tv-2610-roedovre-01750740__18_st__tv,Ejerlejlighed,Free Sale,06-03-2025,Fri handel,06-03-2025,2.650.000,1,"Skanderupvej 18, st. tv.",Rødovre,1,Fjernvarme/blokvarme,/adresse/skanderupvej-18-0-tv-2610-roedovre-01750740__18_st__tv,80.0,2610.0,Tagpap med stor hældning,2.0,boligsiden,https://www.boligsiden.dk/adresse/skanderupvej-18-0-tv-2610-roedovre-01750740__18_st__tv,Betonelementer,Ikke oplyst
kanaltorvet-8-2-23-2620-albertslund-01650257___8__2__23,Ejerlejlighed,Free Sale,06-03-2025,Fri handel,06-03-2025,1.230.000,3,"Kanaltorvet 8, 2. 23.",Albertslund,1,Fjernvarme/blokvarme,/adresse/kanaltorvet-8-2-23-2620-albertslund-01650257___8__2__23,59.0,2620.0,Tagpap med lille hældning,1.0,boligsiden,https://www.boligsiden.dk/adresse/kanaltorvet-8-2-23-2620-albertslund-01650257___8__2__23,Betonelementer,Ikke oplyst
kanaltorvet-8-2-23-2620-albertslund-01650257___8__2__23,Ejerlejlighed,Free Sale,14-06-2015,Fri handel,14-06-2015,645.000,3,"Kanaltorvet 8, 2. 23.",Albertslund,1,Fjernvarme/blokvarme,/adresse/kanaltorvet-8-2-23-2620-albertslund-01650257___8__2__23,59.0,2620.0,Tagpap med lille hældning,1.0,boligsiden,https://www.boligsiden.dk/adresse/kanaltorvet-8-2-23-2620-albertslund-01650257___8__2__23,Betonelementer,Ikke oplyst
kanaltorvet-8-2-23-2620-albertslund-01650257___8__2__23,Ejerlejlighed,Free Sale,19-11-2009,Fri handel,19-11-2009,600.000,3,"Kanaltorvet 8, 2. 23.",Albertslund,1,Fjernvarme/blokvarme,/adresse/kanaltorvet-8-2-23-2620-albertslund-01650257___8__2__23,59.0,2620.0,Tagpap med lille hældning,1.0,boligsiden,https://www.boligsiden.dk/adresse/kanaltorvet-8-2-23-2620-albertslund-01650257___8__2__23,Betonelementer,Ikke oplyst
fyrrehusene-52-2600-glostrup-01650111__52_______,Rækkehus,Free Sale,06-03-2025,Fri handel,06-03-2025,3.000.000,3,Fyrrehusene 52,Glostrup,2,Fjernvarme/blokvarme,/adresse/fyrrehusene-52-2600-glostrup-01650111__52_______,110.0,2600.0,Tagpap med lille hældning,4.0,boligsiden,https://www.boligsiden.dk/adresse/fyrrehusene-52-2600-glostrup-01650111__52_______,Betonelementer,133.75
fyrrehusene-52-2600-glostrup-01650111__52_______,Rækkehus,Free Sale,26-09-1997,Fri handel,26-09-1997,1.020.000,3,Fyrrehusene 52,Glostrup,2,Fjernvarme/blokvarme,/adresse/fyrrehusene-52-2600-glostrup-01650111__52_______,110.0,2600.0,Tagpap med lille hældning,4.0,boligsiden,https://www.boligsiden.dk/adresse/fyrrehusene-52-2600-glostrup-01650111__52_______,Betonelementer,133.75
fyrrehusene-52-2600-glostrup-01650111__52_______,Rækkehus,Free Sale,29-02-1992,Fri handel,29-02-1992,775.000,3,Fyrrehusene 52,Glostrup,2,Fjernvarme/blokvarme,/adresse/fyrrehusene-52-2600-glostrup-01650111__52_______,110.0,2600.0,Tagpap med lille hældning,4.0,boligsiden,https://www.boligsiden.dk/adresse/fyrrehusene-52-2600-glostrup-01650111__52_______,Betonelementer,133.75
sandkrogen-19-2800-kongens-lyngby-01590729__19_______,Rækkehus,Free Sale,06-03-2025,Fri handel,06-03-2025,5.400.000,1,Sandkrogen 19,Kongens Lyngby,2,Centralvarme med én fyringsenhed,/adresse/sandkrogen-19-2800-kongens-lyngby-01590729__19_______,92.0,2800.0,Tegl,4.0,boligsiden,https://www.boligsiden.dk/adresse/sandkrogen-19-2800-kongens-lyngby-01590729__19_______,Mursten,110.4
vangede-bygade-64-2-tv-2820-gentofte-01570903__64__2__tv,Ejerlejlighed,Free Sale,06-03-2025,Fri handel,06-03-2025,1.995.000,2,"Vangede Bygade 64, 2. tv.",Gentofte,1,Fjernvarme/blokvarme,/adresse/vangede-bygade-64-2-tv-2820-gentofte-01570903__64__2__tv,51.0,2820.0,Tagpap med stor hældning,2.0,boligsiden,https://www.boligsiden.dk/adresse/vangede-bygade-64-2-tv-2820-gentofte-01570903__64__2__tv,Mursten,Ikke oplyst
vangede-bygade-64-2-tv-2820-gentofte-01570903__64__2__tv,Ejerlejlighed,Free Sale,31-10-2022,Fri handel,31-10-2022,1.300.000,2,"Vangede Bygade 64, 2. tv.",Gentofte,1,Fjernvarme/blokvarme,/adresse/vangede-bygade-64-2-tv-2820-gentofte-01570903__64__2__tv,51.0,2820.0,Tagpap med stor hældning,2.0,boligsiden,https://www.boligsiden.dk/adresse/vangede-bygade-64-2-tv-2820-gentofte-01570903__64__2__tv,Mursten,Ikke oplyst
marievej-35-2740-skovlunde-01510629__35_______,Villa,Free Sale,06-03-2025,Fri handel,06-03-2025,943.750,3,Marievej 35,Skovlunde,,Ikke oplyst,/adresse/marievej-35-2740-skovlunde-01510629__35_______,88.0,2740.0,Ikke oplyst,0.0,boligsiden,https://www.boligsiden.dk/adresse/marievej-35-2740-skovlunde-01510629__35_______,Ikke oplyst,Ikke oplyst
marievej-35-2740-skovlunde-01510629__35_______,Villa,Free Sale,23-02-2024,Fri handel,23-02-2024,3.775.000,3,Marievej 35,Skovlunde,,Ikke oplyst,/adresse/marievej-35-2740-skovlunde-01510629__35_______,88.0,2740.0,Ikke oplyst,0.0,boligsiden,https://www.boligsiden.dk/adresse/marievej-35-2740-skovlunde-01510629__35_______,Ikke oplyst,Ikke oplyst
marievej-35-2740-skovlunde-01510629__35_______,Villa,Free Sale,11-03-2003,Fri handel,11-03-2003,1.625.000,3,Marievej 35,Skovlunde,,Ikke oplyst,/adresse/marievej-35-2740-skovlunde-01510629__35_______,88.0,2740.0,Ikke oplyst,0.0,boligsiden,https://www.boligsiden.dk/adresse/marievej-35-2740-skovlunde-01510629__35_______,Ikke oplyst,Ikke oplyst
albertslundvej-85-2-tv-2625-vallensbaek-01870106__85__2__tv,Ejerlejlighed,Free Sale,06-03-2025,Fri handel,06-03-2025,1.700.000,2,"Albertslundvej 85, 2. tv.",Vallensbæk,1,Fjernvarme/blokvarme,/adresse/albertslundvej-85-2-tv-2625-vallensbaek-01870106__85__2__tv,104.0,2625.0,Tagpap med lille hældning,4.0,boligsiden,https://www.boligsiden.dk/adresse/albertslundvej-85-2-tv-2625-vallensbaek-01870106__85__2__tv,Mursten,Ikke oplyst
albertslundvej-85-2-tv-2625-vallensbaek-01870106__85__2__tv,Ejerlejlighed,Free Sale,25-10-1993,Fri handel,25-10-1993,466.130,2,"Albertslundvej 85, 2. tv.",Vallensbæk,1,Fjernvarme/blokvarme,/adresse/albertslundvej-85-2-tv-2625-vallensbaek-01870106__85__2__tv,104.0,2625.0,Tagpap med lille hældning,4.0,boligsiden,https://www.boligsiden.dk/adresse/albertslundvej-85-2-tv-2625-vallensbaek-01870106__85__2__tv,Mursten,Ikke oplyst
kloeverprisvej-22-2650-hvidovre-01674809__22_______,Villa,Free Sale,06-03-2025,Fri handel,06-03-2025,4.600.000,2,Kløverprisvej 22,Hvidovre,1,Fjernvarme/blokvarme,/adresse/kloeverprisvej-22-2650-hvidovre-01674809__22_______,100.0,2650.0,Fibercement herunder asbest,4.0,boligsiden,https://www.boligsiden.dk/adresse/kloeverprisvej-22-2650-hvidovre-01674809__22_______,Mursten,102.1
kloeverprisvej-22-2650-hvidovre-01674809__22_______,Villa,Free Sale,30-03-2001,Fri handel,30-03-2001,1.430.802,2,Kløverprisvej 22,Hvidovre,1,Fjernvarme/blokvarme,/adresse/kloeverprisvej-22-2650-hvidovre-01674809__22_______,100.0,2650.0,Fibercement herunder asbest,4.0,boligsiden,https://www.boligsiden.dk/adresse/kloeverprisvej-22-2650-hvidovre-01674809__22_______,Mursten,102.1
gammel-bagsvaerdvej-40-2800-kongens-lyngby-01730273__40_______,Villa,Free Sale,06-03-2025,Fri handel,06-03-2025,8.750.000,2,Gammel Bagsværdvej 40,Kongens Lyngby,1,Varmepumpe,/adresse/gammel-bagsvaerdvej-40-2800-kongens-lyngby-01730273__40_______,126.0,2800.0,Tagpap med stor hældning,3.0,boligsiden,https://www.boligsiden.dk/adresse/gammel-bagsvaerdvej-40-2800-kongens-lyngby-01730273__40_______,Mursten,154.1
gammel-bagsvaerdvej-40-2800-kongens-lyngby-01730273__40_______,Villa,Free Sale,08-11-1999,Fri handel,08-11-1999,2.533.385,2,Gammel Bagsværdvej 40,Kongens Lyngby,1,Varmepumpe,/adresse/gammel-bagsvaerdvej-40-2800-kongens-lyngby-01730273__40_______,126.0,2800.0,Tagpap med stor hældning,3.0,boligsiden,https://www.boligsiden.dk/adresse/gammel-bagsvaerdvej-40-2800-kongens-lyngby-01730273__40_______,Mursten,154.1
egebjergtoften-4-2750-ballerup-01510410___4_______,Rækkehus,Free Sale,06-03-2025,Fri handel,06-03-2025,2.500.000,3,Egebjergtoften 4,Ballerup,2,Centralvarme med én fyringsenhed,/adresse/egebjergtoften-4-2750-ballerup-01510410___4_______,72.0,2750.0,Betontagsten,3.0,boligsiden,https://www.boligsiden.dk/adresse/egebjergtoften-4-2750-ballerup-01510410___4_______,Andet materiale,72
egebjergtoften-4-2750-ballerup-01510410___4_______,Rækkehus,Free Sale,16-07-2009,Fri handel,16-07-2009,1.375.000,3,Egebjergtoften 4,Ballerup,2,Centralvarme med én fyringsenhed,/adresse/egebjergtoften-4-2750-ballerup-01510410___4_______,72.0,2750.0,Betontagsten,3.0,boligsiden,https://www.boligsiden.dk/adresse/egebjergtoften-4-2750-ballerup-01510410___4_______,Andet materiale,72
egebjergtoften-4-2750-ballerup-01510410___4_______,Rækkehus,Free Sale,01-03-2004,Fri handel,01-03-2004,1.215.000,3,Egebjergtoften 4,Ballerup,2,Centralvarme med én fyringsenhed,/adresse/egebjergtoften-4-2750-ballerup-01510410___4_______,72.0,2750.0,Betontagsten,3.0,boligsiden,https://www.boligsiden.dk/adresse/egebjergtoften-4-2750-ballerup-01510410___4_______,Andet materiale,72
strandvejen-232-2920-charlottenlund-01570802_232_______,Villa,Free Sale,05-03-2025,Fri handel,05-03-2025,20.000.000,3,,,,,,,,,,,,,
strandvejen-232-2920-charlottenlund-01570802_232_______,Villa,Free Sale,25-05-2009,Fri handel,25-05-2009,6.600.000,3,,,,,,,,,,,,,
strandvejen-232-2920-charlottenlund-01570802_232_______,Villa,Free Sale,19-03-2000,Fri handel,19-03-2000,4.800.000,3,,,,,,,,,,,,,
vejlebrovej-122-3-2-2635-ishoej-01830850_122__3___2,Ejerlejlighed,Free Sale,05-03-2025,Fri handel,05-03-2025,1.050.000,3,"Vejlebrovej 122, 3. 2.",Ishøj,1,Fjernvarme/blokvarme,/adresse/vejlebrovej-122-3-2-2635-ishoej-01830850_122__3___2,44.0,2635.0,Tagpap med lille hældning,1.0,boligsiden,https://www.boligsiden.dk/adresse/vejlebrovej-122-3-2-2635-ishoej-01830850_122__3___2,Betonelementer,Ikke oplyst
vejlebrovej-122-3-2-2635-ishoej-01830850_122__3___2,Ejerlejlighed,Family Sale,10-09-2006,Familie handel,10-09-2006,178.333,3,"Vejlebrovej 122, 3. 2.",Ishøj,1,Fjernvarme/blokvarme,/adresse/vejlebrovej-122-3-2-2635-ishoej-01830850_122__3___2,44.0,2635.0,Tagpap med lille hældning,1.0,boligsiden,https://www.boligsiden.dk/adresse/vejlebrovej-122-3-2-2635-ishoej-01830850_122__3___2,Betonelementer,Ikke oplyst
vejlebrovej-122-3-2-2635-ishoej-01830850_122__3___2,Ejerlejlighed,Free Sale,19-05-2004,Fri handel,19-05-2004,680.825,3,"Vejlebrovej 122, 3. 2.",Ishøj,1,Fjernvarme/blokvarme,/adresse/vejlebrovej-122-3-2-2635-ishoej-01830850_122__3___2,44.0,2635.0,Tagpap med lille hældning,1.0,boligsiden,https://www.boligsiden.dk/adresse/vejlebrovej-122-3-2-2635-ishoej-01830850_122__3___2,Betonelementer,Ikke oplyst
vangede-bygade-48-2-3-2820-gentofte-01570903__48__2___3,Ejerlejlighed,Family Sale,05-03-2025,Familie handel,05-03-2025,1.615.000,3,"Vangede Bygade 48, 2. 3.",Gentofte,1,Fjernvarme/blokvarme,/adresse/vangede-bygade-48-2-3-2820-gentofte-01570903__48__2___3,52.0,2820.0,Tagpap med stor hældning,2.0,boligsiden,https://www.boligsiden.dk/adresse/vangede-bygade-48-2-3-2820-gentofte-01570903__48__2___3,Mursten,Ikke oplyst
vangede-bygade-48-2-3-2820-gentofte-01570903__48__2___3,Ejerlejlighed,Free Sale,20-03-2018,Fri handel,20-03-2018,1.615.000,3,"Vangede Bygade 48, 2. 3.",Gentofte,1,Fjernvarme/blokvarme,/adresse/vangede-bygade-48-2-3-2820-gentofte-01570903__48__2___3,52.0,2820.0,Tagpap med stor hældning,2.0,boligsiden,https://www.boligsiden.dk/adresse/vangede-bygade-48-2-3-2820-gentofte-01570903__48__2___3,Mursten,Ikke oplyst
vangede-bygade-48-2-3-2820-gentofte-01570903__48__2___3,Ejerlejlighed,Free Sale,07-01-2014,Fri handel,07-01-2014,975.000,3,"Vangede Bygade 48, 2. 3.",Gentofte,1,Fjernvarme/blokvarme,/adresse/vangede-bygade-48-2-3-2820-gentofte-01570903__48__2___3,52.0,2820.0,Tagpap med stor hældning,2.0,boligsiden,https://www.boligsiden.dk/adresse/vangede-bygade-48-2-3-2820-gentofte-01570903__48__2___3,Mursten,Ikke oplyst
vadgaardsvej-2-2-4-2860-soeborg-01590927___2__2___4,Ejerlejlighed,Free Sale,05-03-2025,Fri handel,05-03-2025,1.995.000,3,"Vadgårdsvej 2, 2. 4.",Søborg,1,Fjernvarme/blokvarme,/adresse/vadgaardsvej-2-2-4-2860-soeborg-01590927___2__2___4,56.0,2860.0,Tagpap med stor hældning,3.0,boligsiden,https://www.boligsiden.dk/adresse/vadgaardsvej-2-2-4-2860-soeborg-01590927___2__2___4,Mursten,Ikke oplyst
vadgaardsvej-2-2-4-2860-soeborg-01590927___2__2___4,Ejerlejlighed,Free Sale,30-09-2018,Fri handel,30-09-2018,1.650.000,3,"Vadgårdsvej 2, 2. 4.",Søborg,1,Fjernvarme/blokvarme,/adresse/vadgaardsvej-2-2-4-2860-soeborg-01590927___2__2___4,56.0,2860.0,Tagpap med stor hældning,3.0,boligsiden,https://www.boligsiden.dk/adresse/vadgaardsvej-2-2-4-2860-soeborg-01590927___2__2___4,Mursten,Ikke oplyst
vadgaardsvej-2-2-4-2860-soeborg-01590927___2__2___4,Ejerlejlighed,Free Sale,07-07-2015,Fri handel,07-07-2015,1.150.000,3,"Vadgårdsvej 2, 2. 4.",Søborg,1,Fjernvarme/blokvarme,/adresse/vadgaardsvej-2-2-4-2860-soeborg-01590927___2__2___4,56.0,2860.0,Tagpap med stor hældning,3.0,boligsiden,https://www.boligsiden.dk/adresse/vadgaardsvej-2-2-4-2860-soeborg-01590927___2__2___4,Mursten,Ikke oplyst
hermelinvaenget-34-2880-bagsvaerd-01590305__34_______,Villa,Free Sale,05-03-2025,Fri handel,05-03-2025,5.700.000,2,Hermelinvænget 34,Bagsværd,1,Centralvarme med én fyringsenhed,/adresse/hermelinvaenget-34-2880-bagsvaerd-01590305__34_______,106.0,2880.0,Tegl,4.0,boligsiden,https://www.boligsiden.dk/adresse/hermelinvaenget-34-2880-bagsvaerd-01590305__34_______,Mursten,130.65
hermelinvaenget-34-2880-bagsvaerd-01590305__34_______,Villa,Free Sale,25-09-1995,Fri handel,25-09-1995,980.000,2,Hermelinvænget 34,Bagsværd,1,Centralvarme med én fyringsenhed,/adresse/hermelinvaenget-34-2880-bagsvaerd-01590305__34_______,106.0,2880.0,Tegl,4.0,boligsiden,https://www.boligsiden.dk/adresse/hermelinvaenget-34-2880-bagsvaerd-01590305__34_______,Mursten,130.65
gammel-koege-landevej-237-2-2-2650-hvidovre-01672807_237__2___2,Ejerlejlighed,Free Sale,05-03-2025,Fri handel,05-03-2025,2.400.000,3,"Gammel Køge Landevej 237, 2. 2.",Hvidovre,1,Fjernvarme/blokvarme,/adresse/gammel-koege-landevej-237-2-2-2650-hvidovre-01672807_237__2___2,70.0,2650.0,Fibercement uden asbest,3.0,boligsiden,https://www.boligsiden.dk/adresse/gammel-koege-landevej-237-2-2-2650-hvidovre-01672807_237__2___2,Mursten,Ikke oplyst
gammel-koege-landevej-237-2-2-2650-hvidovre-01672807_237__2___2,Ejerlejlighed,Free Sale,25-07-2012,Fri handel,25-07-2012,830.000,3,"Gammel Køge Landevej 237, 2. 2.",Hvidovre,1,Fjernvarme/blokvarme,/adresse/gammel-koege-landevej-237-2-2-2650-hvidovre-01672807_237__2___2,70.0,2650.0,Fibercement uden asbest,3.0,boligsiden,https://www.boligsiden.dk/adresse/gammel-koege-landevej-237-2-2-2650-hvidovre-01672807_237__2___2,Mursten,Ikke oplyst
gammel-koege-landevej-237-2-2-2650-hvidovre-01672807_237__2___2,Ejerlejlighed,Free Sale,23-10-2009,Fri handel,23-10-2009,800.000,3,"Gammel Køge Landevej 237, 2. 2.",Hvidovre,1,Fjernvarme/blokvarme,/adresse/gammel-koege-landevej-237-2-2-2650-hvidovre-01672807_237__2___2,70.0,2650.0,Fibercement uden asbest,3.0,boligsiden,https://www.boligsiden.dk/adresse/gammel-koege-landevej-237-2-2-2650-hvidovre-01672807_237__2___2,Mursten,Ikke oplyst
gammel-koege-landevej-268-1-c-2650-hvidovre-01672807_268__1___c,Ejerlejlighed,Free Sale,05-03-2025,Fri handel,05-03-2025,1.650.000,3,"Gammel Køge Landevej 268, 1. c.",Hvidovre,1,Fjernvarme/blokvarme,/adresse/gammel-koege-landevej-268-1-c-2650-hvidovre-01672807_268__1___c,52.0,2650.0,Fibercement herunder asbest,2.0,boligsiden,https://www.boligsiden.dk/adresse/gammel-koege-landevej-268-1-c-2650-hvidovre-01672807_268__1___c,Mursten,Ikke oplyst
gammel-koege-landevej-268-1-c-2650-hvidovre-01672807_268__1___c,Ejerlejlighed,Free Sale,07-02-2020,Fri handel,07-02-2020,1.500.000,3,"Gammel Køge Landevej 268, 1. c.",Hvidovre,1,Fjernvarme/blokvarme,/adresse/gammel-koege-landevej-268-1-c-2650-hvidovre-01672807_268__1___c,52.0,2650.0,Fibercement herunder asbest,2.0,boligsiden,https://www.boligsiden.dk/adresse/gammel-koege-landevej-268-1-c-2650-hvidovre-01672807_268__1___c,Mursten,Ikke oplyst
gammel-koege-landevej-268-1-c-2650-hvidovre-01672807_268__1___c,Ejerlejlighed,Free Sale,17-05-2017,Fri handel,17-05-2017,1.225.000,3,"Gammel Køge Landevej 268, 1. c.",Hvidovre,1,Fjernvarme/blokvarme,/adresse/gammel-koege-landevej-268-1-c-2650-hvidovre-01672807_268__1___c,52.0,2650.0,Fibercement herunder asbest,2.0,boligsiden,https://www.boligsiden.dk/adresse/gammel-koege-landevej-268-1-c-2650-hvidovre-01672807_268__1___c,Mursten,Ikke oplyst
rebaek-soepark-3-2-220-2650-hvidovre-01676690___3__2_220,Ejerlejlighed,Free Sale,05-03-2025,Fri handel,05-03-2025,1.625.000,2,"Rebæk Søpark 3, 2. 220.",Hvidovre,1,Fjernvarme/blokvarme,/adresse/rebaek-soepark-3-2-220-2650-hvidovre-01676690___3__2_220,61.0,2650.0,Tagpap med stor hældning,2.0,boligsiden,https://www.boligsiden.dk/adresse/rebaek-soepark-3-2-220-2650-hvidovre-01676690___3__2_220,Letbetonsten,Ikke oplyst
rebaek-soepark-3-2-220-2650-hvidovre-01676690___3__2_220,Ejerlejlighed,Free Sale,27-01-2017,Fri handel,27-01-2017,1.175.000,2,"Rebæk Søpark 3, 2. 220.",Hvidovre,1,Fjernvarme/blokvarme,/adresse/rebaek-soepark-3-2-220-2650-hvidovre-01676690___3__2_220,61.0,2650.0,Tagpap med stor hældning,2.0,boligsiden,https://www.boligsiden.dk/adresse/rebaek-soepark-3-2-220-2650-hvidovre-01676690___3__2_220,Letbetonsten,Ikke oplyst
bondehavevej-80-2880-bagsvaerd-01590069__80_______,Rækkehus,Free Sale,05-03-2025,Fri handel,05-03-2025,4.500.000,2,Bondehavevej 80,Bagsværd,2,Centralvarme med én fyringsenhed,/adresse/bondehavevej-80-2880-bagsvaerd-01590069__80_______,88.0,2880.0,Fibercement herunder asbest,3.0,boligsiden,https://www.boligsiden.dk/adresse/bondehavevej-80-2880-bagsvaerd-01590069__80_______,Mursten,106.35
bondehavevej-80-2880-bagsvaerd-01590069__80_______,Rækkehus,Free Sale,07-10-1997,Fri handel,07-10-1997,370.517,2,Bondehavevej 80,Bagsværd,2,Centralvarme med én fyringsenhed,/adresse/bondehavevej-80-2880-bagsvaerd-01590069__80_______,88.0,2880.0,Fibercement herunder asbest,3.0,boligsiden,https://www.boligsiden.dk/adresse/bondehavevej-80-2880-bagsvaerd-01590069__80_______,Mursten,106.35
bagsvaerd-hovedgade-30a-2880-bagsvaerd-01590039_30a_______,Rækkehus,Free Sale,05-03-2025,Fri handel,05-03-2025,5.200.000,3,Bagsværd Hovedgade 30A,Bagsværd,1,Fjernvarme/blokvarme,/adresse/bagsvaerd-hovedgade-30a-2880-bagsvaerd-01590039_30a_______,105.0,2880.0,Tegl,3.0,boligsiden,https://www.boligsiden.dk/adresse/bagsvaerd-hovedgade-30a-2880-bagsvaerd-01590039_30a_______,Mursten,121.7
bagsvaerd-hovedgade-30a-2880-bagsvaerd-01590039_30a_______,Rækkehus,Free Sale,01-05-2020,Fri handel,01-05-2020,2.905.000,3,Bagsværd Hovedgade 30A,Bagsværd,1,Fjernvarme/blokvarme,/adresse/bagsvaerd-hovedgade-30a-2880-bagsvaerd-01590039_30a_______,105.0,2880.0,Tegl,3.0,boligsiden,https://www.boligsiden.dk/adresse/bagsvaerd-hovedgade-30a-2880-bagsvaerd-01590039_30a_______,Mursten,121.7
bagsvaerd-hovedgade-30a-2880-bagsvaerd-01590039_30a_______,Rækkehus,Free Sale,26-04-2016,Fri handel,26-04-2016,2.800.000,3,Bagsværd Hovedgade 30A,Bagsværd,1,Fjernvarme/blokvarme,/adresse/bagsvaerd-hovedgade-30a-2880-bagsvaerd-01590039_30a_______,105.0,2880.0,Tegl,3.0,boligsiden,https://www.boligsiden.dk/adresse/bagsvaerd-hovedgade-30a-2880-bagsvaerd-01590039_30a_______,Mursten,121.7
ejbydalsvej-8-2600-glostrup-01610090___8_______,Villa,Free Sale,05-03-2025,Fri handel,05-03-2025,4.650.000,3,Ejbydalsvej 8,Glostrup,1,Centralvarme med én fyringsenhed,/adresse/ejbydalsvej-8-2600-glostrup-01610090___8_______,159.0,2600.0,Tegl,4.0,boligsiden,https://www.boligsiden.dk/adresse/ejbydalsvej-8-2600-glostrup-01610090___8_______,Mursten,159
ejbydalsvej-8-2600-glostrup-01610090___8_______,Villa,Free Sale,17-02-2017,Fri handel,17-02-2017,3.800.000,3,Ejbydalsvej 8,Glostrup,1,Centralvarme med én fyringsenhed,/adresse/ejbydalsvej-8-2600-glostrup-01610090___8_______,159.0,2600.0,Tegl,4.0,boligsiden,https://www.boligsiden.dk/adresse/ejbydalsvej-8-2600-glostrup-01610090___8_______,Mursten,159
ejbydalsvej-8-2600-glostrup-01610090___8_______,Villa,Free Sale,03-09-2003,Fri handel,03-09-2003,733.290,3,Ejbydalsvej 8,Glostrup,1,Centralvarme med én fyringsenhed,/adresse/ejbydalsvej-8-2600-glostrup-01610090___8_______,159.0,2600.0,Tegl,4.0,boligsiden,https://www.boligsiden.dk/adresse/ejbydalsvej-8-2600-glostrup-01610090___8_______,Mursten,159
vadbro-4-2-th-2860-soeborg-01590925___4__2__th,Ejerlejlighed,Free Sale,05-03-2025,Fri handel,05-03-2025,2.725.000,3,"Vadbro 4, 2. th.",Søborg,1,Centralvarme med én fyringsenhed,/adresse/vadbro-4-2-th-2860-soeborg-01590925___4__2__th,84.0,2860.0,Metal,3.0,boligsiden,https://www.boligsiden.dk/adresse/vadbro-4-2-th-2860-soeborg-01590925___4__2__th,Mursten,Ikke oplyst
vadbro-4-2-th-2860-soeborg-01590925___4__2__th,Ejerlejlighed,Free Sale,18-11-2021,Fri handel,18-11-2021,2.600.000,3,"Vadbro 4, 2. th.",Søborg,1,Centralvarme med én fyringsenhed,/adresse/vadbro-4-2-th-2860-soeborg-01590925___4__2__th,84.0,2860.0,Metal,3.0,boligsiden,https://www.boligsiden.dk/adresse/vadbro-4-2-th-2860-soeborg-01590925___4__2__th,Mursten,Ikke oplyst
vadbro-4-2-th-2860-soeborg-01590925___4__2__th,Ejerlejlighed,Free Sale,20-07-2017,Fri handel,20-07-2017,2.250.000,3,"Vadbro 4, 2. th.",Søborg,1,Centralvarme med én fyringsenhed,/adresse/vadbro-4-2-th-2860-soeborg-01590925___4__2__th,84.0,2860.0,Metal,3.0,boligsiden,https://www.boligsiden.dk/adresse/vadbro-4-2-th-2860-soeborg-01590925___4__2__th,Mursten,Ikke oplyst
gladsaxevej-71-2-th-2860-soeborg-01590215__71__2__th,Ejerlejlighed,Free Sale,05-03-2025,Fri handel,05-03-2025,2.150.000,3,"Gladsaxevej 71, 2. th.",Søborg,1,Fjernvarme/blokvarme,/adresse/gladsaxevej-71-2-th-2860-soeborg-01590215__71__2__th,67.0,2860.0,Tegl,3.0,boligsiden,https://www.boligsiden.dk/adresse/gladsaxevej-71-2-th-2860-soeborg-01590215__71__2__th,Mursten,Ikke oplyst
gladsaxevej-71-2-th-2860-soeborg-01590215__71__2__th,Ejerlejlighed,Free Sale,18-08-2008,Fri handel,18-08-2008,1.350.000,3,"Gladsaxevej 71, 2. th.",Søborg,1,Fjernvarme/blokvarme,/adresse/gladsaxevej-71-2-th-2860-soeborg-01590215__71__2__th,67.0,2860.0,Tegl,3.0,boligsiden,https://www.boligsiden.dk/adresse/gladsaxevej-71-2-th-2860-soeborg-01590215__71__2__th,Mursten,Ikke oplyst
gladsaxevej-71-2-th-2860-soeborg-01590215__71__2__th,Ejerlejlighed,Free Sale,24-09-2001,Fri handel,24-09-2001,954.000,3,"Gladsaxevej 71, 2. th.",Søborg,1,Fjernvarme/blokvarme,/adresse/gladsaxevej-71-2-th-2860-soeborg-01590215__71__2__th,67.0,2860.0,Tegl,3.0,boligsiden,https://www.boligsiden.dk/adresse/gladsaxevej-71-2-th-2860-soeborg-01590215__71__2__th,Mursten,Ikke oplyst
kratvej-63-2760-maaloev-01510757__63_______,Villa,Free Sale,05-03-2025,Fri handel,05-03-2025,3.750.000,1,Kratvej 63,Måløv,1,Centralvarme med én fyringsenhed,/adresse/kratvej-63-2760-maaloev-01510757__63_______,137.0,2760.0,Fibercement herunder asbest,4.0,boligsiden,https://www.boligsiden.dk/adresse/kratvej-63-2760-maaloev-01510757__63_______,Letbetonsten,145.75
agerbaekvej-18-2650-hvidovre-01670059__18_______,Villa,Free Sale,05-03-2025,Fri handel,05-03-2025,4.125.000,1,Agerbækvej 18,Hvidovre,1,Centralvarme med én fyringsenhed,/adresse/agerbaekvej-18-2650-hvidovre-01670059__18_______,145.0,2650.0,Betontagsten,3.0,boligsiden,https://www.boligsiden.dk/adresse/agerbaekvej-18-2650-hvidovre-01670059__18_______,Mursten,144.7
sofielundsvej-20-0-th-2600-glostrup-01610427__20_st__th,Ejerlejlighed,Free Sale,05-03-2025,Fri handel,05-03-2025,1.975.000,3,"Sofielundsvej 20, st. th.",Glostrup,1,Fjernvarme/blokvarme,/adresse/sofielundsvej-20-0-th-2600-glostrup-01610427__20_st__th,57.0,2600.0,Tegl,2.0,boligsiden,https://www.boligsiden.dk/adresse/sofielundsvej-20-0-th-2600-glostrup-01610427__20_st__th,Mursten,Ikke oplyst
sofielundsvej-20-0-th-2600-glostrup-01610427__20_st__th,Ejerlejlighed,Free Sale,04-09-2023,Fri handel,04-09-2023,370.000,3,"Sofielundsvej 20, st. th.",Glostrup,1,Fjernvarme/blokvarme,/adresse/sofielundsvej-20-0-th-2600-glostrup-01610427__20_st__th,57.0,2600.0,Tegl,2.0,boligsiden,https://www.boligsiden.dk/adresse/sofielundsvej-20-0-th-2600-glostrup-01610427__20_st__th,Mursten,Ikke oplyst
sofielundsvej-20-0-th-2600-glostrup-01610427__20_st__th,Ejerlejlighed,Free Sale,01-08-2022,Fri handel,01-08-2022,2.000.000,3,"Sofielundsvej 20, st. th.",Glostrup,1,Fjernvarme/blokvarme,/adresse/sofielundsvej-20-0-th-2600-glostrup-01610427__20_st__th,57.0,2600.0,Tegl,2.0,boligsiden,https://www.boligsiden.dk/adresse/sofielundsvej-20-0-th-2600-glostrup-01610427__20_st__th,Mursten,Ikke oplyst
onsgaardsvej-35-1-2900-hellerup-01570611__35__1____,Ejerlejlighed,Free Sale,05-03-2025,Fri handel,05-03-2025,15.000.000,3,"Onsgårdsvej 35, 1.",Hellerup,3,Fjernvarme/blokvarme,/adresse/onsgaardsvej-35-1-2900-hellerup-01570611__35__1____,153.0,2900.0,Tegl,5.0,boligsiden,https://www.boligsiden.dk/adresse/onsgaardsvej-35-1-2900-hellerup-01570611__35__1____,Mursten,Ikke oplyst
onsgaardsvej-35-1-2900-hellerup-01570611__35__1____,Ejerlejlighed,Free Sale,12-11-2020,Fri handel,12-11-2020,10.000.000,3,"Onsgårdsvej 35, 1.",Hellerup,3,Fjernvarme/blokvarme,/adresse/onsgaardsvej-35-1-2900-hellerup-01570611__35__1____,153.0,2900.0,Tegl,5.0,boligsiden,https://www.boligsiden.dk/adresse/onsgaardsvej-35-1-2900-hellerup-01570611__35__1____,Mursten,Ikke oplyst
onsgaardsvej-35-1-2900-hellerup-01570611__35__1____,Ejerlejlighed,Free Sale,12-04-2002,Fri handel,12-04-2002,4.075.077,3,"Onsgårdsvej 35, 1.",Hellerup,3,Fjernvarme/blokvarme,/adresse/onsgaardsvej-35-1-2900-hellerup-01570611__35__1____,153.0,2900.0,Tegl,5.0,boligsiden,https://www.boligsiden.dk/adresse/onsgaardsvej-35-1-2900-hellerup-01570611__35__1____,Mursten,Ikke oplyst
klosterdammen-19-2605-broendby-01530348__19_______,Villa,Family Sale,05-03-2025,Familie handel,05-03-2025,2.900.000,1,Klosterdammen 19,Brøndby,1,Fjernvarme/blokvarme,/adresse/klosterdammen-19-2605-broendby-01530348__19_______,115.0,2605.0,Fibercement herunder asbest,5.0,boligsiden,https://www.boligsiden.dk/adresse/klosterdammen-19-2605-broendby-01530348__19_______,Mursten,117.1
agersoevej-29-2630-taastrup-01690006__29_______,Rækkehus,Free Sale,05-03-2025,Fri handel,05-03-2025,4.350.000,2,Agersøvej 29,Taastrup,1,Fjernvarme/blokvarme,/adresse/agersoevej-29-2630-taastrup-01690006__29_______,120.0,2630.0,Tegl,4.0,boligsiden,https://www.boligsiden.dk/adresse/agersoevej-29-2630-taastrup-01690006__29_______,Mursten,120
agersoevej-29-2630-taastrup-01690006__29_______,Rækkehus,Free Sale,31-05-2019,Fri handel,31-05-2019,3.505.000,2,Agersøvej 29,Taastrup,1,Fjernvarme/blokvarme,/adresse/agersoevej-29-2630-taastrup-01690006__29_______,120.0,2630.0,Tegl,4.0,boligsiden,https://www.boligsiden.dk/adresse/agersoevej-29-2630-taastrup-01690006__29_______,Mursten,120
vildtbaneparken-101-2635-ishoej-01830889_101_______,Rækkehus,Free Sale,05-03-2025,Fri handel,05-03-2025,3.110.000,3,Vildtbaneparken 101,Ishøj,2,Centralvarme med én fyringsenhed,/adresse/vildtbaneparken-101-2635-ishoej-01830889_101_______,132.0,2635.0,Tagpap med lille hældning,4.0,boligsiden,https://www.boligsiden.dk/adresse/vildtbaneparken-101-2635-ishoej-01830889_101_______,Mursten,137
vildtbaneparken-101-2635-ishoej-01830889_101_______,Rækkehus,Free Sale,18-02-2023,Fri handel,18-02-2023,2.850.000,3,Vildtbaneparken 101,Ishøj,2,Centralvarme med én fyringsenhed,/adresse/vildtbaneparken-101-2635-ishoej-01830889_101_______,132.0,2635.0,Tagpap med lille hældning,4.0,boligsiden,https://www.boligsiden.dk/adresse/vildtbaneparken-101-2635-ishoej-01830889_101_______,Mursten,137
vildtbaneparken-101-2635-ishoej-01830889_101_______,Rækkehus,Free Sale,03-02-2021,Fri handel,03-02-2021,2.600.000,3,Vildtbaneparken 101,Ishøj,2,Centralvarme med én fyringsenhed,/adresse/vildtbaneparken-101-2635-ishoej-01830889_101_______,132.0,2635.0,Tagpap med lille hældning,4.0,boligsiden,https://www.boligsiden.dk/adresse/vildtbaneparken-101-2635-ishoej-01830889_101_______,Mursten,137
buddingevej-190-2-206-2860-soeborg-01590088_190__2_206,Ejerlejlighed,Family Sale,05-03-2025,Familie handel,05-03-2025,1.063.200,2,"Buddingevej 190, 2. 206.",Søborg,1,Fjernvarme/blokvarme,/adresse/buddingevej-190-2-206-2860-soeborg-01590088_190__2_206,45.0,2860.0,Tagpap med lille hældning,2.0,boligsiden,https://www.boligsiden.dk/adresse/buddingevej-190-2-206-2860-soeborg-01590088_190__2_206,Mursten,Ikke oplyst
buddingevej-190-2-206-2860-soeborg-01590088_190__2_206,Ejerlejlighed,Free Sale,04-06-2021,Fri handel,04-06-2021,1.425.000,2,"Buddingevej 190, 2. 206.",Søborg,1,Fjernvarme/blokvarme,/adresse/buddingevej-190-2-206-2860-soeborg-01590088_190__2_206,45.0,2860.0,Tagpap med lille hældning,2.0,boligsiden,https://www.boligsiden.dk/adresse/buddingevej-190-2-206-2860-soeborg-01590088_190__2_206,Mursten,Ikke oplyst
auroravej-32a-2610-roedovre-01750030_32a_______,Villa,Free Sale,05-03-2025,Fri handel,05-03-2025,10.500.000,2,Auroravej 32A,Rødovre,1,Centralvarme med én fyringsenhed,/adresse/auroravej-32a-2610-roedovre-01750030_32a_______,146.0,2610.0,Tegl,5.0,boligsiden,https://www.boligsiden.dk/adresse/auroravej-32a-2610-roedovre-01750030_32a_______,Mursten,172.9
auroravej-32a-2610-roedovre-01750030_32a_______,Villa,Free Sale,19-03-2019,Fri handel,19-03-2019,7.000.000,2,Auroravej 32A,Rødovre,1,Centralvarme med én fyringsenhed,/adresse/auroravej-32a-2610-roedovre-01750030_32a_______,146.0,2610.0,Tegl,5.0,boligsiden,https://www.boligsiden.dk/adresse/auroravej-32a-2610-roedovre-01750030_32a_______,Mursten,172.9
moelleaaparken-15-4-th-2800-kongens-lyngby-01730601__15__4__th,Ejerlejlighed,Free Sale,05-03-2025,Fri handel,05-03-2025,4.050.000,3,"Mølleåparken 15, 4. th.",Kongens Lyngby,1,Fjernvarme/blokvarme,/adresse/moelleaaparken-15-4-th-2800-kongens-lyngby-01730601__15__4__th,90.0,2800.0,Tagpap med lille hældning,3.0,boligsiden,https://www.boligsiden.dk/adresse/moelleaaparken-15-4-th-2800-kongens-lyngby-01730601__15__4__th,Mursten,Ikke oplyst
moelleaaparken-15-4-th-2800-kongens-lyngby-01730601__15__4__th,Ejerlejlighed,Free Sale,12-11-2015,Fri handel,12-11-2015,2.910.000,3,"Mølleåparken 15, 4. th.",Kongens Lyngby,1,Fjernvarme/blokvarme,/adresse/moelleaaparken-15-4-th-2800-kongens-lyngby-01730601__15__4__th,90.0,2800.0,Tagpap med lille hældning,3.0,boligsiden,https://www.boligsiden.dk/adresse/moelleaaparken-15-4-th-2800-kongens-lyngby-01730601__15__4__th,Mursten,Ikke oplyst
moelleaaparken-15-4-th-2800-kongens-lyngby-01730601__15__4__th,Ejerlejlighed,Free Sale,14-03-2008,Fri handel,14-03-2008,2.885.000,3,"Mølleåparken 15, 4. th.",Kongens Lyngby,1,Fjernvarme/blokvarme,/adresse/moelleaaparken-15-4-th-2800-kongens-lyngby-01730601__15__4__th,90.0,2800.0,Tagpap med lille hældning,3.0,boligsiden,https://www.boligsiden.dk/adresse/moelleaaparken-15-4-th-2800-kongens-lyngby-01730601__15__4__th,Mursten,Ikke oplyst
ejbydalsvej-3-2600-glostrup-01610090___3_______,Villa,Free Sale,04-03-2025,Fri handel,04-03-2025,4.495.000,1,Ejbydalsvej 3,Glostrup,1,Centralvarme med én fyringsenhed,/adresse/ejbydalsvej-3-2600-glostrup-01610090___3_______,161.0,2600.0,Fibercement herunder asbest,6.0,boligsiden,https://www.boligsiden.dk/adresse/ejbydalsvej-3-2600-glostrup-01610090___3_______,Mursten,165.35
klintemarken-20-2860-soeborg-01590425__20_______,Villa,Free Sale,04-03-2025,Fri handel,04-03-2025,4.220.000,1,Klintemarken 20,Søborg,1,Centralvarme med én fyringsenhed,/adresse/klintemarken-20-2860-soeborg-01590425__20_______,119.0,2860.0,Tagpap med stor hældning,4.0,boligsiden,https://www.boligsiden.dk/adresse/klintemarken-20-2860-soeborg-01590425__20_______,Mursten,121
ulrikkenborg-alle-26-1-th-2800-kongens-lyngby-01730831__26__1__th,Ejerlejlighed,Free Sale,04-03-2025,Fri handel,04-03-2025,2.300.000,3,"Ulrikkenborg Alle 26, 1. th.",Kongens Lyngby,1,Fjernvarme/blokvarme,/adresse/ulrikkenborg-alle-26-1-th-2800-kongens-lyngby-01730831__26__1__th,54.0,2800.0,Tegl,2.0,boligsiden,https://www.boligsiden.dk/adresse/ulrikkenborg-alle-26-1-th-2800-kongens-lyngby-01730831__26__1__th,Mursten,Ikke oplyst
ulrikkenborg-alle-26-1-th-2800-kongens-lyngby-01730831__26__1__th,Ejerlejlighed,Free Sale,05-05-2014,Fri handel,05-05-2014,1.150.000,3,"Ulrikkenborg Alle 26, 1. th.",Kongens Lyngby,1,Fjernvarme/blokvarme,/adresse/ulrikkenborg-alle-26-1-th-2800-kongens-lyngby-01730831__26__1__th,54.0,2800.0,Tegl,2.0,boligsiden,https://www.boligsiden.dk/adresse/ulrikkenborg-alle-26-1-th-2800-kongens-lyngby-01730831__26__1__th,Mursten,Ikke oplyst
ulrikkenborg-alle-26-1-th-2800-kongens-lyngby-01730831__26__1__th,Ejerlejlighed,Free Sale,16-06-2010,Fri handel,16-06-2010,1.095.000,3,"Ulrikkenborg Alle 26, 1. th.",Kongens Lyngby,1,Fjernvarme/blokvarme,/adresse/ulrikkenborg-alle-26-1-th-2800-kongens-lyngby-01730831__26__1__th,54.0,2800.0,Tegl,2.0,boligsiden,https://www.boligsiden.dk/adresse/ulrikkenborg-alle-26-1-th-2800-kongens-lyngby-01730831__26__1__th,Mursten,Ikke oplyst
roedovre-parkvej-179-1-th-2610-roedovre-01750702_179__1__th,Ejerlejlighed,Free Sale,04-03-2025,Fri handel,04-03-2025,2.325.000,2,"Rødovre Parkvej 179, 1. th.",Rødovre,1,Fjernvarme/blokvarme,/adresse/roedovre-parkvej-179-1-th-2610-roedovre-01750702_179__1__th,76.0,2610.0,Tagpap med stor hældning,3.0,boligsiden,https://www.boligsiden.dk/adresse/roedovre-parkvej-179-1-th-2610-roedovre-01750702_179__1__th,Mursten,Ikke oplyst
roedovre-parkvej-179-1-th-2610-roedovre-01750702_179__1__th,Ejerlejlighed,Free Sale,01-05-2019,Fri handel,01-05-2019,1.900.000,2,"Rødovre Parkvej 179, 1. th.",Rødovre,1,Fjernvarme/blokvarme,/adresse/roedovre-parkvej-179-1-th-2610-roedovre-01750702_179__1__th,76.0,2610.0,Tagpap med stor hældning,3.0,boligsiden,https://www.boligsiden.dk/adresse/roedovre-parkvej-179-1-th-2610-roedovre-01750702_179__1__th,Mursten,Ikke oplyst
dalsvinget-9-2900-hellerup-01570135___9_______,Villa,Free Sale,04-03-2025,Fri handel,04-03-2025,8.000.000,1,Dalsvinget 9,Hellerup,1,Fjernvarme/blokvarme,/adresse/dalsvinget-9-2900-hellerup-01570135___9_______,158.0,2900.0,Tagpap med stor hældning,5.0,boligsiden,https://www.boligsiden.dk/adresse/dalsvinget-9-2900-hellerup-01570135___9_______,Mursten,202.9
vejporten-97-2800-kongens-lyngby-01730847__97_______,Villa,Free Sale,04-03-2025,Fri handel,04-03-2025,7.900.000,2,Vejporten 97,Kongens Lyngby,1,Centralvarme med én fyringsenhed,/adresse/vejporten-97-2800-kongens-lyngby-01730847__97_______,167.0,2800.0,Betontagsten,6.0,boligsiden,https://www.boligsiden.dk/adresse/vejporten-97-2800-kongens-lyngby-01730847__97_______,Mursten,210.55
vejporten-97-2800-kongens-lyngby-01730847__97_______,Villa,Family Sale,04-05-1992,Familie handel,04-05-1992,900.000,2,Vejporten 97,Kongens Lyngby,1,Centralvarme med én fyringsenhed,/adresse/vejporten-97-2800-kongens-lyngby-01730847__97_______,167.0,2800.0,Betontagsten,6.0,boligsiden,https://www.boligsiden.dk/adresse/vejporten-97-2800-kongens-lyngby-01730847__97_______,Mursten,210.55
cedervaenget-41-1-th-2830-virum-01730143__41__1__th,Ejerlejlighed,Free Sale,04-03-2025,Fri handel,04-03-2025,3.450.000,3,"Cedervænget 41, 1. th.",Virum,1,Centralvarme med én fyringsenhed,/adresse/cedervaenget-41-1-th-2830-virum-01730143__41__1__th,85.0,2830.0,Tagpap med stor hældning,4.0,boligsiden,https://www.boligsiden.dk/adresse/cedervaenget-41-1-th-2830-virum-01730143__41__1__th,Mursten,Ikke oplyst
cedervaenget-41-1-th-2830-virum-01730143__41__1__th,Ejerlejlighed,Free Sale,22-09-2019,Fri handel,22-09-2019,2.859.000,3,"Cedervænget 41, 1. th.",Virum,1,Centralvarme med én fyringsenhed,/adresse/cedervaenget-41-1-th-2830-virum-01730143__41__1__th,85.0,2830.0,Tagpap med stor hældning,4.0,boligsiden,https://www.boligsiden.dk/adresse/cedervaenget-41-1-th-2830-virum-01730143__41__1__th,Mursten,Ikke oplyst
cedervaenget-41-1-th-2830-virum-01730143__41__1__th,Ejerlejlighed,Free Sale,26-07-2017,Fri handel,26-07-2017,2.650.000,3,"Cedervænget 41, 1. th.",Virum,1,Centralvarme med én fyringsenhed,/adresse/cedervaenget-41-1-th-2830-virum-01730143__41__1__th,85.0,2830.0,Tagpap med stor hældning,4.0,boligsiden,https://www.boligsiden.dk/adresse/cedervaenget-41-1-th-2830-virum-01730143__41__1__th,Mursten,Ikke oplyst
tvaerbommen-41-1-th-2820-gentofte-01570895__41__1__th,Ejerlejlighed,Free Sale,04-03-2025,Fri handel,04-03-2025,2.750.000,3,"Tværbommen 41, 1. th.",Gentofte,1,Fjernvarme/blokvarme,/adresse/tvaerbommen-41-1-th-2820-gentofte-01570895__41__1__th,67.0,2820.0,Tegl,3.0,boligsiden,https://www.boligsiden.dk/adresse/tvaerbommen-41-1-th-2820-gentofte-01570895__41__1__th,Mursten,Ikke oplyst
tvaerbommen-41-1-th-2820-gentofte-01570895__41__1__th,Ejerlejlighed,Free Sale,22-08-2018,Fri handel,22-08-2018,2.450.000,3,"Tværbommen 41, 1. th.",Gentofte,1,Fjernvarme/blokvarme,/adresse/tvaerbommen-41-1-th-2820-gentofte-01570895__41__1__th,67.0,2820.0,Tegl,3.0,boligsiden,https://www.boligsiden.dk/adresse/tvaerbommen-41-1-th-2820-gentofte-01570895__41__1__th,Mursten,Ikke oplyst
tvaerbommen-41-1-th-2820-gentofte-01570895__41__1__th,Ejerlejlighed,Free Sale,06-03-2015,Fri handel,06-03-2015,1.524.700,3,"Tværbommen 41, 1. th.",Gentofte,1,Fjernvarme/blokvarme,/adresse/tvaerbommen-41-1-th-2820-gentofte-01570895__41__1__th,67.0,2820.0,Tegl,3.0,boligsiden,https://www.boligsiden.dk/adresse/tvaerbommen-41-1-th-2820-gentofte-01570895__41__1__th,Mursten,Ikke oplyst
broendbyvestervej-60b-0-3-2605-broendby-01530071_60b_st___3,Ejerlejlighed,Free Sale,04-03-2025,Fri handel,04-03-2025,1.535.000,2,"Brøndbyvestervej 60B, st. 3.",Brøndby,1,Fjernvarme/blokvarme,/adresse/broendbyvestervej-60b-0-3-2605-broendby-01530071_60b_st___3,46.0,2605.0,Metal,1.0,boligsiden,https://www.boligsiden.dk/adresse/broendbyvestervej-60b-0-3-2605-broendby-01530071_60b_st___3,Mursten,Ikke oplyst
broendbyvestervej-60b-0-3-2605-broendby-01530071_60b_st___3,Ejerlejlighed,Free Sale,14-04-2011,Fri handel,14-04-2011,268.517,2,"Brøndbyvestervej 60B, st. 3.",Brøndby,1,Fjernvarme/blokvarme,/adresse/broendbyvestervej-60b-0-3-2605-broendby-01530071_60b_st___3,46.0,2605.0,Metal,1.0,boligsiden,https://www.boligsiden.dk/adresse/broendbyvestervej-60b-0-3-2605-broendby-01530071_60b_st___3,Mursten,Ikke oplyst
rygaards-alle-5d-2900-hellerup-01570665__5d_______,Rækkehus,Free Sale,04-03-2025,Fri handel,04-03-2025,6.225.000,3,Rygårds Alle 5D,Hellerup,1,Fjernvarme/blokvarme,/adresse/rygaards-alle-5d-2900-hellerup-01570665__5d_______,109.0,2900.0,Tegl,4.0,boligsiden,https://www.boligsiden.dk/adresse/rygaards-alle-5d-2900-hellerup-01570665__5d_______,Mursten,Ikke oplyst
rygaards-alle-5d-2900-hellerup-01570665__5d_______,Rækkehus,Free Sale,24-08-2016,Fri handel,24-08-2016,5.450.000,3,Rygårds Alle 5D,Hellerup,1,Fjernvarme/blokvarme,/adresse/rygaards-alle-5d-2900-hellerup-01570665__5d_______,109.0,2900.0,Tegl,4.0,boligsiden,https://www.boligsiden.dk/adresse/rygaards-alle-5d-2900-hellerup-01570665__5d_______,Mursten,Ikke oplyst
rygaards-alle-5d-2900-hellerup-01570665__5d_______,Rækkehus,Free Sale,11-08-2013,Fri handel,11-08-2013,4.200.000,3,Rygårds Alle 5D,Hellerup,1,Fjernvarme/blokvarme,/adresse/rygaards-alle-5d-2900-hellerup-01570665__5d_______,109.0,2900.0,Tegl,4.0,boligsiden,https://www.boligsiden.dk/adresse/rygaards-alle-5d-2900-hellerup-01570665__5d_______,Mursten,Ikke oplyst
elmevej-6-2600-glostrup-01610104___6_______,Villa,Free Sale,04-03-2025,Fri handel,04-03-2025,5.050.000,3,Elmevej 6,Glostrup,1,Centralvarme med én fyringsenhed,/adresse/elmevej-6-2600-glostrup-01610104___6_______,149.0,2600.0,Tegl,6.0,boligsiden,https://www.boligsiden.dk/adresse/elmevej-6-2600-glostrup-01610104___6_______,Mursten,180.5
elmevej-6-2600-glostrup-01610104___6_______,Villa,Free Sale,09-09-2021,Fri handel,09-09-2021,2.199.500,3,Elmevej 6,Glostrup,1,Centralvarme med én fyringsenhed,/adresse/elmevej-6-2600-glostrup-01610104___6_______,149.0,2600.0,Tegl,6.0,boligsiden,https://www.boligsiden.dk/adresse/elmevej-6-2600-glostrup-01610104___6_______,Mursten,180.5
elmevej-6-2600-glostrup-01610104___6_______,Villa,Free Sale,12-03-2015,Fri handel,12-03-2015,2.895.000,3,Elmevej 6,Glostrup,1,Centralvarme med én fyringsenhed,/adresse/elmevej-6-2600-glostrup-01610104___6_______,149.0,2600.0,Tegl,6.0,boligsiden,https://www.boligsiden.dk/adresse/elmevej-6-2600-glostrup-01610104___6_______,Mursten,180.5
ejgaardsparken-4-1-th-2920-charlottenlund-01570173___4__1__th,Ejerlejlighed,Free Sale,04-03-2025,Fri handel,04-03-2025,9.650.000,3,"Ejgårdsparken 4, 1. th.",Charlottenlund,1,Fjernvarme/blokvarme,/adresse/ejgaardsparken-4-1-th-2920-charlottenlund-01570173___4__1__th,115.0,2920.0,Tagpap med stor hældning,3.0,boligsiden,https://www.boligsiden.dk/adresse/ejgaardsparken-4-1-th-2920-charlottenlund-01570173___4__1__th,Mursten,Ikke oplyst
ejgaardsparken-4-1-th-2920-charlottenlund-01570173___4__1__th,Ejerlejlighed,Free Sale,07-01-2008,Fri handel,07-01-2008,5.100.000,3,"Ejgårdsparken 4, 1. th.",Charlottenlund,1,Fjernvarme/blokvarme,/adresse/ejgaardsparken-4-1-th-2920-charlottenlund-01570173___4__1__th,115.0,2920.0,Tagpap med stor hældning,3.0,boligsiden,https://www.boligsiden.dk/adresse/ejgaardsparken-4-1-th-2920-charlottenlund-01570173___4__1__th,Mursten,Ikke oplyst
ejgaardsparken-4-1-th-2920-charlottenlund-01570173___4__1__th,Ejerlejlighed,Free Sale,01-11-2006,Fri handel,01-11-2006,4.395.000,3,"Ejgårdsparken 4, 1. th.",Charlottenlund,1,Fjernvarme/blokvarme,/adresse/ejgaardsparken-4-1-th-2920-charlottenlund-01570173___4__1__th,115.0,2920.0,Tagpap med stor hældning,3.0,boligsiden,https://www.boligsiden.dk/adresse/ejgaardsparken-4-1-th-2920-charlottenlund-01570173___4__1__th,Mursten,Ikke oplyst
tranevaenget-6-1-tv-2900-hellerup-01570883___6__1__tv,Ejerlejlighed,Free Sale,04-03-2025,Fri handel,04-03-2025,9.350.000,3,"Tranevænget 6, 1. tv.",Hellerup,1,Fjernvarme/blokvarme,/adresse/tranevaenget-6-1-tv-2900-hellerup-01570883___6__1__tv,142.0,2900.0,Tegl,5.0,boligsiden,https://www.boligsiden.dk/adresse/tranevaenget-6-1-tv-2900-hellerup-01570883___6__1__tv,Mursten,Ikke oplyst
tranevaenget-6-1-tv-2900-hellerup-01570883___6__1__tv,Ejerlejlighed,Free Sale,19-12-2016,Fri handel,19-12-2016,5.995.000,3,"Tranevænget 6, 1. tv.",Hellerup,1,Fjernvarme/blokvarme,/adresse/tranevaenget-6-1-tv-2900-hellerup-01570883___6__1__tv,142.0,2900.0,Tegl,5.0,boligsiden,https://www.boligsiden.dk/adresse/tranevaenget-6-1-tv-2900-hellerup-01570883___6__1__tv,Mursten,Ikke oplyst
roskildevej-327-2-th-2610-roedovre-01750690_327__2__th,Ejerlejlighed,Free Sale,04-03-2025,Fri handel,04-03-2025,2.820.000,3,"Roskildevej 327, 2. th.",Rødovre,1,Fjernvarme/blokvarme,/adresse/roskildevej-327-2-th-2610-roedovre-01750690_327__2__th,104.0,2610.0,Tegl,4.0,boligsiden,https://www.boligsiden.dk/adresse/roskildevej-327-2-th-2610-roedovre-01750690_327__2__th,Mursten,Ikke oplyst
roskildevej-327-2-th-2610-roedovre-01750690_327__2__th,Ejerlejlighed,Family Sale,31-10-2021,Familie handel,31-10-2021,1.490.000,3,"Roskildevej 327, 2. th.",Rødovre,1,Fjernvarme/blokvarme,/adresse/roskildevej-327-2-th-2610-roedovre-01750690_327__2__th,104.0,2610.0,Tegl,4.0,boligsiden,https://www.boligsiden.dk/adresse/roskildevej-327-2-th-2610-roedovre-01750690_327__2__th,Mursten,Ikke oplyst
roskildevej-327-2-th-2610-roedovre-01750690_327__2__th,Ejerlejlighed,Free Sale,05-04-2015,Fri handel,05-04-2015,1.875.000,3,"Roskildevej 327, 2. th.",Rødovre,1,Fjernvarme/blokvarme,/adresse/roskildevej-327-2-th-2610-roedovre-01750690_327__2__th,104.0,2610.0,Tegl,4.0,boligsiden,https://www.boligsiden.dk/adresse/roskildevej-327-2-th-2610-roedovre-01750690_327__2__th,Mursten,Ikke oplyst
kikkerthoejen-10-2800-kongens-lyngby-01730422__10_______,Villa,Free Sale,04-03-2025,Fri handel,04-03-2025,7.000.000,2,Kikkerthøjen 10,Kongens Lyngby,1,Centralvarme med én fyringsenhed,/adresse/kikkerthoejen-10-2800-kongens-lyngby-01730422__10_______,113.0,2800.0,Fibercement herunder asbest,5.0,boligsiden,https://www.boligsiden.dk/adresse/kikkerthoejen-10-2800-kongens-lyngby-01730422__10_______,Mursten,124
kikkerthoejen-10-2800-kongens-lyngby-01730422__10_______,Villa,Free Sale,24-02-2003,Fri handel,24-02-2003,2.450.000,2,Kikkerthøjen 10,Kongens Lyngby,1,Centralvarme med én fyringsenhed,/adresse/kikkerthoejen-10-2800-kongens-lyngby-01730422__10_______,113.0,2800.0,Fibercement herunder asbest,5.0,boligsiden,https://www.boligsiden.dk/adresse/kikkerthoejen-10-2800-kongens-lyngby-01730422__10_______,Mursten,124
brogaardsvaenget-4-1-th-2820-gentofte-01570088___4__1__th,Ejerlejlighed,Free Sale,04-03-2025,Fri handel,04-03-2025,8.000.000,3,"Brogårdsvænget 4, 1. th.",Gentofte,1,Centralvarme med én fyringsenhed,/adresse/brogaardsvaenget-4-1-th-2820-gentofte-01570088___4__1__th,190.0,2820.0,Fibercement herunder asbest,6.0,boligsiden,https://www.boligsiden.dk/adresse/brogaardsvaenget-4-1-th-2820-gentofte-01570088___4__1__th,Mursten,Ikke oplyst
brogaardsvaenget-4-1-th-2820-gentofte-01570088___4__1__th,Ejerlejlighed,Family Sale,19-07-2018,Familie handel,19-07-2018,2.000.000,3,"Brogårdsvænget 4, 1. th.",Gentofte,1,Centralvarme med én fyringsenhed,/adresse/brogaardsvaenget-4-1-th-2820-gentofte-01570088___4__1__th,190.0,2820.0,Fibercement herunder asbest,6.0,boligsiden,https://www.boligsiden.dk/adresse/brogaardsvaenget-4-1-th-2820-gentofte-01570088___4__1__th,Mursten,Ikke oplyst
brogaardsvaenget-4-1-th-2820-gentofte-01570088___4__1__th,Ejerlejlighed,Free Sale,25-01-2012,Fri handel,25-01-2012,2.563.000,3,"Brogårdsvænget 4, 1. th.",Gentofte,1,Centralvarme med én fyringsenhed,/adresse/brogaardsvaenget-4-1-th-2820-gentofte-01570088___4__1__th,190.0,2820.0,Fibercement herunder asbest,6.0,boligsiden,https://www.boligsiden.dk/adresse/brogaardsvaenget-4-1-th-2820-gentofte-01570088___4__1__th,Mursten,Ikke oplyst
tvaerbommen-39-1-th-2820-gentofte-01570895__39__1__th,Ejerlejlighed,Free Sale,04-03-2025,Fri handel,04-03-2025,2.550.000,2,"Tværbommen 39, 1. th.",Gentofte,1,Fjernvarme/blokvarme,/adresse/tvaerbommen-39-1-th-2820-gentofte-01570895__39__1__th,65.0,2820.0,Tegl,3.0,boligsiden,https://www.boligsiden.dk/adresse/tvaerbommen-39-1-th-2820-gentofte-01570895__39__1__th,Mursten,Ikke oplyst
tvaerbommen-39-1-th-2820-gentofte-01570895__39__1__th,Ejerlejlighed,Free Sale,10-03-2014,Fri handel,10-03-2014,1.150.000,2,"Tværbommen 39, 1. th.",Gentofte,1,Fjernvarme/blokvarme,/adresse/tvaerbommen-39-1-th-2820-gentofte-01570895__39__1__th,65.0,2820.0,Tegl,3.0,boligsiden,https://www.boligsiden.dk/adresse/tvaerbommen-39-1-th-2820-gentofte-01570895__39__1__th,Mursten,Ikke oplyst
vadgaardsvej-2-2-1-2860-soeborg-01590927___2__2___1,Ejerlejlighed,Free Sale,03-03-2025,Fri handel,03-03-2025,1.825.000,3,"Vadgårdsvej 2, 2. 1.",Søborg,3,Fjernvarme/blokvarme,/adresse/vadgaardsvej-2-2-1-2860-soeborg-01590927___2__2___1,44.0,2860.0,Tagpap med stor hældning,2.0,boligsiden,https://www.boligsiden.dk/adresse/vadgaardsvej-2-2-1-2860-soeborg-01590927___2__2___1,Mursten,Ikke oplyst
vadgaardsvej-2-2-1-2860-soeborg-01590927___2__2___1,Ejerlejlighed,Free Sale,21-08-2019,Fri handel,21-08-2019,1.545.000,3,"Vadgårdsvej 2, 2. 1.",Søborg,3,Fjernvarme/blokvarme,/adresse/vadgaardsvej-2-2-1-2860-soeborg-01590927___2__2___1,44.0,2860.0,Tagpap med stor hældning,2.0,boligsiden,https://www.boligsiden.dk/adresse/vadgaardsvej-2-2-1-2860-soeborg-01590927___2__2___1,Mursten,Ikke oplyst
vadgaardsvej-2-2-1-2860-soeborg-01590927___2__2___1,Ejerlejlighed,Free Sale,07-06-2016,Fri handel,07-06-2016,1.195.000,3,"Vadgårdsvej 2, 2. 1.",Søborg,3,Fjernvarme/blokvarme,/adresse/vadgaardsvej-2-2-1-2860-soeborg-01590927___2__2___1,44.0,2860.0,Tagpap med stor hældning,2.0,boligsiden,https://www.boligsiden.dk/adresse/vadgaardsvej-2-2-1-2860-soeborg-01590927___2__2___1,Mursten,Ikke oplyst
roedovrevej-314-1-2610-roedovre-01750705_314__1____,Ejerlejlighed,Free Sale,03-03-2025,Fri handel,03-03-2025,3.950.000,3,"Rødovrevej 314, 1.",Rødovre,2,Varmepumpe,/adresse/roedovrevej-314-1-2610-roedovre-01750705_314__1____,111.0,2610.0,Fibercement herunder asbest,4.0,boligsiden,https://www.boligsiden.dk/adresse/roedovrevej-314-1-2610-roedovre-01750705_314__1____,Mursten,Ikke oplyst
roedovrevej-314-1-2610-roedovre-01750705_314__1____,Ejerlejlighed,Free Sale,27-04-2009,Fri handel,27-04-2009,1.500.000,3,"Rødovrevej 314, 1.",Rødovre,2,Varmepumpe,/adresse/roedovrevej-314-1-2610-roedovre-01750705_314__1____,111.0,2610.0,Fibercement herunder asbest,4.0,boligsiden,https://www.boligsiden.dk/adresse/roedovrevej-314-1-2610-roedovre-01750705_314__1____,Mursten,Ikke oplyst
roedovrevej-314-1-2610-roedovre-01750705_314__1____,Ejerlejlighed,Free Sale,27-04-2009,Fri handel,27-04-2009,1.500.000,3,"Rødovrevej 314, 1.",Rødovre,2,Varmepumpe,/adresse/roedovrevej-314-1-2610-roedovre-01750705_314__1____,111.0,2610.0,Fibercement herunder asbest,4.0,boligsiden,https://www.boligsiden.dk/adresse/roedovrevej-314-1-2610-roedovre-01750705_314__1____,Mursten,Ikke oplyst
hvidovrevej-88-2-tv-2610-roedovre-01674032__88__2__tv,Ejerlejlighed,Free Sale,03-03-2025,Fri handel,03-03-2025,1.650.000,3,"Hvidovrevej 88, 2. tv.",Rødovre,1,Ovn til fast og flydende brændsel,/adresse/hvidovrevej-88-2-tv-2610-roedovre-01674032__88__2__tv,54.0,2610.0,Tegl,2.0,boligsiden,https://www.boligsiden.dk/adresse/hvidovrevej-88-2-tv-2610-roedovre-01674032__88__2__tv,Mursten,Ikke oplyst
hvidovrevej-88-2-tv-2610-roedovre-01674032__88__2__tv,Ejerlejlighed,Free Sale,26-04-2022,Fri handel,26-04-2022,1.655.000,3,"Hvidovrevej 88, 2. tv.",Rødovre,1,Ovn til fast og flydende brændsel,/adresse/hvidovrevej-88-2-tv-2610-roedovre-01674032__88__2__tv,54.0,2610.0,Tegl,2.0,boligsiden,https://www.boligsiden.dk/adresse/hvidovrevej-88-2-tv-2610-roedovre-01674032__88__2__tv,Mursten,Ikke oplyst
hvidovrevej-88-2-tv-2610-roedovre-01674032__88__2__tv,Ejerlejlighed,Free Sale,21-11-2019,Fri handel,21-11-2019,1.270.000,3,"Hvidovrevej 88, 2. tv.",Rødovre,1,Ovn til fast og flydende brændsel,/adresse/hvidovrevej-88-2-tv-2610-roedovre-01674032__88__2__tv,54.0,2610.0,Tegl,2.0,boligsiden,https://www.boligsiden.dk/adresse/hvidovrevej-88-2-tv-2610-roedovre-01674032__88__2__tv,Mursten,Ikke oplyst
lindevangshusene-106-0-tv-2630-taastrup-01694520_106_st__tv,Ejerlejlighed,Free Sale,03-03-2025,Fri handel,03-03-2025,1.785.000,3,"Lindevangshusene 106, st. tv.",Taastrup,1,Fjernvarme/blokvarme,/adresse/lindevangshusene-106-0-tv-2630-taastrup-01694520_106_st__tv,68.0,2630.0,Betontagsten,2.0,boligsiden,https://www.boligsiden.dk/adresse/lindevangshusene-106-0-tv-2630-taastrup-01694520_106_st__tv,Mursten,Ikke oplyst
lindevangshusene-106-0-tv-2630-taastrup-01694520_106_st__tv,Ejerlejlighed,Free Sale,17-10-2010,Fri handel,17-10-2010,1.175.000,3,"Lindevangshusene 106, st. tv.",Taastrup,1,Fjernvarme/blokvarme,/adresse/lindevangshusene-106-0-tv-2630-taastrup-01694520_106_st__tv,68.0,2630.0,Betontagsten,2.0,boligsiden,https://www.boligsiden.dk/adresse/lindevangshusene-106-0-tv-2630-taastrup-01694520_106_st__tv,Mursten,Ikke oplyst
lindevangshusene-106-0-tv-2630-taastrup-01694520_106_st__tv,Ejerlejlighed,Free Sale,07-09-1993,Fri handel,07-09-1993,410.865,3,"Lindevangshusene 106, st. tv.",Taastrup,1,Fjernvarme/blokvarme,/adresse/lindevangshusene-106-0-tv-2630-taastrup-01694520_106_st__tv,68.0,2630.0,Betontagsten,2.0,boligsiden,https://www.boligsiden.dk/adresse/lindevangshusene-106-0-tv-2630-taastrup-01694520_106_st__tv,Mursten,Ikke oplyst
nybrovej-247-0-th-2800-kongens-lyngby-01730614_247_st__th,Rækkehus,Family Sale,03-03-2025,Familie handel,03-03-2025,2.450.000,3,"Nybrovej 247, st. th.",Kongens Lyngby,1,Centralvarme med én fyringsenhed,/adresse/nybrovej-247-0-th-2800-kongens-lyngby-01730614_247_st__th,129.0,2800.0,Tagpap med stor hældning,5.0,boligsiden,https://www.boligsiden.dk/adresse/nybrovej-247-0-th-2800-kongens-lyngby-01730614_247_st__th,Mursten,261.75
nybrovej-247-0-th-2800-kongens-lyngby-01730614_247_st__th,Rækkehus,Free Sale,17-09-2024,Fri handel,17-09-2024,4.150.000,3,"Nybrovej 247, st. th.",Kongens Lyngby,1,Centralvarme med én fyringsenhed,/adresse/nybrovej-247-0-th-2800-kongens-lyngby-01730614_247_st__th,129.0,2800.0,Tagpap med stor hældning,5.0,boligsiden,https://www.boligsiden.dk/adresse/nybrovej-247-0-th-2800-kongens-lyngby-01730614_247_st__th,Mursten,261.75
nybrovej-247-0-th-2800-kongens-lyngby-01730614_247_st__th,Rækkehus,Free Sale,07-06-2007,Fri handel,07-06-2007,3.000.000,3,"Nybrovej 247, st. th.",Kongens Lyngby,1,Centralvarme med én fyringsenhed,/adresse/nybrovej-247-0-th-2800-kongens-lyngby-01730614_247_st__th,129.0,2800.0,Tagpap med stor hældning,5.0,boligsiden,https://www.boligsiden.dk/adresse/nybrovej-247-0-th-2800-kongens-lyngby-01730614_247_st__th,Mursten,261.75
hyldegaards-tvaervej-15a-1-th-2920-charlottenlund-01570376_15a__1__th,Ejerlejlighed,Free Sale,03-03-2025,Fri handel,03-03-2025,2.500.000,3,"Hyldegårds Tværvej 15A, 1. th.",Charlottenlund,11,Fjernvarme/blokvarme,/adresse/hyldegaards-tvaervej-15a-1-th-2920-charlottenlund-01570376_15a__1__th,50.0,2920.0,Tagpap med stor hældning,2.0,boligsiden,https://www.boligsiden.dk/adresse/hyldegaards-tvaervej-15a-1-th-2920-charlottenlund-01570376_15a__1__th,Mursten,Ikke oplyst
hyldegaards-tvaervej-15a-1-th-2920-charlottenlund-01570376_15a__1__th,Ejerlejlighed,Free Sale,30-11-2021,Fri handel,30-11-2021,2.350.000,3,"Hyldegårds Tværvej 15A, 1. th.",Charlottenlund,1,Fjernvarme/blokvarme,/adresse/hyldegaards-tvaervej-15a-1-th-2920-charlottenlund-01570376_15a__1__th,50.0,2920.0,Tagpap med stor hældning,2.0,boligsiden,https://www.boligsiden.dk/adresse/hyldegaards-tvaervej-15a-1-th-2920-charlottenlund-01570376_15a__1__th,Mursten,Ikke oplyst
hyldegaards-tvaervej-15a-1-th-2920-charlottenlund-01570376_15a__1__th,Ejerlejlighed,Free Sale,08-11-2020,Fri handel,08-11-2020,2.100.000,3,"Hyldegårds Tværvej 15A, 1. th.",Charlottenlund,1,Fjernvarme/blokvarme,/adresse/hyldegaards-tvaervej-15a-1-th-2920-charlottenlund-01570376_15a__1__th,50.0,2920.0,Tagpap med stor hældning,2.0,boligsiden,https://www.boligsiden.dk/adresse/hyldegaards-tvaervej-15a-1-th-2920-charlottenlund-01570376_15a__1__th,Mursten,Ikke oplyst
slettetoften-35-2630-taastrup-01697011__35_______,Villa,Free Sale,03-03-2025,Fri handel,03-03-2025,3.350.000,1,Slettetoften 35,Taastrup,1,Fjernvarme/blokvarme,/adresse/slettetoften-35-2630-taastrup-01697011__35_______,128.0,2630.0,Fibercement uden asbest,4.0,boligsiden,https://www.boligsiden.dk/adresse/slettetoften-35-2630-taastrup-01697011__35_______,Mursten,132
nybrovej-247-0-tv-2800-kongens-lyngby-01730614_247_st__tv,Rækkehus,Family Sale,03-03-2025,Familie handel,03-03-2025,2.450.000,3,"Nybrovej 247, st. tv.",Kongens Lyngby,1,Centralvarme med én fyringsenhed,/adresse/nybrovej-247-0-tv-2800-kongens-lyngby-01730614_247_st__tv,113.0,2800.0,Tagpap med stor hældning,4.0,boligsiden,https://www.boligsiden.dk/adresse/nybrovej-247-0-tv-2800-kongens-lyngby-01730614_247_st__tv,Mursten,261.75
nybrovej-247-0-tv-2800-kongens-lyngby-01730614_247_st__tv,Rækkehus,Free Sale,17-09-2024,Fri handel,17-09-2024,4.150.000,3,"Nybrovej 247, st. tv.",Kongens Lyngby,1,Centralvarme med én fyringsenhed,/adresse/nybrovej-247-0-tv-2800-kongens-lyngby-01730614_247_st__tv,113.0,2800.0,Tagpap med stor hældning,4.0,boligsiden,https://www.boligsiden.dk/adresse/nybrovej-247-0-tv-2800-kongens-lyngby-01730614_247_st__tv,Mursten,261.75
nybrovej-247-0-tv-2800-kongens-lyngby-01730614_247_st__tv,Rækkehus,Free Sale,07-06-2007,Fri handel,07-06-2007,3.000.000,3,"Nybrovej 247, st. tv.",Kongens Lyngby,1,Centralvarme med én fyringsenhed,/adresse/nybrovej-247-0-tv-2800-kongens-lyngby-01730614_247_st__tv,113.0,2800.0,Tagpap med stor hældning,4.0,boligsiden,https://www.boligsiden.dk/adresse/nybrovej-247-0-tv-2800-kongens-lyngby-01730614_247_st__tv,Mursten,261.75
lavager-7-2620-albertslund-01650296___7_______,Villa,Free Sale,03-03-2025,Fri handel,03-03-2025,4.000.000,1,Lavager 7,Albertslund,1,Fjernvarme/blokvarme,/adresse/lavager-7-2620-albertslund-01650296___7_______,136.0,2620.0,Fibercement herunder asbest,4.0,boligsiden,https://www.boligsiden.dk/adresse/lavager-7-2620-albertslund-01650296___7_______,Mursten,167.7
taastrup-hovedgade-40-6-62-2630-taastrup-01694250__40__6__62,Ejerlejlighed,Free Sale,02-03-2025,Fri handel,02-03-2025,1.595.000,3,"Taastrup Hovedgade 40, 6. 62.",Taastrup,1,Fjernvarme/blokvarme,/adresse/taastrup-hovedgade-40-6-62-2630-taastrup-01694250__40__6__62,67.0,2630.0,Fibercement herunder asbest,2.0,boligsiden,https://www.boligsiden.dk/adresse/taastrup-hovedgade-40-6-62-2630-taastrup-01694250__40__6__62,Mursten,Ikke oplyst
taastrup-hovedgade-40-6-62-2630-taastrup-01694250__40__6__62,Ejerlejlighed,Free Sale,11-04-2021,Fri handel,11-04-2021,1.600.000,3,"Taastrup Hovedgade 40, 6. 62.",Taastrup,1,Fjernvarme/blokvarme,/adresse/taastrup-hovedgade-40-6-62-2630-taastrup-01694250__40__6__62,67.0,2630.0,Fibercement herunder asbest,2.0,boligsiden,https://www.boligsiden.dk/adresse/taastrup-hovedgade-40-6-62-2630-taastrup-01694250__40__6__62,Mursten,Ikke oplyst
taastrup-hovedgade-40-6-62-2630-taastrup-01694250__40__6__62,Ejerlejlighed,Free Sale,25-10-2018,Fri handel,25-10-2018,1.475.000,3,"Taastrup Hovedgade 40, 6. 62.",Taastrup,1,Fjernvarme/blokvarme,/adresse/taastrup-hovedgade-40-6-62-2630-taastrup-01694250__40__6__62,67.0,2630.0,Fibercement herunder asbest,2.0,boligsiden,https://www.boligsiden.dk/adresse/taastrup-hovedgade-40-6-62-2630-taastrup-01694250__40__6__62,Mursten,Ikke oplyst
augustvej-89-2860-soeborg-01590033__89_______,Villa,Free Sale,02-03-2025,Fri handel,02-03-2025,4.500.000,2,Augustvej 89,Søborg,1,Centralvarme med én fyringsenhed,/adresse/augustvej-89-2860-soeborg-01590033__89_______,136.0,2860.0,Fibercement uden asbest,4.0,boligsiden,https://www.boligsiden.dk/adresse/augustvej-89-2860-soeborg-01590033__89_______,Mursten,137.15
augustvej-89-2860-soeborg-01590033__89_______,Villa,Free Sale,28-10-1996,Fri handel,28-10-1996,1.005.192,2,Augustvej 89,Søborg,1,Centralvarme med én fyringsenhed,/adresse/augustvej-89-2860-soeborg-01590033__89_______,136.0,2860.0,Fibercement uden asbest,4.0,boligsiden,https://www.boligsiden.dk/adresse/augustvej-89-2860-soeborg-01590033__89_______,Mursten,137.15
ishoej-bygade-109-2635-ishoej-01830290_109_______,Villa,Free Sale,02-03-2025,Fri handel,02-03-2025,3.450.000,3,,,,,,,,,,,,,
ishoej-bygade-109-2635-ishoej-01830290_109_______,Villa,Family Sale,01-04-2015,Familie handel,01-04-2015,722.500,3,,,,,,,,,,,,,
ishoej-bygade-109-2635-ishoej-01830290_109_______,Villa,Free Sale,01-05-2000,Fri handel,01-05-2000,1.360.000,3,,,,,,,,,,,,,
naesborgvej-12-1-th-2650-hvidovre-01676123__12__1__th,Ejerlejlighed,Free Sale,01-03-2025,Fri handel,01-03-2025,2.085.000,1,"Næsborgvej 12, 1. th.",Hvidovre,1,Fjernvarme/blokvarme,/adresse/naesborgvej-12-1-th-2650-hvidovre-01676123__12__1__th,73.0,2650.0,Fibercement uden asbest,3.0,boligsiden,https://www.boligsiden.dk/adresse/naesborgvej-12-1-th-2650-hvidovre-01676123__12__1__th,Mursten,Ikke oplyst
hoejstrupvej-25-2665-vallensbaek-strand-01873408__25_______,Villa,Family Sale,01-03-2025,Familie handel,01-03-2025,3.000.000,2,Højstrupvej 25,Vallensbæk Strand,1,Centralvarme med én fyringsenhed,/adresse/hoejstrupvej-25-2665-vallensbaek-strand-01873408__25_______,216.0,2665.0,Tagpap med stor hældning,6.0,boligsiden,https://www.boligsiden.dk/adresse/hoejstrupvej-25-2665-vallensbaek-strand-01873408__25_______,Træ,215.7
hoejstrupvej-25-2665-vallensbaek-strand-01873408__25_______,Villa,Free Sale,09-02-2017,Fri handel,09-02-2017,2.775.000,2,Højstrupvej 25,Vallensbæk Strand,1,Centralvarme med én fyringsenhed,/adresse/hoejstrupvej-25-2665-vallensbaek-strand-01873408__25_______,216.0,2665.0,Tagpap med stor hældning,6.0,boligsiden,https://www.boligsiden.dk/adresse/hoejstrupvej-25-2665-vallensbaek-strand-01873408__25_______,Træ,215.7
soegaardsvej-5a-2-tv-2820-gentofte-01570827__5a__2__tv,Ejerlejlighed,Free Sale,01-03-2025,Fri handel,01-03-2025,3.270.000,3,"Søgårdsvej 5A, 2. tv.",Gentofte,1,Fjernvarme/blokvarme,/adresse/soegaardsvej-5a-2-tv-2820-gentofte-01570827__5a__2__tv,68.0,2820.0,Tegl,2.0,boligsiden,https://www.boligsiden.dk/adresse/soegaardsvej-5a-2-tv-2820-gentofte-01570827__5a__2__tv,Mursten,Ikke oplyst
soegaardsvej-5a-2-tv-2820-gentofte-01570827__5a__2__tv,Ejerlejlighed,Free Sale,10-08-2014,Fri handel,10-08-2014,1.800.000,3,"Søgårdsvej 5A, 2. tv.",Gentofte,1,Fjernvarme/blokvarme,/adresse/soegaardsvej-5a-2-tv-2820-gentofte-01570827__5a__2__tv,68.0,2820.0,Tegl,2.0,boligsiden,https://www.boligsiden.dk/adresse/soegaardsvej-5a-2-tv-2820-gentofte-01570827__5a__2__tv,Mursten,Ikke oplyst
soegaardsvej-5a-2-tv-2820-gentofte-01570827__5a__2__tv,Ejerlejlighed,Free Sale,13-09-1998,Fri handel,13-09-1998,969.340,3,"Søgårdsvej 5A, 2. tv.",Gentofte,1,Fjernvarme/blokvarme,/adresse/soegaardsvej-5a-2-tv-2820-gentofte-01570827__5a__2__tv,68.0,2820.0,Tegl,2.0,boligsiden,https://www.boligsiden.dk/adresse/soegaardsvej-5a-2-tv-2820-gentofte-01570827__5a__2__tv,Mursten,Ikke oplyst
elmehusene-74-2600-glostrup-01650087__74_______,Rækkehus,Free Sale,01-03-2025,Fri handel,01-03-2025,2.735.000,3,Elmehusene 74,Glostrup,2,Fjernvarme/blokvarme,/adresse/elmehusene-74-2600-glostrup-01650087__74_______,96.0,2600.0,Fibercement herunder asbest,4.0,boligsiden,https://www.boligsiden.dk/adresse/elmehusene-74-2600-glostrup-01650087__74_______,Betonelementer,97.5
elmehusene-74-2600-glostrup-01650087__74_______,Rækkehus,Free Sale,30-07-2018,Fri handel,30-07-2018,2.130.000,3,Elmehusene 74,Glostrup,2,Fjernvarme/blokvarme,/adresse/elmehusene-74-2600-glostrup-01650087__74_______,96.0,2600.0,Fibercement herunder asbest,4.0,boligsiden,https://www.boligsiden.dk/adresse/elmehusene-74-2600-glostrup-01650087__74_______,Betonelementer,97.5
elmehusene-74-2600-glostrup-01650087__74_______,Rækkehus,Free Sale,26-11-2014,Fri handel,26-11-2014,1.725.000,3,Elmehusene 74,Glostrup,2,Fjernvarme/blokvarme,/adresse/elmehusene-74-2600-glostrup-01650087__74_______,96.0,2600.0,Fibercement herunder asbest,4.0,boligsiden,https://www.boligsiden.dk/adresse/elmehusene-74-2600-glostrup-01650087__74_______,Betonelementer,97.5
hoeje-taastrup-vej-3e-2630-taastrup-01693248__3e_______,Ejerlejlighed,Free Sale,01-03-2025,Fri handel,01-03-2025,3.000.000,3,Høje Taastrup Vej 3E,Taastrup,3,Fjernvarme/blokvarme,/adresse/hoeje-taastrup-vej-3e-2630-taastrup-01693248__3e_______,138.0,2630.0,Tagpap med stor hældning,5.0,boligsiden,https://www.boligsiden.dk/adresse/hoeje-taastrup-vej-3e-2630-taastrup-01693248__3e_______,Betonelementer,Ikke oplyst
hoeje-taastrup-vej-3e-2630-taastrup-01693248__3e_______,Ejerlejlighed,Free Sale,23-10-2023,Fri handel,23-10-2023,2.700.000,3,Høje Taastrup Vej 3E,Taastrup,3,Fjernvarme/blokvarme,/adresse/hoeje-taastrup-vej-3e-2630-taastrup-01693248__3e_______,138.0,2630.0,Tagpap med stor hældning,5.0,boligsiden,https://www.boligsiden.dk/adresse/hoeje-taastrup-vej-3e-2630-taastrup-01693248__3e_______,Betonelementer,Ikke oplyst
hoeje-taastrup-vej-3e-2630-taastrup-01693248__3e_______,Ejerlejlighed,Free Sale,23-08-2007,Fri handel,23-08-2007,2.295.000,3,Høje Taastrup Vej 3E,Taastrup,3,Fjernvarme/blokvarme,/adresse/hoeje-taastrup-vej-3e-2630-taastrup-01693248__3e_______,138.0,2630.0,Tagpap med stor hældning,5.0,boligsiden,https://www.boligsiden.dk/adresse/hoeje-taastrup-vej-3e-2630-taastrup-01693248__3e_______,Betonelementer,Ikke oplyst
nordvang-16-2640-hedehusene-01695468__16_______,Villa,Free Sale,01-03-2025,Fri handel,01-03-2025,2.350.000,2,Nordvang 16,Hedehusene,1,Fjernvarme/blokvarme,/adresse/nordvang-16-2640-hedehusene-01695468__16_______,110.0,2640.0,Fibercement herunder asbest,3.0,boligsiden,https://www.boligsiden.dk/adresse/nordvang-16-2640-hedehusene-01695468__16_______,Letbetonsten,118.75
nordvang-16-2640-hedehusene-01695468__16_______,Villa,Free Sale,08-12-1992,Fri handel,08-12-1992,714.550,2,Nordvang 16,Hedehusene,1,Fjernvarme/blokvarme,/adresse/nordvang-16-2640-hedehusene-01695468__16_______,110.0,2640.0,Fibercement herunder asbest,3.0,boligsiden,https://www.boligsiden.dk/adresse/nordvang-16-2640-hedehusene-01695468__16_______,Letbetonsten,118.75
bavneaasen-11-2640-hedehusene-01690330__11_______,Rækkehus,Free Sale,01-03-2025,Fri handel,01-03-2025,3.365.000,3,Bavneåsen 11,Hedehusene,1,Elvarme,/adresse/bavneaasen-11-2640-hedehusene-01690330__11_______,104.0,2640.0,Fibercement herunder asbest,3.0,boligsiden,https://www.boligsiden.dk/adresse/bavneaasen-11-2640-hedehusene-01690330__11_______,Mursten,105.8
bavneaasen-11-2640-hedehusene-01690330__11_______,Rækkehus,Free Sale,11-03-2022,Fri handel,11-03-2022,3.150.000,3,Bavneåsen 11,Hedehusene,1,Elvarme,/adresse/bavneaasen-11-2640-hedehusene-01690330__11_______,104.0,2640.0,Fibercement herunder asbest,3.0,boligsiden,https://www.boligsiden.dk/adresse/bavneaasen-11-2640-hedehusene-01690330__11_______,Mursten,105.8
bavneaasen-11-2640-hedehusene-01690330__11_______,Rækkehus,Free Sale,26-06-2013,Fri handel,26-06-2013,1.400.000,3,Bavneåsen 11,Hedehusene,1,Elvarme,/adresse/bavneaasen-11-2640-hedehusene-01690330__11_______,104.0,2640.0,Fibercement herunder asbest,3.0,boligsiden,https://www.boligsiden.dk/adresse/bavneaasen-11-2640-hedehusene-01690330__11_______,Mursten,105.8
bagsvaerdvej-103-0-2800-kongens-lyngby-01590045_103_st____,Ejerlejlighed,Free Sale,01-03-2025,Fri handel,01-03-2025,3.275.000,3,"Bagsværdvej 103, st.",Kongens Lyngby,1,Centralvarme med én fyringsenhed,/adresse/bagsvaerdvej-103-0-2800-kongens-lyngby-01590045_103_st____,109.0,2800.0,Tagpap med stor hældning,4.0,boligsiden,https://www.boligsiden.dk/adresse/bagsvaerdvej-103-0-2800-kongens-lyngby-01590045_103_st____,Mursten,Ikke oplyst
bagsvaerdvej-103-0-2800-kongens-lyngby-01590045_103_st____,Ejerlejlighed,Free Sale,12-10-2020,Fri handel,12-10-2020,3.200.000,3,"Bagsværdvej 103, st.",Kongens Lyngby,1,Centralvarme med én fyringsenhed,/adresse/bagsvaerdvej-103-0-2800-kongens-lyngby-01590045_103_st____,109.0,2800.0,Tagpap med stor hældning,4.0,boligsiden,https://www.boligsiden.dk/adresse/bagsvaerdvej-103-0-2800-kongens-lyngby-01590045_103_st____,Mursten,Ikke oplyst
bagsvaerdvej-103-0-2800-kongens-lyngby-01590045_103_st____,Ejerlejlighed,Free Sale,12-10-2020,Fri handel,12-10-2020,3.200.000,3,"Bagsværdvej 103, st.",Kongens Lyngby,1,Centralvarme med én fyringsenhed,/adresse/bagsvaerdvej-103-0-2800-kongens-lyngby-01590045_103_st____,109.0,2800.0,Tagpap med stor hældning,4.0,boligsiden,https://www.boligsiden.dk/adresse/bagsvaerdvej-103-0-2800-kongens-lyngby-01590045_103_st____,Mursten,Ikke oplyst
kirkebjerg-parkvej-2a-3-tv-2600-glostrup-01610245__2a__3__tv,Ejerlejlighed,Family Sale,28-02-2025,Familie handel,28-02-2025,1.739.000,2,"Kirkebjerg Parkvej 2A, 3. tv.",Glostrup,1,Fjernvarme/blokvarme,/adresse/kirkebjerg-parkvej-2a-3-tv-2600-glostrup-01610245__2a__3__tv,107.0,2600.0,Tagpap med lille hældning,4.0,boligsiden,https://www.boligsiden.dk/adresse/kirkebjerg-parkvej-2a-3-tv-2600-glostrup-01610245__2a__3__tv,Mursten,Ikke oplyst
kirkebjerg-parkvej-2a-3-tv-2600-glostrup-01610245__2a__3__tv,Ejerlejlighed,Free Sale,08-04-2020,Fri handel,08-04-2020,3.045.000,2,"Kirkebjerg Parkvej 2A, 3. tv.",Glostrup,1,Fjernvarme/blokvarme,/adresse/kirkebjerg-parkvej-2a-3-tv-2600-glostrup-01610245__2a__3__tv,107.0,2600.0,Tagpap med lille hældning,4.0,boligsiden,https://www.boligsiden.dk/adresse/kirkebjerg-parkvej-2a-3-tv-2600-glostrup-01610245__2a__3__tv,Mursten,Ikke oplyst
brentedalen-6g-2635-ishoej-01830085__6g_______,Villa,Family Sale,28-02-2025,Familie handel,28-02-2025,2.750.000,3,Brentedalen 6G,Ishøj,1,Centralvarme med én fyringsenhed,/adresse/brentedalen-6g-2635-ishoej-01830085__6g_______,189.0,2635.0,Tegl,5.0,boligsiden,https://www.boligsiden.dk/adresse/brentedalen-6g-2635-ishoej-01830085__6g_______,Mursten,191.65
brentedalen-6g-2635-ishoej-01830085__6g_______,Villa,Other,09-05-2023,Andet,09-05-2023,5.250.000,3,Brentedalen 6G,Ishøj,1,Centralvarme med én fyringsenhed,/adresse/brentedalen-6g-2635-ishoej-01830085__6g_______,189.0,2635.0,Tegl,5.0,boligsiden,https://www.boligsiden.dk/adresse/brentedalen-6g-2635-ishoej-01830085__6g_______,Mursten,191.65
brentedalen-6g-2635-ishoej-01830085__6g_______,Villa,Free Sale,28-12-2021,Fri handel,28-12-2021,6.800.000,3,Brentedalen 6G,Ishøj,1,Centralvarme med én fyringsenhed,/adresse/brentedalen-6g-2635-ishoej-01830085__6g_______,189.0,2635.0,Tegl,5.0,boligsiden,https://www.boligsiden.dk/adresse/brentedalen-6g-2635-ishoej-01830085__6g_______,Mursten,191.65
vejledalen-274-2635-ishoej-01830854_274_______,Rækkehus,Free Sale,28-02-2025,Fri handel,28-02-2025,2.195.000,3,Vejledalen 274,Ishøj,2,Fjernvarme/blokvarme,/adresse/vejledalen-274-2635-ishoej-01830854_274_______,81.0,2635.0,Betontagsten,4.0,boligsiden,https://www.boligsiden.dk/adresse/vejledalen-274-2635-ishoej-01830854_274_______,Træ,79.1
vejledalen-274-2635-ishoej-01830854_274_______,Rækkehus,Family Sale,03-12-2019,Familie handel,03-12-2019,895.000,3,Vejledalen 274,Ishøj,2,Fjernvarme/blokvarme,/adresse/vejledalen-274-2635-ishoej-01830854_274_______,81.0,2635.0,Betontagsten,4.0,boligsiden,https://www.boligsiden.dk/adresse/vejledalen-274-2635-ishoej-01830854_274_______,Træ,79.1
vejledalen-274-2635-ishoej-01830854_274_______,Rækkehus,Free Sale,01-03-2000,Fri handel,01-03-2000,835.000,3,Vejledalen 274,Ishøj,2,Fjernvarme/blokvarme,/adresse/vejledalen-274-2635-ishoej-01830854_274_______,81.0,2635.0,Betontagsten,4.0,boligsiden,https://www.boligsiden.dk/adresse/vejledalen-274-2635-ishoej-01830854_274_______,Træ,79.1
vesterhusvej-14-2610-roedovre-01750953__14_______,Villa,Free Sale,28-02-2025,Fri handel,28-02-2025,6.300.000,2,Vesterhusvej 14,Rødovre,1,Centralvarme med én fyringsenhed,/adresse/vesterhusvej-14-2610-roedovre-01750953__14_______,159.0,2610.0,Betontagsten,6.0,boligsiden,https://www.boligsiden.dk/adresse/vesterhusvej-14-2610-roedovre-01750953__14_______,Mursten,166.6
vesterhusvej-14-2610-roedovre-01750953__14_______,Villa,Free Sale,23-10-2017,Fri handel,23-10-2017,2.625.000,2,Vesterhusvej 14,Rødovre,1,Centralvarme med én fyringsenhed,/adresse/vesterhusvej-14-2610-roedovre-01750953__14_______,159.0,2610.0,Betontagsten,6.0,boligsiden,https://www.boligsiden.dk/adresse/vesterhusvej-14-2610-roedovre-01750953__14_______,Mursten,166.6
snogegaardsvej-4-2-th-2820-gentofte-01570761___4__2__th,Ejerlejlighed,Free Sale,28-02-2025,Fri handel,28-02-2025,1.400.000,3,"Snogegårdsvej 4, 2. th.",Gentofte,1,Fjernvarme/blokvarme,/adresse/snogegaardsvej-4-2-th-2820-gentofte-01570761___4__2__th,53.0,2820.0,Tagpap med stor hældning,2.0,boligsiden,https://www.boligsiden.dk/adresse/snogegaardsvej-4-2-th-2820-gentofte-01570761___4__2__th,Mursten,Ikke oplyst
snogegaardsvej-4-2-th-2820-gentofte-01570761___4__2__th,Ejerlejlighed,Other,04-05-2011,Andet,04-05-2011,1.200.000,3,"Snogegårdsvej 4, 2. th.",Gentofte,1,Fjernvarme/blokvarme,/adresse/snogegaardsvej-4-2-th-2820-gentofte-01570761___4__2__th,53.0,2820.0,Tagpap med stor hældning,2.0,boligsiden,https://www.boligsiden.dk/adresse/snogegaardsvej-4-2-th-2820-gentofte-01570761___4__2__th,Mursten,Ikke oplyst
snogegaardsvej-4-2-th-2820-gentofte-01570761___4__2__th,Ejerlejlighed,Free Sale,07-01-2008,Fri handel,07-01-2008,1.000.000,3,"Snogegårdsvej 4, 2. th.",Gentofte,1,Fjernvarme/blokvarme,/adresse/snogegaardsvej-4-2-th-2820-gentofte-01570761___4__2__th,53.0,2820.0,Tagpap med stor hældning,2.0,boligsiden,https://www.boligsiden.dk/adresse/snogegaardsvej-4-2-th-2820-gentofte-01570761___4__2__th,Mursten,Ikke oplyst
ejbydalsvej-71-2600-glostrup-01610090__71_______,Villa,Free Sale,28-02-2025,Fri handel,28-02-2025,3.725.000,1,Ejbydalsvej 71,Glostrup,1,Centralvarme med én fyringsenhed,/adresse/ejbydalsvej-71-2600-glostrup-01610090__71_______,162.0,2600.0,Tegl,5.0,boligsiden,https://www.boligsiden.dk/adresse/ejbydalsvej-71-2600-glostrup-01610090__71_______,Mursten,161.3
muldvad-20-2800-kongens-lyngby-01590580__20_______,Rækkehus,Free Sale,28-02-2025,Fri handel,28-02-2025,5.550.000,3,Muldvad 20,Kongens Lyngby,1,Centralvarme med én fyringsenhed,/adresse/muldvad-20-2800-kongens-lyngby-01590580__20_______,87.0,2800.0,Fibercement herunder asbest,4.0,boligsiden,https://www.boligsiden.dk/adresse/muldvad-20-2800-kongens-lyngby-01590580__20_______,Letbetonsten,106.15
muldvad-20-2800-kongens-lyngby-01590580__20_______,Rækkehus,Free Sale,03-10-2016,Fri handel,03-10-2016,3.675.000,3,Muldvad 20,Kongens Lyngby,1,Centralvarme med én fyringsenhed,/adresse/muldvad-20-2800-kongens-lyngby-01590580__20_______,87.0,2800.0,Fibercement herunder asbest,4.0,boligsiden,https://www.boligsiden.dk/adresse/muldvad-20-2800-kongens-lyngby-01590580__20_______,Letbetonsten,106.15
muldvad-20-2800-kongens-lyngby-01590580__20_______,Rækkehus,Free Sale,06-12-2009,Fri handel,06-12-2009,2.400.000,3,Muldvad 20,Kongens Lyngby,1,Centralvarme med én fyringsenhed,/adresse/muldvad-20-2800-kongens-lyngby-01590580__20_______,87.0,2800.0,Fibercement herunder asbest,4.0,boligsiden,https://www.boligsiden.dk/adresse/muldvad-20-2800-kongens-lyngby-01590580__20_______,Letbetonsten,106.15
taastrup-hovedgade-105-2-2630-taastrup-01694250_105__2____,Ejerlejlighed,Other,28-02-2025,Andet,28-02-2025,1.329.949,3,"Taastrup Hovedgade 105, 2.",Taastrup,1,Elvarme,/adresse/taastrup-hovedgade-105-2-2630-taastrup-01694250_105__2____,219.0,2630.0,Tagpap med lille hældning,4.0,boligsiden,https://www.boligsiden.dk/adresse/taastrup-hovedgade-105-2-2630-taastrup-01694250_105__2____,Mursten,Ikke oplyst
taastrup-hovedgade-105-2-2630-taastrup-01694250_105__2____,Ejerlejlighed,Free Sale,19-11-2015,Fri handel,19-11-2015,2.990.000,3,"Taastrup Hovedgade 105, 2.",Taastrup,1,Elvarme,/adresse/taastrup-hovedgade-105-2-2630-taastrup-01694250_105__2____,219.0,2630.0,Tagpap med lille hældning,4.0,boligsiden,https://www.boligsiden.dk/adresse/taastrup-hovedgade-105-2-2630-taastrup-01694250_105__2____,Mursten,Ikke oplyst
taastrup-hovedgade-105-2-2630-taastrup-01694250_105__2____,Ejerlejlighed,Family Sale,19-10-2004,Familie handel,19-10-2004,328.750,3,"Taastrup Hovedgade 105, 2.",Taastrup,1,Elvarme,/adresse/taastrup-hovedgade-105-2-2630-taastrup-01694250_105__2____,219.0,2630.0,Tagpap med lille hældning,4.0,boligsiden,https://www.boligsiden.dk/adresse/taastrup-hovedgade-105-2-2630-taastrup-01694250_105__2____,Mursten,Ikke oplyst
kloeverholmen-12-2630-taastrup-01693898__12_______,Villa,Free Sale,28-02-2025,Fri handel,28-02-2025,5.100.000,2,Kløverholmen 12,Taastrup,1,Fjernvarme/blokvarme,/adresse/kloeverholmen-12-2630-taastrup-01693898__12_______,174.0,2630.0,Tegl,6.0,boligsiden,https://www.boligsiden.dk/adresse/kloeverholmen-12-2630-taastrup-01693898__12_______,Mursten,177.6
kloeverholmen-12-2630-taastrup-01693898__12_______,Villa,Free Sale,17-05-2004,Fri handel,17-05-2004,2.400.000,2,Kløverholmen 12,Taastrup,1,Fjernvarme/blokvarme,/adresse/kloeverholmen-12-2630-taastrup-01693898__12_______,174.0,2630.0,Tegl,6.0,boligsiden,https://www.boligsiden.dk/adresse/kloeverholmen-12-2630-taastrup-01693898__12_______,Mursten,177.6
hallandsparken-116-2630-taastrup-01692520_116_______,Rækkehus,Free Sale,28-02-2025,Fri handel,28-02-2025,2.950.000,3,Hallandsparken 116,Taastrup,2,Fjernvarme/blokvarme,/adresse/hallandsparken-116-2630-taastrup-01692520_116_______,116.0,2630.0,Betontagsten,5.0,boligsiden,https://www.boligsiden.dk/adresse/hallandsparken-116-2630-taastrup-01692520_116_______,Mursten,117.25
hallandsparken-116-2630-taastrup-01692520_116_______,Rækkehus,Free Sale,23-04-2015,Fri handel,23-04-2015,1.800.000,3,Hallandsparken 116,Taastrup,2,Fjernvarme/blokvarme,/adresse/hallandsparken-116-2630-taastrup-01692520_116_______,116.0,2630.0,Betontagsten,5.0,boligsiden,https://www.boligsiden.dk/adresse/hallandsparken-116-2630-taastrup-01692520_116_______,Mursten,117.25
roedovrevej-38-0-tv-2610-roedovre-01750705__38_st__tv,Ejerlejlighed,Family Sale,28-02-2025,Familie handel,28-02-2025,1.750.000,3,"Rødovrevej 38, st. tv.",Rødovre,1,Centralvarme med én fyringsenhed,/adresse/roedovrevej-38-0-tv-2610-roedovre-01750705__38_st__tv,54.0,2610.0,Tagpap med stor hældning,2.0,boligsiden,https://www.boligsiden.dk/adresse/roedovrevej-38-0-tv-2610-roedovre-01750705__38_st__tv,Mursten,Ikke oplyst
roedovrevej-38-0-tv-2610-roedovre-01750705__38_st__tv,Ejerlejlighed,Free Sale,22-03-2020,Fri handel,22-03-2020,1.400.000,3,"Rødovrevej 38, st. tv.",Rødovre,1,Centralvarme med én fyringsenhed,/adresse/roedovrevej-38-0-tv-2610-roedovre-01750705__38_st__tv,54.0,2610.0,Tagpap med stor hældning,2.0,boligsiden,https://www.boligsiden.dk/adresse/roedovrevej-38-0-tv-2610-roedovre-01750705__38_st__tv,Mursten,Ikke oplyst
roedovrevej-38-0-tv-2610-roedovre-01750705__38_st__tv,Ejerlejlighed,Family Sale,18-01-2015,Familie handel,18-01-2015,920.000,3,"Rødovrevej 38, st. tv.",Rødovre,1,Centralvarme med én fyringsenhed,/adresse/roedovrevej-38-0-tv-2610-roedovre-01750705__38_st__tv,54.0,2610.0,Tagpap med stor hældning,2.0,boligsiden,https://www.boligsiden.dk/adresse/roedovrevej-38-0-tv-2610-roedovre-01750705__38_st__tv,Mursten,Ikke oplyst
vejlebrovej-103-2-th-2635-ishoej-01830850_103__2__th,Ejerlejlighed,Other,28-02-2025,Andet,28-02-2025,2.375.000,3,"Vejlebrovej 103, 2. th.",Ishøj,1,Fjernvarme/blokvarme,/adresse/vejlebrovej-103-2-th-2635-ishoej-01830850_103__2__th,93.0,2635.0,Tagpap med stor hældning,3.0,boligsiden,https://www.boligsiden.dk/adresse/vejlebrovej-103-2-th-2635-ishoej-01830850_103__2__th,Mursten,Ikke oplyst
vejlebrovej-103-2-th-2635-ishoej-01830850_103__2__th,Ejerlejlighed,Free Sale,09-02-2022,Fri handel,09-02-2022,2.650.000,3,"Vejlebrovej 103, 2. th.",Ishøj,1,Fjernvarme/blokvarme,/adresse/vejlebrovej-103-2-th-2635-ishoej-01830850_103__2__th,93.0,2635.0,Tagpap med stor hældning,3.0,boligsiden,https://www.boligsiden.dk/adresse/vejlebrovej-103-2-th-2635-ishoej-01830850_103__2__th,Mursten,Ikke oplyst
vejlebrovej-103-2-th-2635-ishoej-01830850_103__2__th,Ejerlejlighed,Free Sale,26-02-2002,Fri handel,26-02-2002,1.490.000,3,"Vejlebrovej 103, 2. th.",Ishøj,1,Fjernvarme/blokvarme,/adresse/vejlebrovej-103-2-th-2635-ishoej-01830850_103__2__th,93.0,2635.0,Tagpap med stor hældning,3.0,boligsiden,https://www.boligsiden.dk/adresse/vejlebrovej-103-2-th-2635-ishoej-01830850_103__2__th,Mursten,Ikke oplyst
aabrinken-20-2830-virum-01730890__20_______,Rækkehus,Free Sale,28-02-2025,Fri handel,28-02-2025,6.900.000,3,Åbrinken 20,Virum,2,Fjernvarme/blokvarme,/adresse/aabrinken-20-2830-virum-01730890__20_______,149.0,2830.0,Fibercement uden asbest,6.0,boligsiden,https://www.boligsiden.dk/adresse/aabrinken-20-2830-virum-01730890__20_______,Fibercement herunder asbest,152.75
aabrinken-20-2830-virum-01730890__20_______,Rækkehus,Free Sale,20-06-2017,Fri handel,20-06-2017,4.950.000,3,Åbrinken 20,Virum,2,Fjernvarme/blokvarme,/adresse/aabrinken-20-2830-virum-01730890__20_______,149.0,2830.0,Fibercement uden asbest,6.0,boligsiden,https://www.boligsiden.dk/adresse/aabrinken-20-2830-virum-01730890__20_______,Fibercement herunder asbest,152.75
aabrinken-20-2830-virum-01730890__20_______,Rækkehus,Free Sale,30-07-2004,Fri handel,30-07-2004,2.484.114,3,Åbrinken 20,Virum,2,Fjernvarme/blokvarme,/adresse/aabrinken-20-2830-virum-01730890__20_______,149.0,2830.0,Fibercement uden asbest,6.0,boligsiden,https://www.boligsiden.dk/adresse/aabrinken-20-2830-virum-01730890__20_______,Fibercement herunder asbest,152.75
virumbakken-18-2830-virum-01730864__18_______,Villa,Free Sale,28-02-2025,Fri handel,28-02-2025,9.900.000,3,,,,,,,,,,,,,
virumbakken-18-2830-virum-01730864__18_______,Villa,Family Sale,01-04-2002,Familie handel,01-04-2002,1.225.625,3,,,,,,,,,,,,,
virumbakken-18-2830-virum-01730864__18_______,Villa,Free Sale,28-04-1996,Fri handel,28-04-1996,1.599.000,3,,,,,,,,,,,,,
benvedvaenget-5-2830-virum-01730053___5_______,Rækkehus,Family Sale,28-02-2025,Familie handel,28-02-2025,4.362.400,2,Benvedvænget 5,Virum,1,Centralvarme med én fyringsenhed,/adresse/benvedvaenget-5-2830-virum-01730053___5_______,135.0,2830.0,Tegl,6.0,boligsiden,https://www.boligsiden.dk/adresse/benvedvaenget-5-2830-virum-01730053___5_______,Mursten,169.8
benvedvaenget-5-2830-virum-01730053___5_______,Rækkehus,Family Sale,29-03-1992,Familie handel,29-03-1992,550.000,2,Benvedvænget 5,Virum,1,Centralvarme med én fyringsenhed,/adresse/benvedvaenget-5-2830-virum-01730053___5_______,135.0,2830.0,Tegl,6.0,boligsiden,https://www.boligsiden.dk/adresse/benvedvaenget-5-2830-virum-01730053___5_______,Mursten,169.8
lehwaldsvej-5-4-l-2800-kongens-lyngby-01730505___5__4___l,Ejerlejlighed,Free Sale,28-02-2025,Fri handel,28-02-2025,3.450.000,1,"Lehwaldsvej 5, 4. l.",Kongens Lyngby,1,Fjernvarme/blokvarme,/adresse/lehwaldsvej-5-4-l-2800-kongens-lyngby-01730505___5__4___l,101.0,2800.0,Tagpap med stor hældning,3.0,boligsiden,https://www.boligsiden.dk/adresse/lehwaldsvej-5-4-l-2800-kongens-lyngby-01730505___5__4___l,Letbetonsten,Ikke oplyst
granparken-79-2800-kongens-lyngby-01730298__79_______,Rækkehus,Free Sale,28-02-2025,Fri handel,28-02-2025,6.300.000,2,Granparken 79,Kongens Lyngby,2,Fjernvarme/blokvarme,/adresse/granparken-79-2800-kongens-lyngby-01730298__79_______,127.0,2800.0,Fibercement herunder asbest,4.0,boligsiden,https://www.boligsiden.dk/adresse/granparken-79-2800-kongens-lyngby-01730298__79_______,Mursten,133
granparken-79-2800-kongens-lyngby-01730298__79_______,Rækkehus,Free Sale,12-05-2023,Fri handel,12-05-2023,4.720.000,2,Granparken 79,Kongens Lyngby,2,Fjernvarme/blokvarme,/adresse/granparken-79-2800-kongens-lyngby-01730298__79_______,127.0,2800.0,Fibercement herunder asbest,4.0,boligsiden,https://www.boligsiden.dk/adresse/granparken-79-2800-kongens-lyngby-01730298__79_______,Mursten,133
soeager-25-2820-gentofte-01570816__25_______,Villa,Free Sale,28-02-2025,Fri handel,28-02-2025,8.175.000,3,Søager 25,Gentofte,1,Fjernvarme/blokvarme,/adresse/soeager-25-2820-gentofte-01570816__25_______,140.0,2820.0,Tegl,4.0,boligsiden,https://www.boligsiden.dk/adresse/soeager-25-2820-gentofte-01570816__25_______,Mursten,195.5
soeager-25-2820-gentofte-01570816__25_______,Villa,Free Sale,14-02-2013,Fri handel,14-02-2013,4.350.000,3,Søager 25,Gentofte,1,Fjernvarme/blokvarme,/adresse/soeager-25-2820-gentofte-01570816__25_______,140.0,2820.0,Tegl,4.0,boligsiden,https://www.boligsiden.dk/adresse/soeager-25-2820-gentofte-01570816__25_______,Mursten,195.5
soeager-25-2820-gentofte-01570816__25_______,Villa,Free Sale,08-09-2008,Fri handel,08-09-2008,4.645.000,3,Søager 25,Gentofte,1,Fjernvarme/blokvarme,/adresse/soeager-25-2820-gentofte-01570816__25_______,140.0,2820.0,Tegl,4.0,boligsiden,https://www.boligsiden.dk/adresse/soeager-25-2820-gentofte-01570816__25_______,Mursten,195.5
pilegaardsvej-48-0-th-2860-soeborg-01590651__48_st__th,Ejerlejlighed,Free Sale,28-02-2025,Fri handel,28-02-2025,1.790.000,3,"Pilegårdsvej 48, st. th.",Søborg,1,Fjernvarme/blokvarme,/adresse/pilegaardsvej-48-0-th-2860-soeborg-01590651__48_st__th,55.0,2860.0,Fibercement herunder asbest,2.0,boligsiden,https://www.boligsiden.dk/adresse/pilegaardsvej-48-0-th-2860-soeborg-01590651__48_st__th,Mursten,Ikke oplyst
pilegaardsvej-48-0-th-2860-soeborg-01590651__48_st__th,Ejerlejlighed,Free Sale,21-02-2018,Fri handel,21-02-2018,1.385.000,3,"Pilegårdsvej 48, st. th.",Søborg,1,Fjernvarme/blokvarme,/adresse/pilegaardsvej-48-0-th-2860-soeborg-01590651__48_st__th,55.0,2860.0,Fibercement herunder asbest,2.0,boligsiden,https://www.boligsiden.dk/adresse/pilegaardsvej-48-0-th-2860-soeborg-01590651__48_st__th,Mursten,Ikke oplyst
pilegaardsvej-48-0-th-2860-soeborg-01590651__48_st__th,Ejerlejlighed,Free Sale,15-11-2004,Fri handel,15-11-2004,955.000,3,"Pilegårdsvej 48, st. th.",Søborg,1,Fjernvarme/blokvarme,/adresse/pilegaardsvej-48-0-th-2860-soeborg-01590651__48_st__th,55.0,2860.0,Fibercement herunder asbest,2.0,boligsiden,https://www.boligsiden.dk/adresse/pilegaardsvej-48-0-th-2860-soeborg-01590651__48_st__th,Mursten,Ikke oplyst
muldvad-51-2800-kongens-lyngby-01590580__51_______,Rækkehus,Family Sale,28-02-2025,Familie handel,28-02-2025,3.250.000,3,Muldvad 51,Kongens Lyngby,1,Centralvarme med én fyringsenhed,/adresse/muldvad-51-2800-kongens-lyngby-01590580__51_______,104.0,2800.0,Fibercement herunder asbest,5.0,boligsiden,https://www.boligsiden.dk/adresse/muldvad-51-2800-kongens-lyngby-01590580__51_______,Letbetonsten,131.7
muldvad-51-2800-kongens-lyngby-01590580__51_______,Rækkehus,Free Sale,19-01-2008,Fri handel,19-01-2008,3.670.000,3,Muldvad 51,Kongens Lyngby,1,Centralvarme med én fyringsenhed,/adresse/muldvad-51-2800-kongens-lyngby-01590580__51_______,104.0,2800.0,Fibercement herunder asbest,5.0,boligsiden,https://www.boligsiden.dk/adresse/muldvad-51-2800-kongens-lyngby-01590580__51_______,Letbetonsten,131.7
muldvad-51-2800-kongens-lyngby-01590580__51_______,Rækkehus,Free Sale,14-04-1998,Fri handel,14-04-1998,1.108.805,3,Muldvad 51,Kongens Lyngby,1,Centralvarme med én fyringsenhed,/adresse/muldvad-51-2800-kongens-lyngby-01590580__51_______,104.0,2800.0,Fibercement herunder asbest,5.0,boligsiden,https://www.boligsiden.dk/adresse/muldvad-51-2800-kongens-lyngby-01590580__51_______,Letbetonsten,131.7
roentoftevej-4-0-2870-dyssegaard-01570672___4_st____,Villalejlighed,Free Sale,28-02-2025,Fri handel,28-02-2025,7.050.000,3,"Røntoftevej 4, st.",Dyssegård,1,Fjernvarme/blokvarme,/adresse/roentoftevej-4-0-2870-dyssegaard-01570672___4_st____,98.0,2870.0,Tegl,4.0,boligsiden,https://www.boligsiden.dk/adresse/roentoftevej-4-0-2870-dyssegaard-01570672___4_st____,Mursten,Ikke oplyst
roentoftevej-4-0-2870-dyssegaard-01570672___4_st____,Villalejlighed,Free Sale,31-10-2019,Fri handel,31-10-2019,5.150.000,3,"Røntoftevej 4, st.",Dyssegård,1,Fjernvarme/blokvarme,/adresse/roentoftevej-4-0-2870-dyssegaard-01570672___4_st____,98.0,2870.0,Tegl,4.0,boligsiden,https://www.boligsiden.dk/adresse/roentoftevej-4-0-2870-dyssegaard-01570672___4_st____,Mursten,Ikke oplyst
roentoftevej-4-0-2870-dyssegaard-01570672___4_st____,Villalejlighed,Other,25-04-2018,Andet,25-04-2018,1.831.000,3,"Røntoftevej 4, st.",Dyssegård,1,Fjernvarme/blokvarme,/adresse/roentoftevej-4-0-2870-dyssegaard-01570672___4_st____,98.0,2870.0,Tegl,4.0,boligsiden,https://www.boligsiden.dk/adresse/roentoftevej-4-0-2870-dyssegaard-01570672___4_st____,Mursten,Ikke oplyst
ericavej-163-2-307-2820-gentofte-01570203_163__2_307,Ejerlejlighed,Free Sale,28-02-2025,Fri handel,28-02-2025,1.600.000,3,"Ericavej 163, 2. 307.",Gentofte,1,Centralvarme med én fyringsenhed,/adresse/ericavej-163-2-307-2820-gentofte-01570203_163__2_307,50.0,2820.0,Fibercement herunder asbest,1.0,boligsiden,https://www.boligsiden.dk/adresse/ericavej-163-2-307-2820-gentofte-01570203_163__2_307,Mursten,Ikke oplyst
ericavej-163-2-307-2820-gentofte-01570203_163__2_307,Ejerlejlighed,Free Sale,02-01-2020,Fri handel,02-01-2020,1.520.000,3,"Ericavej 163, 2. 307.",Gentofte,1,Centralvarme med én fyringsenhed,/adresse/ericavej-163-2-307-2820-gentofte-01570203_163__2_307,50.0,2820.0,Fibercement herunder asbest,1.0,boligsiden,https://www.boligsiden.dk/adresse/ericavej-163-2-307-2820-gentofte-01570203_163__2_307,Mursten,Ikke oplyst
ericavej-163-2-307-2820-gentofte-01570203_163__2_307,Ejerlejlighed,Free Sale,30-05-2016,Fri handel,30-05-2016,1.175.000,3,"Ericavej 163, 2. 307.",Gentofte,1,Centralvarme med én fyringsenhed,/adresse/ericavej-163-2-307-2820-gentofte-01570203_163__2_307,50.0,2820.0,Fibercement herunder asbest,1.0,boligsiden,https://www.boligsiden.dk/adresse/ericavej-163-2-307-2820-gentofte-01570203_163__2_307,Mursten,Ikke oplyst
callisensvej-14-3-tv-2900-hellerup-01570103__14__3__tv,Ejerlejlighed,Free Sale,28-02-2025,Fri handel,28-02-2025,6.400.000,3,"Callisensvej 14, 3. tv.",Hellerup,1,Fjernvarme/blokvarme,/adresse/callisensvej-14-3-tv-2900-hellerup-01570103__14__3__tv,109.0,2900.0,Fibercement herunder asbest,4.0,boligsiden,https://www.boligsiden.dk/adresse/callisensvej-14-3-tv-2900-hellerup-01570103__14__3__tv,Mursten,Ikke oplyst
callisensvej-14-3-tv-2900-hellerup-01570103__14__3__tv,Ejerlejlighed,Free Sale,31-01-2019,Fri handel,31-01-2019,4.650.000,3,"Callisensvej 14, 3. tv.",Hellerup,1,Fjernvarme/blokvarme,/adresse/callisensvej-14-3-tv-2900-hellerup-01570103__14__3__tv,109.0,2900.0,Fibercement herunder asbest,4.0,boligsiden,https://www.boligsiden.dk/adresse/callisensvej-14-3-tv-2900-hellerup-01570103__14__3__tv,Mursten,Ikke oplyst
callisensvej-14-3-tv-2900-hellerup-01570103__14__3__tv,Ejerlejlighed,Free Sale,05-01-2005,Fri handel,05-01-2005,2.798.000,3,"Callisensvej 14, 3. tv.",Hellerup,1,Fjernvarme/blokvarme,/adresse/callisensvej-14-3-tv-2900-hellerup-01570103__14__3__tv,109.0,2900.0,Fibercement herunder asbest,4.0,boligsiden,https://www.boligsiden.dk/adresse/callisensvej-14-3-tv-2900-hellerup-01570103__14__3__tv,Mursten,Ikke oplyst
rytterdammen-8-2605-broendby-01530573___8_______,Rækkehus,Free Sale,28-02-2025,Fri handel,28-02-2025,3.600.000,2,Rytterdammen 8,Brøndby,1,Fjernvarme/blokvarme,/adresse/rytterdammen-8-2605-broendby-01530573___8_______,93.0,2605.0,Betontagsten,4.0,boligsiden,https://www.boligsiden.dk/adresse/rytterdammen-8-2605-broendby-01530573___8_______,Mursten,95.6
rytterdammen-8-2605-broendby-01530573___8_______,Rækkehus,Free Sale,01-08-1994,Fri handel,01-08-1994,652.751,2,Rytterdammen 8,Brøndby,1,Fjernvarme/blokvarme,/adresse/rytterdammen-8-2605-broendby-01530573___8_______,93.0,2605.0,Betontagsten,4.0,boligsiden,https://www.boligsiden.dk/adresse/rytterdammen-8-2605-broendby-01530573___8_______,Mursten,95.6
vaseholmen-26-2760-maaloev-01510811__26_______,Rækkehus,Free Sale,28-02-2025,Fri handel,28-02-2025,1.566.666,3,Vaseholmen 26,Måløv,2,Centralvarme med én fyringsenhed,/adresse/vaseholmen-26-2760-maaloev-01510811__26_______,134.0,2760.0,Andet materiale,5.0,boligsiden,https://www.boligsiden.dk/adresse/vaseholmen-26-2760-maaloev-01510811__26_______,Mursten,134
vaseholmen-26-2760-maaloev-01510811__26_______,Rækkehus,Free Sale,27-02-2012,Fri handel,27-02-2012,2.700.000,3,Vaseholmen 26,Måløv,2,Centralvarme med én fyringsenhed,/adresse/vaseholmen-26-2760-maaloev-01510811__26_______,134.0,2760.0,Andet materiale,5.0,boligsiden,https://www.boligsiden.dk/adresse/vaseholmen-26-2760-maaloev-01510811__26_______,Mursten,134
vaseholmen-26-2760-maaloev-01510811__26_______,Rækkehus,Free Sale,13-08-2003,Fri handel,13-08-2003,805.000,3,Vaseholmen 26,Måløv,2,Centralvarme med én fyringsenhed,/adresse/vaseholmen-26-2760-maaloev-01510811__26_______,134.0,2760.0,Andet materiale,5.0,boligsiden,https://www.boligsiden.dk/adresse/vaseholmen-26-2760-maaloev-01510811__26_______,Mursten,134
pilehavevaenge-8-2625-vallensbaek-01876391___8_______,Villa,Free Sale,28-02-2025,Fri handel,28-02-2025,4.400.000,1,Pilehavevænge 8,Vallensbæk,1,Fjernvarme/blokvarme,/adresse/pilehavevaenge-8-2625-vallensbaek-01876391___8_______,156.0,2625.0,Andet materiale,6.0,boligsiden,https://www.boligsiden.dk/adresse/pilehavevaenge-8-2625-vallensbaek-01876391___8_______,Mursten,162
roedovre-parkvej-319-2-2610-roedovre-01750702_319__2____,Ejerlejlighed,Family Sale,28-02-2025,Familie handel,28-02-2025,2.600.000,3,"Rødovre Parkvej 319, 2.",Rødovre,1,Fjernvarme/blokvarme,/adresse/roedovre-parkvej-319-2-2610-roedovre-01750702_319__2____,90.0,2610.0,Tagpap med stor hældning,3.0,boligsiden,https://www.boligsiden.dk/adresse/roedovre-parkvej-319-2-2610-roedovre-01750702_319__2____,Mursten,Ikke oplyst
roedovre-parkvej-319-2-2610-roedovre-01750702_319__2____,Ejerlejlighed,Free Sale,22-09-2021,Fri handel,22-09-2021,2.930.000,3,"Rødovre Parkvej 319, 2.",Rødovre,1,Fjernvarme/blokvarme,/adresse/roedovre-parkvej-319-2-2610-roedovre-01750702_319__2____,90.0,2610.0,Tagpap med stor hældning,3.0,boligsiden,https://www.boligsiden.dk/adresse/roedovre-parkvej-319-2-2610-roedovre-01750702_319__2____,Mursten,Ikke oplyst
roedovre-parkvej-319-2-2610-roedovre-01750702_319__2____,Ejerlejlighed,Free Sale,08-10-2018,Fri handel,08-10-2018,2.495.000,3,"Rødovre Parkvej 319, 2.",Rødovre,1,Fjernvarme/blokvarme,/adresse/roedovre-parkvej-319-2-2610-roedovre-01750702_319__2____,90.0,2610.0,Tagpap med stor hældning,3.0,boligsiden,https://www.boligsiden.dk/adresse/roedovre-parkvej-319-2-2610-roedovre-01750702_319__2____,Mursten,Ikke oplyst
islandsvej-22b-2800-kongens-lyngby-01730382_22b_______,Rækkehus,Free Sale,28-02-2025,Fri handel,28-02-2025,6.595.000,2,Islandsvej 22B,Kongens Lyngby,1,Centralvarme med én fyringsenhed,/adresse/islandsvej-22b-2800-kongens-lyngby-01730382_22b_______,131.0,2800.0,Betontagsten,4.0,boligsiden,https://www.boligsiden.dk/adresse/islandsvej-22b-2800-kongens-lyngby-01730382_22b_______,Mursten,Ikke oplyst
islandsvej-22b-2800-kongens-lyngby-01730382_22b_______,Rækkehus,Free Sale,02-07-2018,Fri handel,02-07-2018,4.475.000,2,Islandsvej 22B,Kongens Lyngby,1,Centralvarme med én fyringsenhed,/adresse/islandsvej-22b-2800-kongens-lyngby-01730382_22b_______,131.0,2800.0,Betontagsten,4.0,boligsiden,https://www.boligsiden.dk/adresse/islandsvej-22b-2800-kongens-lyngby-01730382_22b_______,Mursten,Ikke oplyst
phistersvej-9-0-tv-2900-hellerup-01570627___9_st__tv,Ejerlejlighed,Free Sale,28-02-2025,Fri handel,28-02-2025,4.720.000,2,"Phistersvej 9, st. tv.",Hellerup,1,Fjernvarme/blokvarme,/adresse/phistersvej-9-0-tv-2900-hellerup-01570627___9_st__tv,77.0,2900.0,Tagpap med stor hældning,2.0,boligsiden,https://www.boligsiden.dk/adresse/phistersvej-9-0-tv-2900-hellerup-01570627___9_st__tv,Mursten,Ikke oplyst
phistersvej-9-0-tv-2900-hellerup-01570627___9_st__tv,Ejerlejlighed,Free Sale,27-12-1996,Fri handel,27-12-1996,837.000,2,"Phistersvej 9, st. tv.",Hellerup,1,Fjernvarme/blokvarme,/adresse/phistersvej-9-0-tv-2900-hellerup-01570627___9_st__tv,77.0,2900.0,Tagpap med stor hældning,2.0,boligsiden,https://www.boligsiden.dk/adresse/phistersvej-9-0-tv-2900-hellerup-01570627___9_st__tv,Mursten,Ikke oplyst
ulstrupvej-19-2650-hvidovre-01679140__19_______,Villa,Free Sale,28-02-2025,Fri handel,28-02-2025,6.045.000,1,Ulstrupvej 19,Hvidovre,2,Varmepumpe,/adresse/ulstrupvej-19-2650-hvidovre-01679140__19_______,145.0,2650.0,Tegl,7.0,boligsiden,https://www.boligsiden.dk/adresse/ulstrupvej-19-2650-hvidovre-01679140__19_______,Mursten,179.9
novembervej-11-0-tv-2860-soeborg-01590623__11_st__tv,Ejerlejlighed,Free Sale,28-02-2025,Fri handel,28-02-2025,1.895.000,3,"Novembervej 11, st. tv.",Søborg,1,Fjernvarme/blokvarme,/adresse/novembervej-11-0-tv-2860-soeborg-01590623__11_st__tv,55.0,2860.0,Tegl,2.0,boligsiden,https://www.boligsiden.dk/adresse/novembervej-11-0-tv-2860-soeborg-01590623__11_st__tv,Mursten,Ikke oplyst
novembervej-11-0-tv-2860-soeborg-01590623__11_st__tv,Ejerlejlighed,Free Sale,05-04-2022,Fri handel,05-04-2022,1.780.000,3,"Novembervej 11, st. tv.",Søborg,1,Fjernvarme/blokvarme,/adresse/novembervej-11-0-tv-2860-soeborg-01590623__11_st__tv,55.0,2860.0,Tegl,2.0,boligsiden,https://www.boligsiden.dk/adresse/novembervej-11-0-tv-2860-soeborg-01590623__11_st__tv,Mursten,Ikke oplyst
novembervej-11-0-tv-2860-soeborg-01590623__11_st__tv,Ejerlejlighed,Free Sale,29-09-2013,Fri handel,29-09-2013,825.000,3,"Novembervej 11, st. tv.",Søborg,1,Fjernvarme/blokvarme,/adresse/novembervej-11-0-tv-2860-soeborg-01590623__11_st__tv,55.0,2860.0,Tegl,2.0,boligsiden,https://www.boligsiden.dk/adresse/novembervej-11-0-tv-2860-soeborg-01590623__11_st__tv,Mursten,Ikke oplyst
muldager-25-2605-broendby-01530441__25_______,Villa,Free Sale,28-02-2025,Fri handel,28-02-2025,3.000.000,3,Muldager 25,Brøndby,1,Centralvarme med én fyringsenhed,/adresse/muldager-25-2605-broendby-01530441__25_______,79.0,2605.0,Fibercement herunder asbest,3.0,boligsiden,https://www.boligsiden.dk/adresse/muldager-25-2605-broendby-01530441__25_______,Letbetonsten,94
muldager-25-2605-broendby-01530441__25_______,Villa,Family Sale,27-01-2022,Familie handel,27-01-2022,1.232.500,3,Muldager 25,Brøndby,1,Centralvarme med én fyringsenhed,/adresse/muldager-25-2605-broendby-01530441__25_______,79.0,2605.0,Fibercement herunder asbest,3.0,boligsiden,https://www.boligsiden.dk/adresse/muldager-25-2605-broendby-01530441__25_______,Letbetonsten,94
muldager-25-2605-broendby-01530441__25_______,Villa,Family Sale,26-05-2021,Familie handel,26-05-2021,1.232.500,3,Muldager 25,Brøndby,1,Centralvarme med én fyringsenhed,/adresse/muldager-25-2605-broendby-01530441__25_______,79.0,2605.0,Fibercement herunder asbest,3.0,boligsiden,https://www.boligsiden.dk/adresse/muldager-25-2605-broendby-01530441__25_______,Letbetonsten,94
havremarksvej-18-2605-broendby-01530226__18_______,Villa,Family Sale,28-02-2025,Familie handel,28-02-2025,1.000.000,3,Havremarksvej 18,Brøndby,1,Centralvarme med to fyringsenheder,/adresse/havremarksvej-18-2605-broendby-01530226__18_______,136.0,2605.0,Betontagsten,5.0,boligsiden,https://www.boligsiden.dk/adresse/havremarksvej-18-2605-broendby-01530226__18_______,Mursten,146.75
havremarksvej-18-2605-broendby-01530226__18_______,Villa,Other,23-10-2013,Andet,23-10-2013,1.568.399,3,Havremarksvej 18,Brøndby,1,Centralvarme med to fyringsenheder,/adresse/havremarksvej-18-2605-broendby-01530226__18_______,136.0,2605.0,Betontagsten,5.0,boligsiden,https://www.boligsiden.dk/adresse/havremarksvej-18-2605-broendby-01530226__18_______,Mursten,146.75
havremarksvej-18-2605-broendby-01530226__18_______,Villa,Free Sale,07-09-2006,Fri handel,07-09-2006,3.195.000,3,Havremarksvej 18,Brøndby,1,Centralvarme med to fyringsenheder,/adresse/havremarksvej-18-2605-broendby-01530226__18_______,136.0,2605.0,Betontagsten,5.0,boligsiden,https://www.boligsiden.dk/adresse/havremarksvej-18-2605-broendby-01530226__18_______,Mursten,146.75
koellegaardsvej-57-2730-herlev-01635416__57_______,Villa,Free Sale,28-02-2025,Fri handel,28-02-2025,4.000.000,1,Køllegårdsvej 57,Herlev,1,Centralvarme med én fyringsenhed,/adresse/koellegaardsvej-57-2730-herlev-01635416__57_______,95.0,2730.0,Tegl,4.0,boligsiden,https://www.boligsiden.dk/adresse/koellegaardsvej-57-2730-herlev-01635416__57_______,Letbetonsten,121.5
krebsevej-25-2650-hvidovre-01674958__25_______,Villa,Family Sale,28-02-2025,Familie handel,28-02-2025,2.330.500,2,Krebsevej 25,Hvidovre,1,Centralvarme med én fyringsenhed,/adresse/krebsevej-25-2650-hvidovre-01674958__25_______,133.0,2650.0,Betontagsten,4.0,boligsiden,https://www.boligsiden.dk/adresse/krebsevej-25-2650-hvidovre-01674958__25_______,Mursten,135.7
krebsevej-25-2650-hvidovre-01674958__25_______,Villa,Free Sale,06-06-1994,Fri handel,06-06-1994,1.375.000,2,Krebsevej 25,Hvidovre,1,Centralvarme med én fyringsenhed,/adresse/krebsevej-25-2650-hvidovre-01674958__25_______,133.0,2650.0,Betontagsten,4.0,boligsiden,https://www.boligsiden.dk/adresse/krebsevej-25-2650-hvidovre-01674958__25_______,Mursten,135.7
havlykkevej-18b-2730-herlev-01632708_18b_______,Rækkehus,Free Sale,28-02-2025,Fri handel,28-02-2025,3.600.000,3,Havlykkevej 18B,Herlev,1,Elvarme,/adresse/havlykkevej-18b-2730-herlev-01632708_18b_______,94.0,2730.0,Fibercement herunder asbest,3.0,boligsiden,https://www.boligsiden.dk/adresse/havlykkevej-18b-2730-herlev-01632708_18b_______,Mursten,100
havlykkevej-18b-2730-herlev-01632708_18b_______,Rækkehus,Free Sale,11-05-2022,Fri handel,11-05-2022,1.806.000,3,Havlykkevej 18B,Herlev,1,Elvarme,/adresse/havlykkevej-18b-2730-herlev-01632708_18b_______,94.0,2730.0,Fibercement herunder asbest,3.0,boligsiden,https://www.boligsiden.dk/adresse/havlykkevej-18b-2730-herlev-01632708_18b_______,Mursten,100
havlykkevej-18b-2730-herlev-01632708_18b_______,Rækkehus,Free Sale,17-08-2016,Fri handel,17-08-2016,2.425.000,3,Havlykkevej 18B,Herlev,1,Elvarme,/adresse/havlykkevej-18b-2730-herlev-01632708_18b_______,94.0,2730.0,Fibercement herunder asbest,3.0,boligsiden,https://www.boligsiden.dk/adresse/havlykkevej-18b-2730-herlev-01632708_18b_______,Mursten,100