Property ID,Address,Postal_Code,Property_Type,Sale Type,Sale Date,Price,Total Sales,City,Heating_Type,Link,Living_Area,Roof_Type,Rooms,URL,Wall_Material,Weighted_Area,is_foreclosure,transaction_id
raeveskovsvej-14a-2820-gentofte-01570670_14a_______,Ræveskovsvej 14A,2820.0,Villa,Tvangsauktion,04-02-2025,9814803.0,2,Gentofte,Centralvarme med én fyringsenhed,/adresse/raeveskovsvej-14a-2820-gentofte-01570670_14a_______,179.0,Tagpap med stor hældning,7.0,https://www.boligsiden.dk/adresse/raeveskovsvej-14a-2820-gentofte-01570670_14a_______,Andet materiale,189.75,1,F0
vejlegaardsparken-82-0-mf-2665-vallensbaek-strand-01879267__82_st__mf,"Vejlegårdsparken 82, st. mf.",2665.0,Ejerlejlighed,Tvangsauktion,03-02-2025,1455883.0,3,Vallensbæk Strand,Fjernvarme/blokvarme,/adresse/vejlegaardsparken-82-0-mf-2665-vallensbaek-strand-01879267__82_st__mf,63.0,Tagpap med stor hældning,2.0,https://www.boligsiden.dk/adresse/vejlegaardsparken-82-0-mf-2665-vallensbaek-strand-01879267__82_st__mf,Betonelementer,Ikke oplyst,1,F1
hulkaervej-2-2640-hedehusene-01692977___2_______,Hulkærvej 2,2640.0,Villa,Tvangsauktion,31-10-2024,4675000.0,3,Hedehusene,Fjernvarme/blokvarme,/adresse/hulkaervej-2-2640-hedehusene-01692977___2_______,218.0,Fibercement herunder asbest,3.0,https://www.boligsiden.dk/adresse/hulkaervej-2-2640-hedehusene-01692977___2_______,Letbetonsten,226.8,1,F2
hulkaervej-2-2640-hedehusene-01692977___2_______,Hulkærvej 2,2640.0,Villa,Tvangsauktion,10-05-2023,4675000.0,3,Hedehusene,Fjernvarme/blokvarme,/adresse/hulkaervej-2-2640-hedehusene-01692977___2_______,218.0,Fibercement herunder asbest,3.0,https://www.boligsiden.dk/adresse/hulkaervej-2-2640-hedehusene-01692977___2_______,Letbetonsten,226.8,1,F3
soellingsvej-11-2920-charlottenlund-01570831__11_______,Søllingsvej 11,2920.0,Villa,Tvangsauktion,22-10-2024,10200000.0,2,Charlottenlund,Centralvarme med én fyringsenhed,/adresse/soellingsvej-11-2920-charlottenlund-01570831__11_______,211.0,Tagpap med stor hældning,8.0,https://www.boligsiden.dk/adresse/soellingsvej-11-2920-charlottenlund-01570831__11_______,Mursten,262.6,1,F4
vangeporten-3-1-2920-charlottenlund-01570907___3__1____,"Vangeporten 3, 1.",2920.0,Ejerlejlighed,Tvangsauktion,16-09-2024,4459254.0,3,Charlottenlund,Fjernvarme/blokvarme,/adresse/vangeporten-3-1-2920-charlottenlund-01570907___3__1____,121.0,Tegl,4.0,https://www.boligsiden.dk/adresse/vangeporten-3-1-2920-charlottenlund-01570907___3__1____,Mursten,Ikke oplyst,1,F5
gamlehave-alle-12-2920-charlottenlund-01570267__12_______,Gamlehave Alle 12,2920.0,Villa,Tvangsauktion,15-08-2024,16804894.0,3,Charlottenlund,Fjernvarme/blokvarme,/adresse/gamlehave-alle-12-2920-charlottenlund-01570267__12_______,302.0,Tegl,11.0,https://www.boligsiden.dk/adresse/gamlehave-alle-12-2920-charlottenlund-01570267__12_______,Mursten,352.9,1,F6
murskeen-2-2-23-2630-taastrup-01695125___2__2__23,"Murskeen 2, 2. 23.",2630.0,Ejerlejlighed,Tvangsauktion,07-04-2024,1435000.0,3,Taastrup,Fjernvarme/blokvarme,/adresse/murskeen-2-2-23-2630-taastrup-01695125___2__2__23,71.0,Tagpap med lille hældning,2.0,https://www.boligsiden.dk/adresse/murskeen-2-2-23-2630-taastrup-01695125___2__2__23,Betonelementer,Ikke oplyst,1,F7
gerdasvej-51-2600-glostrup-01610169__51_______,Gerdasvej 51,2600.0,Villa,Tvangsauktion,01-04-2024,1400000.0,3,Glostrup,Centralvarme med én fyringsenhed,/adresse/gerdasvej-51-2600-glostrup-01610169__51_______,91.0,Tagpap med stor hældning,4.0,https://www.boligsiden.dk/adresse/gerdasvej-51-2600-glostrup-01610169__51_______,Mursten,126.6,1,F8
gerdasvej-51-2600-glostrup-01610169__51_______,Gerdasvej 51,2600.0,Villa,Tvangsauktion,27-01-2014,1400000.0,3,Glostrup,Centralvarme med én fyringsenhed,/adresse/gerdasvej-51-2600-glostrup-01610169__51_______,91.0,Tagpap med stor hældning,4.0,https://www.boligsiden.dk/adresse/gerdasvej-51-2600-glostrup-01610169__51_______,Mursten,126.6,1,F9
virum-overdrevsvej-26-2830-virum-01730868__26_______,Virum Overdrevsvej 26,2830.0,Villa,Tvangsauktion,05-03-2024,3876000.0,3,Virum,Centralvarme med én fyringsenhed,/adresse/virum-overdrevsvej-26-2830-virum-01730868__26_______,205.0,Tegl,7.0,https://www.boligsiden.dk/adresse/virum-overdrevsvej-26-2830-virum-01730868__26_______,Mursten,240.25,1,F10
kildemosen-25-2880-bagsvaerd-01590410__25_______,Kildemosen 25,2880.0,Villa,Tvangsauktion,25-02-2024,6066440.0,2,Bagsværd,Centralvarme med én fyringsenhed,/adresse/kildemosen-25-2880-bagsvaerd-01590410__25_______,290.0,Tegl,4.0,https://www.boligsiden.dk/adresse/kildemosen-25-2880-bagsvaerd-01590410__25_______,Mursten,49,1,F11
emtedalen-1b-2730-herlev-01631526__1b_______,Emtedalen 1B,2730.0,Villa,Tvangsauktion,06-11-2023,3220000.0,2,Herlev,Centralvarme med én fyringsenhed,/adresse/emtedalen-1b-2730-herlev-01631526__1b_______,183.0,Tagpap med stor hældning,6.0,https://www.boligsiden.dk/adresse/emtedalen-1b-2730-herlev-01631526__1b_______,Mursten,196,1,F12
strandlyst-alle-55-2650-hvidovre-01678005__55_______,Strandlyst Alle 55,2650.0,Villa,Tvangsauktion,19-10-2023,3050000.0,3,Hvidovre,Centralvarme med én fyringsenhed,/adresse/strandlyst-alle-55-2650-hvidovre-01678005__55_______,96.0,Fibercement herunder asbest,4.0,https://www.boligsiden.dk/adresse/strandlyst-alle-55-2650-hvidovre-01678005__55_______,Letbetonsten,101.9,1,F13
vejlegaardsparken-12-2-27-2665-vallensbaek-strand-01879267__12__2__27,"Vejlegårdsparken 12, 2. 27.",2665.0,Ejerlejlighed,Tvangsauktion,19-10-2023,2155000.0,3,Vallensbæk Strand,Fjernvarme/blokvarme,/adresse/vejlegaardsparken-12-2-27-2665-vallensbaek-strand-01879267__12__2__27,86.0,Tagpap med lille hældning,3.0,https://www.boligsiden.dk/adresse/vejlegaardsparken-12-2-27-2665-vallensbaek-strand-01879267__12__2__27,Betonelementer,Ikke oplyst,1,F14
nordlundsvej-25-2650-hvidovre-01676033__25_______,Nordlundsvej 25,2650.0,Villa,Tvangsauktion,04-10-2023,3500000.0,2,Hvidovre,Centralvarme med én fyringsenhed,/adresse/nordlundsvej-25-2650-hvidovre-01676033__25_______,132.0,Fibercement herunder asbest,6.0,https://www.boligsiden.dk/adresse/nordlundsvej-25-2650-hvidovre-01676033__25_______,Mursten,137.55,1,F15
hyrdevangen-15-2640-hedehusene-01693167__15_______,Hyrdevangen 15,2640.0,Villa,Tvangsauktion,18-09-2023,3000000.0,3,Hedehusene,Fjernvarme/blokvarme,/adresse/hyrdevangen-15-2640-hedehusene-01693167__15_______,114.0,Tegl,4.0,https://www.boligsiden.dk/adresse/hyrdevangen-15-2640-hedehusene-01693167__15_______,Mursten,149.9,1,F16
hyrdevangen-15-2640-hedehusene-01693167__15_______,Hyrdevangen 15,2640.0,Villa,Tvangsauktion,16-11-2022,2541500.0,3,Hedehusene,Fjernvarme/blokvarme,/adresse/hyrdevangen-15-2640-hedehusene-01693167__15_______,114.0,Tegl,4.0,https://www.boligsiden.dk/adresse/hyrdevangen-15-2640-hedehusene-01693167__15_______,Mursten,149.9,1,F17
klardam-4-2650-hvidovre-01674719___4_______,Klardam 4,2650.0,Villa,Tvangsauktion,22-06-2023,3128500.0,3,Hvidovre,Centralvarme med én fyringsenhed,/adresse/klardam-4-2650-hvidovre-01674719___4_______,62.0,Tegl,4.0,https://www.boligsiden.dk/adresse/klardam-4-2650-hvidovre-01674719___4_______,Mursten,89.05,1,F18
lyngbyvej-365-0-2820-gentofte-01570527_365_st____,"Lyngbyvej 365, st.",2820.0,Villalejlighed,Tvangsauktion,14-06-2023,4186000.0,3,Gentofte,Centralvarme med én fyringsenhed,/adresse/lyngbyvej-365-0-2820-gentofte-01570527_365_st____,128.0,Tegl,4.0,https://www.boligsiden.dk/adresse/lyngbyvej-365-0-2820-gentofte-01570527_365_st____,Mursten,Ikke oplyst,1,F19
lyngbyvej-365-0-2820-gentofte-01570527_365_st____,"Lyngbyvej 365, st.",2820.0,Villalejlighed,Tvangsauktion,08-07-2009,3300000.0,3,Gentofte,Centralvarme med én fyringsenhed,/adresse/lyngbyvej-365-0-2820-gentofte-01570527_365_st____,128.0,Tegl,4.0,https://www.boligsiden.dk/adresse/lyngbyvej-365-0-2820-gentofte-01570527_365_st____,Mursten,Ikke oplyst,1,F20
lyngbyvej-365-1-1-2820-gentofte-01570527_365__1___1,"Lyngbyvej 365, 1. 1.",2820.0,Villalejlighed,Tvangsauktion,14-06-2023,4186000.0,3,Gentofte,Centralvarme med én fyringsenhed,/adresse/lyngbyvej-365-1-1-2820-gentofte-01570527_365__1___1,18.0,Tegl,1.0,https://www.boligsiden.dk/adresse/lyngbyvej-365-1-1-2820-gentofte-01570527_365__1___1,Mursten,Ikke oplyst,1,F21
lyngbyvej-365-1-1-2820-gentofte-01570527_365__1___1,"Lyngbyvej 365, 1. 1.",2820.0,Villalejlighed,Tvangsauktion,08-07-2009,3300000.0,3,Gentofte,Centralvarme med én fyringsenhed,/adresse/lyngbyvej-365-1-1-2820-gentofte-01570527_365__1___1,18.0,Tegl,1.0,https://www.boligsiden.dk/adresse/lyngbyvej-365-1-1-2820-gentofte-01570527_365__1___1,Mursten,Ikke oplyst,1,F22
lyngbyvej-365-1-2820-gentofte-01570527_365__1____,"Lyngbyvej 365, 1.",2820.0,Villalejlighed,Tvangsauktion,14-06-2023,4186000.0,3,Gentofte,Centralvarme med én fyringsenhed,/adresse/lyngbyvej-365-1-2820-gentofte-01570527_365__1____,80.0,Tegl,3.0,https://www.boligsiden.dk/adresse/lyngbyvej-365-1-2820-gentofte-01570527_365__1____,Mursten,Ikke oplyst,1,F23
lyngbyvej-365-1-2820-gentofte-01570527_365__1____,"Lyngbyvej 365, 1.",2820.0,Villalejlighed,Tvangsauktion,08-07-2009,3300000.0,3,Gentofte,Centralvarme med én fyringsenhed,/adresse/lyngbyvej-365-1-2820-gentofte-01570527_365__1____,80.0,Tegl,3.0,https://www.boligsiden.dk/adresse/lyngbyvej-365-1-2820-gentofte-01570527_365__1____,Mursten,Ikke oplyst,1,F24
vaarfluevej-21-2610-roedovre-01750968__21_______,Vårfluevej 21,2610.0,Villa,Tvangsauktion,30-05-2023,5325000.0,3,Rødovre,Centralvarme med én fyringsenhed,/adresse/vaarfluevej-21-2610-roedovre-01750968__21_______,172.0,Tegl,5.0,https://www.boligsiden.dk/adresse/vaarfluevej-21-2610-roedovre-01750968__21_______,Letbetonsten,200.8,1,F25
aldershvilevej-125-2-th-2880-bagsvaerd-01590009_125__2__th,"Aldershvilevej 125, 2. th.",2880.0,Ejerlejlighed,Tvangsauktion,25-05-2023,2019946.0,3,Bagsværd,Fjernvarme/blokvarme,/adresse/aldershvilevej-125-2-th-2880-bagsvaerd-01590009_125__2__th,83.0,Fibercement herunder asbest,3.0,https://www.boligsiden.dk/adresse/aldershvilevej-125-2-th-2880-bagsvaerd-01590009_125__2__th,Mursten,Ikke oplyst,1,F26
spaden-c-4-0-2-2630-taastrup-01697428___4_st___2,"Spaden C 4, st. 2.",2630.0,Ejerlejlighed,Tvangsauktion,15-05-2023,884302.0,3,Taastrup,Fjernvarme/blokvarme,/adresse/spaden-c-4-0-2-2630-taastrup-01697428___4_st___2,36.0,Tagpap med lille hældning,1.0,https://www.boligsiden.dk/adresse/spaden-c-4-0-2-2630-taastrup-01697428___4_st___2,Betonelementer,Ikke oplyst,1,F27
niels-frederiksens-alle-6-2610-roedovre-01750595___6_______,Niels Frederiksens Alle 6,2610.0,Villa,Tvangsauktion,15-03-2023,2962048.0,3,Rødovre,Centralvarme med én fyringsenhed,/adresse/niels-frederiksens-alle-6-2610-roedovre-01750595___6_______,102.0,Fibercement herunder asbest,5.0,https://www.boligsiden.dk/adresse/niels-frederiksens-alle-6-2610-roedovre-01750595___6_______,Letbetonsten,112.2,1,F28
ejbysvinget-60-2600-glostrup-01610099__60_______,Ejbysvinget 60,2600.0,Rækkehus,Tvangsauktion,07-02-2023,3910000.0,2,Glostrup,Centralvarme med én fyringsenhed,/adresse/ejbysvinget-60-2600-glostrup-01610099__60_______,131.0,Tegl,5.0,https://www.boligsiden.dk/adresse/ejbysvinget-60-2600-glostrup-01610099__60_______,Mursten,127.35,1,F29
jernbane-alle-6-2630-taastrup-01693546___6_______,Jernbane Alle 6,2630.0,Villa,Tvangsauktion,12-01-2023,3725157.0,3,Taastrup,Fjernvarme/blokvarme,/adresse/jernbane-alle-6-2630-taastrup-01693546___6_______,245.0,Tegl,7.0,https://www.boligsiden.dk/adresse/jernbane-alle-6-2630-taastrup-01693546___6_______,Mursten,247.6,1,F30
ved-renden-47-2870-dyssegaard-01570920__47_______,Ved Renden 47,2870.0,Villa,Tvangsauktion,02-11-2022,6920000.0,3,Dyssegård,Centralvarme med én fyringsenhed,/adresse/ved-renden-47-2870-dyssegaard-01570920__47_______,145.0,Tegl,6.0,https://www.boligsiden.dk/adresse/ved-renden-47-2870-dyssegaard-01570920__47_______,Mursten,179.35,1,F31
gentoftegade-36-3-mf-2820-gentofte-01570278__36__3__mf,"Gentoftegade 36, 3. mf.",2820.0,Ejerlejlighed,Tvangsauktion,02-11-2022,1860000.0,3,Gentofte,Fjernvarme/blokvarme,/adresse/gentoftegade-36-3-mf-2820-gentofte-01570278__36__3__mf,47.0,Tagpap med stor hældning,1.0,https://www.boligsiden.dk/adresse/gentoftegade-36-3-mf-2820-gentofte-01570278__36__3__mf,Mursten,Ikke oplyst,1,F32
boulevarden-14-0-65-2800-kongens-lyngby-01730086__14_st__65,"Boulevarden 14, st. 65.",2800.0,Ejerlejlighed,Tvangsauktion,24-08-2022,4350000.0,1,Kongens Lyngby,Centralvarme med én fyringsenhed,/adresse/boulevarden-14-0-65-2800-kongens-lyngby-01730086__14_st__65,115.0,Tagpap med lille hældning,4.0,https://www.boligsiden.dk/adresse/boulevarden-14-0-65-2800-kongens-lyngby-01730086__14_st__65,Fibercement uden asbest,Ikke oplyst,1,F33
leen-d-2-1-4-2630-taastrup-01694320___2__1___4,"Leen D 2, 1. 4.",2630.0,Ejerlejlighed,Tvangsauktion,07-07-2022,1350000.0,3,Taastrup,Fjernvarme/blokvarme,/adresse/leen-d-2-1-4-2630-taastrup-01694320___2__1___4,57.0,Tagpap med lille hældning,2.0,https://www.boligsiden.dk/adresse/leen-d-2-1-4-2630-taastrup-01694320___2__1___4,Betonelementer,Ikke oplyst,1,F34
topperne-7-0-2-2620-albertslund-01650532___7_st___2,"Topperne 7, st. 2.",2620.0,Ejerlejlighed,Tvangsauktion,21-04-2022,1020000.0,3,Albertslund,Fjernvarme/blokvarme,/adresse/topperne-7-0-2-2620-albertslund-01650532___7_st___2,33.0,Fibercement herunder asbest,1.0,https://www.boligsiden.dk/adresse/topperne-7-0-2-2620-albertslund-01650532___7_st___2,Betonelementer,Ikke oplyst,1,F35
lindevangshusene-82-0-th-2630-taastrup-01694520__82_st__th,"Lindevangshusene 82, st. th.",2630.0,Ejerlejlighed,Tvangsauktion,11-01-2022,2240000.0,3,Taastrup,Fjernvarme/blokvarme,/adresse/lindevangshusene-82-0-th-2630-taastrup-01694520__82_st__th,82.0,Betontagsten,3.0,https://www.boligsiden.dk/adresse/lindevangshusene-82-0-th-2630-taastrup-01694520__82_st__th,Mursten,Ikke oplyst,1,F36
landsbygaden-30a-2630-taastrup-01694288_30a_______,Landsbygaden 30A,2630.0,Rækkehus,Tvangsauktion,20-05-2021,2650000.0,1,Taastrup,Centralvarme med én fyringsenhed,/adresse/landsbygaden-30a-2630-taastrup-01694288_30a_______,85.0,Fibercement uden asbest,2.0,https://www.boligsiden.dk/adresse/landsbygaden-30a-2630-taastrup-01694288_30a_______,Mursten,197,1,F37
landsbygaden-30b-2630-taastrup-01694288_30b_______,Landsbygaden 30B,2630.0,Rækkehus,Tvangsauktion,20-05-2021,2650000.0,1,,,,,,,,,,1,F38
herstedvestervej-12-2620-albertslund-01650190__12_______,Herstedvestervej 12,2620.0,Villa,Tvangsauktion,25-01-2021,3087200.0,3,Albertslund,Fjernvarme/blokvarme,/adresse/herstedvestervej-12-2620-albertslund-01650190__12_______,136.0,Tegl,5.0,https://www.boligsiden.dk/adresse/herstedvestervej-12-2620-albertslund-01650190__12_______,Mursten,164.7,1,F39
herstedvestervej-12-2620-albertslund-01650190__12_______,Herstedvestervej 12,2620.0,Villa,Tvangsauktion,11-04-2016,841132.0,3,Albertslund,Fjernvarme/blokvarme,/adresse/herstedvestervej-12-2620-albertslund-01650190__12_______,136.0,Tegl,5.0,https://www.boligsiden.dk/adresse/herstedvestervej-12-2620-albertslund-01650190__12_______,Mursten,164.7,1,F40
vejlebrovej-95-3-49-2635-ishoej-01830850__95__3__49,"Vejlebrovej 95, 3. 49.",2635.0,Ejerlejlighed,Tvangsauktion,20-10-2020,1130000.0,3,Ishøj,Fjernvarme/blokvarme,/adresse/vejlebrovej-95-3-49-2635-ishoej-01830850__95__3__49,46.0,Tagpap med lille hældning,2.0,https://www.boligsiden.dk/adresse/vejlebrovej-95-3-49-2635-ishoej-01830850__95__3__49,Mursten,Ikke oplyst,1,F41
tranedalen-19-2635-ishoej-01830760__19_______,Tranedalen 19,2635.0,Villa,Tvangsauktion,20-10-2020,2600000.0,3,Ishøj,Fjernvarme/blokvarme,/adresse/tranedalen-19-2635-ishoej-01830760__19_______,144.0,Metal,4.0,https://www.boligsiden.dk/adresse/tranedalen-19-2635-ishoej-01830760__19_______,Mursten,144,1,F42
bellevuekrogen-16-2930-klampenborg-01570043__16_______,Bellevuekrogen 16,2930.0,Rækkehus,Tvangsauktion,02-09-2020,6600000.0,1,Klampenborg,Centralvarme med én fyringsenhed,/adresse/bellevuekrogen-16-2930-klampenborg-01570043__16_______,124.0,Fibercement herunder asbest,4.0,https://www.boligsiden.dk/adresse/bellevuekrogen-16-2930-klampenborg-01570043__16_______,Mursten,148.8,1,F43
aertemarken-119a-0-tv-2860-soeborg-01590981119a_st__tv,"Ærtemarken 119A, st. tv.",2860.0,Villalejlighed,Tvangsauktion,05-08-2020,8592634.0,2,,,,,,,,,,1,F44
aertemarken-119a-1-2860-soeborg-01590981119a__1____,"Ærtemarken 119A, 1.",2860.0,Villalejlighed,Tvangsauktion,05-08-2020,8592634.0,2,,,,,,,,,,1,F45
aertemarken-119a-0-th-2860-soeborg-01590981119a_st__th,"Ærtemarken 119A, st. th.",2860.0,Villalejlighed,Tvangsauktion,05-08-2020,8592634.0,2,,,,,,,,,,1,F46
taastrup-have-38-1-mf-2630-taastrup-01698960__38__1__mf,"Taastrup Have 38, 1. mf.",2630.0,Ejerlejlighed,Tvangsauktion,15-06-2020,1045000.0,3,Taastrup,Fjernvarme/blokvarme,/adresse/taastrup-have-38-1-mf-2630-taastrup-01698960__38__1__mf,41.0,Fibercement herunder asbest,1.0,https://www.boligsiden.dk/adresse/taastrup-have-38-1-mf-2630-taastrup-01698960__38__1__mf,Mursten,Ikke oplyst,1,F47
nyhoejsvej-12-2630-taastrup-01695495__12_______,Nyhøjsvej 12,2630.0,Villa,Tvangsauktion,28-02-2020,2123700.0,2,Taastrup,Fjernvarme/blokvarme,/adresse/nyhoejsvej-12-2630-taastrup-01695495__12_______,158.0,Fibercement herunder asbest,5.0,https://www.boligsiden.dk/adresse/nyhoejsvej-12-2630-taastrup-01695495__12_______,Mursten,160.6,1,F48
topperne-5-2-22-2620-albertslund-01650532___5__2__22,"Topperne 5, 2. 22.",2620.0,Ejerlejlighed,Tvangsauktion,13-01-2020,1058347.0,3,Albertslund,Fjernvarme/blokvarme,/adresse/topperne-5-2-22-2620-albertslund-01650532___5__2__22,49.0,Fibercement herunder asbest,2.0,https://www.boligsiden.dk/adresse/topperne-5-2-22-2620-albertslund-01650532___5__2__22,Betonelementer,Ikke oplyst,1,F49
christiansdal-4-2610-roedovre-01750122___4_______,Christiansdal 4,2610.0,Villa,Tvangsauktion,29-11-2019,2884166.0,2,Rødovre,Centralvarme med én fyringsenhed,/adresse/christiansdal-4-2610-roedovre-01750122___4_______,140.0,Tegl,6.0,https://www.boligsiden.dk/adresse/christiansdal-4-2610-roedovre-01750122___4_______,Mursten,175.65,1,F50
krarupvej-23-2610-roedovre-01750474__23_______,Krarupvej 23,2610.0,Villa,Tvangsauktion,11-10-2019,4283500.0,3,Rødovre,Centralvarme med én fyringsenhed,/adresse/krarupvej-23-2610-roedovre-01750474__23_______,183.0,Tegl,8.0,https://www.boligsiden.dk/adresse/krarupvej-23-2610-roedovre-01750474__23_______,Letbetonsten,193,1,F51
leen-d-2-3-4-2630-taastrup-01694320___2__3___4,"Leen D 2, 3. 4.",2630.0,Ejerlejlighed,Tvangsauktion,24-09-2019,895000.0,3,Taastrup,Fjernvarme/blokvarme,/adresse/leen-d-2-3-4-2630-taastrup-01694320___2__3___4,35.0,Tagpap med lille hældning,1.0,https://www.boligsiden.dk/adresse/leen-d-2-3-4-2630-taastrup-01694320___2__3___4,Betonelementer,Ikke oplyst,1,F52
leen-d-2-3-4-2630-taastrup-01694320___2__3___4,"Leen D 2, 3. 4.",2630.0,Ejerlejlighed,Tvangsauktion,03-11-2016,765000.0,3,Taastrup,Fjernvarme/blokvarme,/adresse/leen-d-2-3-4-2630-taastrup-01694320___2__3___4,35.0,Tagpap med lille hældning,1.0,https://www.boligsiden.dk/adresse/leen-d-2-3-4-2630-taastrup-01694320___2__3___4,Betonelementer,Ikke oplyst,1,F53
hedegraensen-40-2605-broendby-01530231__40_______,Hedegrænsen 40,2605.0,Villa,Tvangsauktion,06-03-2019,2724393.0,2,Brøndby,Fjernvarme/blokvarme,/adresse/hedegraensen-40-2605-broendby-01530231__40_______,152.0,Fibercement herunder asbest,5.0,https://www.boligsiden.dk/adresse/hedegraensen-40-2605-broendby-01530231__40_______,Mursten,208.2,1,F54
skovbrynet-61-2880-bagsvaerd-01590757__61_______,Skovbrynet 61,2880.0,Villa,Tvangsauktion,18-02-2019,4423000.0,1,Bagsværd,Centralvarme med én fyringsenhed,/adresse/skovbrynet-61-2880-bagsvaerd-01590757__61_______,169.0,Metal,5.0,https://www.boligsiden.dk/adresse/skovbrynet-61-2880-bagsvaerd-01590757__61_______,Betonelementer,183,1,F55
jernbane-alle-15b-2630-taastrup-01693546_15b_______,Jernbane Alle 15B,2630.0,Villa,Tvangsauktion,21-01-2019,2895000.0,3,,,,,,,,,,1,F56
jernbane-alle-15b-2630-taastrup-01693546_15b_______,Jernbane Alle 15B,2630.0,Villa,Tvangsauktion,21-01-2019,2895000.0,3,,,,,,,,,,1,F57
fuglegaardsvaenget-90-1-th-2820-gentofte-01570262__90__1__th,"Fuglegårdsvænget 90, 1. th.",2820.0,Ejerlejlighed,Tvangsauktion,19-09-2018,1257500.0,3,Gentofte,Elvarme,/adresse/fuglegaardsvaenget-90-1-th-2820-gentofte-01570262__90__1__th,51.0,Tegl,2.0,https://www.boligsiden.dk/adresse/fuglegaardsvaenget-90-1-th-2820-gentofte-01570262__90__1__th,Mursten,Ikke oplyst,1,F58
lilliendalsvej-18-2600-glostrup-01610298__18_______,Lilliendalsvej 18,2600.0,Rækkehus,Tvangsauktion,29-08-2018,2275000.0,1,Glostrup,Centralvarme med én fyringsenhed,/adresse/lilliendalsvej-18-2600-glostrup-01610298__18_______,171.0,Betontagsten,5.0,https://www.boligsiden.dk/adresse/lilliendalsvej-18-2600-glostrup-01610298__18_______,Mursten,168.2,1,F59
saven-c-4-0-2-2630-taastrup-01696694___4_st___2,"Saven C 4, st. 2.",2630.0,Ejerlejlighed,Tvangsauktion,31-07-2018,769000.0,3,Taastrup,Fjernvarme/blokvarme,/adresse/saven-c-4-0-2-2630-taastrup-01696694___4_st___2,36.0,Tagpap med lille hældning,1.0,https://www.boligsiden.dk/adresse/saven-c-4-0-2-2630-taastrup-01696694___4_st___2,Betonelementer,Ikke oplyst,1,F60
hovedvejen-60a-1-tv-2600-glostrup-01610213_60a__1__tv,"Hovedvejen 60A, 1. tv.",2600.0,Ejerlejlighed,Tvangsauktion,18-07-2018,1395000.0,3,Glostrup,Elvarme,/adresse/hovedvejen-60a-1-tv-2600-glostrup-01610213_60a__1__tv,51.0,Fibercement herunder asbest,2.0,https://www.boligsiden.dk/adresse/hovedvejen-60a-1-tv-2600-glostrup-01610213_60a__1__tv,Mursten,Ikke oplyst,1,F61
hoejsgaards-alle-37-2900-hellerup-01570386__37_______,Højsgårds Alle 37,2900.0,Villa,Tvangsauktion,13-06-2018,4183589.0,1,Hellerup,Fjernvarme/blokvarme,/adresse/hoejsgaards-alle-37-2900-hellerup-01570386__37_______,141.0,Tegl,6.0,https://www.boligsiden.dk/adresse/hoejsgaards-alle-37-2900-hellerup-01570386__37_______,Mursten,183.45,1,F62
agerlunden-34-2660-broendby-strand-01530002__34_______,Agerlunden 34,2660.0,Villa,Tvangsauktion,29-05-2018,3995000.0,2,Brøndby Strand,Fjernvarme/blokvarme,/adresse/agerlunden-34-2660-broendby-strand-01530002__34_______,168.0,Tegl,5.0,https://www.boligsiden.dk/adresse/agerlunden-34-2660-broendby-strand-01530002__34_______,Mursten,168,1,F63
fagerbo-57-2640-hedehusene-01691597__57_______,Fagerbo 57,2640.0,Villa,Tvangsauktion,01-05-2018,1780000.0,3,Hedehusene,Centralvarme med én fyringsenhed,/adresse/fagerbo-57-2640-hedehusene-01691597__57_______,109.0,Fibercement herunder asbest,4.0,https://www.boligsiden.dk/adresse/fagerbo-57-2640-hedehusene-01691597__57_______,Mursten,148,1,F64
bindesboellsvej-8-2920-charlottenlund-01570058___8_______,Bindesbøllsvej 8,2920.0,Villa,Tvangsauktion,18-04-2018,13750000.0,3,Charlottenlund,Centralvarme med én fyringsenhed,/adresse/bindesboellsvej-8-2920-charlottenlund-01570058___8_______,300.0,Tegl,8.0,https://www.boligsiden.dk/adresse/bindesboellsvej-8-2920-charlottenlund-01570058___8_______,Mursten,386,1,F65
frederiksdalsvej-194-1-2830-virum-01730229_194__1____,"Frederiksdalsvej 194, 1.",2830.0,Villalejlighed,Tvangsauktion,04-04-2018,2337280.0,3,,,,,,,,,,1,F66
kallerupvej-35-2640-hedehusene-01693627__35_______,Kallerupvej 35,2640.0,Villa,Tvangsauktion,13-02-2018,780000.0,2,Hedehusene,Centralvarme med én fyringsenhed,/adresse/kallerupvej-35-2640-hedehusene-01693627__35_______,80.0,Fibercement herunder asbest,4.0,https://www.boligsiden.dk/adresse/kallerupvej-35-2640-hedehusene-01693627__35_______,Letbetonsten,95.75,1,F67
viggo-rothes-vej-13-2920-charlottenlund-01570936__13_______,Viggo Rothes Vej 13,2920.0,Villa,Tvangsauktion,09-01-2018,20300000.0,3,Charlottenlund,Fjernvarme/blokvarme,/adresse/viggo-rothes-vej-13-2920-charlottenlund-01570936__13_______,274.0,Fibercement herunder asbest,7.0,https://www.boligsiden.dk/adresse/viggo-rothes-vej-13-2920-charlottenlund-01570936__13_______,Mursten,340.9,1,F68
robinievej-60-2620-albertslund-01650387__60_______,Robinievej 60,2620.0,Rækkehus,Tvangsauktion,09-01-2018,2695000.0,2,Albertslund,Fjernvarme/blokvarme,/adresse/robinievej-60-2620-albertslund-01650387__60_______,110.0,Tagpap med stor hældning,4.0,https://www.boligsiden.dk/adresse/robinievej-60-2620-albertslund-01650387__60_______,Mursten,111.25,1,F69
gammelgaards-alle-27-2-26-2665-vallensbaek-strand-01871704__27__2__26,"Gammelgårds Alle 27, 2. 26.",2665.0,Ejerlejlighed,Tvangsauktion,06-12-2017,1551000.0,3,Vallensbæk Strand,Fjernvarme/blokvarme,/adresse/gammelgaards-alle-27-2-26-2665-vallensbaek-strand-01871704__27__2__26,88.0,Tagpap med lille hældning,3.0,https://www.boligsiden.dk/adresse/gammelgaards-alle-27-2-26-2665-vallensbaek-strand-01871704__27__2__26,Betonelementer,Ikke oplyst,1,F70
birkevang-40-2640-hedehusene-01690430__40_______,Birkevang 40,2640.0,Villa,Tvangsauktion,05-12-2017,1857000.0,3,Hedehusene,Centralvarme med én fyringsenhed,/adresse/birkevang-40-2640-hedehusene-01690430__40_______,98.0,Fibercement herunder asbest,4.0,https://www.boligsiden.dk/adresse/birkevang-40-2640-hedehusene-01690430__40_______,Mursten,110,1,F71
batterivej-1-2860-soeborg-01590055___1_______,Batterivej 1,2860.0,Villa,Tvangsauktion,10-10-2017,3050000.0,3,Søborg,Centralvarme med én fyringsenhed,/adresse/batterivej-1-2860-soeborg-01590055___1_______,100.0,Tegl,4.0,https://www.boligsiden.dk/adresse/batterivej-1-2860-soeborg-01590055___1_______,Mursten,134.15,1,F72
froehaven-28-2630-taastrup-01691908__28_______,Frøhaven 28,2630.0,Villa,Tvangsauktion,17-05-2017,2907000.0,1,Taastrup,Fjernvarme/blokvarme,/adresse/froehaven-28-2630-taastrup-01691908__28_______,184.0,Betontagsten,7.0,https://www.boligsiden.dk/adresse/froehaven-28-2630-taastrup-01691908__28_______,Træ,183.8,1,F73
almeengen-3-2740-skovlunde-01510507___3_______,Almeengen 3,2740.0,Villa,Tvangsauktion,16-05-2017,3495000.0,2,Skovlunde,Centralvarme med én fyringsenhed,/adresse/almeengen-3-2740-skovlunde-01510507___3_______,141.0,Fibercement herunder asbest,4.0,https://www.boligsiden.dk/adresse/almeengen-3-2740-skovlunde-01510507___3_______,Mursten,153.25,1,F74
klovtofteparken-12-2630-taastrup-01693871__12_______,Klovtofteparken 12,2630.0,Rækkehus,Tvangsauktion,18-04-2017,2100000.0,3,Taastrup,Fjernvarme/blokvarme,/adresse/klovtofteparken-12-2630-taastrup-01693871__12_______,118.0,Betontagsten,5.0,https://www.boligsiden.dk/adresse/klovtofteparken-12-2630-taastrup-01693871__12_______,Mursten,139.2,1,F75
ulborgvej-16-2760-maaloev-01510807__16_______,Ulborgvej 16,2760.0,Villa,Tvangsauktion,18-04-2017,1973400.0,2,Måløv,Centralvarme med én fyringsenhed,/adresse/ulborgvej-16-2760-maaloev-01510807__16_______,189.0,Tagpap med stor hældning,7.0,https://www.boligsiden.dk/adresse/ulborgvej-16-2760-maaloev-01510807__16_______,Mursten,195.4,1,F76
pileskovvej-13-2635-ishoej-01830560__13_______,Pileskovvej 13,2635.0,Villa,Tvangsauktion,31-03-2017,2768300.0,2,Ishøj,Centralvarme med én fyringsenhed,/adresse/pileskovvej-13-2635-ishoej-01830560__13_______,179.0,Fibercement herunder asbest,3.0,https://www.boligsiden.dk/adresse/pileskovvej-13-2635-ishoej-01830560__13_______,Mursten,181.3,1,F77
skovvej-7-2750-ballerup-01510309___7_______,Skovvej 7,2750.0,Villa,Tvangsauktion,21-03-2017,2674063.0,2,Ballerup,Centralvarme med én fyringsenhed,/adresse/skovvej-7-2750-ballerup-01510309___7_______,222.0,Tegl,6.0,https://www.boligsiden.dk/adresse/skovvej-7-2750-ballerup-01510309___7_______,Mursten,240.9,1,F78
groennevej-42-2830-virum-01730302__42_______,Grønnevej 42,2830.0,Rækkehus,Tvangsauktion,01-03-2017,6600000.0,1,Virum,Centralvarme med én fyringsenhed,/adresse/groennevej-42-2830-virum-01730302__42_______,150.0,Tagpap med stor hældning,5.0,https://www.boligsiden.dk/adresse/groennevej-42-2830-virum-01730302__42_______,Mursten,180,1,F79
lundtoftevej-293-0-tv-2800-kongens-lyngby-01730527_293_st__tv,"Lundtoftevej 293, st. tv.",2800.0,Ejerlejlighed,Tvangsauktion,01-03-2017,5028400.0,2,Kongens Lyngby,Centralvarme med én fyringsenhed,/adresse/lundtoftevej-293-0-tv-2800-kongens-lyngby-01730527_293_st__tv,222.0,Tagpap med stor hældning,6.0,https://www.boligsiden.dk/adresse/lundtoftevej-293-0-tv-2800-kongens-lyngby-01730527_293_st__tv,Mursten,Ikke oplyst,1,F80
saksen-d-2-0-1-2630-taastrup-01696642___2_st___1,"Saksen D 2, st. 1.",2630.0,Ejerlejlighed,Tvangsauktion,21-02-2017,1316296.0,3,Taastrup,Fjernvarme/blokvarme,/adresse/saksen-d-2-0-1-2630-taastrup-01696642___2_st___1,85.0,Tagpap med lille hældning,3.0,https://www.boligsiden.dk/adresse/saksen-d-2-0-1-2630-taastrup-01696642___2_st___1,Betonelementer,Ikke oplyst,1,F81
smedevaenget-28-2640-hedehusene-01697065__28_______,Smedevænget 28,2640.0,Villa,Tvangsauktion,18-01-2017,2631275.0,3,,,,,,,,,,1,F82
ordrupvej-37a-1-th-2920-charlottenlund-01570622_37a__1__th,"Ordrupvej 37A, 1. th.",2920.0,Ejerlejlighed,Tvangsauktion,18-01-2017,1234835.0,2,Charlottenlund,Fjernvarme/blokvarme,/adresse/ordrupvej-37a-1-th-2920-charlottenlund-01570622_37a__1__th,53.0,Tagpap med stor hældning,2.0,https://www.boligsiden.dk/adresse/ordrupvej-37a-1-th-2920-charlottenlund-01570622_37a__1__th,Mursten,Ikke oplyst,1,F83
vangede-bygade-103-0-tv-2820-gentofte-01570903_103_st__tv,"Vangede Bygade 103, st. tv.",2820.0,Ejerlejlighed,Tvangsauktion,04-01-2017,1131800.0,3,Gentofte,Fjernvarme/blokvarme,/adresse/vangede-bygade-103-0-tv-2820-gentofte-01570903_103_st__tv,62.0,Tegl,2.0,https://www.boligsiden.dk/adresse/vangede-bygade-103-0-tv-2820-gentofte-01570903_103_st__tv,Mursten,Ikke oplyst,1,F84
moerkager-53-2620-albertslund-01650329__53_______,Mørkager 53,2620.0,Villa,Tvangsauktion,03-01-2017,3450000.0,2,Albertslund,Fjernvarme/blokvarme,/adresse/moerkager-53-2620-albertslund-01650329__53_______,129.0,Fibercement herunder asbest,5.0,https://www.boligsiden.dk/adresse/moerkager-53-2620-albertslund-01650329__53_______,Mursten,166.65,1,F85
fyrmestervej-16-2660-broendby-strand-01530168__16_______,Fyrmestervej 16,2660.0,Villa,Tvangsauktion,25-10-2016,2134000.0,2,Brøndby Strand,Centralvarme med én fyringsenhed,/adresse/fyrmestervej-16-2660-broendby-strand-01530168__16_______,122.0,Fibercement herunder asbest,4.0,https://www.boligsiden.dk/adresse/fyrmestervej-16-2660-broendby-strand-01530168__16_______,Mursten,125.3,1,F86
baekgaardsvej-6-2640-hedehusene-01690974___6_______,Bækgårdsvej 6,2640.0,Villa,Tvangsauktion,15-10-2016,1100000.0,2,,,,,,,,,,1,F87
stengaards-alle-6-0-1-2800-kongens-lyngby-01730776___6_st___1,"Stengårds Alle 6, st. 1.",2800.0,Ejerlejlighed,Tvangsauktion,30-09-2016,699310.0,3,Kongens Lyngby,Centralvarme med én fyringsenhed,/adresse/stengaards-alle-6-0-1-2800-kongens-lyngby-01730776___6_st___1,41.0,Fibercement herunder asbest,1.0,https://www.boligsiden.dk/adresse/stengaards-alle-6-0-1-2800-kongens-lyngby-01730776___6_st___1,Mursten,Ikke oplyst,1,F88
hollandsvej-21-1-tv-2800-kongens-lyngby-01730344__21__1__tv,"Hollandsvej 21, 1. tv.",2800.0,Ejerlejlighed,Tvangsauktion,06-07-2016,1186385.0,3,Kongens Lyngby,Fjernvarme/blokvarme,/adresse/hollandsvej-21-1-tv-2800-kongens-lyngby-01730344__21__1__tv,55.0,Tegl,2.0,https://www.boligsiden.dk/adresse/hollandsvej-21-1-tv-2800-kongens-lyngby-01730344__21__1__tv,Mursten,Ikke oplyst,1,F89
i.h.mundts-vej-24-2830-virum-01730375__24_______,I.H.Mundts Vej 24,2830.0,Villa,Tvangsauktion,15-06-2016,5500000.0,3,,,,,,,,,,1,F90
i.h.mundts-vej-24-2830-virum-01730375__24_______,I.H.Mundts Vej 24,2830.0,Villa,Tvangsauktion,15-06-2016,5500000.0,3,,,,,,,,,,1,F91
ellebaekvej-68-0-tv-2820-gentofte-01570177__68_st__tv,"Ellebækvej 68, st. tv.",2820.0,Ejerlejlighed,Tvangsauktion,18-05-2016,1245000.0,3,Gentofte,Fjernvarme/blokvarme,/adresse/ellebaekvej-68-0-tv-2820-gentofte-01570177__68_st__tv,55.0,Fibercement herunder asbest,2.0,https://www.boligsiden.dk/adresse/ellebaekvej-68-0-tv-2820-gentofte-01570177__68_st__tv,Mursten,Ikke oplyst,1,F92
vejledalen-362-2635-ishoej-01830854_362_______,Vejledalen 362,2635.0,Rækkehus,Tvangsauktion,10-05-2016,1695000.0,3,Ishøj,Fjernvarme/blokvarme,/adresse/vejledalen-362-2635-ishoej-01830854_362_______,101.0,Betontagsten,4.0,https://www.boligsiden.dk/adresse/vejledalen-362-2635-ishoej-01830854_362_______,Træ,98.5,1,F93
vejledalen-362-2635-ishoej-01830854_362_______,Vejledalen 362,2635.0,Rækkehus,Tvangsauktion,29-03-1993,195000.0,3,Ishøj,Fjernvarme/blokvarme,/adresse/vejledalen-362-2635-ishoej-01830854_362_______,101.0,Betontagsten,4.0,https://www.boligsiden.dk/adresse/vejledalen-362-2635-ishoej-01830854_362_______,Træ,98.5,1,F94
leen-a-3-3-1-2630-taastrup-01694314___3__3___1,"Leen A 3, 3. 1.",2630.0,Ejerlejlighed,Tvangsauktion,11-04-2016,550000.0,2,Taastrup,Fjernvarme/blokvarme,/adresse/leen-a-3-3-1-2630-taastrup-01694314___3__3___1,35.0,Tagpap med lille hældning,1.0,https://www.boligsiden.dk/adresse/leen-a-3-3-1-2630-taastrup-01694314___3__3___1,Betonelementer,Ikke oplyst,1,F95
ordrupvej-75a-1-th-2920-charlottenlund-01570622_75a__1__th,"Ordrupvej 75A, 1. th.",2920.0,Ejerlejlighed,Tvangsauktion,06-04-2016,975000.0,3,Charlottenlund,Fjernvarme/blokvarme,/adresse/ordrupvej-75a-1-th-2920-charlottenlund-01570622_75a__1__th,63.0,Tegl,2.0,https://www.boligsiden.dk/adresse/ordrupvej-75a-1-th-2920-charlottenlund-01570622_75a__1__th,Mursten,Ikke oplyst,1,F96
lille-strandvej-5-2900-hellerup-01570510___5_______,Lille Strandvej 5,2900.0,Villa,Tvangsauktion,09-03-2016,6000000.0,3,Hellerup,Fjernvarme/blokvarme,/adresse/lille-strandvej-5-2900-hellerup-01570510___5_______,216.0,Fibercement herunder asbest,6.0,https://www.boligsiden.dk/adresse/lille-strandvej-5-2900-hellerup-01570510___5_______,Mursten,267.4,1,F97
roedovre-parkvej-229-1-2610-roedovre-01750702_229__1____,"Rødovre Parkvej 229, 1.",2610.0,Ejerlejlighed,Tvangsauktion,22-02-2016,1173000.0,3,Rødovre,Fjernvarme/blokvarme,/adresse/roedovre-parkvej-229-1-2610-roedovre-01750702_229__1____,61.0,Tagpap med stor hældning,2.0,https://www.boligsiden.dk/adresse/roedovre-parkvej-229-1-2610-roedovre-01750702_229__1____,Mursten,Ikke oplyst,1,F98
roedovre-parkvej-229-1-2610-roedovre-01750702_229__1____,"Rødovre Parkvej 229, 1.",2610.0,Ejerlejlighed,Tvangsauktion,15-09-1998,362000.0,3,Rødovre,Fjernvarme/blokvarme,/adresse/roedovre-parkvej-229-1-2610-roedovre-01750702_229__1____,61.0,Tagpap med stor hældning,2.0,https://www.boligsiden.dk/adresse/roedovre-parkvej-229-1-2610-roedovre-01750702_229__1____,Mursten,Ikke oplyst,1,F99
leen-b-2-3-1-2630-taastrup-01694316___2__3___1,"Leen B 2, 3. 1.",2630.0,Ejerlejlighed,Tvangsauktion,09-02-2016,534700.0,3,Taastrup,Fjernvarme/blokvarme,/adresse/leen-b-2-3-1-2630-taastrup-01694316___2__3___1,35.0,Tagpap med lille hældning,1.0,https://www.boligsiden.dk/adresse/leen-b-2-3-1-2630-taastrup-01694316___2__3___1,Betonelementer,Ikke oplyst,1,F100
skelvej-10-2640-hedehusene-01696794__10_______,Skelvej 10,2640.0,Villa,Tvangsauktion,16-12-2015,1240000.0,3,Hedehusene,Fjernvarme/blokvarme,/adresse/skelvej-10-2640-hedehusene-01696794__10_______,107.0,Fibercement herunder asbest,4.0,https://www.boligsiden.dk/adresse/skelvej-10-2640-hedehusene-01696794__10_______,Letbetonsten,127,1,F101
gammel-koege-landevej-220b-1-th-2650-hvidovre-01672807220b__1__th,"Gammel Køge Landevej 220B, 1. th.",2650.0,Ejerlejlighed,Tvangsauktion,15-12-2015,910000.0,2,Hvidovre,Centralvarme med én fyringsenhed,/adresse/gammel-koege-landevej-220b-1-th-2650-hvidovre-01672807220b__1__th,57.0,Fibercement herunder asbest,2.0,https://www.boligsiden.dk/adresse/gammel-koege-landevej-220b-1-th-2650-hvidovre-01672807220b__1__th,Mursten,Ikke oplyst,1,F102
kratager-5-2620-albertslund-01650283___5_______,Kratager 5,2620.0,Villa,Tvangsauktion,25-11-2015,2241000.0,3,Albertslund,Fjernvarme/blokvarme,/adresse/kratager-5-2620-albertslund-01650283___5_______,171.0,Fibercement herunder asbest,6.0,https://www.boligsiden.dk/adresse/kratager-5-2620-albertslund-01650283___5_______,Mursten,175.15,1,F103
sofielundsvej-19-2600-glostrup-01610427__19_______,Sofielundsvej 19,2600.0,Villa,Tvangsauktion,25-11-2015,3700000.0,2,Glostrup,Centralvarme med én fyringsenhed,/adresse/sofielundsvej-19-2600-glostrup-01610427__19_______,171.0,Tegl,6.0,https://www.boligsiden.dk/adresse/sofielundsvej-19-2600-glostrup-01610427__19_______,Mursten,197.2,1,F104
bygaden-44-2605-broendby-01530096__44_______,Bygaden 44,2605.0,Villa,Tvangsauktion,23-11-2015,1518900.0,3,Brøndby,Fjernvarme/blokvarme,/adresse/bygaden-44-2605-broendby-01530096__44_______,90.0,Tegl,3.0,https://www.boligsiden.dk/adresse/bygaden-44-2605-broendby-01530096__44_______,Mursten,104.5,1,F105
vejlebrovej-70-3-3-2635-ishoej-01830850__70__3___3,"Vejlebrovej 70, 3. 3.",2635.0,Ejerlejlighed,Tvangsauktion,16-11-2015,463500.0,3,Ishøj,Fjernvarme/blokvarme,/adresse/vejlebrovej-70-3-3-2635-ishoej-01830850__70__3___3,40.0,Tagpap med lille hældning,1.0,https://www.boligsiden.dk/adresse/vejlebrovej-70-3-3-2635-ishoej-01830850__70__3___3,Betonelementer,Ikke oplyst,1,F106
ibstrupvej-7a-2820-gentofte-01570395__7a_______,Ibstrupvej 7A,2820.0,Villa,Tvangsauktion,04-11-2015,6425000.0,3,Gentofte,Centralvarme med én fyringsenhed,/adresse/ibstrupvej-7a-2820-gentofte-01570395__7a_______,170.0,Tegl,6.0,https://www.boligsiden.dk/adresse/ibstrupvej-7a-2820-gentofte-01570395__7a_______,Mursten,207.7,1,F107
strandloebervej-10-2650-hvidovre-01678035__10_______,Strandløbervej 10,2650.0,Villa,Tvangsauktion,03-11-2015,2600000.0,3,Hvidovre,Centralvarme med én fyringsenhed,/adresse/strandloebervej-10-2650-hvidovre-01678035__10_______,77.0,Fibercement uden asbest,3.0,https://www.boligsiden.dk/adresse/strandloebervej-10-2650-hvidovre-01678035__10_______,Mursten,115,1,F108
broager-4-2600-glostrup-01610603___4_______,Broager 4,2600.0,Villa,Tvangsauktion,02-11-2015,3575000.0,2,Glostrup,Centralvarme med én fyringsenhed,/adresse/broager-4-2600-glostrup-01610603___4_______,140.0,Betontagsten,4.0,https://www.boligsiden.dk/adresse/broager-4-2600-glostrup-01610603___4_______,Mursten,137.2,1,F109
hyldager-8-2640-hedehusene-01693140___8_______,Hyldager 8,2640.0,Villa,Tvangsauktion,14-09-2015,1200000.0,1,Hedehusene,Fjernvarme/blokvarme,/adresse/hyldager-8-2640-hedehusene-01693140___8_______,135.0,Fibercement herunder asbest,4.0,https://www.boligsiden.dk/adresse/hyldager-8-2640-hedehusene-01693140___8_______,Mursten,147.5,1,F110
vejlebrovej-85-2-146-2635-ishoej-01830850__85__2_146,"Vejlebrovej 85, 2. 146.",2635.0,Ejerlejlighed,Tvangsauktion,10-08-2015,835000.0,3,Ishøj,Fjernvarme/blokvarme,/adresse/vejlebrovej-85-2-146-2635-ishoej-01830850__85__2_146,51.0,Tagpap med lille hældning,2.0,https://www.boligsiden.dk/adresse/vejlebrovej-85-2-146-2635-ishoej-01830850__85__2_146,Mursten,Ikke oplyst,1,F111
hovmarken-6-2640-hedehusene-01692900___6_______,Hovmarken 6,2640.0,Villa,Tvangsauktion,20-07-2015,1760000.0,2,Hedehusene,Centralvarme med én fyringsenhed,/adresse/hovmarken-6-2640-hedehusene-01692900___6_______,138.0,Fibercement herunder asbest,5.0,https://www.boligsiden.dk/adresse/hovmarken-6-2640-hedehusene-01692900___6_______,Mursten,153,1,F112
vaerebrovej-65-2880-bagsvaerd-01590971__65_______,Værebrovej 65,2880.0,Villa,Tvangsauktion,15-07-2015,4630000.0,1,Bagsværd,Centralvarme med én fyringsenhed,/adresse/vaerebrovej-65-2880-bagsvaerd-01590971__65_______,247.0,Fibercement herunder asbest,6.0,https://www.boligsiden.dk/adresse/vaerebrovej-65-2880-bagsvaerd-01590971__65_______,Mursten,247.2,1,F113
magnoliavej-27-2640-hedehusene-01694926__27_______,Magnoliavej 27,2640.0,Villa,Tvangsauktion,29-06-2015,1923139.0,3,,,,,,,,,,1,F114
helmsvej-6a-2880-bagsvaerd-01590302__6a_______,Helmsvej 6A,2880.0,Villa,Tvangsauktion,08-06-2015,4400000.0,2,Bagsværd,Centralvarme med én fyringsenhed,/adresse/helmsvej-6a-2880-bagsvaerd-01590302__6a_______,193.0,Tegl,6.0,https://www.boligsiden.dk/adresse/helmsvej-6a-2880-bagsvaerd-01590302__6a_______,Mursten,236.7,1,F115
digterparken-14-2750-ballerup-01510080__14_______,Digterparken 14,2750.0,Villa,Tvangsauktion,08-06-2015,3475000.0,2,Ballerup,Centralvarme med én fyringsenhed,/adresse/digterparken-14-2750-ballerup-01510080__14_______,137.0,Fibercement herunder asbest,5.0,https://www.boligsiden.dk/adresse/digterparken-14-2750-ballerup-01510080__14_______,Mursten,166.05,1,F116
magnoliavej-25-2640-hedehusene-01694926__25_______,Magnoliavej 25,2640.0,Villa,Tvangsauktion,01-06-2015,2193014.0,2,,,,,,,,,,1,F117
haekmosen-38-2730-herlev-01633594__38_______,Hækmosen 38,2730.0,Villa,Tvangsauktion,01-06-2015,2312500.0,3,Herlev,Varmepumpe,/adresse/haekmosen-38-2730-herlev-01633594__38_______,111.0,Fibercement herunder asbest,4.0,https://www.boligsiden.dk/adresse/haekmosen-38-2730-herlev-01633594__38_______,Mursten,117.75,1,F118
kingosvej-8b-2630-taastrup-01693708__8b_______,Kingosvej 8B,2630.0,Rækkehus,Tvangsauktion,07-04-2015,1996000.0,2,Taastrup,Fjernvarme/blokvarme,/adresse/kingosvej-8b-2630-taastrup-01693708__8b_______,206.0,Tagpap med stor hældning,6.0,https://www.boligsiden.dk/adresse/kingosvej-8b-2630-taastrup-01693708__8b_______,Mursten,Ikke oplyst,1,F119
roedager-alle-65-2-mf-2610-roedovre-01750699__65__2__mf,"Rødager Alle 65, 2. mf.",2610.0,Ejerlejlighed,Tvangsauktion,07-04-2015,500000.0,3,Rødovre,Fjernvarme/blokvarme,/adresse/roedager-alle-65-2-mf-2610-roedovre-01750699__65__2__mf,40.0,Fibercement herunder asbest,1.0,https://www.boligsiden.dk/adresse/roedager-alle-65-2-mf-2610-roedovre-01750699__65__2__mf,Mursten,Ikke oplyst,1,F120
kratager-29-2620-albertslund-01650283__29_______,Kratager 29,2620.0,Villa,Tvangsauktion,04-03-2015,2089000.0,3,Albertslund,Fjernvarme/blokvarme,/adresse/kratager-29-2620-albertslund-01650283__29_______,200.0,Tegl,6.0,https://www.boligsiden.dk/adresse/kratager-29-2620-albertslund-01650283__29_______,Mursten,205.6,1,F121
christoffers-alle-88a-1-th-2800-kongens-lyngby-01590111_88a__1__th,"Christoffers Alle 88A, 1. th.",2800.0,Ejerlejlighed,Tvangsauktion,18-02-2015,674000.0,3,Kongens Lyngby,Centralvarme med én fyringsenhed,/adresse/christoffers-alle-88a-1-th-2800-kongens-lyngby-01590111_88a__1__th,41.0,Metal,2.0,https://www.boligsiden.dk/adresse/christoffers-alle-88a-1-th-2800-kongens-lyngby-01590111_88a__1__th,Mursten,Ikke oplyst,1,F122
elverhoejen-16-1-2730-herlev-01631477__16__1____,"Elverhøjen 16, 1.",2730.0,Villalejlighed,Tvangsauktion,09-02-2015,1380000.0,3,Herlev,Centralvarme med én fyringsenhed,/adresse/elverhoejen-16-1-2730-herlev-01631477__16__1____,81.0,Tegl,4.0,https://www.boligsiden.dk/adresse/elverhoejen-16-1-2730-herlev-01631477__16__1____,Mursten,Ikke oplyst,1,F123
elverhoejen-16-0-2730-herlev-01631477__16_st____,"Elverhøjen 16, st.",2730.0,Villalejlighed,Tvangsauktion,09-02-2015,1380000.0,3,Herlev,Centralvarme med én fyringsenhed,/adresse/elverhoejen-16-0-2730-herlev-01631477__16_st____,89.0,Tegl,4.0,https://www.boligsiden.dk/adresse/elverhoejen-16-0-2730-herlev-01631477__16_st____,Mursten,Ikke oplyst,1,F124
taastrup-have-10-1-th-2630-taastrup-01698960__10__1__th,"Taastrup Have 10, 1. th.",2630.0,Ejerlejlighed,Tvangsauktion,27-01-2015,980000.0,3,Taastrup,Fjernvarme/blokvarme,/adresse/taastrup-have-10-1-th-2630-taastrup-01698960__10__1__th,57.0,Fibercement herunder asbest,2.0,https://www.boligsiden.dk/adresse/taastrup-have-10-1-th-2630-taastrup-01698960__10__1__th,Mursten,Ikke oplyst,1,F125
gentoftegade-46-1-th-2820-gentofte-01570278__46__1__th,"Gentoftegade 46, 1. th.",2820.0,Ejerlejlighed,Tvangsauktion,17-12-2014,1139000.0,3,Gentofte,Fjernvarme/blokvarme,/adresse/gentoftegade-46-1-th-2820-gentofte-01570278__46__1__th,52.0,Tagpap med stor hældning,1.0,https://www.boligsiden.dk/adresse/gentoftegade-46-1-th-2820-gentofte-01570278__46__1__th,Mursten,Ikke oplyst,1,F126
ved-vandloebet-9-1-2610-roedovre-01750941___9__1____,"Ved Vandløbet 9, 1.",2610.0,Villalejlighed,Tvangsauktion,16-12-2014,960000.0,3,Rødovre,Varmepumpe,/adresse/ved-vandloebet-9-1-2610-roedovre-01750941___9__1____,64.0,Tegl,3.0,https://www.boligsiden.dk/adresse/ved-vandloebet-9-1-2610-roedovre-01750941___9__1____,Mursten,Ikke oplyst,1,F127
ved-vandloebet-9-0-2610-roedovre-01750941___9_st____,"Ved Vandløbet 9, st.",2610.0,Villalejlighed,Tvangsauktion,16-12-2014,960000.0,3,Rødovre,Varmepumpe,/adresse/ved-vandloebet-9-0-2610-roedovre-01750941___9_st____,85.0,Tegl,3.0,https://www.boligsiden.dk/adresse/ved-vandloebet-9-0-2610-roedovre-01750941___9_st____,Mursten,Ikke oplyst,1,F128
gildbrovej-51-2-196-2635-ishoej-01830205__51__2_196,"Gildbrovej 51, 2. 196.",2635.0,Ejerlejlighed,Tvangsauktion,02-12-2014,1254596.0,3,Ishøj,Fjernvarme/blokvarme,/adresse/gildbrovej-51-2-196-2635-ishoej-01830205__51__2_196,97.0,Tagpap med lille hældning,3.0,https://www.boligsiden.dk/adresse/gildbrovej-51-2-196-2635-ishoej-01830205__51__2_196,Mursten,Ikke oplyst,1,F129
vesterkoeb-45-1-4-2640-hedehusene-01699339__45__1___4,"Vesterkøb 45, 1. 4.",2640.0,Ejerlejlighed,Tvangsauktion,01-12-2014,654000.0,3,Hedehusene,Fjernvarme/blokvarme,/adresse/vesterkoeb-45-1-4-2640-hedehusene-01699339__45__1___4,54.0,Fibercement herunder asbest,2.0,https://www.boligsiden.dk/adresse/vesterkoeb-45-1-4-2640-hedehusene-01699339__45__1___4,Mursten,Ikke oplyst,1,F130
tvaerdiget-32-2740-skovlunde-01510686__32_______,Tværdiget 32,2740.0,Rækkehus,Tvangsauktion,26-11-2014,2750000.0,2,Skovlunde,Centralvarme med én fyringsenhed,/adresse/tvaerdiget-32-2740-skovlunde-01510686__32_______,103.0,Tagpap med lille hældning,4.0,https://www.boligsiden.dk/adresse/tvaerdiget-32-2740-skovlunde-01510686__32_______,Mursten,105.8,1,F131
broendbyvestervej-10-2-m-2600-glostrup-01610044__10__2___m,"Brøndbyvestervej 10, 2. m.",2600.0,Ejerlejlighed,Tvangsauktion,25-11-2014,976000.0,3,Glostrup,Fjernvarme/blokvarme,/adresse/broendbyvestervej-10-2-m-2600-glostrup-01610044__10__2___m,84.0,Fibercement uden asbest,3.0,https://www.boligsiden.dk/adresse/broendbyvestervej-10-2-m-2600-glostrup-01610044__10__2___m,Mursten,Ikke oplyst,1,F132
sommerfuglevej-9-2610-roedovre-01750800___9_______,Sommerfuglevej 9,2610.0,Villa,Tvangsauktion,22-10-2014,1650000.0,2,Rødovre,Varmepumpe,/adresse/sommerfuglevej-9-2610-roedovre-01750800___9_______,113.0,Metal,3.0,https://www.boligsiden.dk/adresse/sommerfuglevej-9-2610-roedovre-01750800___9_______,Mursten,119.9,1,F133
hedevej-7-2640-hedehusene-01692707___7_______,Hedevej 7,2640.0,Villa,Tvangsauktion,30-09-2014,1000000.0,3,Hedehusene,Fjernvarme/blokvarme,/adresse/hedevej-7-2640-hedehusene-01692707___7_______,186.0,Fibercement uden asbest,4.0,https://www.boligsiden.dk/adresse/hedevej-7-2640-hedehusene-01692707___7_______,Mursten,190.1,1,F134
hedekaeret-44-2-th-2640-hedehusene-01692652__44__2__th,"Hedekæret 44, 2. th.",2640.0,Ejerlejlighed,Tvangsauktion,03-09-2014,883000.0,3,Hedehusene,Fjernvarme/blokvarme,/adresse/hedekaeret-44-2-th-2640-hedehusene-01692652__44__2__th,78.0,Fibercement herunder asbest,3.0,https://www.boligsiden.dk/adresse/hedekaeret-44-2-th-2640-hedehusene-01692652__44__2__th,Mursten,Ikke oplyst,1,F135
vejledalen-78-1-th-2635-ishoej-01830854__78__1__th,"Vejledalen 78, 1. th.",2635.0,Ejerlejlighed,Tvangsauktion,02-09-2014,684000.0,3,Ishøj,Fjernvarme/blokvarme,/adresse/vejledalen-78-1-th-2635-ishoej-01830854__78__1__th,70.0,Tagpap med lille hældning,2.0,https://www.boligsiden.dk/adresse/vejledalen-78-1-th-2635-ishoej-01830854__78__1__th,Betonelementer,Ikke oplyst,1,F136
ordrupvej-75b-1-th-2920-charlottenlund-01570622_75b__1__th,"Ordrupvej 75B, 1. th.",2920.0,Ejerlejlighed,Tvangsauktion,13-08-2014,790000.0,2,Charlottenlund,Fjernvarme/blokvarme,/adresse/ordrupvej-75b-1-th-2920-charlottenlund-01570622_75b__1__th,66.0,Tegl,2.0,https://www.boligsiden.dk/adresse/ordrupvej-75b-1-th-2920-charlottenlund-01570622_75b__1__th,Mursten,Ikke oplyst,1,F137
vejlegaardsparken-60-2-23-2665-vallensbaek-strand-01879267__60__2__23,"Vejlegårdsparken 60, 2. 23.",2665.0,Ejerlejlighed,Tvangsauktion,18-07-2014,931500.0,2,Vallensbæk Strand,Fjernvarme/blokvarme,/adresse/vejlegaardsparken-60-2-23-2665-vallensbaek-strand-01879267__60__2__23,86.0,Tagpap med lille hældning,3.0,https://www.boligsiden.dk/adresse/vejlegaardsparken-60-2-23-2665-vallensbaek-strand-01879267__60__2__23,Betonelementer,Ikke oplyst,1,F138
lindetoften-5-2630-taastrup-01694493___5_______,Lindetoften 5,2630.0,Villa,Tvangsauktion,16-07-2014,2429500.0,3,Taastrup,Varmepumpe,/adresse/lindetoften-5-2630-taastrup-01694493___5_______,209.0,Fibercement herunder asbest,6.0,https://www.boligsiden.dk/adresse/lindetoften-5-2630-taastrup-01694493___5_______,Mursten,221.35,1,F139
broksoevej-47-2665-vallensbaek-strand-01870639__47_______,Broksøvej 47,2665.0,Rækkehus,Tvangsauktion,01-07-2014,2260000.0,3,Vallensbæk Strand,Elvarme,/adresse/broksoevej-47-2665-vallensbaek-strand-01870639__47_______,162.0,Fibercement herunder asbest,5.0,https://www.boligsiden.dk/adresse/broksoevej-47-2665-vallensbaek-strand-01870639__47_______,Mursten,157.15,1,F140
vejledalen-60-3-tv-2635-ishoej-01830854__60__3__tv,"Vejledalen 60, 3. tv.",2635.0,Ejerlejlighed,Tvangsauktion,17-06-2014,730980.0,3,Ishøj,Fjernvarme/blokvarme,/adresse/vejledalen-60-3-tv-2635-ishoej-01830854__60__3__tv,63.0,Tagpap med lille hældning,2.0,https://www.boligsiden.dk/adresse/vejledalen-60-3-tv-2635-ishoej-01830854__60__3__tv,Betonelementer,Ikke oplyst,1,F141
lyngmosevej-10-2620-albertslund-01650314__10_______,Lyngmosevej 10,2620.0,Villa,Tvangsauktion,16-06-2014,1750000.0,3,Albertslund,Fjernvarme/blokvarme,/adresse/lyngmosevej-10-2620-albertslund-01650314__10_______,132.0,Tegl,5.0,https://www.boligsiden.dk/adresse/lyngmosevej-10-2620-albertslund-01650314__10_______,Mursten,134.2,1,F142
berings-gade-20-1-th-2630-taastrup-01690370__20__1__th,"Berings Gade 20, 1. th.",2630.0,Ejerlejlighed,Tvangsauktion,27-05-2014,1895000.0,2,Taastrup,Fjernvarme/blokvarme,/adresse/berings-gade-20-1-th-2630-taastrup-01690370__20__1__th,98.0,Tagpap med stor hældning,4.0,https://www.boligsiden.dk/adresse/berings-gade-20-1-th-2630-taastrup-01690370__20__1__th,Mursten,Ikke oplyst,1,F143
kirkebakken-8-2605-broendby-01530336___8_______,Kirkebakken 8,2605.0,Villa,Tvangsauktion,26-05-2014,1559000.0,3,Brøndby,Centralvarme med én fyringsenhed,/adresse/kirkebakken-8-2605-broendby-01530336___8_______,102.0,Tagpap med stor hældning,4.0,https://www.boligsiden.dk/adresse/kirkebakken-8-2605-broendby-01530336___8_______,Betonelementer,106.9,1,F144
ericavej-163-0-106-2820-gentofte-01570203_163_st_106,"Ericavej 163, st. 106.",2820.0,Ejerlejlighed,Tvangsauktion,16-05-2014,765000.0,3,Gentofte,Centralvarme med én fyringsenhed,/adresse/ericavej-163-0-106-2820-gentofte-01570203_163_st_106,50.0,Fibercement herunder asbest,1.0,https://www.boligsiden.dk/adresse/ericavej-163-0-106-2820-gentofte-01570203_163_st_106,Mursten,Ikke oplyst,1,F145
gammel-koege-landevej-735a-2660-broendby-strand-01530176735a_______,Gammel Køge Landevej 735A,2660.0,Rækkehus,Tvangsauktion,05-05-2014,1440000.0,3,Brøndby Strand,Varmepumpe,/adresse/gammel-koege-landevej-735a-2660-broendby-strand-01530176735a_______,103.0,Andet materiale,4.0,https://www.boligsiden.dk/adresse/gammel-koege-landevej-735a-2660-broendby-strand-01530176735a_______,Letbetonsten,Ikke oplyst,1,F146
marievej-23-2900-hellerup-01570550__23_______,Marievej 23,2900.0,Villa,Tvangsauktion,30-04-2014,31095000.0,3,Hellerup,Fjernvarme/blokvarme,/adresse/marievej-23-2900-hellerup-01570550__23_______,381.0,Andet materiale,10.0,https://www.boligsiden.dk/adresse/marievej-23-2900-hellerup-01570550__23_______,Mursten,467.95,1,F147
slettebjergvej-2-1-tv-2750-ballerup-01510313___2__1__tv,"Slettebjergvej 2, 1. tv.",2750.0,Ejerlejlighed,Tvangsauktion,30-04-2014,720000.0,3,Ballerup,Centralvarme med én fyringsenhed,/adresse/slettebjergvej-2-1-tv-2750-ballerup-01510313___2__1__tv,57.0,Tegl,2.0,https://www.boligsiden.dk/adresse/slettebjergvej-2-1-tv-2750-ballerup-01510313___2__1__tv,Mursten,Ikke oplyst,1,F148
rebaek-soepark-3-10-1011-2650-hvidovre-01676690___3_101011,"Rebæk Søpark 3, 10. 1011.",1011.0,Ejerlejlighed,Tvangsauktion,07-04-2014,470000.0,2,Hvidovre,Fjernvarme/blokvarme,/adresse/rebaek-soepark-3-10-1011-2650-hvidovre-01676690___3_101011,61.0,Tagpap med stor hældning,2.0,https://www.boligsiden.dk/adresse/rebaek-soepark-3-10-1011-2650-hvidovre-01676690___3_101011,Letbetonsten,Ikke oplyst,1,F149
strandvejen-262a-0-2920-charlottenlund-01570802262a_st____,"Strandvejen 262A, st.",2920.0,Villalejlighed,Tvangsauktion,31-03-2014,3250000.0,3,Charlottenlund,Ovn til fast og flydende brændsel,/adresse/strandvejen-262a-0-2920-charlottenlund-01570802262a_st____,89.0,Fibercement herunder asbest,3.0,https://www.boligsiden.dk/adresse/strandvejen-262a-0-2920-charlottenlund-01570802262a_st____,Mursten,Ikke oplyst,1,F150
strandvejen-262a-1-2920-charlottenlund-01570802262a__1____,"Strandvejen 262A, 1.",2920.0,Villalejlighed,Tvangsauktion,31-03-2014,3250000.0,3,Charlottenlund,Ovn til fast og flydende brændsel,/adresse/strandvejen-262a-1-2920-charlottenlund-01570802262a__1____,89.0,Fibercement herunder asbest,4.0,https://www.boligsiden.dk/adresse/strandvejen-262a-1-2920-charlottenlund-01570802262a__1____,Mursten,Ikke oplyst,1,F151
ved-kagsaa-2b-2860-soeborg-01590956__2b_______,Ved Kagså 2B,2860.0,Ejerlejlighed,Tvangsauktion,26-03-2014,710000.0,3,Søborg,Centralvarme med én fyringsenhed,/adresse/ved-kagsaa-2b-2860-soeborg-01590956__2b_______,45.0,Fibercement herunder asbest,1.0,https://www.boligsiden.dk/adresse/ved-kagsaa-2b-2860-soeborg-01590956__2b_______,Betonelementer,Ikke oplyst,1,F152
mosevej-12-2635-ishoej-01830480__12_______,Mosevej 12,2635.0,Villa,Tvangsauktion,20-03-2014,3500000.0,2,Ishøj,Centralvarme med én fyringsenhed,/adresse/mosevej-12-2635-ishoej-01830480__12_______,150.0,Tegl,4.0,https://www.boligsiden.dk/adresse/mosevej-12-2635-ishoej-01830480__12_______,Mursten,158.25,1,F153
tvaervej-22-1-tv-2640-hedehusene-01698878__22__1__tv,"Tværvej 22, 1. tv.",2640.0,Ejerlejlighed,Tvangsauktion,11-03-2014,3700000.0,3,Hedehusene,Fjernvarme/blokvarme,/adresse/tvaervej-22-1-tv-2640-hedehusene-01698878__22__1__tv,95.0,Tagpap med stor hældning,3.0,https://www.boligsiden.dk/adresse/tvaervej-22-1-tv-2640-hedehusene-01698878__22__1__tv,Mursten,Ikke oplyst,1,F154
tvaervej-22-1-tv-2640-hedehusene-01698878__22__1__tv,"Tværvej 22, 1. tv.",2640.0,Ejerlejlighed,Tvangsauktion,01-06-2010,5150000.0,3,Hedehusene,Fjernvarme/blokvarme,/adresse/tvaervej-22-1-tv-2640-hedehusene-01698878__22__1__tv,95.0,Tagpap med stor hældning,3.0,https://www.boligsiden.dk/adresse/tvaervej-22-1-tv-2640-hedehusene-01698878__22__1__tv,Mursten,Ikke oplyst,1,F155
tvaervej-22-1-th-2640-hedehusene-01698878__22__1__th,"Tværvej 22, 1. th.",2640.0,Ejerlejlighed,Tvangsauktion,11-03-2014,3700000.0,3,Hedehusene,Fjernvarme/blokvarme,/adresse/tvaervej-22-1-th-2640-hedehusene-01698878__22__1__th,95.0,Tagpap med stor hældning,3.0,https://www.boligsiden.dk/adresse/tvaervej-22-1-th-2640-hedehusene-01698878__22__1__th,Mursten,Ikke oplyst,1,F156
tvaervej-22-1-th-2640-hedehusene-01698878__22__1__th,"Tværvej 22, 1. th.",2640.0,Ejerlejlighed,Tvangsauktion,01-06-2010,5150000.0,3,Hedehusene,Fjernvarme/blokvarme,/adresse/tvaervej-22-1-th-2640-hedehusene-01698878__22__1__th,95.0,Tagpap med stor hældning,3.0,https://www.boligsiden.dk/adresse/tvaervej-22-1-th-2640-hedehusene-01698878__22__1__th,Mursten,Ikke oplyst,1,F157
spaden-c-4-0-3-2630-taastrup-01697428___4_st___3,"Spaden C 4, st. 3.",2630.0,Ejerlejlighed,Tvangsauktion,04-03-2014,445000.0,3,Taastrup,Fjernvarme/blokvarme,/adresse/spaden-c-4-0-3-2630-taastrup-01697428___4_st___3,57.0,Tagpap med lille hældning,2.0,https://www.boligsiden.dk/adresse/spaden-c-4-0-3-2630-taastrup-01697428___4_st___3,Betonelementer,Ikke oplyst,1,F158
greve-alle-57-2650-hvidovre-01672957__57_______,Greve Alle 57,2650.0,Villa,Tvangsauktion,25-02-2014,2870000.0,3,Hvidovre,Fjernvarme/blokvarme,/adresse/greve-alle-57-2650-hvidovre-01672957__57_______,117.0,Tegl,5.0,https://www.boligsiden.dk/adresse/greve-alle-57-2650-hvidovre-01672957__57_______,Mursten,151.3,1,F159
egholmsvej-5f-2830-virum-01730187__5f_______,Egholmsvej 5F,2830.0,Rækkehus,Tvangsauktion,21-02-2014,4786000.0,2,Virum,Varmepumpe,/adresse/egholmsvej-5f-2830-virum-01730187__5f_______,212.0,Tegl,5.0,https://www.boligsiden.dk/adresse/egholmsvej-5f-2830-virum-01730187__5f_______,Mursten,Ikke oplyst,1,F160
vejledalen-80-0-mf-2635-ishoej-01830854__80_st__mf,"Vejledalen 80, st. mf.",2635.0,Ejerlejlighed,Tvangsauktion,18-02-2014,325100.0,3,Ishøj,Fjernvarme/blokvarme,/adresse/vejledalen-80-0-mf-2635-ishoej-01830854__80_st__mf,44.0,Tagpap med lille hældning,1.0,https://www.boligsiden.dk/adresse/vejledalen-80-0-mf-2635-ishoej-01830854__80_st__mf,Betonelementer,Ikke oplyst,1,F161
smedeengen-8-2635-ishoej-01830600___8_______,Smedeengen 8,2635.0,Rækkehus,Tvangsauktion,18-02-2014,1401000.0,1,Ishøj,Elvarme,/adresse/smedeengen-8-2635-ishoej-01830600___8_______,103.0,Tegl,4.0,https://www.boligsiden.dk/adresse/smedeengen-8-2635-ishoej-01830600___8_______,Mursten,105,1,F162
smakkegaardsvej-161-1-th-2820-gentofte-01570753_161__1__th,"Smakkegårdsvej 161, 1. th.",2820.0,Ejerlejlighed,Tvangsauktion,15-01-2014,1116000.0,3,Gentofte,Fjernvarme/blokvarme,/adresse/smakkegaardsvej-161-1-th-2820-gentofte-01570753_161__1__th,67.0,Tagpap med stor hældning,2.0,https://www.boligsiden.dk/adresse/smakkegaardsvej-161-1-th-2820-gentofte-01570753_161__1__th,Mursten,Ikke oplyst,1,F163
vejlegaardsparken-2-0-2-2665-vallensbaek-strand-01879267___2_st___2,"Vejlegårdsparken 2, st. 2.",2665.0,Ejerlejlighed,Tvangsauktion,15-01-2014,811211.0,3,Vallensbæk Strand,Fjernvarme/blokvarme,/adresse/vejlegaardsparken-2-0-2-2665-vallensbaek-strand-01879267___2_st___2,88.0,Tagpap med lille hældning,3.0,https://www.boligsiden.dk/adresse/vejlegaardsparken-2-0-2-2665-vallensbaek-strand-01879267___2_st___2,Betonelementer,Ikke oplyst,1,F164
holmelins-tvaervej-8c-1-tv-2800-kongens-lyngby-01730347__8c__1__tv,"Holmelins Tværvej 8C, 1. tv.",2800.0,Ejerlejlighed,Tvangsauktion,10-01-2014,601200.0,3,Kongens Lyngby,Fjernvarme/blokvarme,/adresse/holmelins-tvaervej-8c-1-tv-2800-kongens-lyngby-01730347__8c__1__tv,52.0,Tegl,2.0,https://www.boligsiden.dk/adresse/holmelins-tvaervej-8c-1-tv-2800-kongens-lyngby-01730347__8c__1__tv,Mursten,Ikke oplyst,1,F165
espensstraede-10-2620-albertslund-01650095__10_______,Espensstræde 10,2620.0,Ejerlejlighed,Tvangsauktion,06-01-2014,1977000.0,3,Albertslund,Fjernvarme/blokvarme,/adresse/espensstraede-10-2620-albertslund-01650095__10_______,136.0,Fibercement herunder asbest,3.0,https://www.boligsiden.dk/adresse/espensstraede-10-2620-albertslund-01650095__10_______,Mursten,Ikke oplyst,1,F166
reerslevvej-11-2640-hedehusene-01696118__11_______,Reerslevvej 11,2640.0,Villa,Tvangsauktion,28-11-2013,1950000.0,3,,,,,,,,,,1,F167
reerslevvej-11-2640-hedehusene-01696118__11_______,Reerslevvej 11,2640.0,Villa,Tvangsauktion,28-11-2013,1950000.0,3,,,,,,,,,,1,F168
gammelgaards-alle-7-0-3-2665-vallensbaek-strand-01871704___7_st___3,"Gammelgårds Alle 7, st. 3.",2665.0,Ejerlejlighed,Tvangsauktion,09-11-2013,462000.0,3,Vallensbæk Strand,Fjernvarme/blokvarme,/adresse/gammelgaards-alle-7-0-3-2665-vallensbaek-strand-01871704___7_st___3,49.0,Tagpap med lille hældning,2.0,https://www.boligsiden.dk/adresse/gammelgaards-alle-7-0-3-2665-vallensbaek-strand-01871704___7_st___3,Betonelementer,Ikke oplyst,1,F169
molndalsparken-24-2620-albertslund-01650328__24_______,Mölndalsparken 24,2620.0,Ejerlejlighed,Tvangsauktion,05-11-2013,1100000.0,3,Albertslund,Fjernvarme/blokvarme,/adresse/molndalsparken-24-2620-albertslund-01650328__24_______,61.0,Betontagsten,2.0,https://www.boligsiden.dk/adresse/molndalsparken-24-2620-albertslund-01650328__24_______,Mursten,Ikke oplyst,1,F170
selma-lagerloefs-alle-7-1-tv-2860-soeborg-01590734___7__1__tv,"Selma Lagerløfs Alle 7, 1. tv.",2860.0,Ejerlejlighed,Tvangsauktion,28-10-2013,470000.0,3,Søborg,Fjernvarme/blokvarme,/adresse/selma-lagerloefs-alle-7-1-tv-2860-soeborg-01590734___7__1__tv,38.0,Fibercement herunder asbest,2.0,https://www.boligsiden.dk/adresse/selma-lagerloefs-alle-7-1-tv-2860-soeborg-01590734___7__1__tv,Mursten,Ikke oplyst,1,F171
leen-b-2-3-2-2630-taastrup-01694316___2__3___2,"Leen B 2, 3. 2.",2630.0,Ejerlejlighed,Tvangsauktion,22-10-2013,1180000.0,3,Taastrup,Fjernvarme/blokvarme,/adresse/leen-b-2-3-2-2630-taastrup-01694316___2__3___2,98.0,Tagpap med lille hældning,4.0,https://www.boligsiden.dk/adresse/leen-b-2-3-2-2630-taastrup-01694316___2__3___2,Betonelementer,Ikke oplyst,1,F172
marbaek-park-2-1-3-2750-ballerup-01510622___2__1___3,"Marbæk Park 2, 1. 3.",2750.0,Ejerlejlighed,Tvangsauktion,16-10-2013,1600000.0,2,Ballerup,Fjernvarme/blokvarme,/adresse/marbaek-park-2-1-3-2750-ballerup-01510622___2__1___3,77.0,Tagpap med stor hældning,2.0,https://www.boligsiden.dk/adresse/marbaek-park-2-1-3-2750-ballerup-01510622___2__1___3,Mursten,Ikke oplyst,1,F173
stroemsvej-14-2630-taastrup-01697754__14_______,Strømsvej 14,2630.0,Fritidsbolig,Tvangsauktion,30-09-2013,520000.0,3,Taastrup,Elvarme,/adresse/stroemsvej-14-2630-taastrup-01697754__14_______,105.0,Tagpap med stor hældning,3.0,https://www.boligsiden.dk/adresse/stroemsvej-14-2630-taastrup-01697754__14_______,Træ,118.65,1,F174
buddingevej-297-0-tv-2860-soeborg-01590088_297_st__tv,"Buddingevej 297, st. tv.",2860.0,Ejerlejlighed,Tvangsauktion,30-09-2013,880000.0,3,,,,,,,,,,1,F175
leen-a-3-2-1-2630-taastrup-01694314___3__2___1,"Leen A 3, 2. 1.",2630.0,Ejerlejlighed,Tvangsauktion,30-09-2013,546500.0,3,Taastrup,Fjernvarme/blokvarme,/adresse/leen-a-3-2-1-2630-taastrup-01694314___3__2___1,57.0,Tagpap med lille hældning,2.0,https://www.boligsiden.dk/adresse/leen-a-3-2-1-2630-taastrup-01694314___3__2___1,Betonelementer,Ikke oplyst,1,F176
roedvig-alle-6a-2650-hvidovre-01677019__6a_______,Rødvig Alle 6A,2650.0,Rækkehus,Tvangsauktion,23-09-2013,2695000.0,2,Hvidovre,Centralvarme med én fyringsenhed,/adresse/roedvig-alle-6a-2650-hvidovre-01677019__6a_______,74.0,Tagpap med stor hældning,3.0,https://www.boligsiden.dk/adresse/roedvig-alle-6a-2650-hvidovre-01677019__6a_______,Mursten,103.6,1,F177
vejlebrovej-85-1-140-2635-ishoej-01830850__85__1_140,"Vejlebrovej 85, 1. 140.",2635.0,Ejerlejlighed,Tvangsauktion,16-09-2013,1218000.0,1,Ishøj,Fjernvarme/blokvarme,/adresse/vejlebrovej-85-1-140-2635-ishoej-01830850__85__1_140,105.0,Tagpap med lille hældning,4.0,https://www.boligsiden.dk/adresse/vejlebrovej-85-1-140-2635-ishoej-01830850__85__1_140,Mursten,Ikke oplyst,1,F178
hammeren-31-2-185-2630-taastrup-01692530__31__2_185,"Hammeren 31, 2. 185.",2630.0,Ejerlejlighed,Tvangsauktion,26-08-2013,895000.0,3,Taastrup,Fjernvarme/blokvarme,/adresse/hammeren-31-2-185-2630-taastrup-01692530__31__2_185,71.0,Tagpap med lille hældning,2.0,https://www.boligsiden.dk/adresse/hammeren-31-2-185-2630-taastrup-01692530__31__2_185,Betonelementer,Ikke oplyst,1,F179
kratvaenget-21-2920-charlottenlund-01570486__21_______,Kratvænget 21,2920.0,Villa,Tvangsauktion,07-08-2013,7595073.0,3,Charlottenlund,Fjernvarme/blokvarme,/adresse/kratvaenget-21-2920-charlottenlund-01570486__21_______,227.0,Tagpap med stor hældning,7.0,https://www.boligsiden.dk/adresse/kratvaenget-21-2920-charlottenlund-01570486__21_______,Mursten,276.6,1,F180
vejlebrovej-62-3-mf-2635-ishoej-01830850__62__3__mf,"Vejlebrovej 62, 3. mf.",2635.0,Ejerlejlighed,Tvangsauktion,05-08-2013,373500.0,3,Ishøj,Fjernvarme/blokvarme,/adresse/vejlebrovej-62-3-mf-2635-ishoej-01830850__62__3__mf,36.0,Tagpap med lille hældning,1.0,https://www.boligsiden.dk/adresse/vejlebrovej-62-3-mf-2635-ishoej-01830850__62__3__mf,Betonelementer,Ikke oplyst,1,F181
augustvej-50-2860-soeborg-01590033__50_______,Augustvej 50,2860.0,Villa,Tvangsauktion,29-07-2013,2000000.0,2,Søborg,Centralvarme med én fyringsenhed,/adresse/augustvej-50-2860-soeborg-01590033__50_______,74.0,Tegl,3.0,https://www.boligsiden.dk/adresse/augustvej-50-2860-soeborg-01590033__50_______,Mursten,78.5,1,F182
refmosevej-8-2640-hedehusene-01696199___8_______,Refmosevej 8,2640.0,Villa,Tvangsauktion,09-07-2013,1900000.0,3,Hedehusene,Fjernvarme/blokvarme,/adresse/refmosevej-8-2640-hedehusene-01696199___8_______,118.0,Fibercement herunder asbest,4.0,https://www.boligsiden.dk/adresse/refmosevej-8-2640-hedehusene-01696199___8_______,Mursten,169.15,1,F183
virum-stationsvej-141b-1-tv-2830-virum-01730869141b__1__tv,"Virum Stationsvej 141B, 1. tv.",2830.0,Ejerlejlighed,Tvangsauktion,05-07-2013,279000.0,3,Virum,Centralvarme med én fyringsenhed,/adresse/virum-stationsvej-141b-1-tv-2830-virum-01730869141b__1__tv,50.0,Fibercement herunder asbest,1.0,https://www.boligsiden.dk/adresse/virum-stationsvej-141b-1-tv-2830-virum-01730869141b__1__tv,Mursten,Ikke oplyst,1,F184
mandholmen-12-2650-hvidovre-01675645__12_______,Mandholmen 12,2650.0,Rækkehus,Tvangsauktion,03-07-2013,1678642.0,2,Hvidovre,Centralvarme med én fyringsenhed,/adresse/mandholmen-12-2650-hvidovre-01675645__12_______,121.0,Tegl,5.0,https://www.boligsiden.dk/adresse/mandholmen-12-2650-hvidovre-01675645__12_______,Mursten,149.4,1,F185
roskildevej-378-0-1-2630-taastrup-01696362_378_st___1,"Roskildevej 378, st. 1.",2630.0,Ejerlejlighed,Tvangsauktion,02-07-2013,442758.0,3,Taastrup,Fjernvarme/blokvarme,/adresse/roskildevej-378-0-1-2630-taastrup-01696362_378_st___1,49.0,Fibercement herunder asbest,2.0,https://www.boligsiden.dk/adresse/roskildevej-378-0-1-2630-taastrup-01696362_378_st___1,Mursten,Ikke oplyst,1,F186
lyngevej-16-2640-hedehusene-01694683__16_______,Lyngevej 16,2640.0,Villa,Tvangsauktion,19-06-2013,2000000.0,1,,,,,,,,,,1,F187
slotsvej-79-2920-charlottenlund-01570750__79_______,Slotsvej 79,2920.0,Villa,Tvangsauktion,19-06-2013,4850000.0,1,Charlottenlund,Centralvarme med én fyringsenhed,/adresse/slotsvej-79-2920-charlottenlund-01570750__79_______,183.0,Fibercement herunder asbest,4.0,https://www.boligsiden.dk/adresse/slotsvej-79-2920-charlottenlund-01570750__79_______,Træ,192.8,1,F188
daglykkevej-6-2650-hvidovre-01671523___6_______,Daglykkevej 6,2650.0,Villa,Tvangsauktion,18-06-2013,4000000.0,2,Hvidovre,Centralvarme med én fyringsenhed,/adresse/daglykkevej-6-2650-hvidovre-01671523___6_______,116.0,Fibercement herunder asbest,6.0,https://www.boligsiden.dk/adresse/daglykkevej-6-2650-hvidovre-01671523___6_______,Mursten,142.65,1,F189
taastrup-have-30-0-th-2630-taastrup-01698960__30_st__th,"Taastrup Have 30, st. th.",2630.0,Ejerlejlighed,Tvangsauktion,12-06-2013,455000.0,3,Taastrup,Fjernvarme/blokvarme,/adresse/taastrup-have-30-0-th-2630-taastrup-01698960__30_st__th,57.0,Fibercement herunder asbest,2.0,https://www.boligsiden.dk/adresse/taastrup-have-30-0-th-2630-taastrup-01698960__30_st__th,Mursten,Ikke oplyst,1,F190
saksen-c-4-2-4-2630-taastrup-01696640___4__2___4,"Saksen C 4, 2. 4.",2630.0,Ejerlejlighed,Tvangsauktion,12-06-2013,745000.0,2,Taastrup,Fjernvarme/blokvarme,/adresse/saksen-c-4-2-4-2630-taastrup-01696640___4__2___4,57.0,Tagpap med lille hældning,2.0,https://www.boligsiden.dk/adresse/saksen-c-4-2-4-2630-taastrup-01696640___4__2___4,Betonelementer,Ikke oplyst,1,F191
koegevej-200-2635-ishoej-01830380_200_______,Køgevej 200,2635.0,Villa,Tvangsauktion,04-06-2013,420000.0,2,,,,,,,,,,1,F192
vandmestervej-32b-2630-taastrup-01699122_32b_______,Vandmestervej 32B,2630.0,Villa,Tvangsauktion,22-04-2013,4100000.0,2,,,,,,,,,,1,F193
bueparken-12-2750-ballerup-01510054__12_______,Bueparken 12,2750.0,Villa,Tvangsauktion,17-04-2013,2171033.0,3,Ballerup,Centralvarme med én fyringsenhed,/adresse/bueparken-12-2750-ballerup-01510054__12_______,160.0,Fibercement herunder asbest,5.0,https://www.boligsiden.dk/adresse/bueparken-12-2750-ballerup-01510054__12_______,Mursten,199.15,1,F194
lindevang-12-2660-broendby-strand-01530386__12_______,Lindevang 12,2660.0,Villa,Tvangsauktion,16-04-2013,2150000.0,3,Brøndby Strand,Varmepumpe,/adresse/lindevang-12-2660-broendby-strand-01530386__12_______,250.0,Tegl,8.0,https://www.boligsiden.dk/adresse/lindevang-12-2660-broendby-strand-01530386__12_______,Letbetonsten,254.5,1,F195
soeborg-hovedgade-14-0-tv-2870-dyssegaard-01570821__14_st__tv,"Søborg Hovedgade 14, st. tv.",2870.0,Ejerlejlighed,Tvangsauktion,10-04-2013,1250000.0,2,Dyssegård,Fjernvarme/blokvarme,/adresse/soeborg-hovedgade-14-0-tv-2870-dyssegaard-01570821__14_st__tv,40.0,Fibercement herunder asbest,2.0,https://www.boligsiden.dk/adresse/soeborg-hovedgade-14-0-tv-2870-dyssegaard-01570821__14_st__tv,Mursten,Ikke oplyst,1,F196
gammel-koege-landevej-516-2650-hvidovre-01672807_516_______,Gammel Køge Landevej 516,2650.0,Villa,Tvangsauktion,09-04-2013,2000000.0,3,Hvidovre,Centralvarme med én fyringsenhed,/adresse/gammel-koege-landevej-516-2650-hvidovre-01672807_516_______,124.0,Betontagsten,4.0,https://www.boligsiden.dk/adresse/gammel-koege-landevej-516-2650-hvidovre-01672807_516_______,Mursten,126.3,1,F197
ishoej-bygade-90-2635-ishoej-01830290__90_______,Ishøj Bygade 90,2635.0,Villa,Tvangsauktion,08-04-2013,500000.0,1,Ishøj,Varmepumpe,/adresse/ishoej-bygade-90-2635-ishoej-01830290__90_______,120.0,Tegl,4.0,https://www.boligsiden.dk/adresse/ishoej-bygade-90-2635-ishoej-01830290__90_______,Mursten,133.8,1,F198
kraghave-parkvej-10-2630-taastrup-01694060__10_______,Kraghave Parkvej 10,2630.0,Villa,Tvangsauktion,20-03-2013,2750000.0,3,Taastrup,Centralvarme med én fyringsenhed,/adresse/kraghave-parkvej-10-2630-taastrup-01694060__10_______,176.0,Betontagsten,5.0,https://www.boligsiden.dk/adresse/kraghave-parkvej-10-2630-taastrup-01694060__10_______,Mursten,183,1,F199
leen-c-1-0-2-2630-taastrup-01694318___1_st___2,"Leen C 1, st. 2.",2630.0,Ejerlejlighed,Tvangsauktion,11-03-2013,162500.0,3,Taastrup,Fjernvarme/blokvarme,/adresse/leen-c-1-0-2-2630-taastrup-01694318___1_st___2,36.0,Tagpap med lille hældning,1.0,https://www.boligsiden.dk/adresse/leen-c-1-0-2-2630-taastrup-01694318___1_st___2,Betonelementer,Ikke oplyst,1,F200
vejlebrovej-114-2-tv-2635-ishoej-01830850_114__2__tv,"Vejlebrovej 114, 2. tv.",2635.0,Ejerlejlighed,Tvangsauktion,06-03-2013,630000.0,3,Ishøj,Fjernvarme/blokvarme,/adresse/vejlebrovej-114-2-tv-2635-ishoej-01830850_114__2__tv,76.0,Tagpap med lille hældning,2.0,https://www.boligsiden.dk/adresse/vejlebrovej-114-2-tv-2635-ishoej-01830850_114__2__tv,Betonelementer,Ikke oplyst,1,F201
kratkrogen-3-2920-charlottenlund-01570485___3_______,Kratkrogen 3,2920.0,Villa,Tvangsauktion,05-03-2013,8267300.0,3,Charlottenlund,Centralvarme med én fyringsenhed,/adresse/kratkrogen-3-2920-charlottenlund-01570485___3_______,200.0,Betontagsten,5.0,https://www.boligsiden.dk/adresse/kratkrogen-3-2920-charlottenlund-01570485___3_______,Mursten,253.45,1,F202
saven-a-2-2-1-2630-taastrup-01696690___2__2___1,"Saven A 2, 2. 1.",2630.0,Ejerlejlighed,Tvangsauktion,04-03-2013,640000.0,2,Taastrup,Fjernvarme/blokvarme,/adresse/saven-a-2-2-1-2630-taastrup-01696690___2__2___1,57.0,Tagpap med lille hældning,2.0,https://www.boligsiden.dk/adresse/saven-a-2-2-1-2630-taastrup-01696690___2__2___1,Betonelementer,Ikke oplyst,1,F203
tavlebakkevej-4-2605-broendby-01530691___4_______,Tavlebakkevej 4,2605.0,Villa,Tvangsauktion,26-02-2013,1859000.0,3,Brøndby,Fjernvarme/blokvarme,/adresse/tavlebakkevej-4-2605-broendby-01530691___4_______,141.0,Tegl,5.0,https://www.boligsiden.dk/adresse/tavlebakkevej-4-2605-broendby-01530691___4_______,Mursten,139.5,1,F204
nordre-ringvej-5-2-th-2600-glostrup-01610358___5__2__th,"Nordre Ringvej 5, 2. th.",2600.0,Ejerlejlighed,Tvangsauktion,25-02-2013,450000.0,2,Glostrup,Fjernvarme/blokvarme,/adresse/nordre-ringvej-5-2-th-2600-glostrup-01610358___5__2__th,68.0,Tegl,3.0,https://www.boligsiden.dk/adresse/nordre-ringvej-5-2-th-2600-glostrup-01610358___5__2__th,Mursten,Ikke oplyst,1,F205
jernbane-alle-51a-2630-taastrup-01693546_51a_______,Jernbane Alle 51A,2630.0,Villa,Tvangsauktion,28-01-2013,1065141.0,2,Taastrup,Fjernvarme/blokvarme,/adresse/jernbane-alle-51a-2630-taastrup-01693546_51a_______,145.0,Betontagsten,5.0,https://www.boligsiden.dk/adresse/jernbane-alle-51a-2630-taastrup-01693546_51a_______,Træ,148.25,1,F206
topperne-28-0-4-2620-albertslund-01650532__28_st___4,"Topperne 28, st. 4.",2620.0,Ejerlejlighed,Tvangsauktion,22-01-2013,486800.0,3,Albertslund,Fjernvarme/blokvarme,/adresse/topperne-28-0-4-2620-albertslund-01650532__28_st___4,49.0,Fibercement herunder asbest,2.0,https://www.boligsiden.dk/adresse/topperne-28-0-4-2620-albertslund-01650532__28_st___4,Betonelementer,Ikke oplyst,1,F207
merlegaardsvej-6-2635-ishoej-01830460___6_______,Merlegårdsvej 6,2635.0,Villa,Tvangsauktion,15-01-2013,2125000.0,3,Ishøj,Varmepumpe,/adresse/merlegaardsvej-6-2635-ishoej-01830460___6_______,265.0,Betontagsten,6.0,https://www.boligsiden.dk/adresse/merlegaardsvej-6-2635-ishoej-01830460___6_______,Mursten,284.5,1,F208
gjoerdingvej-10-2760-maaloev-01510736__10_______,Gjørdingvej 10,2760.0,Villa,Tvangsauktion,08-01-2013,2350000.0,3,Måløv,Centralvarme med én fyringsenhed,/adresse/gjoerdingvej-10-2760-maaloev-01510736__10_______,160.0,Fibercement herunder asbest,5.0,https://www.boligsiden.dk/adresse/gjoerdingvej-10-2760-maaloev-01510736__10_______,Mursten,167.4,1,F209
ejgaardsvej-22--1-th-2920-charlottenlund-01570175__22_kl__th,"Ejgårdsvej 22, kl. th.",2920.0,Ejerlejlighed,Tvangsauktion,08-01-2013,650000.0,2,Charlottenlund,Fjernvarme/blokvarme,/adresse/ejgaardsvej-22--1-th-2920-charlottenlund-01570175__22_kl__th,61.0,Fibercement herunder asbest,2.0,https://www.boligsiden.dk/adresse/ejgaardsvej-22--1-th-2920-charlottenlund-01570175__22_kl__th,Mursten,Ikke oplyst,1,F210
hyldemorsvej-40a-2730-herlev-01633397_40a_______,Hyldemorsvej 40A,2730.0,Villa,Tvangsauktion,07-01-2013,1112800.0,2,Herlev,Centralvarme med én fyringsenhed,/adresse/hyldemorsvej-40a-2730-herlev-01633397_40a_______,84.0,Fibercement herunder asbest,3.0,https://www.boligsiden.dk/adresse/hyldemorsvej-40a-2730-herlev-01633397_40a_______,Mursten,123.6,1,F211
broendbyvestervej-60a-1-2-2605-broendby-01530071_60a__1___2,"Brøndbyvestervej 60A, 1. 2.",2605.0,Ejerlejlighed,Tvangsauktion,18-12-2012,448447.0,3,Brøndby,Fjernvarme/blokvarme,/adresse/broendbyvestervej-60a-1-2-2605-broendby-01530071_60a__1___2,46.0,Metal,1.0,https://www.boligsiden.dk/adresse/broendbyvestervej-60a-1-2-2605-broendby-01530071_60a__1___2,Mursten,Ikke oplyst,1,F212
lille-bygade-11-2635-ishoej-01830400__11_______,Lille Bygade 11,2635.0,Villa,Tvangsauktion,18-12-2012,1055000.0,3,Ishøj,Centralvarme med én fyringsenhed,/adresse/lille-bygade-11-2635-ishoej-01830400__11_______,95.0,Metal,4.0,https://www.boligsiden.dk/adresse/lille-bygade-11-2635-ishoej-01830400__11_______,Mursten,106.5,1,F213
parcelvej-111-2830-virum-01730640_111_______,Parcelvej 111,2830.0,Villa,Tvangsauktion,12-12-2012,5405000.0,3,Virum,Centralvarme med to fyringsenheder,/adresse/parcelvej-111-2830-virum-01730640_111_______,199.0,Betontagsten,6.0,https://www.boligsiden.dk/adresse/parcelvej-111-2830-virum-01730640_111_______,Træ,256.5,1,F214
plantevej-23-2-th-2870-dyssegaard-01570631__23__2__th,"Plantevej 23, 2. th.",2870.0,Ejerlejlighed,Tvangsauktion,12-12-2012,590000.0,3,Dyssegård,Fjernvarme/blokvarme,/adresse/plantevej-23-2-th-2870-dyssegaard-01570631__23__2__th,57.0,Tagpap med stor hældning,2.0,https://www.boligsiden.dk/adresse/plantevej-23-2-th-2870-dyssegaard-01570631__23__2__th,Mursten,Ikke oplyst,1,F215
natsvaermervej-50-2610-roedovre-01750017__50_______,Natsværmervej 50,2610.0,Villa,Tvangsauktion,12-12-2012,2300000.0,3,Rødovre,Centralvarme med én fyringsenhed,/adresse/natsvaermervej-50-2610-roedovre-01750017__50_______,70.0,Tegl,3.0,https://www.boligsiden.dk/adresse/natsvaermervej-50-2610-roedovre-01750017__50_______,Mursten,72.75,1,F216
roskildevej-346-2630-taastrup-01696362_346_______,Roskildevej 346,2630.0,Rækkehus,Tvangsauktion,11-12-2012,1044331.0,3,Taastrup,Centralvarme med én fyringsenhed,/adresse/roskildevej-346-2630-taastrup-01696362_346_______,131.0,Tegl,3.0,https://www.boligsiden.dk/adresse/roskildevej-346-2630-taastrup-01696362_346_______,Mursten,133.5,1,F217
leen-b-1-3-1-2630-taastrup-01694316___1__3___1,"Leen B 1, 3. 1.",2630.0,Ejerlejlighed,Tvangsauktion,05-12-2012,315000.0,3,Taastrup,Fjernvarme/blokvarme,/adresse/leen-b-1-3-1-2630-taastrup-01694316___1__3___1,35.0,Tagpap med lille hældning,1.0,https://www.boligsiden.dk/adresse/leen-b-1-3-1-2630-taastrup-01694316___1__3___1,Betonelementer,Ikke oplyst,1,F218
rybjerg-alle-84-2860-soeborg-01590702__84_______,Rybjerg Alle 84,2860.0,Villa,Tvangsauktion,04-12-2012,2200000.0,3,Søborg,Fjernvarme/blokvarme,/adresse/rybjerg-alle-84-2860-soeborg-01590702__84_______,124.0,Tegl,3.0,https://www.boligsiden.dk/adresse/rybjerg-alle-84-2860-soeborg-01590702__84_______,Mursten,129,1,F219
gyngemose-parkvej-59-1-tv-2860-soeborg-01590259__59__1__tv,"Gyngemose Parkvej 59, 1. tv.",2860.0,Ejerlejlighed,Tvangsauktion,27-11-2012,1090000.0,1,Søborg,Fjernvarme/blokvarme,/adresse/gyngemose-parkvej-59-1-tv-2860-soeborg-01590259__59__1__tv,85.0,Tagpap med lille hældning,4.0,https://www.boligsiden.dk/adresse/gyngemose-parkvej-59-1-tv-2860-soeborg-01590259__59__1__tv,Mursten,Ikke oplyst,1,F220
hvidovrevej-180-1-115-2650-hvidovre-01674032_180__1_115,"Hvidovrevej 180, 1. 115.",2650.0,Ejerlejlighed,Tvangsauktion,30-10-2012,404000.0,3,Hvidovre,Fjernvarme/blokvarme,/adresse/hvidovrevej-180-1-115-2650-hvidovre-01674032_180__1_115,47.0,Tagpap med lille hældning,1.0,https://www.boligsiden.dk/adresse/hvidovrevej-180-1-115-2650-hvidovre-01674032_180__1_115,Mursten,Ikke oplyst,1,F221
albertslundvej-87-0-tv-2625-vallensbaek-01870106__87_st__tv,"Albertslundvej 87, st. tv.",2625.0,Ejerlejlighed,Tvangsauktion,30-10-2012,622000.0,3,Vallensbæk,Fjernvarme/blokvarme,/adresse/albertslundvej-87-0-tv-2625-vallensbaek-01870106__87_st__tv,107.0,Tagpap med lille hældning,4.0,https://www.boligsiden.dk/adresse/albertslundvej-87-0-tv-2625-vallensbaek-01870106__87_st__tv,Mursten,Ikke oplyst,1,F222
saven-d-3-1-1-2630-taastrup-01696696___3__1___1,"Saven D 3, 1. 1.",2630.0,Ejerlejlighed,Tvangsauktion,22-10-2012,410000.0,3,Taastrup,Fjernvarme/blokvarme,/adresse/saven-d-3-1-1-2630-taastrup-01696696___3__1___1,57.0,Tagpap med lille hældning,2.0,https://www.boligsiden.dk/adresse/saven-d-3-1-1-2630-taastrup-01696696___3__1___1,Betonelementer,Ikke oplyst,1,F223
tjaereborgvej-33-2760-maaloev-01510803__33_______,Tjæreborgvej 33,2760.0,Villa,Tvangsauktion,25-09-2012,1275000.0,1,Måløv,Centralvarme med én fyringsenhed,/adresse/tjaereborgvej-33-2760-maaloev-01510803__33_______,195.0,Tegl,5.0,https://www.boligsiden.dk/adresse/tjaereborgvej-33-2760-maaloev-01510803__33_______,Mursten,199.1,1,F224
parkvej-153-1-th-2630-taastrup-01695738_153__1__th,"Parkvej 153, 1. th.",2630.0,Ejerlejlighed,Tvangsauktion,24-09-2012,1045000.0,3,Taastrup,Fjernvarme/blokvarme,/adresse/parkvej-153-1-th-2630-taastrup-01695738_153__1__th,76.0,Betontagsten,2.0,https://www.boligsiden.dk/adresse/parkvej-153-1-th-2630-taastrup-01695738_153__1__th,Mursten,Ikke oplyst,1,F225
jernbanevej-6-1-a-2800-kongens-lyngby-01730387___6__1___a,"Jernbanevej 6, 1. a.",2800.0,Ejerlejlighed,Tvangsauktion,21-09-2012,2150000.0,3,Kongens Lyngby,Fjernvarme/blokvarme,/adresse/jernbanevej-6-1-a-2800-kongens-lyngby-01730387___6__1___a,79.0,Fibercement uden asbest,2.0,https://www.boligsiden.dk/adresse/jernbanevej-6-1-a-2800-kongens-lyngby-01730387___6__1___a,Mursten,Ikke oplyst,1,F226
jernbanevej-6-1-a-2800-kongens-lyngby-01730387___6__1___a,"Jernbanevej 6, 1. a.",2800.0,Ejerlejlighed,Tvangsauktion,27-08-2009,2006604.0,3,Kongens Lyngby,Fjernvarme/blokvarme,/adresse/jernbanevej-6-1-a-2800-kongens-lyngby-01730387___6__1___a,79.0,Fibercement uden asbest,2.0,https://www.boligsiden.dk/adresse/jernbanevej-6-1-a-2800-kongens-lyngby-01730387___6__1___a,Mursten,Ikke oplyst,1,F227
platanhaven-91-2600-glostrup-01650362__91_______,Platanhaven 91,2600.0,Villa,Tvangsauktion,10-09-2012,2270000.0,1,Glostrup,Centralvarme med én fyringsenhed,/adresse/platanhaven-91-2600-glostrup-01650362__91_______,202.0,Tegl,4.0,https://www.boligsiden.dk/adresse/platanhaven-91-2600-glostrup-01650362__91_______,Mursten,219.6,1,F228
bagsvaerd-hovedgade-99-9-a-2880-bagsvaerd-01590039__99__9___a,"Bagsværd Hovedgade 99, 9. a.",2880.0,Ejerlejlighed,Tvangsauktion,29-08-2012,360000.0,3,Bagsværd,Fjernvarme/blokvarme,/adresse/bagsvaerd-hovedgade-99-9-a-2880-bagsvaerd-01590039__99__9___a,50.0,Tagpap med stor hældning,1.0,https://www.boligsiden.dk/adresse/bagsvaerd-hovedgade-99-9-a-2880-bagsvaerd-01590039__99__9___a,Betonelementer,Ikke oplyst,1,F229
roennevangshusene-57-2-tv-2630-taastrup-01696605__57__2__tv,"Rønnevangshusene 57, 2. tv.",2630.0,Ejerlejlighed,Tvangsauktion,27-08-2012,900000.0,3,Taastrup,Fjernvarme/blokvarme,/adresse/roennevangshusene-57-2-tv-2630-taastrup-01696605__57__2__tv,96.0,Betontagsten,4.0,https://www.boligsiden.dk/adresse/roennevangshusene-57-2-tv-2630-taastrup-01696605__57__2__tv,Mursten,Ikke oplyst,1,F230
exnersvej-48-2930-klampenborg-01570221__48_______,Exnersvej 48,2930.0,Villa,Tvangsauktion,22-08-2012,8800000.0,3,Klampenborg,Centralvarme med én fyringsenhed,/adresse/exnersvej-48-2930-klampenborg-01570221__48_______,288.0,Tegl,9.0,https://www.boligsiden.dk/adresse/exnersvej-48-2930-klampenborg-01570221__48_______,Mursten,347.2,1,F231
taastrup-have-5-0-tv-2630-taastrup-01698960___5_st__tv,"Taastrup Have 5, st. tv.",2630.0,Ejerlejlighed,Tvangsauktion,21-08-2012,550000.0,3,Taastrup,Fjernvarme/blokvarme,/adresse/taastrup-have-5-0-tv-2630-taastrup-01698960___5_st__tv,57.0,Fibercement herunder asbest,2.0,https://www.boligsiden.dk/adresse/taastrup-have-5-0-tv-2630-taastrup-01698960___5_st__tv,Mursten,Ikke oplyst,1,F232
ulrikkenborg-alle-39-2-mf-2800-kongens-lyngby-01730831__39__2__mf,"Ulrikkenborg Alle 39, 2. mf.",2800.0,Ejerlejlighed,Tvangsauktion,15-08-2012,590000.0,3,Kongens Lyngby,Fjernvarme/blokvarme,/adresse/ulrikkenborg-alle-39-2-mf-2800-kongens-lyngby-01730831__39__2__mf,45.0,Tagpap med stor hældning,1.0,https://www.boligsiden.dk/adresse/ulrikkenborg-alle-39-2-mf-2800-kongens-lyngby-01730831__39__2__mf,Mursten,Ikke oplyst,1,F233
vibeholms-vaenge-9-2635-ishoej-01830878___9_______,Vibeholms Vænge 9,2635.0,Villa,Tvangsauktion,23-07-2012,2325000.0,1,Ishøj,Centralvarme med én fyringsenhed,/adresse/vibeholms-vaenge-9-2635-ishoej-01830878___9_______,177.0,Fibercement herunder asbest,5.0,https://www.boligsiden.dk/adresse/vibeholms-vaenge-9-2635-ishoej-01830878___9_______,Mursten,179,1,F234
topperne-3-2-24-2620-albertslund-01650532___3__2__24,"Topperne 3, 2. 24.",2620.0,Ejerlejlighed,Tvangsauktion,17-07-2012,420000.0,3,Albertslund,Fjernvarme/blokvarme,/adresse/topperne-3-2-24-2620-albertslund-01650532___3__2__24,49.0,Fibercement herunder asbest,2.0,https://www.boligsiden.dk/adresse/topperne-3-2-24-2620-albertslund-01650532___3__2__24,Betonelementer,Ikke oplyst,1,F235
elverhoejen-1e-1-tv-2730-herlev-01631477__1e__1__tv,"Elverhøjen 1E, 1. tv.",2730.0,Ejerlejlighed,Tvangsauktion,11-07-2012,560000.0,3,Herlev,Fjernvarme/blokvarme,/adresse/elverhoejen-1e-1-tv-2730-herlev-01631477__1e__1__tv,56.0,Tegl,2.0,https://www.boligsiden.dk/adresse/elverhoejen-1e-1-tv-2730-herlev-01631477__1e__1__tv,Mursten,Ikke oplyst,1,F236
vejlegaardsparken-50-0-4-2665-vallensbaek-strand-01879267__50_st___4,"Vejlegårdsparken 50, st. 4.",2665.0,Ejerlejlighed,Tvangsauktion,10-07-2012,349000.0,3,Vallensbæk Strand,Fjernvarme/blokvarme,/adresse/vejlegaardsparken-50-0-4-2665-vallensbaek-strand-01879267__50_st___4,47.0,Tagpap med lille hældning,2.0,https://www.boligsiden.dk/adresse/vejlegaardsparken-50-0-4-2665-vallensbaek-strand-01879267__50_st___4,Betonelementer,Ikke oplyst,1,F237
tukshoejen-61-2730-herlev-01638617__61_______,Tukshøjen 61,2730.0,Villa,Tvangsauktion,09-07-2012,1580000.0,1,Herlev,Centralvarme med to fyringsenheder,/adresse/tukshoejen-61-2730-herlev-01638617__61_______,143.0,Andet materiale,4.0,https://www.boligsiden.dk/adresse/tukshoejen-61-2730-herlev-01638617__61_______,Mursten,179.9,1,F238
riggervej-15-2660-broendby-strand-01530536__15_______,Riggervej 15,2660.0,Villa,Tvangsauktion,19-06-2012,2195000.0,3,Brøndby Strand,Centralvarme med én fyringsenhed,/adresse/riggervej-15-2660-broendby-strand-01530536__15_______,132.0,Fibercement herunder asbest,5.0,https://www.boligsiden.dk/adresse/riggervej-15-2660-broendby-strand-01530536__15_______,Letbetonsten,149.25,1,F239
aldershvilevej-123-0-th-2880-bagsvaerd-01590009_123_st__th,"Aldershvilevej 123, st. th.",2880.0,Ejerlejlighed,Tvangsauktion,06-06-2012,380000.0,1,Bagsværd,Fjernvarme/blokvarme,/adresse/aldershvilevej-123-0-th-2880-bagsvaerd-01590009_123_st__th,37.0,Fibercement herunder asbest,1.0,https://www.boligsiden.dk/adresse/aldershvilevej-123-0-th-2880-bagsvaerd-01590009_123_st__th,Mursten,Ikke oplyst,1,F240
medelbyvej-60-2610-roedovre-01750555__60_______,Medelbyvej 60,2610.0,Villa,Tvangsauktion,30-05-2012,2640000.0,1,Rødovre,Centralvarme med én fyringsenhed,/adresse/medelbyvej-60-2610-roedovre-01750555__60_______,202.0,Fibercement herunder asbest,6.0,https://www.boligsiden.dk/adresse/medelbyvej-60-2610-roedovre-01750555__60_______,Mursten,202.1,1,F241
randvolden-11-2730-herlev-01636330__11_______,Randvolden 11,2730.0,Villa,Tvangsauktion,25-05-2012,2630000.0,2,Herlev,Centralvarme med én fyringsenhed,/adresse/randvolden-11-2730-herlev-01636330__11_______,153.0,Betontagsten,5.0,https://www.boligsiden.dk/adresse/randvolden-11-2730-herlev-01636330__11_______,Mursten,156.45,1,F242
skjeberg-alle-33-0-tv-2630-taastrup-01696800__33_st__tv,"Skjeberg Alle 33, st. tv.",2630.0,Ejerlejlighed,Tvangsauktion,23-05-2012,740000.0,2,Taastrup,Fjernvarme/blokvarme,/adresse/skjeberg-alle-33-0-tv-2630-taastrup-01696800__33_st__tv,75.0,Metal,2.0,https://www.boligsiden.dk/adresse/skjeberg-alle-33-0-tv-2630-taastrup-01696800__33_st__tv,Mursten,Ikke oplyst,1,F243
mosebyvej-48-0-2730-herlev-01635859__48_st____,"Mosebyvej 48, st.",2730.0,Villa,Tvangsauktion,23-05-2012,1325000.0,2,Herlev,Centralvarme med én fyringsenhed,/adresse/mosebyvej-48-0-2730-herlev-01635859__48_st____,175.0,Betontagsten,6.0,https://www.boligsiden.dk/adresse/mosebyvej-48-0-2730-herlev-01635859__48_st____,Mursten,175,1,F244
roedovrevej-321-1-th-2610-roedovre-01750705_321__1__th,"Rødovrevej 321, 1. th.",2610.0,Ejerlejlighed,Tvangsauktion,22-05-2012,1405000.0,3,Rødovre,Fjernvarme/blokvarme,/adresse/roedovrevej-321-1-th-2610-roedovre-01750705_321__1__th,83.0,Fibercement uden asbest,3.0,https://www.boligsiden.dk/adresse/roedovrevej-321-1-th-2610-roedovre-01750705_321__1__th,Mursten,Ikke oplyst,1,F245
vibeholms-alle-14-2605-broendby-01530791__14_______,Vibeholms Allé 14,2605.0,Villa,Tvangsauktion,21-05-2012,2500000.0,3,Brøndby,Varmepumpe,/adresse/vibeholms-alle-14-2605-broendby-01530791__14_______,152.0,Tegl,4.0,https://www.boligsiden.dk/adresse/vibeholms-alle-14-2605-broendby-01530791__14_______,Mursten,182.8,1,F246
soeborg-hovedgade-7-1-2870-dyssegaard-01570821___7__1____,"Søborg Hovedgade 7, 1.",2870.0,Villalejlighed,Tvangsauktion,16-05-2012,2080396.0,2,,,,,,,,,,1,F247
leen-b-1-0-4-2630-taastrup-01694316___1_st___4,"Leen B 1, st. 4.",2630.0,Ejerlejlighed,Tvangsauktion,15-05-2012,120000.0,3,Taastrup,Fjernvarme/blokvarme,/adresse/leen-b-1-0-4-2630-taastrup-01694316___1_st___4,36.0,Tagpap med lille hældning,1.0,https://www.boligsiden.dk/adresse/leen-b-1-0-4-2630-taastrup-01694316___1_st___4,Betonelementer,Ikke oplyst,1,F248
tvaervej-14b-2640-hedehusene-01698878_14b_______,Tværvej 14B,2640.0,Rækkehus,Tvangsauktion,09-05-2012,1125000.0,3,,,,,,,,,,1,F249
tvaervej-14a-2640-hedehusene-01698878_14a_______,Tværvej 14A,2640.0,Rækkehus,Tvangsauktion,09-05-2012,1125000.0,3,Hedehusene,Fjernvarme/blokvarme,/adresse/tvaervej-14a-2640-hedehusene-01698878_14a_______,100.0,Tegl,3.0,https://www.boligsiden.dk/adresse/tvaervej-14a-2640-hedehusene-01698878_14a_______,Mursten,204.35,1,F250
roedovrevej-311-1-mf-2610-roedovre-01750705_311__1__mf,"Rødovrevej 311, 1. mf.",2610.0,Ejerlejlighed,Tvangsauktion,25-04-2012,230000.0,3,Rødovre,Fjernvarme/blokvarme,/adresse/roedovrevej-311-1-mf-2610-roedovre-01750705_311__1__mf,45.0,Fibercement uden asbest,1.0,https://www.boligsiden.dk/adresse/roedovrevej-311-1-mf-2610-roedovre-01750705_311__1__mf,Mursten,Ikke oplyst,1,F251
vejlegaardsparken-2-3-37-2665-vallensbaek-strand-01879267___2__3__37,"Vejlegårdsparken 2, 3. 37.",2665.0,Ejerlejlighed,Tvangsauktion,25-04-2012,330000.0,3,Vallensbæk Strand,Fjernvarme/blokvarme,/adresse/vejlegaardsparken-2-3-37-2665-vallensbaek-strand-01879267___2__3__37,49.0,Tagpap med lille hældning,2.0,https://www.boligsiden.dk/adresse/vejlegaardsparken-2-3-37-2665-vallensbaek-strand-01879267___2__3__37,Betonelementer,Ikke oplyst,1,F252
kanaltorvet-8-3-33-2620-albertslund-01650257___8__3__33,"Kanaltorvet 8, 3. 33.",2620.0,Ejerlejlighed,Tvangsauktion,23-04-2012,414000.0,3,Albertslund,Fjernvarme/blokvarme,/adresse/kanaltorvet-8-3-33-2620-albertslund-01650257___8__3__33,59.0,Tagpap med lille hældning,2.0,https://www.boligsiden.dk/adresse/kanaltorvet-8-3-33-2620-albertslund-01650257___8__3__33,Betonelementer,Ikke oplyst,1,F253
moelleaaparken-57-1-b-2800-kongens-lyngby-01730601__57__1___b,"Mølleåparken 57, 1. b.",2800.0,Ejerlejlighed,Tvangsauktion,18-04-2012,730000.0,3,Kongens Lyngby,Fjernvarme/blokvarme,/adresse/moelleaaparken-57-1-b-2800-kongens-lyngby-01730601__57__1___b,61.0,Tagpap med lille hældning,2.0,https://www.boligsiden.dk/adresse/moelleaaparken-57-1-b-2800-kongens-lyngby-01730601__57__1___b,Betonelementer,Ikke oplyst,1,F254
hvidovrevej-180-1-102-2650-hvidovre-01674032_180__1_102,"Hvidovrevej 180, 1. 102.",2650.0,Ejerlejlighed,Tvangsauktion,18-04-2012,270000.0,3,Hvidovre,Fjernvarme/blokvarme,/adresse/hvidovrevej-180-1-102-2650-hvidovre-01674032_180__1_102,47.0,Tagpap med lille hældning,1.0,https://www.boligsiden.dk/adresse/hvidovrevej-180-1-102-2650-hvidovre-01674032_180__1_102,Mursten,Ikke oplyst,1,F255
brannersvej-25-1-59-2920-charlottenlund-01570078__25__1__59,"Brannersvej 25, 1. 59.",2920.0,Ejerlejlighed,Tvangsauktion,18-04-2012,630000.0,3,Charlottenlund,Fjernvarme/blokvarme,/adresse/brannersvej-25-1-59-2920-charlottenlund-01570078__25__1__59,54.0,Tagpap med lille hældning,2.0,https://www.boligsiden.dk/adresse/brannersvej-25-1-59-2920-charlottenlund-01570078__25__1__59,Betonelementer,Ikke oplyst,1,F256
multebaervaenget-15-2650-hvidovre-01675764__15_______,Multebærvænget 15,2650.0,Rækkehus,Tvangsauktion,10-04-2012,1500000.0,2,Hvidovre,Varmepumpe,/adresse/multebaervaenget-15-2650-hvidovre-01675764__15_______,109.0,Fibercement uden asbest,3.0,https://www.boligsiden.dk/adresse/multebaervaenget-15-2650-hvidovre-01675764__15_______,Letbetonsten,115.15,1,F257
vejlebrovej-86-2-2-2635-ishoej-01830850__86__2___2,"Vejlebrovej 86, 2. 2.",2635.0,Ejerlejlighed,Tvangsauktion,04-04-2012,210000.0,1,Ishøj,Fjernvarme/blokvarme,/adresse/vejlebrovej-86-2-2-2635-ishoej-01830850__86__2___2,35.0,Tagpap med lille hældning,1.0,https://www.boligsiden.dk/adresse/vejlebrovej-86-2-2-2635-ishoej-01830850__86__2___2,Betonelementer,Ikke oplyst,1,F258
gammel-klausdalsbrovej-565-2730-herlev-01632030_565_______,Gammel Klausdalsbrovej 565,2730.0,Villa,Tvangsauktion,28-03-2012,3410000.0,2,Herlev,Elvarme,/adresse/gammel-klausdalsbrovej-565-2730-herlev-01632030_565_______,186.0,Betontagsten,5.0,https://www.boligsiden.dk/adresse/gammel-klausdalsbrovej-565-2730-herlev-01632030_565_______,Træ,195.4,1,F259
horsbred-123-2625-vallensbaek-01872449_123_______,Horsbred 123,2625.0,Rækkehus,Tvangsauktion,26-03-2012,1789000.0,2,Vallensbæk,Fjernvarme/blokvarme,/adresse/horsbred-123-2625-vallensbaek-01872449_123_______,147.0,Fibercement herunder asbest,5.0,https://www.boligsiden.dk/adresse/horsbred-123-2625-vallensbaek-01872449_123_______,Betonelementer,148.3,1,F260
bovang-18-2660-broendby-strand-01530036__18_______,Bovang 18,2660.0,Villa,Tvangsauktion,20-03-2012,2150000.0,3,Brøndby Strand,Centralvarme med én fyringsenhed,/adresse/bovang-18-2660-broendby-strand-01530036__18_______,143.0,Betontagsten,3.0,https://www.boligsiden.dk/adresse/bovang-18-2660-broendby-strand-01530036__18_______,Betonelementer,152.9,1,F261
h-p-olsens-vaenge-32-2630-taastrup-01692950__32_______,H P Olsens Vænge 32,2630.0,Rækkehus,Tvangsauktion,19-03-2012,1300000.0,1,Taastrup,Fjernvarme/blokvarme,/adresse/h-p-olsens-vaenge-32-2630-taastrup-01692950__32_______,80.0,Fibercement herunder asbest,3.0,https://www.boligsiden.dk/adresse/h-p-olsens-vaenge-32-2630-taastrup-01692950__32_______,Mursten,82.8,1,F262
augustvej-2-2860-soeborg-01590033___2_______,Augustvej 2,2860.0,Villa,Tvangsauktion,14-03-2012,2875000.0,3,Søborg,Centralvarme med én fyringsenhed,/adresse/augustvej-2-2860-soeborg-01590033___2_______,160.0,Metal,5.0,https://www.boligsiden.dk/adresse/augustvej-2-2860-soeborg-01590033___2_______,Mursten,171.75,1,F263
loenborgvej-1-2650-hvidovre-01675555___1_______,Lønborgvej 1,2650.0,Villa,Tvangsauktion,12-03-2012,2300000.0,3,Hvidovre,Centralvarme med én fyringsenhed,/adresse/loenborgvej-1-2650-hvidovre-01675555___1_______,113.0,Fibercement herunder asbest,4.0,https://www.boligsiden.dk/adresse/loenborgvej-1-2650-hvidovre-01675555___1_______,Mursten,116,1,F264
gammel-koege-landevej-266-1-d-2650-hvidovre-01672807_266__1___d,"Gammel Køge Landevej 266, 1. d.",2650.0,Ejerlejlighed,Tvangsauktion,12-03-2012,600000.0,3,Hvidovre,Fjernvarme/blokvarme,/adresse/gammel-koege-landevej-266-1-d-2650-hvidovre-01672807_266__1___d,52.0,Fibercement herunder asbest,2.0,https://www.boligsiden.dk/adresse/gammel-koege-landevej-266-1-d-2650-hvidovre-01672807_266__1___d,Mursten,Ikke oplyst,1,F265
lindebo-21-1-126-2630-taastrup-01694470__21__1_126,"Lindebo 21, 1. 126.",2630.0,Ejerlejlighed,Tvangsauktion,07-03-2012,300000.0,3,Taastrup,Fjernvarme/blokvarme,/adresse/lindebo-21-1-126-2630-taastrup-01694470__21__1_126,42.0,Fibercement herunder asbest,1.0,https://www.boligsiden.dk/adresse/lindebo-21-1-126-2630-taastrup-01694470__21__1_126,Mursten,Ikke oplyst,1,F266
malervangen-14-2600-glostrup-01610001__14_______,Malervangen 14,2600.0,Villa,Tvangsauktion,05-03-2012,1600000.0,3,Glostrup,Centralvarme med én fyringsenhed,/adresse/malervangen-14-2600-glostrup-01610001__14_______,117.0,Tegl,5.0,https://www.boligsiden.dk/adresse/malervangen-14-2600-glostrup-01610001__14_______,Mursten,143.3,1,F267
gammelgaards-alle-7-4-43-2665-vallensbaek-strand-01871704___7__4__43,"Gammelgårds Alle 7, 4. 43.",2665.0,Ejerlejlighed,Tvangsauktion,05-03-2012,438900.0,2,Vallensbæk Strand,Fjernvarme/blokvarme,/adresse/gammelgaards-alle-7-4-43-2665-vallensbaek-strand-01871704___7__4__43,49.0,Tagpap med lille hældning,2.0,https://www.boligsiden.dk/adresse/gammelgaards-alle-7-4-43-2665-vallensbaek-strand-01871704___7__4__43,Betonelementer,Ikke oplyst,1,F268
mosehusvej-4-2610-roedovre-01750580___4_______,Mosehusvej 4,2610.0,Villa,Tvangsauktion,05-03-2012,1600000.0,2,Rødovre,Varmepumpe,/adresse/mosehusvej-4-2610-roedovre-01750580___4_______,148.0,Tagpap med lille hældning,4.0,https://www.boligsiden.dk/adresse/mosehusvej-4-2610-roedovre-01750580___4_______,Mursten,153.75,1,F269
margrethevej-33-1-2900-hellerup-01570547__33__1____,"Margrethevej 33, 1.",2900.0,Villalejlighed,Tvangsauktion,02-03-2012,4100000.0,3,Hellerup,Fjernvarme/blokvarme,/adresse/margrethevej-33-1-2900-hellerup-01570547__33__1____,169.0,Fibercement herunder asbest,3.0,https://www.boligsiden.dk/adresse/margrethevej-33-1-2900-hellerup-01570547__33__1____,Mursten,Ikke oplyst,1,F270
margrethevej-33-1-2900-hellerup-01570547__33__1____,"Margrethevej 33, 1.",2900.0,Villalejlighed,Tvangsauktion,02-03-2012,4100000.0,3,Hellerup,Fjernvarme/blokvarme,/adresse/margrethevej-33-1-2900-hellerup-01570547__33__1____,169.0,Fibercement herunder asbest,3.0,https://www.boligsiden.dk/adresse/margrethevej-33-1-2900-hellerup-01570547__33__1____,Mursten,Ikke oplyst,1,F271
margrethevej-33-0-2900-hellerup-01570547__33_st____,"Margrethevej 33, st.",2900.0,Villalejlighed,Tvangsauktion,02-03-2012,4100000.0,3,Hellerup,Fjernvarme/blokvarme,/adresse/margrethevej-33-0-2900-hellerup-01570547__33_st____,169.0,Fibercement herunder asbest,3.0,https://www.boligsiden.dk/adresse/margrethevej-33-0-2900-hellerup-01570547__33_st____,Mursten,Ikke oplyst,1,F272
margrethevej-33-0-2900-hellerup-01570547__33_st____,"Margrethevej 33, st.",2900.0,Villalejlighed,Tvangsauktion,02-03-2012,4100000.0,3,Hellerup,Fjernvarme/blokvarme,/adresse/margrethevej-33-0-2900-hellerup-01570547__33_st____,169.0,Fibercement herunder asbest,3.0,https://www.boligsiden.dk/adresse/margrethevej-33-0-2900-hellerup-01570547__33_st____,Mursten,Ikke oplyst,1,F273
hortensiavej-9-0-2600-glostrup-01610208___9_st____,"Hortensiavej 9, st.",2600.0,Ejerlejlighed,Tvangsauktion,15-02-2012,6800000.0,1,Glostrup,Centralvarme med én fyringsenhed,/adresse/hortensiavej-9-0-2600-glostrup-01610208___9_st____,75.0,Tegl,3.0,https://www.boligsiden.dk/adresse/hortensiavej-9-0-2600-glostrup-01610208___9_st____,Mursten,Ikke oplyst,1,F274
h-c-bojsensvej-15-2650-hvidovre-01673315__15_______,H C Bojsensvej 15,2650.0,Villa,Tvangsauktion,15-02-2012,2725000.0,2,Hvidovre,Centralvarme med én fyringsenhed,/adresse/h-c-bojsensvej-15-2650-hvidovre-01673315__15_______,180.0,Fibercement herunder asbest,5.0,https://www.boligsiden.dk/adresse/h-c-bojsensvej-15-2650-hvidovre-01673315__15_______,Mursten,220.65,1,F275
vildtbaneparken-75-2635-ishoej-01830889__75_______,Vildtbaneparken 75,2635.0,Rækkehus,Tvangsauktion,07-02-2012,1215000.0,3,Ishøj,Centralvarme med én fyringsenhed,/adresse/vildtbaneparken-75-2635-ishoej-01830889__75_______,134.0,Tagpap med lille hældning,4.0,https://www.boligsiden.dk/adresse/vildtbaneparken-75-2635-ishoej-01830889__75_______,Mursten,139,1,F276
porsager-35-2620-albertslund-01650365__35_______,Porsager 35,2620.0,Villa,Tvangsauktion,07-02-2012,1572217.0,2,Albertslund,Fjernvarme/blokvarme,/adresse/porsager-35-2620-albertslund-01650365__35_______,110.0,Fibercement herunder asbest,4.0,https://www.boligsiden.dk/adresse/porsager-35-2620-albertslund-01650365__35_______,Mursten,124.1,1,F277
strandvangen-3-2650-hvidovre-01678154___3_______,Strandvangen 3,2650.0,Villa,Tvangsauktion,31-01-2012,1000000.0,3,Hvidovre,Centralvarme med én fyringsenhed,/adresse/strandvangen-3-2650-hvidovre-01678154___3_______,208.0,Betontagsten,5.0,https://www.boligsiden.dk/adresse/strandvangen-3-2650-hvidovre-01678154___3_______,Mursten,210,1,F278
kaerbyvej-137-2610-roedovre-01750485_137_______,Kærbyvej 137,2610.0,Villa,Tvangsauktion,24-01-2012,2175000.0,3,Rødovre,Varmepumpe,/adresse/kaerbyvej-137-2610-roedovre-01750485_137_______,215.0,Tegl,7.0,https://www.boligsiden.dk/adresse/kaerbyvej-137-2610-roedovre-01750485_137_______,Mursten,214.25,1,F279
vejlegaardsparken-12-1-16-2665-vallensbaek-strand-01879267__12__1__16,"Vejlegårdsparken 12, 1. 16.",2665.0,Ejerlejlighed,Tvangsauktion,23-01-2012,360000.0,3,Vallensbæk Strand,Fjernvarme/blokvarme,/adresse/vejlegaardsparken-12-1-16-2665-vallensbaek-strand-01879267__12__1__16,47.0,Tagpap med lille hældning,2.0,https://www.boligsiden.dk/adresse/vejlegaardsparken-12-1-16-2665-vallensbaek-strand-01879267__12__1__16,Betonelementer,Ikke oplyst,1,F280
jaegersborg-alle-137c-1-2820-gentofte-01570423137c__1____,"Jægersborg Alle 137C, 1.",2820.0,Ejerlejlighed,Tvangsauktion,18-01-2012,1261867.0,2,Gentofte,Centralvarme med én fyringsenhed,/adresse/jaegersborg-alle-137c-1-2820-gentofte-01570423137c__1____,168.0,Tegl,5.0,https://www.boligsiden.dk/adresse/jaegersborg-alle-137c-1-2820-gentofte-01570423137c__1____,Mursten,Ikke oplyst,1,F281
bagsvaerd-hovedgade-99-2-j-2880-bagsvaerd-01590039__99__2___j,"Bagsværd Hovedgade 99, 2. j.",2880.0,Ejerlejlighed,Tvangsauktion,16-01-2012,310000.0,3,Bagsværd,Fjernvarme/blokvarme,/adresse/bagsvaerd-hovedgade-99-2-j-2880-bagsvaerd-01590039__99__2___j,48.0,Tagpap med stor hældning,1.0,https://www.boligsiden.dk/adresse/bagsvaerd-hovedgade-99-2-j-2880-bagsvaerd-01590039__99__2___j,Betonelementer,Ikke oplyst,1,F282
snogegaardsvej-8k-1-tv-2820-gentofte-01570761__8k__1__tv,"Snogegårdsvej 8K, 1. tv.",2820.0,Ejerlejlighed,Tvangsauktion,11-01-2012,600000.0,3,Gentofte,Fjernvarme/blokvarme,/adresse/snogegaardsvej-8k-1-tv-2820-gentofte-01570761__8k__1__tv,61.0,Tagpap med stor hældning,2.0,https://www.boligsiden.dk/adresse/snogegaardsvej-8k-1-tv-2820-gentofte-01570761__8k__1__tv,Mursten,Ikke oplyst,1,F283
brogaardsvej-69-0-tv-2820-gentofte-01570087__69_st__tv,"Brogårdsvej 69, st. tv.",2820.0,Ejerlejlighed,Tvangsauktion,10-01-2012,1035000.0,3,Gentofte,Fjernvarme/blokvarme,/adresse/brogaardsvej-69-0-tv-2820-gentofte-01570087__69_st__tv,71.0,Tegl,2.0,https://www.boligsiden.dk/adresse/brogaardsvej-69-0-tv-2820-gentofte-01570087__69_st__tv,Mursten,Ikke oplyst,1,F284
vejlebrovej-124-3-mf-2635-ishoej-01830850_124__3__mf,"Vejlebrovej 124, 3. mf.",2635.0,Ejerlejlighed,Tvangsauktion,14-12-2011,220000.0,3,Ishøj,Fjernvarme/blokvarme,/adresse/vejlebrovej-124-3-mf-2635-ishoej-01830850_124__3__mf,35.0,Tagpap med lille hældning,1.0,https://www.boligsiden.dk/adresse/vejlebrovej-124-3-mf-2635-ishoej-01830850_124__3__mf,Betonelementer,Ikke oplyst,1,F285
vejlegaardsparken-2-4-43-2665-vallensbaek-strand-01879267___2__4__43,"Vejlegårdsparken 2, 4. 43.",2665.0,Ejerlejlighed,Tvangsauktion,13-12-2011,300000.0,3,Vallensbæk Strand,Fjernvarme/blokvarme,/adresse/vejlegaardsparken-2-4-43-2665-vallensbaek-strand-01879267___2__4__43,49.0,Tagpap med lille hældning,2.0,https://www.boligsiden.dk/adresse/vejlegaardsparken-2-4-43-2665-vallensbaek-strand-01879267___2__4__43,Betonelementer,Ikke oplyst,1,F286
eremitageparken-201-2-c-2800-kongens-lyngby-01730209_201__2___c,"Eremitageparken 201, 2. c.",2800.0,Ejerlejlighed,Tvangsauktion,07-12-2011,740000.0,3,Kongens Lyngby,Fjernvarme/blokvarme,/adresse/eremitageparken-201-2-c-2800-kongens-lyngby-01730209_201__2___c,62.0,Tagpap med stor hældning,2.0,https://www.boligsiden.dk/adresse/eremitageparken-201-2-c-2800-kongens-lyngby-01730209_201__2___c,Betonelementer,Ikke oplyst,1,F287
lyngbyvej-343d-0-mf-2820-gentofte-01570527343d_st__mf,"Lyngbyvej 343D, st. mf.",2820.0,Ejerlejlighed,Tvangsauktion,07-12-2011,410000.0,3,Gentofte,Fjernvarme/blokvarme,/adresse/lyngbyvej-343d-0-mf-2820-gentofte-01570527343d_st__mf,41.0,Tegl,2.0,https://www.boligsiden.dk/adresse/lyngbyvej-343d-0-mf-2820-gentofte-01570527343d_st__mf,Mursten,Ikke oplyst,1,F288
lystoftevej-18a-1-th-2800-kongens-lyngby-01730550_18a__1__th,"Lystoftevej 18A, 1. th.",2800.0,Ejerlejlighed,Tvangsauktion,07-12-2011,3000000.0,1,Kongens Lyngby,Fjernvarme/blokvarme,/adresse/lystoftevej-18a-1-th-2800-kongens-lyngby-01730550_18a__1__th,70.0,Tegl,3.0,https://www.boligsiden.dk/adresse/lystoftevej-18a-1-th-2800-kongens-lyngby-01730550_18a__1__th,Mursten,Ikke oplyst,1,F289
saven-c-1-1-2-2630-taastrup-01696694___1__1___2,"Saven C 1, 1. 2.",2630.0,Ejerlejlighed,Tvangsauktion,06-12-2011,958000.0,3,Taastrup,Fjernvarme/blokvarme,/adresse/saven-c-1-1-2-2630-taastrup-01696694___1__1___2,120.0,Tagpap med lille hældning,4.0,https://www.boligsiden.dk/adresse/saven-c-1-1-2-2630-taastrup-01696694___1__1___2,Betonelementer,Ikke oplyst,1,F290
mosevej-23-2860-soeborg-01590577__23_______,Mosevej 23,2860.0,Rækkehus,Tvangsauktion,05-12-2011,2275000.0,1,Søborg,Centralvarme med én fyringsenhed,/adresse/mosevej-23-2860-soeborg-01590577__23_______,87.0,Tegl,4.0,https://www.boligsiden.dk/adresse/mosevej-23-2860-soeborg-01590577__23_______,Mursten,102.3,1,F291
taastrup-have-23-1-th-2630-taastrup-01698960__23__1__th,"Taastrup Have 23, 1. th.",2630.0,Ejerlejlighed,Tvangsauktion,16-11-2011,610000.0,2,Taastrup,Fjernvarme/blokvarme,/adresse/taastrup-have-23-1-th-2630-taastrup-01698960__23__1__th,72.0,Fibercement herunder asbest,3.0,https://www.boligsiden.dk/adresse/taastrup-have-23-1-th-2630-taastrup-01698960__23__1__th,Mursten,Ikke oplyst,1,F292
vejlebrovej-60-1-tv-2635-ishoej-01830850__60__1__tv,"Vejlebrovej 60, 1. tv.",2635.0,Ejerlejlighed,Tvangsauktion,14-11-2011,700000.0,3,Ishøj,Fjernvarme/blokvarme,/adresse/vejlebrovej-60-1-tv-2635-ishoej-01830850__60__1__tv,77.0,Tagpap med lille hældning,2.0,https://www.boligsiden.dk/adresse/vejlebrovej-60-1-tv-2635-ishoej-01830850__60__1__tv,Betonelementer,Ikke oplyst,1,F293
prinsesse-alexandrines-alle-18-2-th-2920-charlottenlund-01570636__18__2__th,"Prinsesse Alexandrines Alle 18, 2. th.",2920.0,Ejerlejlighed,Tvangsauktion,10-11-2011,1475000.0,3,Charlottenlund,Fjernvarme/blokvarme,/adresse/prinsesse-alexandrines-alle-18-2-th-2920-charlottenlund-01570636__18__2__th,64.0,Fibercement herunder asbest,2.0,https://www.boligsiden.dk/adresse/prinsesse-alexandrines-alle-18-2-th-2920-charlottenlund-01570636__18__2__th,Mursten,Ikke oplyst,1,F294
strandvejen-141-2-th-2900-hellerup-01570802_141__2__th,"Strandvejen 141, 2. th.",2900.0,Ejerlejlighed,Tvangsauktion,09-11-2011,19000000.0,1,Hellerup,Fjernvarme/blokvarme,/adresse/strandvejen-141-2-th-2900-hellerup-01570802_141__2__th,86.0,Tegl,3.0,https://www.boligsiden.dk/adresse/strandvejen-141-2-th-2900-hellerup-01570802_141__2__th,Mursten,Ikke oplyst,1,F295
strandvejen-141-1-th-2900-hellerup-01570802_141__1__th,"Strandvejen 141, 1. th.",2900.0,Ejerlejlighed,Tvangsauktion,09-11-2011,19000000.0,1,Hellerup,Fjernvarme/blokvarme,/adresse/strandvejen-141-1-th-2900-hellerup-01570802_141__1__th,98.0,Tegl,4.0,https://www.boligsiden.dk/adresse/strandvejen-141-1-th-2900-hellerup-01570802_141__1__th,Mursten,Ikke oplyst,1,F296
henningsens-alle-4b-1-2900-hellerup-01570337__4b__1____,"Henningsens Alle 4B, 1.",2900.0,Ejerlejlighed,Tvangsauktion,09-11-2011,2150000.0,3,Hellerup,Fjernvarme/blokvarme,/adresse/henningsens-alle-4b-1-2900-hellerup-01570337__4b__1____,183.0,Tegl,5.0,https://www.boligsiden.dk/adresse/henningsens-alle-4b-1-2900-hellerup-01570337__4b__1____,Mursten,Ikke oplyst,1,F297
strandvejen-141-2-tv-2900-hellerup-01570802_141__2__tv,"Strandvejen 141, 2. tv.",2900.0,Ejerlejlighed,Tvangsauktion,09-11-2011,19000000.0,1,Hellerup,Fjernvarme/blokvarme,/adresse/strandvejen-141-2-tv-2900-hellerup-01570802_141__2__tv,99.0,Tegl,2.0,https://www.boligsiden.dk/adresse/strandvejen-141-2-tv-2900-hellerup-01570802_141__2__tv,Mursten,Ikke oplyst,1,F298
vejlegaardsparken-14-3-34-2665-vallensbaek-strand-01879267__14__3__34,"Vejlegårdsparken 14, 3. 34.",2665.0,Ejerlejlighed,Tvangsauktion,07-11-2011,590000.0,3,Vallensbæk Strand,Fjernvarme/blokvarme,/adresse/vejlegaardsparken-14-3-34-2665-vallensbaek-strand-01879267__14__3__34,88.0,Tagpap med lille hældning,3.0,https://www.boligsiden.dk/adresse/vejlegaardsparken-14-3-34-2665-vallensbaek-strand-01879267__14__3__34,Betonelementer,Ikke oplyst,1,F299
egebjergvej-57a-2750-ballerup-01510093_57a_______,Egebjergvej 57A,2750.0,Villa,Tvangsauktion,05-11-2011,3075000.0,3,Ballerup,Centralvarme med én fyringsenhed,/adresse/egebjergvej-57a-2750-ballerup-01510093_57a_______,155.0,Betontagsten,5.0,https://www.boligsiden.dk/adresse/egebjergvej-57a-2750-ballerup-01510093_57a_______,Mursten,164,1,F300
m-bechs-alle-168-2650-hvidovre-01675585_168_______,M Bechs Alle 168,2650.0,Villa,Tvangsauktion,26-10-2011,1600000.0,2,Hvidovre,Centralvarme med én fyringsenhed,/adresse/m-bechs-alle-168-2650-hvidovre-01675585_168_______,77.0,Tagpap med stor hældning,3.0,https://www.boligsiden.dk/adresse/m-bechs-alle-168-2650-hvidovre-01675585_168_______,Mursten,112.05,1,F301
virumvej-28-1-2-2830-virum-01730873__28__1___2,"Virumvej 28, 1. 2.",2830.0,Ejerlejlighed,Tvangsauktion,26-10-2011,10459700.0,1,Virum,Centralvarme med én fyringsenhed,/adresse/virumvej-28-1-2-2830-virum-01730873__28__1___2,184.0,Tegl,5.0,https://www.boligsiden.dk/adresse/virumvej-28-1-2-2830-virum-01730873__28__1___2,Mursten,Ikke oplyst,1,F302
virumvej-28-0-5-2830-virum-01730873__28_st___5,"Virumvej 28, st. 5.",2830.0,Ejerlejlighed,Tvangsauktion,26-10-2011,10459700.0,1,Virum,Centralvarme med én fyringsenhed,/adresse/virumvej-28-0-5-2830-virum-01730873__28_st___5,106.0,Tegl,4.0,https://www.boligsiden.dk/adresse/virumvej-28-0-5-2830-virum-01730873__28_st___5,Mursten,Ikke oplyst,1,F303
virumvej-28-0-4-2830-virum-01730873__28_st___4,"Virumvej 28, st. 4.",2830.0,Ejerlejlighed,Tvangsauktion,26-10-2011,10459700.0,1,Virum,Centralvarme med én fyringsenhed,/adresse/virumvej-28-0-4-2830-virum-01730873__28_st___4,144.0,Tegl,4.0,https://www.boligsiden.dk/adresse/virumvej-28-0-4-2830-virum-01730873__28_st___4,Mursten,Ikke oplyst,1,F304
virumvej-28-0-1-2830-virum-01730873__28_st___1,"Virumvej 28, st. 1.",2830.0,Ejerlejlighed,Tvangsauktion,26-10-2011,10459700.0,1,Virum,Centralvarme med én fyringsenhed,/adresse/virumvej-28-0-1-2830-virum-01730873__28_st___1,132.0,Tegl,4.0,https://www.boligsiden.dk/adresse/virumvej-28-0-1-2830-virum-01730873__28_st___1,Mursten,Ikke oplyst,1,F305
roedovre-parkvej-315-2-2610-roedovre-01750702_315__2____,"Rødovre Parkvej 315, 2.",2610.0,Ejerlejlighed,Tvangsauktion,24-10-2011,440000.0,3,Rødovre,Fjernvarme/blokvarme,/adresse/roedovre-parkvej-315-2-2610-roedovre-01750702_315__2____,50.0,Tagpap med stor hældning,1.0,https://www.boligsiden.dk/adresse/roedovre-parkvej-315-2-2610-roedovre-01750702_315__2____,Mursten,Ikke oplyst,1,F306
hedekaeret-51-2-1-2640-hedehusene-01692652__51__2___1,"Hedekæret 51, 2. 1.",2640.0,Ejerlejlighed,Tvangsauktion,11-10-2011,275000.0,3,Hedehusene,Fjernvarme/blokvarme,/adresse/hedekaeret-51-2-1-2640-hedehusene-01692652__51__2___1,49.0,Fibercement herunder asbest,1.0,https://www.boligsiden.dk/adresse/hedekaeret-51-2-1-2640-hedehusene-01692652__51__2___1,Mursten,Ikke oplyst,1,F307
vejlegaardsparken-66-2-th-2665-vallensbaek-strand-01879267__66__2__th,"Vejlegårdsparken 66, 2. th.",2665.0,Ejerlejlighed,Tvangsauktion,10-10-2011,1150000.0,3,Vallensbæk Strand,Fjernvarme/blokvarme,/adresse/vejlegaardsparken-66-2-th-2665-vallensbaek-strand-01879267__66__2__th,87.0,Tagpap med lille hældning,3.0,https://www.boligsiden.dk/adresse/vejlegaardsparken-66-2-th-2665-vallensbaek-strand-01879267__66__2__th,Betonelementer,Ikke oplyst,1,F308
brandholms-alle-22h-1-2-2610-roedovre-01750085_22h__1___2,"Brandholms Alle 22H, 1. 2.",2610.0,Ejerlejlighed,Tvangsauktion,03-10-2011,425000.0,2,Rødovre,Fjernvarme/blokvarme,/adresse/brandholms-alle-22h-1-2-2610-roedovre-01750085_22h__1___2,53.0,Fibercement herunder asbest,2.0,https://www.boligsiden.dk/adresse/brandholms-alle-22h-1-2-2610-roedovre-01750085_22h__1___2,Mursten,Ikke oplyst,1,F309
vigerslev-alle-362-2650-hvidovre-01679379_362_______,Vigerslev Alle 362,2650.0,Villa,Tvangsauktion,21-09-2011,810000.0,2,Hvidovre,Varmepumpe,/adresse/vigerslev-alle-362-2650-hvidovre-01679379_362_______,161.0,Tegl,6.0,https://www.boligsiden.dk/adresse/vigerslev-alle-362-2650-hvidovre-01679379_362_______,Mursten,198.85,1,F310
vejlebrovej-76-3-1-2635-ishoej-01830850__76__3___1,"Vejlebrovej 76, 3. 1.",2635.0,Ejerlejlighed,Tvangsauktion,20-09-2011,2310000.0,1,Ishøj,Fjernvarme/blokvarme,/adresse/vejlebrovej-76-3-1-2635-ishoej-01830850__76__3___1,75.0,Tagpap med lille hældning,2.0,https://www.boligsiden.dk/adresse/vejlebrovej-76-3-1-2635-ishoej-01830850__76__3___1,Betonelementer,Ikke oplyst,1,F311
vejlegaardsparken-2-0-8-2665-vallensbaek-strand-01879267___2_st___8,"Vejlegårdsparken 2, st. 8.",2665.0,Ejerlejlighed,Tvangsauktion,20-09-2011,890000.0,3,Vallensbæk Strand,Fjernvarme/blokvarme,/adresse/vejlegaardsparken-2-0-8-2665-vallensbaek-strand-01879267___2_st___8,88.0,Tagpap med lille hældning,3.0,https://www.boligsiden.dk/adresse/vejlegaardsparken-2-0-8-2665-vallensbaek-strand-01879267___2_st___8,Betonelementer,Ikke oplyst,1,F312
hoejagerparken-7-0-2750-ballerup-01510158___7_st____,"Højagerparken 7, st.",2750.0,Ejerlejlighed,Tvangsauktion,12-09-2011,390000.0,3,Ballerup,Fjernvarme/blokvarme,/adresse/hoejagerparken-7-0-2750-ballerup-01510158___7_st____,46.0,Tagpap med lille hældning,1.0,https://www.boligsiden.dk/adresse/hoejagerparken-7-0-2750-ballerup-01510158___7_st____,Mursten,Ikke oplyst,1,F313
nellikevaenget-13-2625-vallensbaek-01875525__13_______,Nellikevænget 13,2625.0,Villa,Tvangsauktion,30-08-2011,2620000.0,3,Vallensbæk,Fjernvarme/blokvarme,/adresse/nellikevaenget-13-2625-vallensbaek-01875525__13_______,126.0,Tegl,4.0,https://www.boligsiden.dk/adresse/nellikevaenget-13-2625-vallensbaek-01875525__13_______,Mursten,129.15,1,F314
c-l-ibsens-vej-10-2-2820-gentofte-01570123__10__2____,"C L Ibsens Vej 10, 2.",2820.0,Villalejlighed,Tvangsauktion,24-08-2011,4700000.0,3,Gentofte,Centralvarme med én fyringsenhed,/adresse/c-l-ibsens-vej-10-2-2820-gentofte-01570123__10__2____,85.0,Fibercement herunder asbest,3.0,https://www.boligsiden.dk/adresse/c-l-ibsens-vej-10-2-2820-gentofte-01570123__10__2____,Mursten,Ikke oplyst,1,F315
c-l-ibsens-vej-10-1-2820-gentofte-01570123__10__1____,"C L Ibsens Vej 10, 1.",2820.0,Villalejlighed,Tvangsauktion,24-08-2011,4700000.0,3,Gentofte,Centralvarme med én fyringsenhed,/adresse/c-l-ibsens-vej-10-1-2820-gentofte-01570123__10__1____,113.0,Fibercement herunder asbest,4.0,https://www.boligsiden.dk/adresse/c-l-ibsens-vej-10-1-2820-gentofte-01570123__10__1____,Mursten,Ikke oplyst,1,F316
c-l-ibsens-vej-10-0-2820-gentofte-01570123__10_st____,"C L Ibsens Vej 10, st.",2820.0,Villalejlighed,Tvangsauktion,24-08-2011,4700000.0,3,Gentofte,Centralvarme med én fyringsenhed,/adresse/c-l-ibsens-vej-10-0-2820-gentofte-01570123__10_st____,118.0,Fibercement herunder asbest,4.0,https://www.boligsiden.dk/adresse/c-l-ibsens-vej-10-0-2820-gentofte-01570123__10_st____,Mursten,Ikke oplyst,1,F317
jyllingevej-255-2610-roedovre-01750415_255_______,Jyllingevej 255,2610.0,Villa,Tvangsauktion,11-08-2011,1000000.0,3,Rødovre,Centralvarme med én fyringsenhed,/adresse/jyllingevej-255-2610-roedovre-01750415_255_______,100.0,Fibercement herunder asbest,5.0,https://www.boligsiden.dk/adresse/jyllingevej-255-2610-roedovre-01750415_255_______,Mursten,106.15,1,F318
landlyst-vaenge-50-2635-ishoej-01830385__50_______,Landlyst Vænge 50,2635.0,Rækkehus,Tvangsauktion,09-08-2011,800000.0,3,Ishøj,Elvarme,/adresse/landlyst-vaenge-50-2635-ishoej-01830385__50_______,112.0,Tagpap med lille hældning,4.0,https://www.boligsiden.dk/adresse/landlyst-vaenge-50-2635-ishoej-01830385__50_______,Fibercement herunder asbest,115.8,1,F319
damgaardsvej-19-2620-albertslund-01650065__19_______,Damgårdsvej 19,2620.0,Villa,Tvangsauktion,08-08-2011,800000.0,3,Albertslund,Fjernvarme/blokvarme,/adresse/damgaardsvej-19-2620-albertslund-01650065__19_______,196.0,Tagpap med stor hældning,7.0,https://www.boligsiden.dk/adresse/damgaardsvej-19-2620-albertslund-01650065__19_______,Træ,253.3,1,F320
digterparken-110-2750-ballerup-01510080_110_______,Digterparken 110,2750.0,Villa,Tvangsauktion,08-08-2011,2650000.0,2,Ballerup,Varmepumpe,/adresse/digterparken-110-2750-ballerup-01510080_110_______,174.0,Tagpap med lille hældning,6.0,https://www.boligsiden.dk/adresse/digterparken-110-2750-ballerup-01510080_110_______,Mursten,253.6,1,F321
aagesholmsvej-2-2640-hedehusene-01699726___2_______,Ågesholmsvej 2,2640.0,Villa,Tvangsauktion,08-08-2011,2500000.0,3,,,,,,,,,,1,F322
haspegaardsvej-59b-2880-bagsvaerd-01590286_59b_______,Haspegårdsvej 59B,2880.0,Villa,Tvangsauktion,25-07-2011,2050000.0,2,Bagsværd,Varmepumpe,/adresse/haspegaardsvej-59b-2880-bagsvaerd-01590286_59b_______,84.0,Tagpap med lille hældning,3.0,https://www.boligsiden.dk/adresse/haspegaardsvej-59b-2880-bagsvaerd-01590286_59b_______,Letbetonsten,121.1,1,F323
leen-d-4-3-4-2630-taastrup-01694320___4__3___4,"Leen D 4, 3. 4.",2630.0,Ejerlejlighed,Tvangsauktion,21-07-2011,376000.0,3,Taastrup,Fjernvarme/blokvarme,/adresse/leen-d-4-3-4-2630-taastrup-01694320___4__3___4,35.0,Tagpap med lille hældning,1.0,https://www.boligsiden.dk/adresse/leen-d-4-3-4-2630-taastrup-01694320___4__3___4,Betonelementer,Ikke oplyst,1,F324
saven-a-2-2-4-2630-taastrup-01696690___2__2___4,"Saven A 2, 2. 4.",2630.0,Ejerlejlighed,Tvangsauktion,14-07-2011,485000.0,3,Taastrup,Fjernvarme/blokvarme,/adresse/saven-a-2-2-4-2630-taastrup-01696690___2__2___4,57.0,Tagpap med lille hældning,2.0,https://www.boligsiden.dk/adresse/saven-a-2-2-4-2630-taastrup-01696690___2__2___4,Betonelementer,Ikke oplyst,1,F325
vejlebrovej-14c-2635-ishoej-01830850_14c_______,Vejlebrovej 14C,2635.0,Rækkehus,Tvangsauktion,05-07-2011,1650000.0,2,Ishøj,Elvarme,/adresse/vejlebrovej-14c-2635-ishoej-01830850_14c_______,138.0,Fibercement herunder asbest,5.0,https://www.boligsiden.dk/adresse/vejlebrovej-14c-2635-ishoej-01830850_14c_______,Betonelementer,141.35,1,F326
brandhoejgaardsvej-98-2640-hedehusene-01690680__98_______,Brandhøjgårdsvej 98,2640.0,Villa,Tvangsauktion,05-07-2011,1000000.0,2,Hedehusene,Varmepumpe,/adresse/brandhoejgaardsvej-98-2640-hedehusene-01690680__98_______,164.0,Fibercement uden asbest,5.0,https://www.boligsiden.dk/adresse/brandhoejgaardsvej-98-2640-hedehusene-01690680__98_______,Mursten,178.75,1,F327
vejledalen-80-1-th-2635-ishoej-01830854__80__1__th,"Vejledalen 80, 1. th.",2635.0,Ejerlejlighed,Tvangsauktion,04-07-2011,720000.0,3,Ishøj,Fjernvarme/blokvarme,/adresse/vejledalen-80-1-th-2635-ishoej-01830854__80__1__th,101.0,Tagpap med lille hældning,3.0,https://www.boligsiden.dk/adresse/vejledalen-80-1-th-2635-ishoej-01830854__80__1__th,Betonelementer,Ikke oplyst,1,F328
saven-b-1-2-4-2630-taastrup-01696692___1__2___4,"Saven B 1, 2. 4.",2630.0,Ejerlejlighed,Tvangsauktion,28-06-2011,505000.0,3,Taastrup,Fjernvarme/blokvarme,/adresse/saven-b-1-2-4-2630-taastrup-01696692___1__2___4,57.0,Tagpap med lille hældning,2.0,https://www.boligsiden.dk/adresse/saven-b-1-2-4-2630-taastrup-01696692___1__2___4,Betonelementer,Ikke oplyst,1,F329
nordre-ringvej-90-2600-glostrup-01610358__90_______,Nordre Ringvej 90,2600.0,Villa,Tvangsauktion,28-06-2011,1700000.0,3,Glostrup,Centralvarme med én fyringsenhed,/adresse/nordre-ringvej-90-2600-glostrup-01610358__90_______,158.0,Tegl,5.0,https://www.boligsiden.dk/adresse/nordre-ringvej-90-2600-glostrup-01610358__90_______,Mursten,192.3,1,F330
plovheldvej-9-2650-hvidovre-01676481___9_______,Plovheldvej 9,2650.0,Villa,Tvangsauktion,21-06-2011,2100000.0,3,Hvidovre,Fjernvarme/blokvarme,/adresse/plovheldvej-9-2650-hvidovre-01676481___9_______,105.0,Tagpap med stor hældning,4.0,https://www.boligsiden.dk/adresse/plovheldvej-9-2650-hvidovre-01676481___9_______,Mursten,146.9,1,F331
vejlebrovej-106-3-th-2635-ishoej-01830850_106__3__th,"Vejlebrovej 106, 3. th.",2635.0,Ejerlejlighed,Tvangsauktion,15-06-2011,850000.0,3,Ishøj,Fjernvarme/blokvarme,/adresse/vejlebrovej-106-3-th-2635-ishoej-01830850_106__3__th,85.0,Tagpap med lille hældning,3.0,https://www.boligsiden.dk/adresse/vejlebrovej-106-3-th-2635-ishoej-01830850_106__3__th,Betonelementer,Ikke oplyst,1,F332
topperne-12-1-12-2620-albertslund-01650532__12__1__12,"Topperne 12, 1. 12.",2620.0,Ejerlejlighed,Tvangsauktion,14-06-2011,575000.0,3,Albertslund,Fjernvarme/blokvarme,/adresse/topperne-12-1-12-2620-albertslund-01650532__12__1__12,49.0,Fibercement herunder asbest,2.0,https://www.boligsiden.dk/adresse/topperne-12-1-12-2620-albertslund-01650532__12__1__12,Betonelementer,Ikke oplyst,1,F333
vejlegaardsparken-40-0-2-2665-vallensbaek-strand-01879267__40_st___2,"Vejlegårdsparken 40, st. 2.",2665.0,Ejerlejlighed,Tvangsauktion,14-06-2011,320000.0,3,Vallensbæk Strand,Fjernvarme/blokvarme,/adresse/vejlegaardsparken-40-0-2-2665-vallensbaek-strand-01879267__40_st___2,47.0,Tagpap med lille hældning,2.0,https://www.boligsiden.dk/adresse/vejlegaardsparken-40-0-2-2665-vallensbaek-strand-01879267__40_st___2,Betonelementer,Ikke oplyst,1,F334
brostykkevej-121-0-5-2650-hvidovre-01671194_121_st___5,"Brostykkevej 121, st. 5.",2650.0,Ejerlejlighed,Tvangsauktion,07-06-2011,335000.0,1,Hvidovre,Fjernvarme/blokvarme,/adresse/brostykkevej-121-0-5-2650-hvidovre-01671194_121_st___5,48.0,Tagpap med stor hældning,1.0,https://www.boligsiden.dk/adresse/brostykkevej-121-0-5-2650-hvidovre-01671194_121_st___5,Mursten,Ikke oplyst,1,F335
roedovre-parkvej-179-0-mf-2610-roedovre-01750702_179_st__mf,"Rødovre Parkvej 179, st. mf.",2610.0,Ejerlejlighed,Tvangsauktion,07-06-2011,230000.0,3,Rødovre,Fjernvarme/blokvarme,/adresse/roedovre-parkvej-179-0-mf-2610-roedovre-01750702_179_st__mf,32.0,Tagpap med stor hældning,1.0,https://www.boligsiden.dk/adresse/roedovre-parkvej-179-0-mf-2610-roedovre-01750702_179_st__mf,Mursten,Ikke oplyst,1,F336
rebaek-soepark-11-3-mf-2650-hvidovre-01676690__11__3__mf,"Rebæk Søpark 11, 3. mf.",2650.0,Ejerlejlighed,Tvangsauktion,07-06-2011,425000.0,2,Hvidovre,Fjernvarme/blokvarme,/adresse/rebaek-soepark-11-3-mf-2650-hvidovre-01676690__11__3__mf,70.0,Tagpap med stor hældning,2.0,https://www.boligsiden.dk/adresse/rebaek-soepark-11-3-mf-2650-hvidovre-01676690__11__3__mf,Mursten,Ikke oplyst,1,F337
stadionvej-43-0-13-2600-glostrup-01610462__43_st__13,"Stadionvej 43, st. 13.",2600.0,Ejerlejlighed,Tvangsauktion,07-06-2011,1660000.0,2,Glostrup,Fjernvarme/blokvarme,/adresse/stadionvej-43-0-13-2600-glostrup-01610462__43_st__13,101.0,Fibercement herunder asbest,4.0,https://www.boligsiden.dk/adresse/stadionvej-43-0-13-2600-glostrup-01610462__43_st__13,Mursten,Ikke oplyst,1,F338
snekketoften-1-2830-virum-01730742___1_______,Snekketoften 1,2830.0,Villa,Tvangsauktion,25-05-2011,4450000.0,2,Virum,Centralvarme med én fyringsenhed,/adresse/snekketoften-1-2830-virum-01730742___1_______,159.0,Tagpap med lille hældning,6.0,https://www.boligsiden.dk/adresse/snekketoften-1-2830-virum-01730742___1_______,Letbetonsten,193.15,1,F339
broendbyvestervej-68a-0-2-2605-broendby-01530071_68a_st___2,"Brøndbyvestervej 68A, st. 2.",2605.0,Ejerlejlighed,Tvangsauktion,25-05-2011,550000.0,3,Brøndby,Fjernvarme/blokvarme,/adresse/broendbyvestervej-68a-0-2-2605-broendby-01530071_68a_st___2,46.0,Metal,1.0,https://www.boligsiden.dk/adresse/broendbyvestervej-68a-0-2-2605-broendby-01530071_68a_st___2,Mursten,Ikke oplyst,1,F340
lyngen-27-2800-kongens-lyngby-01590528__27_______,Lyngen 27,2800.0,Villa,Tvangsauktion,24-05-2011,1332000.0,1,Kongens Lyngby,Centralvarme med én fyringsenhed,/adresse/lyngen-27-2800-kongens-lyngby-01590528__27_______,183.0,Tegl,5.0,https://www.boligsiden.dk/adresse/lyngen-27-2800-kongens-lyngby-01590528__27_______,Mursten,183,1,F341
christoffers-alle-40-2800-kongens-lyngby-01590111__40_______,Christoffers Alle 40,2800.0,Villa,Tvangsauktion,24-05-2011,1408000.0,3,Kongens Lyngby,Centralvarme med én fyringsenhed,/adresse/christoffers-alle-40-2800-kongens-lyngby-01590111__40_______,206.0,Tegl,7.0,https://www.boligsiden.dk/adresse/christoffers-alle-40-2800-kongens-lyngby-01590111__40_______,Mursten,226.25,1,F342
stroebyholm-9-2650-hvidovre-01678204___9_______,Strøbyholm 9,2650.0,Villa,Tvangsauktion,23-05-2011,1800000.0,3,Hvidovre,Centralvarme med én fyringsenhed,/adresse/stroebyholm-9-2650-hvidovre-01678204___9_______,122.0,Fibercement herunder asbest,5.0,https://www.boligsiden.dk/adresse/stroebyholm-9-2650-hvidovre-01678204___9_______,Mursten,124.7,1,F343
kildebakkegaards-alle-113c-2860-soeborg-01590404113c_______,Kildebakkegårds Alle 113C,2860.0,Rækkehus,Tvangsauktion,18-05-2011,1999384.0,3,Søborg,Fjernvarme/blokvarme,/adresse/kildebakkegaards-alle-113c-2860-soeborg-01590404113c_______,88.0,Fibercement herunder asbest,4.0,https://www.boligsiden.dk/adresse/kildebakkegaards-alle-113c-2860-soeborg-01590404113c_______,Mursten,Ikke oplyst,1,F344
bygaden-73a-2630-taastrup-01690920_73a_______,Bygaden 73A,2630.0,Rækkehus,Tvangsauktion,18-05-2011,1810000.0,3,Taastrup,Fjernvarme/blokvarme,/adresse/bygaden-73a-2630-taastrup-01690920_73a_______,160.0,Stråtag,5.0,https://www.boligsiden.dk/adresse/bygaden-73a-2630-taastrup-01690920_73a_______,Bindingsværk,228,1,F345
brunevang-92-2-31-2610-roedovre-01750108__92__2__31,"Brunevang 92, 2. 31.",2610.0,Ejerlejlighed,Tvangsauktion,18-05-2011,320000.0,2,Rødovre,Fjernvarme/blokvarme,/adresse/brunevang-92-2-31-2610-roedovre-01750108__92__2__31,45.0,Tagpap med lille hældning,1.0,https://www.boligsiden.dk/adresse/brunevang-92-2-31-2610-roedovre-01750108__92__2__31,Betonelementer,Ikke oplyst,1,F346
bygaden-73b-2630-taastrup-01690920_73b_______,Bygaden 73B,2630.0,Rækkehus,Tvangsauktion,18-05-2011,1810000.0,3,,,,,,,,,,1,F347
pilevangen-29-2660-broendby-strand-01530496__29_______,Pilevangen 29,2660.0,Rækkehus,Tvangsauktion,27-04-2011,465000.0,2,Brøndby Strand,Centralvarme med én fyringsenhed,/adresse/pilevangen-29-2660-broendby-strand-01530496__29_______,113.0,Tegl,6.0,https://www.boligsiden.dk/adresse/pilevangen-29-2660-broendby-strand-01530496__29_______,Mursten,131.7,1,F348
roskildevej-280-0-tv-2610-roedovre-01750690_280_st__tv,"Roskildevej 280, st. tv.",2610.0,Ejerlejlighed,Tvangsauktion,11-04-2011,590000.0,3,Rødovre,Centralvarme med én fyringsenhed,/adresse/roskildevej-280-0-tv-2610-roedovre-01750690_280_st__tv,88.0,Fibercement herunder asbest,3.0,https://www.boligsiden.dk/adresse/roskildevej-280-0-tv-2610-roedovre-01750690_280_st__tv,Mursten,Ikke oplyst,1,F349
broendbyoestervej-92-2605-broendby-01530091__92_______,Brøndbyøstervej 92,2605.0,Villa,Tvangsauktion,06-04-2011,1400000.0,1,Brøndby,Fjernvarme/blokvarme,/adresse/broendbyoestervej-92-2605-broendby-01530091__92_______,75.0,Fibercement herunder asbest,2.0,https://www.boligsiden.dk/adresse/broendbyoestervej-92-2605-broendby-01530091__92_______,Mursten,84,1,F350
roedovre-parkvej-333-1-2610-roedovre-01750702_333__1____,"Rødovre Parkvej 333, 1.",2610.0,Ejerlejlighed,Tvangsauktion,04-04-2011,400000.0,3,Rødovre,Fjernvarme/blokvarme,/adresse/roedovre-parkvej-333-1-2610-roedovre-01750702_333__1____,50.0,Tagpap med stor hældning,1.0,https://www.boligsiden.dk/adresse/roedovre-parkvej-333-1-2610-roedovre-01750702_333__1____,Mursten,Ikke oplyst,1,F351
virumvej-86-2830-virum-01730873__86_______,Virumvej 86,2830.0,Villa,Tvangsauktion,30-03-2011,1600000.0,3,,,,,,,,,,1,F352
vojensvej-49-2610-roedovre-01679409__49_______,Vojensvej 49,2610.0,Villa,Tvangsauktion,29-03-2011,1600000.0,1,Rødovre,Centralvarme med én fyringsenhed,/adresse/vojensvej-49-2610-roedovre-01679409__49_______,129.0,Tagpap med stor hældning,5.0,https://www.boligsiden.dk/adresse/vojensvej-49-2610-roedovre-01679409__49_______,Mursten,184.2,1,F353
herstedoestergade-46-2620-albertslund-01650205__46_______,Herstedøstergade 46,2620.0,Villa,Tvangsauktion,29-03-2011,3750000.0,3,,,,,,,,,,1,F354
naesborgvej-42-2-tv-2650-hvidovre-01676123__42__2__tv,"Næsborgvej 42, 2. tv.",2650.0,Ejerlejlighed,Tvangsauktion,28-03-2011,560000.0,3,Hvidovre,Fjernvarme/blokvarme,/adresse/naesborgvej-42-2-tv-2650-hvidovre-01676123__42__2__tv,66.0,Fibercement uden asbest,3.0,https://www.boligsiden.dk/adresse/naesborgvej-42-2-tv-2650-hvidovre-01676123__42__2__tv,Mursten,Ikke oplyst,1,F355
valbyvej-22-2-th-2630-taastrup-01699095__22__2__th,"Valbyvej 22, 2. th.",2630.0,Ejerlejlighed,Tvangsauktion,23-03-2011,220000.0,3,Taastrup,Fjernvarme/blokvarme,/adresse/valbyvej-22-2-th-2630-taastrup-01699095__22__2__th,37.0,Fibercement herunder asbest,2.0,https://www.boligsiden.dk/adresse/valbyvej-22-2-th-2630-taastrup-01699095__22__2__th,Mursten,Ikke oplyst,1,F356
klovtofteparken-20-2630-taastrup-01693871__20_______,Klovtofteparken 20,2630.0,Rækkehus,Tvangsauktion,09-03-2011,1520000.0,3,Taastrup,Fjernvarme/blokvarme,/adresse/klovtofteparken-20-2630-taastrup-01693871__20_______,119.0,Betontagsten,5.0,https://www.boligsiden.dk/adresse/klovtofteparken-20-2630-taastrup-01693871__20_______,Mursten,140.6,1,F357
maagevej-7b-2650-hvidovre-01675615__7b_______,Mågevej 7B,2650.0,Villa,Tvangsauktion,07-03-2011,1800000.0,2,Hvidovre,Centralvarme med én fyringsenhed,/adresse/maagevej-7b-2650-hvidovre-01675615__7b_______,117.0,Betontagsten,6.0,https://www.boligsiden.dk/adresse/maagevej-7b-2650-hvidovre-01675615__7b_______,Mursten,117.15,1,F358
juni-alle-89-2860-soeborg-01590380__89_______,Juni Alle 89,2860.0,Villa,Tvangsauktion,03-03-2011,1930000.0,3,Søborg,Centralvarme med én fyringsenhed,/adresse/juni-alle-89-2860-soeborg-01590380__89_______,108.0,Fibercement uden asbest,4.0,https://www.boligsiden.dk/adresse/juni-alle-89-2860-soeborg-01590380__89_______,Letbetonsten,150.4,1,F359
ericavej-163-0-102-2820-gentofte-01570203_163_st_102,"Ericavej 163, st. 102.",2820.0,Ejerlejlighed,Tvangsauktion,28-02-2011,660000.0,2,Gentofte,Centralvarme med én fyringsenhed,/adresse/ericavej-163-0-102-2820-gentofte-01570203_163_st_102,65.0,Fibercement herunder asbest,2.0,https://www.boligsiden.dk/adresse/ericavej-163-0-102-2820-gentofte-01570203_163_st_102,Mursten,Ikke oplyst,1,F360
rebaek-soepark-3-11-1112-2650-hvidovre-01676690___3_111112,"Rebæk Søpark 3, 11. 1112.",1112.0,Ejerlejlighed,Tvangsauktion,22-02-2011,270000.0,3,Hvidovre,Fjernvarme/blokvarme,/adresse/rebaek-soepark-3-11-1112-2650-hvidovre-01676690___3_111112,44.0,Tagpap med stor hældning,1.0,https://www.boligsiden.dk/adresse/rebaek-soepark-3-11-1112-2650-hvidovre-01676690___3_111112,Letbetonsten,Ikke oplyst,1,F361
bernstorffsvej-100-0-tv-2900-hellerup-01570054_100_st__tv,"Bernstorffsvej 100, st. tv.",2900.0,Ejerlejlighed,Tvangsauktion,21-02-2011,2250000.0,3,Hellerup,Fjernvarme/blokvarme,/adresse/bernstorffsvej-100-0-tv-2900-hellerup-01570054_100_st__tv,99.0,Tegl,4.0,https://www.boligsiden.dk/adresse/bernstorffsvej-100-0-tv-2900-hellerup-01570054_100_st__tv,Mursten,Ikke oplyst,1,F362
stengaards-alle-31e-2800-kongens-lyngby-01730776_31e_______,Stengårds Alle 31E,2800.0,Villa,Tvangsauktion,16-02-2011,2620000.0,1,Kongens Lyngby,Centralvarme med én fyringsenhed,/adresse/stengaards-alle-31e-2800-kongens-lyngby-01730776_31e_______,140.0,Tegl,4.0,https://www.boligsiden.dk/adresse/stengaards-alle-31e-2800-kongens-lyngby-01730776_31e_______,Mursten,139.25,1,F363
aldershvilevej-80b-2880-bagsvaerd-01590009_80b_______,Aldershvilevej 80B,2880.0,Villa,Tvangsauktion,17-01-2011,3525000.0,3,Bagsværd,Centralvarme med én fyringsenhed,/adresse/aldershvilevej-80b-2880-bagsvaerd-01590009_80b_______,324.0,Tegl,12.0,https://www.boligsiden.dk/adresse/aldershvilevej-80b-2880-bagsvaerd-01590009_80b_______,Mursten,325.5,1,F364
buddingevej-260-1-i-2860-soeborg-01590088_260__1___i,"Buddingevej 260, 1. i.",2860.0,Ejerlejlighed,Tvangsauktion,10-01-2011,450000.0,3,Søborg,Fjernvarme/blokvarme,/adresse/buddingevej-260-1-i-2860-soeborg-01590088_260__1___i,36.0,Fibercement herunder asbest,1.0,https://www.boligsiden.dk/adresse/buddingevej-260-1-i-2860-soeborg-01590088_260__1___i,Mursten,Ikke oplyst,1,F365
buddingevej-260-1-o-2860-soeborg-01590088_260__1___o,"Buddingevej 260, 1. o.",2860.0,Ejerlejlighed,Tvangsauktion,05-01-2011,440000.0,3,Søborg,Fjernvarme/blokvarme,/adresse/buddingevej-260-1-o-2860-soeborg-01590088_260__1___o,38.0,Fibercement herunder asbest,1.0,https://www.boligsiden.dk/adresse/buddingevej-260-1-o-2860-soeborg-01590088_260__1___o,Mursten,Ikke oplyst,1,F366
linde-alle-7-2600-glostrup-01610308___7_______,Linde Alle 7,2600.0,Villa,Tvangsauktion,22-12-2010,2250000.0,2,Glostrup,Varmepumpe,/adresse/linde-alle-7-2600-glostrup-01610308___7_______,144.0,Betontagsten,4.0,https://www.boligsiden.dk/adresse/linde-alle-7-2600-glostrup-01610308___7_______,Mursten,145.45,1,F367
vejlebrovej-102-1-tv-2635-ishoej-01830850_102__1__tv,"Vejlebrovej 102, 1. tv.",2635.0,Ejerlejlighed,Tvangsauktion,20-12-2010,600000.0,2,Ishøj,Fjernvarme/blokvarme,/adresse/vejlebrovej-102-1-tv-2635-ishoej-01830850_102__1__tv,69.0,Tagpap med lille hældning,2.0,https://www.boligsiden.dk/adresse/vejlebrovej-102-1-tv-2635-ishoej-01830850_102__1__tv,Betonelementer,Ikke oplyst,1,F368
helmsvej-30-2880-bagsvaerd-01590302__30_______,Helmsvej 30,2880.0,Villa,Tvangsauktion,15-12-2010,4150000.0,2,Bagsværd,Ovn til fast og flydende brændsel,/adresse/helmsvej-30-2880-bagsvaerd-01590302__30_______,114.0,Tegl,4.0,https://www.boligsiden.dk/adresse/helmsvej-30-2880-bagsvaerd-01590302__30_______,Mursten,136.1,1,F369
hedekaeret-53-0-2-2640-hedehusene-01692652__53_st___2,"Hedekæret 53, st. 2.",2640.0,Ejerlejlighed,Tvangsauktion,15-12-2010,559000.0,3,Hedehusene,Fjernvarme/blokvarme,/adresse/hedekaeret-53-0-2-2640-hedehusene-01692652__53_st___2,54.0,Fibercement herunder asbest,2.0,https://www.boligsiden.dk/adresse/hedekaeret-53-0-2-2640-hedehusene-01692652__53_st___2,Mursten,Ikke oplyst,1,F370
espens-vaenge-40-2630-taastrup-01691542__40_______,Espens Vænge 40,2630.0,Villa,Tvangsauktion,14-12-2010,2000000.0,3,Taastrup,Fjernvarme/blokvarme,/adresse/espens-vaenge-40-2630-taastrup-01691542__40_______,124.0,Betontagsten,6.0,https://www.boligsiden.dk/adresse/espens-vaenge-40-2630-taastrup-01691542__40_______,Mursten,164.85,1,F371
runebergs-alle-4-2860-soeborg-01590699___4_______,Runebergs Alle 4,2860.0,Villa,Tvangsauktion,06-12-2010,2750000.0,3,,,,,,,,,,1,F372
murskeen-3-3-42-2630-taastrup-01695125___3__3__42,"Murskeen 3, 3. 42.",2630.0,Ejerlejlighed,Tvangsauktion,06-12-2010,690000.0,2,Taastrup,Fjernvarme/blokvarme,/adresse/murskeen-3-3-42-2630-taastrup-01695125___3__3__42,70.0,Tagpap med lille hældning,2.0,https://www.boligsiden.dk/adresse/murskeen-3-3-42-2630-taastrup-01695125___3__3__42,Betonelementer,Ikke oplyst,1,F373
valeursvej-9-2900-hellerup-01570900___9_______,Valeursvej 9,2900.0,Villa,Tvangsauktion,01-12-2010,16400000.0,3,Hellerup,Fjernvarme/blokvarme,/adresse/valeursvej-9-2900-hellerup-01570900___9_______,330.0,Tegl,7.0,https://www.boligsiden.dk/adresse/valeursvej-9-2900-hellerup-01570900___9_______,Mursten,408.4,1,F374
hyldegaards-tvaervej-1-1-tv-2920-charlottenlund-01570376___1__1__tv,"Hyldegårds Tværvej 1, 1. tv.",2920.0,Ejerlejlighed,Tvangsauktion,29-11-2010,1578000.0,3,Charlottenlund,Fjernvarme/blokvarme,/adresse/hyldegaards-tvaervej-1-1-tv-2920-charlottenlund-01570376___1__1__tv,83.0,Tegl,3.0,https://www.boligsiden.dk/adresse/hyldegaards-tvaervej-1-1-tv-2920-charlottenlund-01570376___1__1__tv,Mursten,Ikke oplyst,1,F375
annexgaardsvej-2-0-2610-roedovre-01750021___2_st____,"Annexgårdsvej 2, st.",2610.0,Villalejlighed,Tvangsauktion,24-11-2010,2100000.0,3,,,,,,,,,,1,F376
annexgaardsvej-2-1-2610-roedovre-01750021___2__1____,"Annexgårdsvej 2, 1.",2610.0,Villalejlighed,Tvangsauktion,24-11-2010,2100000.0,3,,,,,,,,,,1,F377
mosevej-8-1-tv-2800-kongens-lyngby-01730587___8__1__tv,"Mosevej 8, 1. tv.",2800.0,Ejerlejlighed,Tvangsauktion,08-11-2010,1625000.0,1,Kongens Lyngby,Fjernvarme/blokvarme,/adresse/mosevej-8-1-tv-2800-kongens-lyngby-01730587___8__1__tv,87.0,Tegl,4.0,https://www.boligsiden.dk/adresse/mosevej-8-1-tv-2800-kongens-lyngby-01730587___8__1__tv,Mursten,Ikke oplyst,1,F378
sydvestvej-35-2600-glostrup-01610473__35_______,Sydvestvej 35,2600.0,Villa,Tvangsauktion,02-11-2010,1616000.0,2,Glostrup,Centralvarme med én fyringsenhed,/adresse/sydvestvej-35-2600-glostrup-01610473__35_______,113.0,Tegl,6.0,https://www.boligsiden.dk/adresse/sydvestvej-35-2600-glostrup-01610473__35_______,Mursten,125.6,1,F379
hovedgaden-405-1-th-2640-hedehusene-01692896_405__1__th,"Hovedgaden 405, 1. th.",2640.0,Villalejlighed,Tvangsauktion,20-10-2010,7500000.0,3,,,,,,,,,,1,F380
hovedgaden-405-1-tv-2640-hedehusene-01692896_405__1__tv,"Hovedgaden 405, 1. tv.",2640.0,Villalejlighed,Tvangsauktion,20-10-2010,7500000.0,3,,,,,,,,,,1,F381
kirkebakken-10-2605-broendby-01530336__10_______,Kirkebakken 10,2605.0,Villa,Tvangsauktion,04-10-2010,1510000.0,2,Brøndby,Centralvarme med én fyringsenhed,/adresse/kirkebakken-10-2605-broendby-01530336__10_______,155.0,Tagpap med stor hældning,5.0,https://www.boligsiden.dk/adresse/kirkebakken-10-2605-broendby-01530336__10_______,Letbetonsten,159,1,F382
jaegergangen-103-2880-bagsvaerd-01590383_103_______,Jægergangen 103,2880.0,Villa,Tvangsauktion,29-09-2010,1540000.0,3,Bagsværd,Centralvarme med én fyringsenhed,/adresse/jaegergangen-103-2880-bagsvaerd-01590383_103_______,182.0,Tagpap med stor hældning,5.0,https://www.boligsiden.dk/adresse/jaegergangen-103-2880-bagsvaerd-01590383_103_______,Mursten,186.5,1,F383
groenlunds-alle-9-2610-roedovre-01750275___9_______,Grønlunds Alle 9,2610.0,Villa,Tvangsauktion,29-09-2010,2438000.0,2,Rødovre,Centralvarme med én fyringsenhed,/adresse/groenlunds-alle-9-2610-roedovre-01750275___9_______,195.0,Tegl,8.0,https://www.boligsiden.dk/adresse/groenlunds-alle-9-2610-roedovre-01750275___9_______,Mursten,233.15,1,F384
naesborgvej-48-1-tv-2650-hvidovre-01676123__48__1__tv,"Næsborgvej 48, 1. tv.",2650.0,Ejerlejlighed,Tvangsauktion,22-09-2010,720000.0,2,Hvidovre,Fjernvarme/blokvarme,/adresse/naesborgvej-48-1-tv-2650-hvidovre-01676123__48__1__tv,73.0,Fibercement uden asbest,3.0,https://www.boligsiden.dk/adresse/naesborgvej-48-1-tv-2650-hvidovre-01676123__48__1__tv,Mursten,Ikke oplyst,1,F385
vejlebrovej-82-2-th-2635-ishoej-01830850__82__2__th,"Vejlebrovej 82, 2. th.",2635.0,Ejerlejlighed,Tvangsauktion,20-09-2010,2310000.0,1,Ishøj,Fjernvarme/blokvarme,/adresse/vejlebrovej-82-2-th-2635-ishoej-01830850__82__2__th,77.0,Tagpap med lille hældning,2.0,https://www.boligsiden.dk/adresse/vejlebrovej-82-2-th-2635-ishoej-01830850__82__2__th,Betonelementer,Ikke oplyst,1,F386
klausdalsbrovej-147-2860-soeborg-01590422_147_______,Klausdalsbrovej 147,2860.0,Villa,Tvangsauktion,20-09-2010,2200000.0,3,Søborg,Elvarme,/adresse/klausdalsbrovej-147-2860-soeborg-01590422_147_______,212.0,Tegl,5.0,https://www.boligsiden.dk/adresse/klausdalsbrovej-147-2860-soeborg-01590422_147_______,Mursten,221.8,1,F387
ejby-vaenge-16-2610-roedovre-01750178__16_______,Ejby Vænge 16,2610.0,Rækkehus,Tvangsauktion,15-09-2010,175000.0,3,Rødovre,Elvarme,/adresse/ejby-vaenge-16-2610-roedovre-01750178__16_______,39.0,Tagpap med lille hældning,1.0,https://www.boligsiden.dk/adresse/ejby-vaenge-16-2610-roedovre-01750178__16_______,Træ,39.5,1,F388
vejlegaardsparken-24-0-1-2665-vallensbaek-strand-01879267__24_st___1,"Vejlegårdsparken 24, st. 1.",2665.0,Ejerlejlighed,Tvangsauktion,13-09-2010,200000.0,3,Vallensbæk Strand,Fjernvarme/blokvarme,/adresse/vejlegaardsparken-24-0-1-2665-vallensbaek-strand-01879267__24_st___1,39.0,Tagpap med lille hældning,1.0,https://www.boligsiden.dk/adresse/vejlegaardsparken-24-0-1-2665-vallensbaek-strand-01879267__24_st___1,Betonelementer,Ikke oplyst,1,F389
jernalderen-78-2640-hedehusene-01693530__78_______,Jernalderen 78,2640.0,Rækkehus,Tvangsauktion,13-09-2010,1084000.0,2,Hedehusene,Elvarme,/adresse/jernalderen-78-2640-hedehusene-01693530__78_______,104.0,Fibercement uden asbest,4.0,https://www.boligsiden.dk/adresse/jernalderen-78-2640-hedehusene-01693530__78_______,Mursten,110,1,F390
taastrup-have-31-0-tv-2630-taastrup-01698960__31_st__tv,"Taastrup Have 31, st. tv.",2630.0,Ejerlejlighed,Tvangsauktion,08-09-2010,600000.0,3,Taastrup,Fjernvarme/blokvarme,/adresse/taastrup-have-31-0-tv-2630-taastrup-01698960__31_st__tv,59.0,Fibercement herunder asbest,2.0,https://www.boligsiden.dk/adresse/taastrup-have-31-0-tv-2630-taastrup-01698960__31_st__tv,Mursten,Ikke oplyst,1,F391
taastrup-have-31-0-tv-2630-taastrup-01698960__31_st__tv,"Taastrup Have 31, st. tv.",2630.0,Ejerlejlighed,Tvangsauktion,03-10-2000,615000.0,3,Taastrup,Fjernvarme/blokvarme,/adresse/taastrup-have-31-0-tv-2630-taastrup-01698960__31_st__tv,59.0,Fibercement herunder asbest,2.0,https://www.boligsiden.dk/adresse/taastrup-have-31-0-tv-2630-taastrup-01698960__31_st__tv,Mursten,Ikke oplyst,1,F392
vilvordeparken-17-2920-charlottenlund-01570941__17_______,Vilvordeparken 17,2920.0,Villa,Tvangsauktion,16-08-2010,6150000.0,3,Charlottenlund,Fjernvarme/blokvarme,/adresse/vilvordeparken-17-2920-charlottenlund-01570941__17_______,212.0,Tagpap med lille hældning,5.0,https://www.boligsiden.dk/adresse/vilvordeparken-17-2920-charlottenlund-01570941__17_______,Mursten,222.5,1,F393
jaegersborg-alle-27b-1-mf-2920-charlottenlund-01570423_27b__1__mf,"Jægersborg Alle 27B, 1. mf.",2920.0,Ejerlejlighed,Tvangsauktion,04-08-2010,1096000.0,2,Charlottenlund,Fjernvarme/blokvarme,/adresse/jaegersborg-alle-27b-1-mf-2920-charlottenlund-01570423_27b__1__mf,69.0,Tegl,2.0,https://www.boligsiden.dk/adresse/jaegersborg-alle-27b-1-mf-2920-charlottenlund-01570423_27b__1__mf,Mursten,Ikke oplyst,1,F394
hoeje-taastrup-boulevard-86-3-2630-taastrup-01693200__86__3____,"Høje Taastrup Boulevard 86, 3.",2630.0,Ejerlejlighed,Tvangsauktion,04-08-2010,1800000.0,1,Taastrup,Fjernvarme/blokvarme,/adresse/hoeje-taastrup-boulevard-86-3-2630-taastrup-01693200__86__3____,119.0,Fibercement uden asbest,3.0,https://www.boligsiden.dk/adresse/hoeje-taastrup-boulevard-86-3-2630-taastrup-01693200__86__3____,Mursten,Ikke oplyst,1,F395
holstedparken-13-2660-broendby-strand-01530244__13_______,Holstedparken 13,2660.0,Rækkehus,Tvangsauktion,02-08-2010,1650000.0,2,Brøndby Strand,Fjernvarme/blokvarme,/adresse/holstedparken-13-2660-broendby-strand-01530244__13_______,121.0,Fibercement herunder asbest,4.0,https://www.boligsiden.dk/adresse/holstedparken-13-2660-broendby-strand-01530244__13_______,Mursten,118.95,1,F396
skovbrinken-5-2920-charlottenlund-01570717___5_______,Skovbrinken 5,2920.0,Villa,Tvangsauktion,28-07-2010,11400000.0,3,Charlottenlund,Fjernvarme/blokvarme,/adresse/skovbrinken-5-2920-charlottenlund-01570717___5_______,335.0,Fibercement herunder asbest,8.0,https://www.boligsiden.dk/adresse/skovbrinken-5-2920-charlottenlund-01570717___5_______,Mursten,449.2,1,F397
grundkaer-27-2650-hvidovre-01672987__27_______,Grundkær 27,2650.0,Rækkehus,Tvangsauktion,19-07-2010,2100000.0,3,Hvidovre,Elvarme,/adresse/grundkaer-27-2650-hvidovre-01672987__27_______,156.0,Tagpap med lille hældning,4.0,https://www.boligsiden.dk/adresse/grundkaer-27-2650-hvidovre-01672987__27_______,Mursten,156,1,F398
hvidovrevej-180-2-207-2650-hvidovre-01674032_180__2_207,"Hvidovrevej 180, 2. 207.",2650.0,Ejerlejlighed,Tvangsauktion,05-07-2010,370000.0,3,Hvidovre,Fjernvarme/blokvarme,/adresse/hvidovrevej-180-2-207-2650-hvidovre-01674032_180__2_207,47.0,Tagpap med lille hældning,1.0,https://www.boligsiden.dk/adresse/hvidovrevej-180-2-207-2650-hvidovre-01674032_180__2_207,Mursten,Ikke oplyst,1,F399
dalen-3-2860-soeborg-01590119___3_______,Dalen 3,2860.0,Villa,Tvangsauktion,16-06-2010,2700000.0,2,Søborg,Centralvarme med én fyringsenhed,/adresse/dalen-3-2860-soeborg-01590119___3_______,140.0,Fibercement uden asbest,6.0,https://www.boligsiden.dk/adresse/dalen-3-2860-soeborg-01590119___3_______,Mursten,141.2,1,F400
molndalsparken-25-2620-albertslund-01650328__25_______,Mölndalsparken 25,2620.0,Ejerlejlighed,Tvangsauktion,16-06-2010,1225000.0,2,Albertslund,Fjernvarme/blokvarme,/adresse/molndalsparken-25-2620-albertslund-01650328__25_______,67.0,Betontagsten,3.0,https://www.boligsiden.dk/adresse/molndalsparken-25-2620-albertslund-01650328__25_______,Mursten,Ikke oplyst,1,F401
dalvangsvej-13-0-6-2600-glostrup-01610064__13_st___6,"Dalvangsvej 13, st. 6.",2600.0,Ejerlejlighed,Tvangsauktion,09-06-2010,540000.0,3,Glostrup,Fjernvarme/blokvarme,/adresse/dalvangsvej-13-0-6-2600-glostrup-01610064__13_st___6,49.0,Fibercement herunder asbest,1.0,https://www.boligsiden.dk/adresse/dalvangsvej-13-0-6-2600-glostrup-01610064__13_st___6,Mursten,Ikke oplyst,1,F402
rosmosevej-28-2650-hvidovre-01676929__28_______,Rosmosevej 28,2650.0,Villa,Tvangsauktion,07-06-2010,3300000.0,2,Hvidovre,Centralvarme med én fyringsenhed,/adresse/rosmosevej-28-2650-hvidovre-01676929__28_______,170.0,Betontagsten,5.0,https://www.boligsiden.dk/adresse/rosmosevej-28-2650-hvidovre-01676929__28_______,Mursten,240.1,1,F403
rosmosevej-28-2650-hvidovre-01676929__28_______,Rosmosevej 28,2650.0,Villa,Tvangsauktion,02-12-2004,2495000.0,2,Hvidovre,Centralvarme med én fyringsenhed,/adresse/rosmosevej-28-2650-hvidovre-01676929__28_______,170.0,Betontagsten,5.0,https://www.boligsiden.dk/adresse/rosmosevej-28-2650-hvidovre-01676929__28_______,Mursten,240.1,1,F404
strongvej-30-2630-taastrup-01697714__30_______,Strongvej 30,2630.0,Rækkehus,Tvangsauktion,07-06-2010,1420000.0,3,Taastrup,Fjernvarme/blokvarme,/adresse/strongvej-30-2630-taastrup-01697714__30_______,104.0,Fibercement herunder asbest,4.0,https://www.boligsiden.dk/adresse/strongvej-30-2630-taastrup-01697714__30_______,Letbetonsten,104.75,1,F405
bjeverskov-alle-2-2-th-2650-hvidovre-01670866___2__2__th,"Bjeverskov Alle 2, 2. th.",2650.0,Ejerlejlighed,Tvangsauktion,02-06-2010,9300000.0,1,Hvidovre,Fjernvarme/blokvarme,/adresse/bjeverskov-alle-2-2-th-2650-hvidovre-01670866___2__2__th,83.0,Tegl,3.0,https://www.boligsiden.dk/adresse/bjeverskov-alle-2-2-th-2650-hvidovre-01670866___2__2__th,Mursten,Ikke oplyst,1,F406
schimmelmannsvej-21-2930-klampenborg-01570691__21_______,Schimmelmannsvej 21,2930.0,Villa,Tvangsauktion,02-06-2010,8500000.0,3,Klampenborg,Centralvarme med én fyringsenhed,/adresse/schimmelmannsvej-21-2930-klampenborg-01570691__21_______,240.0,Tegl,6.0,https://www.boligsiden.dk/adresse/schimmelmannsvej-21-2930-klampenborg-01570691__21_______,Mursten,272.65,1,F407
bjeverskov-alle-2-0-th-2650-hvidovre-01670866___2_st__th,"Bjeverskov Alle 2, st. th.",2650.0,Ejerlejlighed,Tvangsauktion,02-06-2010,9300000.0,1,Hvidovre,Fjernvarme/blokvarme,/adresse/bjeverskov-alle-2-0-th-2650-hvidovre-01670866___2_st__th,83.0,Tegl,3.0,https://www.boligsiden.dk/adresse/bjeverskov-alle-2-0-th-2650-hvidovre-01670866___2_st__th,Mursten,Ikke oplyst,1,F408
bjeverskov-alle-2-2-tv-2650-hvidovre-01670866___2__2__tv,"Bjeverskov Alle 2, 2. tv.",2650.0,Ejerlejlighed,Tvangsauktion,02-06-2010,9300000.0,1,Hvidovre,Fjernvarme/blokvarme,/adresse/bjeverskov-alle-2-2-tv-2650-hvidovre-01670866___2__2__tv,65.0,Tegl,2.0,https://www.boligsiden.dk/adresse/bjeverskov-alle-2-2-tv-2650-hvidovre-01670866___2__2__tv,Mursten,Ikke oplyst,1,F409
bjeverskov-alle-2-1-tv-2650-hvidovre-01670866___2__1__tv,"Bjeverskov Alle 2, 1. tv.",2650.0,Ejerlejlighed,Tvangsauktion,02-06-2010,9300000.0,1,Hvidovre,Fjernvarme/blokvarme,/adresse/bjeverskov-alle-2-1-tv-2650-hvidovre-01670866___2__1__tv,82.0,Tegl,3.0,https://www.boligsiden.dk/adresse/bjeverskov-alle-2-1-tv-2650-hvidovre-01670866___2__1__tv,Mursten,Ikke oplyst,1,F410
bjeverskov-alle-2-1-th-2650-hvidovre-01670866___2__1__th,"Bjeverskov Alle 2, 1. th.",2650.0,Ejerlejlighed,Tvangsauktion,02-06-2010,9300000.0,1,Hvidovre,Fjernvarme/blokvarme,/adresse/bjeverskov-alle-2-1-th-2650-hvidovre-01670866___2__1__th,82.0,Tegl,3.0,https://www.boligsiden.dk/adresse/bjeverskov-alle-2-1-th-2650-hvidovre-01670866___2__1__th,Mursten,Ikke oplyst,1,F411
rebaek-soepark-3-15-1508-2650-hvidovre-01676690___3_151508,"Rebæk Søpark 3, 15. 1508.",1508.0,Ejerlejlighed,Tvangsauktion,31-05-2010,337600.0,2,Hvidovre,Fjernvarme/blokvarme,/adresse/rebaek-soepark-3-15-1508-2650-hvidovre-01676690___3_151508,44.0,Tagpap med stor hældning,1.0,https://www.boligsiden.dk/adresse/rebaek-soepark-3-15-1508-2650-hvidovre-01676690___3_151508,Letbetonsten,Ikke oplyst,1,F412
niels-finsens-alle-65-2860-soeborg-01590604__65_______,Niels Finsens Alle 65,2860.0,Villa,Tvangsauktion,26-05-2010,3430000.0,2,Søborg,Fjernvarme/blokvarme,/adresse/niels-finsens-alle-65-2860-soeborg-01590604__65_______,233.0,Tegl,8.0,https://www.boligsiden.dk/adresse/niels-finsens-alle-65-2860-soeborg-01590604__65_______,Mursten,283.95,1,F413
friisvej-5-2635-ishoej-01830190___5_______,Friisvej 5,2635.0,Villa,Tvangsauktion,26-05-2010,1450000.0,2,Ishøj,Centralvarme med én fyringsenhed,/adresse/friisvej-5-2635-ishoej-01830190___5_______,102.0,Tagpap med stor hældning,4.0,https://www.boligsiden.dk/adresse/friisvej-5-2635-ishoej-01830190___5_______,Betonelementer,106.5,1,F414
bjaelkevangen-11b-2800-kongens-lyngby-01730071_11b_______,Bjælkevangen 11B,2800.0,Villa,Tvangsauktion,26-05-2010,3983322.0,3,Kongens Lyngby,Centralvarme med én fyringsenhed,/adresse/bjaelkevangen-11b-2800-kongens-lyngby-01730071_11b_______,182.0,Tegl,6.0,https://www.boligsiden.dk/adresse/bjaelkevangen-11b-2800-kongens-lyngby-01730071_11b_______,Letbetonsten,218.4,1,F415
oestervej-34-2750-ballerup-01510379__34_______,Østervej 34,2750.0,Villa,Tvangsauktion,17-05-2010,2200000.0,2,Ballerup,Centralvarme med én fyringsenhed,/adresse/oestervej-34-2750-ballerup-01510379__34_______,174.0,Tegl,7.0,https://www.boligsiden.dk/adresse/oestervej-34-2750-ballerup-01510379__34_______,Mursten,189,1,F416
roedovrevej-202-2-mf-2610-roedovre-01750705_202__2__mf,"Rødovrevej 202, 2. mf.",2610.0,Ejerlejlighed,Tvangsauktion,17-05-2010,450000.0,3,Rødovre,Fjernvarme/blokvarme,/adresse/roedovrevej-202-2-mf-2610-roedovre-01750705_202__2__mf,45.0,Fibercement herunder asbest,1.0,https://www.boligsiden.dk/adresse/roedovrevej-202-2-mf-2610-roedovre-01750705_202__2__mf,Mursten,Ikke oplyst,1,F417
hammeren-30-4-176-2630-taastrup-01692530__30__4_176,"Hammeren 30, 4. 176.",2630.0,Ejerlejlighed,Tvangsauktion,10-05-2010,155000.0,3,Taastrup,Fjernvarme/blokvarme,/adresse/hammeren-30-4-176-2630-taastrup-01692530__30__4_176,44.0,Tagpap med lille hældning,1.0,https://www.boligsiden.dk/adresse/hammeren-30-4-176-2630-taastrup-01692530__30__4_176,Betonelementer,Ikke oplyst,1,F418
lystoftevej-30-2800-kongens-lyngby-01730550__30_______,Lystoftevej 30,2800.0,Rækkehus,Tvangsauktion,03-05-2010,2125000.0,1,Kongens Lyngby,Centralvarme med én fyringsenhed,/adresse/lystoftevej-30-2800-kongens-lyngby-01730550__30_______,85.0,Tegl,3.0,https://www.boligsiden.dk/adresse/lystoftevej-30-2800-kongens-lyngby-01730550__30_______,Mursten,106.5,1,F419
nysoevej-48-2665-vallensbaek-strand-01875858__48_______,Nysøvej 48,2665.0,Villa,Tvangsauktion,03-05-2010,2000000.0,2,Vallensbæk Strand,Varmepumpe,/adresse/nysoevej-48-2665-vallensbaek-strand-01875858__48_______,180.0,Tegl,9.0,https://www.boligsiden.dk/adresse/nysoevej-48-2665-vallensbaek-strand-01875858__48_______,Letbetonsten,172.3,1,F420
vejlebrovej-76-2-3-2635-ishoej-01830850__76__2___3,"Vejlebrovej 76, 2. 3.",2635.0,Ejerlejlighed,Tvangsauktion,20-04-2010,315000.0,3,Ishøj,Fjernvarme/blokvarme,/adresse/vejlebrovej-76-2-3-2635-ishoej-01830850__76__2___3,41.0,Tagpap med lille hældning,1.0,https://www.boligsiden.dk/adresse/vejlebrovej-76-2-3-2635-ishoej-01830850__76__2___3,Betonelementer,Ikke oplyst,1,F421
soebredden-8-2820-gentofte-01570822___8_______,Søbredden 8,2820.0,Villa,Tvangsauktion,19-04-2010,4900000.0,3,,,,,,,,,,1,F422
soebredden-8-2820-gentofte-01570822___8_______,Søbredden 8,2820.0,Villa,Tvangsauktion,19-04-2010,4900000.0,3,,,,,,,,,,1,F423
hedevej-27-2640-hedehusene-01692707__27_______,Hedevej 27,2640.0,Villa,Tvangsauktion,13-04-2010,765000.0,2,Hedehusene,Fjernvarme/blokvarme,/adresse/hedevej-27-2640-hedehusene-01692707__27_______,100.0,Fibercement herunder asbest,3.0,https://www.boligsiden.dk/adresse/hedevej-27-2640-hedehusene-01692707__27_______,Letbetonsten,136,1,F424
nordre-molevej-9-2930-klampenborg-01730934___9_______,Nordre Molevej 9,2930.0,Villa,Tvangsauktion,07-04-2010,12900000.0,3,Klampenborg,Centralvarme med én fyringsenhed,/adresse/nordre-molevej-9-2930-klampenborg-01730934___9_______,250.0,Fibercement herunder asbest,8.0,https://www.boligsiden.dk/adresse/nordre-molevej-9-2930-klampenborg-01730934___9_______,Mursten,332,1,F425
hvidovrevej-275-1-13-2650-hvidovre-01674032_275__1__13,"Hvidovrevej 275, 1. 13.",2650.0,Ejerlejlighed,Tvangsauktion,07-04-2010,500000.0,2,Hvidovre,Fjernvarme/blokvarme,/adresse/hvidovrevej-275-1-13-2650-hvidovre-01674032_275__1__13,51.0,Tagpap med stor hældning,1.0,https://www.boligsiden.dk/adresse/hvidovrevej-275-1-13-2650-hvidovre-01674032_275__1__13,Mursten,Ikke oplyst,1,F426
hvidovregade-9-2650-hvidovre-01673912___9_______,Hvidovregade 9,2650.0,Villa,Tvangsauktion,24-03-2010,1712000.0,3,Hvidovre,Fjernvarme/blokvarme,/adresse/hvidovregade-9-2650-hvidovre-01673912___9_______,135.0,Tegl,5.0,https://www.boligsiden.dk/adresse/hvidovregade-9-2650-hvidovre-01673912___9_______,Mursten,143.35,1,F427
vejlebrovej-118-4-mf-2635-ishoej-01830850_118__4__mf,"Vejlebrovej 118, 4. mf.",2635.0,Ejerlejlighed,Tvangsauktion,22-03-2010,266694.0,3,Ishøj,Fjernvarme/blokvarme,/adresse/vejlebrovej-118-4-mf-2635-ishoej-01830850_118__4__mf,35.0,Tagpap med lille hældning,1.0,https://www.boligsiden.dk/adresse/vejlebrovej-118-4-mf-2635-ishoej-01830850_118__4__mf,Betonelementer,Ikke oplyst,1,F428
jaegersborg-alle-247-1-th-2820-gentofte-01570423_247__1__th,"Jægersborg Alle 247, 1. th.",2820.0,Ejerlejlighed,Tvangsauktion,22-03-2010,1350000.0,3,Gentofte,Fjernvarme/blokvarme,/adresse/jaegersborg-alle-247-1-th-2820-gentofte-01570423_247__1__th,90.0,Tagpap med lille hældning,2.0,https://www.boligsiden.dk/adresse/jaegersborg-alle-247-1-th-2820-gentofte-01570423_247__1__th,Mursten,Ikke oplyst,1,F429
baekkelunden-130-2660-broendby-strand-01530108_130_______,Bækkelunden 130,2660.0,Villa,Tvangsauktion,22-03-2010,1250000.0,2,Brøndby Strand,Fjernvarme/blokvarme,/adresse/baekkelunden-130-2660-broendby-strand-01530108_130_______,130.0,Betontagsten,6.0,https://www.boligsiden.dk/adresse/baekkelunden-130-2660-broendby-strand-01530108_130_______,Mursten,130,1,F430
dyssegaardsvej-18-1-2900-hellerup-01570152__18__1____,"Dyssegårdsvej 18, 1.",2900.0,Villalejlighed,Tvangsauktion,10-03-2010,4000000.0,3,,,,,,,,,,1,F431
fuglegaardsvej-18-2820-gentofte-01570261__18_______,Fuglegårdsvej 18,2820.0,Villa,Tvangsauktion,08-03-2010,4950000.0,2,Gentofte,Fjernvarme/blokvarme,/adresse/fuglegaardsvej-18-2820-gentofte-01570261__18_______,202.0,Tegl,7.0,https://www.boligsiden.dk/adresse/fuglegaardsvej-18-2820-gentofte-01570261__18_______,Mursten,256.05,1,F432
gammel-koege-landevej-266-3-d-2650-hvidovre-01672807_266__3___d,"Gammel Køge Landevej 266, 3. d.",2650.0,Ejerlejlighed,Tvangsauktion,03-03-2010,305500.0,3,Hvidovre,Fjernvarme/blokvarme,/adresse/gammel-koege-landevej-266-3-d-2650-hvidovre-01672807_266__3___d,47.0,Fibercement herunder asbest,2.0,https://www.boligsiden.dk/adresse/gammel-koege-landevej-266-3-d-2650-hvidovre-01672807_266__3___d,Mursten,Ikke oplyst,1,F433
brandholms-alle-2f-2610-roedovre-01750085__2f_______,Brandholms Alle 2F,2610.0,Ejerlejlighed,Tvangsauktion,01-03-2010,950000.0,3,Rødovre,Fjernvarme/blokvarme,/adresse/brandholms-alle-2f-2610-roedovre-01750085__2f_______,49.0,Betontagsten,2.0,https://www.boligsiden.dk/adresse/brandholms-alle-2f-2610-roedovre-01750085__2f_______,Mursten,Ikke oplyst,1,F434
rugtoften-13a-2880-bagsvaerd-01590694_13a_______,Rugtoften 13A,2880.0,Rækkehus,Tvangsauktion,01-03-2010,2050000.0,3,Bagsværd,Varmepumpe,/adresse/rugtoften-13a-2880-bagsvaerd-01590694_13a_______,103.0,Tegl,4.0,https://www.boligsiden.dk/adresse/rugtoften-13a-2880-bagsvaerd-01590694_13a_______,Mursten,98.9,1,F435
landlyst-vaenge-68-2635-ishoej-01830385__68_______,Landlyst Vænge 68,2635.0,Villa,Tvangsauktion,20-01-2010,2000000.0,3,Ishøj,Centralvarme med én fyringsenhed,/adresse/landlyst-vaenge-68-2635-ishoej-01830385__68_______,135.0,Fibercement herunder asbest,4.0,https://www.boligsiden.dk/adresse/landlyst-vaenge-68-2635-ishoej-01830385__68_______,Mursten,200.2,1,F436
svenstrupvej-42-2665-vallensbaek-strand-01877775__42_______,Svenstrupvej 42,2665.0,Villa,Tvangsauktion,12-01-2010,1210000.0,3,Vallensbæk Strand,Centralvarme med én fyringsenhed,/adresse/svenstrupvej-42-2665-vallensbaek-strand-01877775__42_______,108.0,Fibercement herunder asbest,4.0,https://www.boligsiden.dk/adresse/svenstrupvej-42-2665-vallensbaek-strand-01877775__42_______,Mursten,117.2,1,F437
ordrupvej-126b-0-2920-charlottenlund-01570622126b_st____,"Ordrupvej 126B, st.",2920.0,Ejerlejlighed,Tvangsauktion,06-01-2010,3275000.0,1,Charlottenlund,Fjernvarme/blokvarme,/adresse/ordrupvej-126b-0-2920-charlottenlund-01570622126b_st____,170.0,Tegl,2.0,https://www.boligsiden.dk/adresse/ordrupvej-126b-0-2920-charlottenlund-01570622126b_st____,Mursten,Ikke oplyst,1,F438
hasselvej-26a-2740-skovlunde-01510581_26a_______,Hasselvej 26A,2740.0,Villa,Tvangsauktion,21-12-2009,1220000.0,1,Skovlunde,Centralvarme med én fyringsenhed,/adresse/hasselvej-26a-2740-skovlunde-01510581_26a_______,122.0,Andet materiale,5.0,https://www.boligsiden.dk/adresse/hasselvej-26a-2740-skovlunde-01510581_26a_______,Mursten,92.1,1,F439
hovedgaden-484-2-2640-hedehusene-01692896_484__2____,"Hovedgaden 484, 2.",2640.0,Villalejlighed,Tvangsauktion,16-12-2009,1860000.0,3,,,,,,,,,,1,F440
hovedgaden-484-1-2640-hedehusene-01692896_484__1____,"Hovedgaden 484, 1.",2640.0,Villalejlighed,Tvangsauktion,16-12-2009,1860000.0,3,,,,,,,,,,1,F441
korsdalsvej-5-2610-roedovre-01750468___5_______,Korsdalsvej 5,2610.0,Villa,Tvangsauktion,15-12-2009,1430000.0,1,Rødovre,Varmepumpe,/adresse/korsdalsvej-5-2610-roedovre-01750468___5_______,98.0,Tegl,3.0,https://www.boligsiden.dk/adresse/korsdalsvej-5-2610-roedovre-01750468___5_______,Mursten,130.4,1,F442
hvidovrevej-422-1-th-2650-hvidovre-01674032_422__1__th,"Hvidovrevej 422, 1. th.",2650.0,Ejerlejlighed,Tvangsauktion,15-12-2009,475000.0,3,Hvidovre,Centralvarme med én fyringsenhed,/adresse/hvidovrevej-422-1-th-2650-hvidovre-01674032_422__1__th,62.0,Fibercement herunder asbest,2.0,https://www.boligsiden.dk/adresse/hvidovrevej-422-1-th-2650-hvidovre-01674032_422__1__th,Letbetonsten,Ikke oplyst,1,F443
winthersmindevej-60-2635-ishoej-01830900__60_______,Winthersmindevej 60,2635.0,Villa,Tvangsauktion,14-12-2009,6250000.0,3,,,,,,,,,,1,F444
mosevej-17-2635-ishoej-01830480__17_______,Mosevej 17,2635.0,Villa,Tvangsauktion,01-12-2009,1930000.0,2,Ishøj,Centralvarme med én fyringsenhed,/adresse/mosevej-17-2635-ishoej-01830480__17_______,190.0,Fibercement herunder asbest,6.0,https://www.boligsiden.dk/adresse/mosevej-17-2635-ishoej-01830480__17_______,Mursten,184.15,1,F445
strandvejen-234--1-2920-charlottenlund-01570802_234_kl____,"Strandvejen 234, kl.",2920.0,Villalejlighed,Tvangsauktion,25-11-2009,7190000.0,3,,,,,,,,,,1,F446
strandvejen-234--1-2920-charlottenlund-01570802_234_kl____,"Strandvejen 234, kl.",2920.0,Villalejlighed,Tvangsauktion,25-11-2009,7190000.0,3,,,,,,,,,,1,F447
strandvejen-234--1-2920-charlottenlund-01570802_234_kl____,"Strandvejen 234, kl.",2920.0,Villalejlighed,Tvangsauktion,25-11-2009,7190000.0,3,,,,,,,,,,1,F448
strandvejen-234-0-2920-charlottenlund-01570802_234_st____,"Strandvejen 234, st.",2920.0,Villalejlighed,Tvangsauktion,25-11-2009,7190000.0,3,,,,,,,,,,1,F449
strandvejen-234-0-2920-charlottenlund-01570802_234_st____,"Strandvejen 234, st.",2920.0,Villalejlighed,Tvangsauktion,25-11-2009,7190000.0,3,,,,,,,,,,1,F450
strandvejen-234-0-2920-charlottenlund-01570802_234_st____,"Strandvejen 234, st.",2920.0,Villalejlighed,Tvangsauktion,25-11-2009,7190000.0,3,,,,,,,,,,1,F451
strandvejen-234-1-2920-charlottenlund-01570802_234__1____,"Strandvejen 234, 1.",2920.0,Villalejlighed,Tvangsauktion,25-11-2009,7190000.0,3,,,,,,,,,,1,F452
strandvejen-234-1-2920-charlottenlund-01570802_234__1____,"Strandvejen 234, 1.",2920.0,Villalejlighed,Tvangsauktion,25-11-2009,7190000.0,3,,,,,,,,,,1,F453
strandvejen-234-1-2920-charlottenlund-01570802_234__1____,"Strandvejen 234, 1.",2920.0,Villalejlighed,Tvangsauktion,25-11-2009,7190000.0,3,,,,,,,,,,1,F454
strandvejen-310-2930-klampenborg-01570802_310_______,Strandvejen 310,2930.0,Villa,Tvangsauktion,11-11-2009,10350000.0,3,,,,,,,,,,1,F455
strandvejen-310-2930-klampenborg-01570802_310_______,Strandvejen 310,2930.0,Villa,Tvangsauktion,11-11-2009,10350000.0,3,,,,,,,,,,1,F456
saven-b-5-0-4-2630-taastrup-01696692___5_st___4,"Saven B 5, st. 4.",2630.0,Ejerlejlighed,Tvangsauktion,11-11-2009,340000.0,3,Taastrup,Fjernvarme/blokvarme,/adresse/saven-b-5-0-4-2630-taastrup-01696692___5_st___4,36.0,Tagpap med lille hældning,1.0,https://www.boligsiden.dk/adresse/saven-b-5-0-4-2630-taastrup-01696692___5_st___4,Betonelementer,Ikke oplyst,1,F457
saven-b-6-3-1-2630-taastrup-01696692___6__3___1,"Saven B 6, 3. 1.",2630.0,Ejerlejlighed,Tvangsauktion,10-11-2009,390000.0,3,Taastrup,Fjernvarme/blokvarme,/adresse/saven-b-6-3-1-2630-taastrup-01696692___6__3___1,35.0,Tagpap med lille hældning,1.0,https://www.boligsiden.dk/adresse/saven-b-6-3-1-2630-taastrup-01696692___6__3___1,Betonelementer,Ikke oplyst,1,F458
lyngby-hovedgade-50a-2-th-2800-kongens-lyngby-01730535_50a__2__th,"Lyngby Hovedgade 50A, 2. th.",2800.0,Ejerlejlighed,Tvangsauktion,04-11-2009,11500000.0,1,Kongens Lyngby,Centralvarme med én fyringsenhed,/adresse/lyngby-hovedgade-50a-2-th-2800-kongens-lyngby-01730535_50a__2__th,58.0,Tegl,3.0,https://www.boligsiden.dk/adresse/lyngby-hovedgade-50a-2-th-2800-kongens-lyngby-01730535_50a__2__th,Mursten,Ikke oplyst,1,F459
islevmark-3-2610-roedovre-01750395___3_______,Islevmark 3,2610.0,Villa,Tvangsauktion,04-11-2009,1995000.0,2,Rødovre,Centralvarme med én fyringsenhed,/adresse/islevmark-3-2610-roedovre-01750395___3_______,107.0,Fibercement herunder asbest,3.0,https://www.boligsiden.dk/adresse/islevmark-3-2610-roedovre-01750395___3_______,Letbetonsten,144.2,1,F460
hyttekrogen-20-2665-vallensbaek-strand-01872876__20_______,Hyttekrogen 20,2665.0,Villa,Tvangsauktion,04-11-2009,1924000.0,3,,,,,,,,,,1,F461
hyttekrogen-20-2665-vallensbaek-strand-01872876__20_______,Hyttekrogen 20,2665.0,Villa,Tvangsauktion,04-11-2009,1924000.0,3,,,,,,,,,,1,F462
lyngby-hovedgade-50a-2-tv-2800-kongens-lyngby-01730535_50a__2__tv,"Lyngby Hovedgade 50A, 2. tv.",2800.0,Ejerlejlighed,Tvangsauktion,04-11-2009,11500000.0,1,Kongens Lyngby,Centralvarme med én fyringsenhed,/adresse/lyngby-hovedgade-50a-2-tv-2800-kongens-lyngby-01730535_50a__2__tv,52.0,Tegl,2.0,https://www.boligsiden.dk/adresse/lyngby-hovedgade-50a-2-tv-2800-kongens-lyngby-01730535_50a__2__tv,Mursten,Ikke oplyst,1,F463
lyngby-hovedgade-50a-1-th-2800-kongens-lyngby-01730535_50a__1__th,"Lyngby Hovedgade 50A, 1. th.",2800.0,Ejerlejlighed,Tvangsauktion,04-11-2009,11500000.0,1,,,,,,,,,,1,F464
lyngby-hovedgade-50a-1-tv-2800-kongens-lyngby-01730535_50a__1__tv,"Lyngby Hovedgade 50A, 1. tv.",2800.0,Ejerlejlighed,Tvangsauktion,04-11-2009,11500000.0,1,,,,,,,,,,1,F465
vesterkoeb-40-2-12-2640-hedehusene-01699339__40__2__12,"Vesterkøb 40, 2. 12.",2640.0,Ejerlejlighed,Tvangsauktion,03-11-2009,10200000.0,2,Hedehusene,Fjernvarme/blokvarme,/adresse/vesterkoeb-40-2-12-2640-hedehusene-01699339__40__2__12,54.0,Tegl,2.0,https://www.boligsiden.dk/adresse/vesterkoeb-40-2-12-2640-hedehusene-01699339__40__2__12,Mursten,Ikke oplyst,1,F466
vesterkoeb-40-1-7-2640-hedehusene-01699339__40__1___7,"Vesterkøb 40, 1. 7.",2640.0,Ejerlejlighed,Tvangsauktion,03-11-2009,10200000.0,2,Hedehusene,Fjernvarme/blokvarme,/adresse/vesterkoeb-40-1-7-2640-hedehusene-01699339__40__1___7,46.0,Tegl,1.0,https://www.boligsiden.dk/adresse/vesterkoeb-40-1-7-2640-hedehusene-01699339__40__1___7,Mursten,Ikke oplyst,1,F467
vesterkoeb-40-2-15-2640-hedehusene-01699339__40__2__15,"Vesterkøb 40, 2. 15.",2640.0,Ejerlejlighed,Tvangsauktion,03-11-2009,10200000.0,2,Hedehusene,Fjernvarme/blokvarme,/adresse/vesterkoeb-40-2-15-2640-hedehusene-01699339__40__2__15,46.0,Tegl,1.0,https://www.boligsiden.dk/adresse/vesterkoeb-40-2-15-2640-hedehusene-01699339__40__2__15,Mursten,Ikke oplyst,1,F468
vesterkoeb-40-2-11-2640-hedehusene-01699339__40__2__11,"Vesterkøb 40, 2. 11.",2640.0,Ejerlejlighed,Tvangsauktion,03-11-2009,10200000.0,2,Hedehusene,Fjernvarme/blokvarme,/adresse/vesterkoeb-40-2-11-2640-hedehusene-01699339__40__2__11,46.0,Tegl,2.0,https://www.boligsiden.dk/adresse/vesterkoeb-40-2-11-2640-hedehusene-01699339__40__2__11,Mursten,Ikke oplyst,1,F469
vesterkoeb-40-1-5-2640-hedehusene-01699339__40__1___5,"Vesterkøb 40, 1. 5.",2640.0,Ejerlejlighed,Tvangsauktion,03-11-2009,10200000.0,2,Hedehusene,Fjernvarme/blokvarme,/adresse/vesterkoeb-40-1-5-2640-hedehusene-01699339__40__1___5,54.0,Tegl,2.0,https://www.boligsiden.dk/adresse/vesterkoeb-40-1-5-2640-hedehusene-01699339__40__1___5,Mursten,Ikke oplyst,1,F470
vesterkoeb-40-2-9-2640-hedehusene-01699339__40__2___9,"Vesterkøb 40, 2. 9.",2640.0,Ejerlejlighed,Tvangsauktion,03-11-2009,10200000.0,2,Hedehusene,Fjernvarme/blokvarme,/adresse/vesterkoeb-40-2-9-2640-hedehusene-01699339__40__2___9,48.0,Tegl,2.0,https://www.boligsiden.dk/adresse/vesterkoeb-40-2-9-2640-hedehusene-01699339__40__2___9,Mursten,Ikke oplyst,1,F471
vesterkoeb-40-2-16-2640-hedehusene-01699339__40__2__16,"Vesterkøb 40, 2. 16.",2640.0,Ejerlejlighed,Tvangsauktion,03-11-2009,10200000.0,2,Hedehusene,Fjernvarme/blokvarme,/adresse/vesterkoeb-40-2-16-2640-hedehusene-01699339__40__2__16,58.0,Tegl,2.0,https://www.boligsiden.dk/adresse/vesterkoeb-40-2-16-2640-hedehusene-01699339__40__2__16,Mursten,Ikke oplyst,1,F472
flakhaven-16-2750-ballerup-01510109__16_______,Flakhaven 16,2750.0,Villa,Tvangsauktion,02-11-2009,1480000.0,3,Ballerup,Centralvarme med én fyringsenhed,/adresse/flakhaven-16-2750-ballerup-01510109__16_______,157.0,Fibercement herunder asbest,5.0,https://www.boligsiden.dk/adresse/flakhaven-16-2750-ballerup-01510109__16_______,Letbetonsten,199,1,F473
vibeholms-vaenge-93-2635-ishoej-01830878__93_______,Vibeholms Vænge 93,2635.0,Villa,Tvangsauktion,02-11-2009,2200000.0,2,Ishøj,Centralvarme med én fyringsenhed,/adresse/vibeholms-vaenge-93-2635-ishoej-01830878__93_______,158.0,Fibercement uden asbest,5.0,https://www.boligsiden.dk/adresse/vibeholms-vaenge-93-2635-ishoej-01830878__93_______,Mursten,161.8,1,F474
symfonivej-20-2730-herlev-01637976__20_______,Symfonivej 20,2730.0,Villa,Tvangsauktion,26-10-2009,3200000.0,2,,,,,,,,,,1,F475
ejbyvej-133-2610-roedovre-01750177_133_______,Ejbyvej 133,2610.0,Villa,Tvangsauktion,26-10-2009,2950000.0,3,Rødovre,Centralvarme med én fyringsenhed,/adresse/ejbyvej-133-2610-roedovre-01750177_133_______,164.0,Betontagsten,5.0,https://www.boligsiden.dk/adresse/ejbyvej-133-2610-roedovre-01750177_133_______,Mursten,183.7,1,F476
dalstroeget-78-0-2870-dyssegaard-01570133__78_st____,"Dalstrøget 78, st.",2870.0,Ejerlejlighed,Tvangsauktion,19-10-2009,200000.0,3,Dyssegård,Fjernvarme/blokvarme,/adresse/dalstroeget-78-0-2870-dyssegaard-01570133__78_st____,49.0,Andet materiale,1.0,https://www.boligsiden.dk/adresse/dalstroeget-78-0-2870-dyssegaard-01570133__78_st____,Mursten,Ikke oplyst,1,F477
resedavej-3-2820-gentofte-01570647___3_______,Resedavej 3,2820.0,Villa,Tvangsauktion,19-10-2009,1790000.0,3,Gentofte,Fjernvarme/blokvarme,/adresse/resedavej-3-2820-gentofte-01570647___3_______,96.0,Tagpap med stor hældning,4.0,https://www.boligsiden.dk/adresse/resedavej-3-2820-gentofte-01570647___3_______,Mursten,139.65,1,F478
tvaerbommen-55-0-th-2820-gentofte-01570895__55_st__th,"Tværbommen 55, st. th.",2820.0,Ejerlejlighed,Tvangsauktion,19-10-2009,420000.0,3,Gentofte,Fjernvarme/blokvarme,/adresse/tvaerbommen-55-0-th-2820-gentofte-01570895__55_st__th,90.0,Tegl,3.0,https://www.boligsiden.dk/adresse/tvaerbommen-55-0-th-2820-gentofte-01570895__55_st__th,Mursten,Ikke oplyst,1,F479
vejlebrovej-80-3-mf-2635-ishoej-01830850__80__3__mf,"Vejlebrovej 80, 3. mf.",2635.0,Ejerlejlighed,Tvangsauktion,12-10-2009,300000.0,3,Ishøj,Fjernvarme/blokvarme,/adresse/vejlebrovej-80-3-mf-2635-ishoej-01830850__80__3__mf,35.0,Tagpap med lille hældning,1.0,https://www.boligsiden.dk/adresse/vejlebrovej-80-3-mf-2635-ishoej-01830850__80__3__mf,Betonelementer,Ikke oplyst,1,F480
hovedgaden-361-2640-hedehusene-01692896_361_______,Hovedgaden 361,2640.0,Rækkehus,Tvangsauktion,23-09-2009,1250000.0,2,Hedehusene,Fjernvarme/blokvarme,/adresse/hovedgaden-361-2640-hedehusene-01692896_361_______,75.0,Fibercement herunder asbest,3.0,https://www.boligsiden.dk/adresse/hovedgaden-361-2640-hedehusene-01692896_361_______,Letbetonsten,80.85,1,F481
langemarksvej-35-2860-soeborg-01590493__35_______,Langemarksvej 35,2860.0,Villa,Tvangsauktion,22-09-2009,1270000.0,2,Søborg,Varmepumpe,/adresse/langemarksvej-35-2860-soeborg-01590493__35_______,151.0,Tagpap med stor hældning,6.0,https://www.boligsiden.dk/adresse/langemarksvej-35-2860-soeborg-01590493__35_______,Træ,161.75,1,F482
vangede-bygade-74-0-4-2820-gentofte-01570903__74_st___4,"Vangede Bygade 74, st. 4.",2820.0,Ejerlejlighed,Tvangsauktion,21-09-2009,400000.0,3,Gentofte,Fjernvarme/blokvarme,/adresse/vangede-bygade-74-0-4-2820-gentofte-01570903__74_st___4,37.0,Tagpap med stor hældning,1.0,https://www.boligsiden.dk/adresse/vangede-bygade-74-0-4-2820-gentofte-01570903__74_st___4,Mursten,Ikke oplyst,1,F483
tranevaenget-10-2-th-2900-hellerup-01570883__10__2__th,"Tranevænget 10, 2. th.",2900.0,Ejerlejlighed,Tvangsauktion,21-09-2009,2000000.0,2,Hellerup,Fjernvarme/blokvarme,/adresse/tranevaenget-10-2-th-2900-hellerup-01570883__10__2__th,132.0,Tegl,4.0,https://www.boligsiden.dk/adresse/tranevaenget-10-2-th-2900-hellerup-01570883__10__2__th,Mursten,Ikke oplyst,1,F484
hedekaeret-43-1-tv-2640-hedehusene-01692652__43__1__tv,"Hedekæret 43, 1. tv.",2640.0,Ejerlejlighed,Tvangsauktion,13-08-2009,850000.0,2,Hedehusene,Fjernvarme/blokvarme,/adresse/hedekaeret-43-1-tv-2640-hedehusene-01692652__43__1__tv,77.0,Fibercement herunder asbest,3.0,https://www.boligsiden.dk/adresse/hedekaeret-43-1-tv-2640-hedehusene-01692652__43__1__tv,Mursten,Ikke oplyst,1,F485
bagsvaerdvej-147a-2800-kongens-lyngby-01590045147a_______,Bagsværdvej 147A,2800.0,Villa,Tvangsauktion,03-08-2009,1904000.0,2,Kongens Lyngby,Centralvarme med én fyringsenhed,/adresse/bagsvaerdvej-147a-2800-kongens-lyngby-01590045147a_______,112.0,Tegl,5.0,https://www.boligsiden.dk/adresse/bagsvaerdvej-147a-2800-kongens-lyngby-01590045147a_______,Mursten,130,1,F486
vejledalen-76-0-th-2635-ishoej-01830854__76_st__th,"Vejledalen 76, st. th.",2635.0,Ejerlejlighed,Tvangsauktion,03-08-2009,738000.0,2,Ishøj,Fjernvarme/blokvarme,/adresse/vejledalen-76-0-th-2635-ishoej-01830854__76_st__th,70.0,Tagpap med lille hældning,2.0,https://www.boligsiden.dk/adresse/vejledalen-76-0-th-2635-ishoej-01830854__76_st__th,Betonelementer,Ikke oplyst,1,F487
oestervang-30-2800-kongens-lyngby-01590987__30_______,Østervang 30,2800.0,Villa,Tvangsauktion,09-07-2009,3480000.0,2,Kongens Lyngby,Centralvarme med én fyringsenhed,/adresse/oestervang-30-2800-kongens-lyngby-01590987__30_______,157.0,Tegl,5.0,https://www.boligsiden.dk/adresse/oestervang-30-2800-kongens-lyngby-01590987__30_______,Mursten,190.8,1,F488
bredesvinget-13-2830-virum-01730093__13_______,Bredesvinget 13,2830.0,Rækkehus,Tvangsauktion,08-07-2009,3500000.0,3,Virum,Centralvarme med én fyringsenhed,/adresse/bredesvinget-13-2830-virum-01730093__13_______,125.0,Tegl,5.0,https://www.boligsiden.dk/adresse/bredesvinget-13-2830-virum-01730093__13_______,Mursten,138.9,1,F489
strandvejen-132a-3-tv-2900-hellerup-01570802132a__3__tv,"Strandvejen 132A, 3. tv.",2900.0,Ejerlejlighed,Tvangsauktion,06-07-2009,3500000.0,3,Hellerup,Fjernvarme/blokvarme,/adresse/strandvejen-132a-3-tv-2900-hellerup-01570802132a__3__tv,143.0,Tegl,5.0,https://www.boligsiden.dk/adresse/strandvejen-132a-3-tv-2900-hellerup-01570802132a__3__tv,Mursten,Ikke oplyst,1,F490
christoffers-alle-94-2800-kongens-lyngby-01590111__94_______,Christoffers Alle 94,2800.0,Villa,Tvangsauktion,01-07-2009,2150000.0,2,Kongens Lyngby,Centralvarme med én fyringsenhed,/adresse/christoffers-alle-94-2800-kongens-lyngby-01590111__94_______,89.0,Fibercement herunder asbest,4.0,https://www.boligsiden.dk/adresse/christoffers-alle-94-2800-kongens-lyngby-01590111__94_______,Mursten,128.5,1,F491
bredekaers-vaenge-33-2635-ishoej-01830082__33_______,Bredekærs Vænge 33,2635.0,Rækkehus,Tvangsauktion,25-06-2009,1345000.0,3,Ishøj,Elvarme,/adresse/bredekaers-vaenge-33-2635-ishoej-01830082__33_______,112.0,Tagpap med lille hældning,4.0,https://www.boligsiden.dk/adresse/bredekaers-vaenge-33-2635-ishoej-01830082__33_______,Fibercement herunder asbest,115.8,1,F492
jonstrupvej-117-2750-ballerup-01510166_117_______,Jonstrupvej 117,2750.0,Villa,Tvangsauktion,22-06-2009,450000.0,3,,,,,,,,,,1,F493
vejlebrovej-68-3-2-2635-ishoej-01830850__68__3___2,"Vejlebrovej 68, 3. 2.",2635.0,Ejerlejlighed,Tvangsauktion,17-06-2009,380000.0,3,Ishøj,Fjernvarme/blokvarme,/adresse/vejlebrovej-68-3-2-2635-ishoej-01830850__68__3___2,33.0,Tagpap med lille hældning,1.0,https://www.boligsiden.dk/adresse/vejlebrovej-68-3-2-2635-ishoej-01830850__68__3___2,Betonelementer,Ikke oplyst,1,F494
emilievej-3-0-2920-charlottenlund-01570192___3_st____,"Emilievej 3, st.",2920.0,Ejerlejlighed,Tvangsauktion,17-06-2009,4500000.0,3,Charlottenlund,Fjernvarme/blokvarme,/adresse/emilievej-3-0-2920-charlottenlund-01570192___3_st____,250.0,Tegl,4.0,https://www.boligsiden.dk/adresse/emilievej-3-0-2920-charlottenlund-01570192___3_st____,Mursten,Ikke oplyst,1,F495
lindevangshusene-76-2-mf-2630-taastrup-01694520__76__2__mf,"Lindevangshusene 76, 2. mf.",2630.0,Ejerlejlighed,Tvangsauktion,12-06-2009,510000.0,3,Taastrup,Fjernvarme/blokvarme,/adresse/lindevangshusene-76-2-mf-2630-taastrup-01694520__76__2__mf,46.0,Betontagsten,1.0,https://www.boligsiden.dk/adresse/lindevangshusene-76-2-mf-2630-taastrup-01694520__76__2__mf,Mursten,Ikke oplyst,1,F496
giesegaardsvej-18a-2650-hvidovre-01672777_18a_______,Giesegårdsvej 18A,2650.0,Rækkehus,Tvangsauktion,10-06-2009,910000.0,3,Hvidovre,Fjernvarme/blokvarme,/adresse/giesegaardsvej-18a-2650-hvidovre-01672777_18a_______,71.0,Tagpap med stor hældning,2.0,https://www.boligsiden.dk/adresse/giesegaardsvej-18a-2650-hvidovre-01672777_18a_______,Mursten,101.6,1,F497
hallandsparken-66-2630-taastrup-01692520__66_______,Hallandsparken 66,2630.0,Rækkehus,Tvangsauktion,09-06-2009,1750000.0,3,Taastrup,Fjernvarme/blokvarme,/adresse/hallandsparken-66-2630-taastrup-01692520__66_______,116.0,Betontagsten,5.0,https://www.boligsiden.dk/adresse/hallandsparken-66-2630-taastrup-01692520__66_______,Mursten,117.25,1,F498
tagesmindevej-1-2820-gentofte-01570852___1_______,Tagesmindevej 1,2820.0,Villa,Tvangsauktion,29-05-2009,7250000.0,3,Gentofte,Varmepumpe,/adresse/tagesmindevej-1-2820-gentofte-01570852___1_______,298.0,Tegl,6.0,https://www.boligsiden.dk/adresse/tagesmindevej-1-2820-gentofte-01570852___1_______,Mursten,373.9,1,F499
vibeholms-vaenge-56-2635-ishoej-01830878__56_______,Vibeholms Vænge 56,2635.0,Villa,Tvangsauktion,04-05-2009,2500000.0,3,Ishøj,Centralvarme med én fyringsenhed,/adresse/vibeholms-vaenge-56-2635-ishoej-01830878__56_______,136.0,Fibercement herunder asbest,5.0,https://www.boligsiden.dk/adresse/vibeholms-vaenge-56-2635-ishoej-01830878__56_______,Mursten,171.4,1,F500
bagsvaerd-hovedgade-33-2880-bagsvaerd-01590039__33_______,Bagsværd Hovedgade 33,2880.0,Villa,Tvangsauktion,27-04-2009,2830000.0,3,Bagsværd,Varmepumpe,/adresse/bagsvaerd-hovedgade-33-2880-bagsvaerd-01590039__33_______,203.0,Tegl,8.0,https://www.boligsiden.dk/adresse/bagsvaerd-hovedgade-33-2880-bagsvaerd-01590039__33_______,Mursten,248.05,1,F501
vejledalen-258-2635-ishoej-01830854_258_______,Vejledalen 258,2635.0,Rækkehus,Tvangsauktion,16-03-2009,905000.0,3,Ishøj,Fjernvarme/blokvarme,/adresse/vejledalen-258-2635-ishoej-01830854_258_______,62.0,Betontagsten,3.0,https://www.boligsiden.dk/adresse/vejledalen-258-2635-ishoej-01830854_258_______,Træ,62,1,F502
vejlebrovej-120-3-th-2635-ishoej-01830850_120__3__th,"Vejlebrovej 120, 3. th.",2635.0,Ejerlejlighed,Tvangsauktion,11-03-2009,1000000.0,3,Ishøj,Fjernvarme/blokvarme,/adresse/vejlebrovej-120-3-th-2635-ishoej-01830850_120__3__th,92.0,Tagpap med lille hældning,3.0,https://www.boligsiden.dk/adresse/vejlebrovej-120-3-th-2635-ishoej-01830850_120__3__th,Betonelementer,Ikke oplyst,1,F503
ordrupvej-98a-2-tv-2920-charlottenlund-01570622_98a__2__tv,"Ordrupvej 98A, 2. tv.",2920.0,Ejerlejlighed,Tvangsauktion,09-02-2009,1000000.0,3,Charlottenlund,Fjernvarme/blokvarme,/adresse/ordrupvej-98a-2-tv-2920-charlottenlund-01570622_98a__2__tv,58.0,Tegl,2.0,https://www.boligsiden.dk/adresse/ordrupvej-98a-2-tv-2920-charlottenlund-01570622_98a__2__tv,Mursten,Ikke oplyst,1,F504
ordrupvej-98a-2-tv-2920-charlottenlund-01570622_98a__2__tv,"Ordrupvej 98A, 2. tv.",2920.0,Ejerlejlighed,Tvangsauktion,02-01-1995,295000.0,3,Charlottenlund,Fjernvarme/blokvarme,/adresse/ordrupvej-98a-2-tv-2920-charlottenlund-01570622_98a__2__tv,58.0,Tegl,2.0,https://www.boligsiden.dk/adresse/ordrupvej-98a-2-tv-2920-charlottenlund-01570622_98a__2__tv,Mursten,Ikke oplyst,1,F505
soebakken-29-2920-charlottenlund-01570817__29_______,Søbakken 29,2920.0,Villa,Tvangsauktion,26-01-2009,7410000.0,3,Charlottenlund,Centralvarme med én fyringsenhed,/adresse/soebakken-29-2920-charlottenlund-01570817__29_______,177.0,Fibercement herunder asbest,7.0,https://www.boligsiden.dk/adresse/soebakken-29-2920-charlottenlund-01570817__29_______,Mursten,231.9,1,F506
vejledalen-74-0-tv-2635-ishoej-01830854__74_st__tv,"Vejledalen 74, st. tv.",2635.0,Ejerlejlighed,Tvangsauktion,12-01-2009,1100000.0,3,Ishøj,Fjernvarme/blokvarme,/adresse/vejledalen-74-0-tv-2635-ishoej-01830854__74_st__tv,101.0,Tagpap med lille hældning,3.0,https://www.boligsiden.dk/adresse/vejledalen-74-0-tv-2635-ishoej-01830854__74_st__tv,Betonelementer,Ikke oplyst,1,F507
noerregaardsvej-59-2610-roedovre-01750614__59_______,Nørregårdsvej 59,2610.0,Villa,Tvangsauktion,07-01-2009,2150000.0,2,Rødovre,Centralvarme med én fyringsenhed,/adresse/noerregaardsvej-59-2610-roedovre-01750614__59_______,120.0,Tegl,4.0,https://www.boligsiden.dk/adresse/noerregaardsvej-59-2610-roedovre-01750614__59_______,Mursten,174.5,1,F508
byskovvej-26-2730-herlev-01630738__26_______,Byskovvej 26,2730.0,Villa,Tvangsauktion,03-12-2008,1800000.0,1,Herlev,Centralvarme med én fyringsenhed,/adresse/byskovvej-26-2730-herlev-01630738__26_______,191.0,Tegl,5.0,https://www.boligsiden.dk/adresse/byskovvej-26-2730-herlev-01630738__26_______,Mursten,203.4,1,F509
roskildevej-382-1-44-2610-roedovre-01750690_382__1__44,"Roskildevej 382, 1. 44.",2610.0,Ejerlejlighed,Tvangsauktion,31-10-2008,860000.0,3,Rødovre,Fjernvarme/blokvarme,/adresse/roskildevej-382-1-44-2610-roedovre-01750690_382__1__44,56.0,Tagpap med lille hældning,2.0,https://www.boligsiden.dk/adresse/roskildevej-382-1-44-2610-roedovre-01750690_382__1__44,Andet materiale,Ikke oplyst,1,F510
vejlebrovej-87-2-95-2635-ishoej-01830850__87__2__95,"Vejlebrovej 87, 2. 95.",2635.0,Ejerlejlighed,Tvangsauktion,10-10-2008,600000.0,3,Ishøj,Fjernvarme/blokvarme,/adresse/vejlebrovej-87-2-95-2635-ishoej-01830850__87__2__95,51.0,Tagpap med lille hældning,2.0,https://www.boligsiden.dk/adresse/vejlebrovej-87-2-95-2635-ishoej-01830850__87__2__95,Mursten,Ikke oplyst,1,F511
havevej-20-2-th-2860-soeborg-01590291__20__2__th,"Havevej 20, 2. th.",2860.0,Ejerlejlighed,Tvangsauktion,10-09-2008,700000.0,3,Søborg,Centralvarme med én fyringsenhed,/adresse/havevej-20-2-th-2860-soeborg-01590291__20__2__th,53.0,Tegl,2.0,https://www.boligsiden.dk/adresse/havevej-20-2-th-2860-soeborg-01590291__20__2__th,Mursten,Ikke oplyst,1,F512
roedovrevej-319-1-mf-2610-roedovre-01750705_319__1__mf,"Rødovrevej 319, 1. mf.",2610.0,Ejerlejlighed,Tvangsauktion,11-09-2007,855000.0,3,Rødovre,Fjernvarme/blokvarme,/adresse/roedovrevej-319-1-mf-2610-roedovre-01750705_319__1__mf,45.0,Fibercement uden asbest,1.0,https://www.boligsiden.dk/adresse/roedovrevej-319-1-mf-2610-roedovre-01750705_319__1__mf,Mursten,Ikke oplyst,1,F513
brunevang-88-0-2610-roedovre-01750108__88_st____,"Brunevang 88, st.",2610.0,Ejerlejlighed,Tvangsauktion,07-05-2007,1207100.0,3,Rødovre,Fjernvarme/blokvarme,/adresse/brunevang-88-0-2610-roedovre-01750108__88_st____,63.0,Tagpap med lille hældning,2.0,https://www.boligsiden.dk/adresse/brunevang-88-0-2610-roedovre-01750108__88_st____,Mursten,Ikke oplyst,1,F514
slotsherrensvej-302-2610-roedovre-01750780_302_______,Slotsherrensvej 302,2610.0,Villa,Tvangsauktion,15-12-2006,2600000.0,2,Rødovre,Centralvarme med én fyringsenhed,/adresse/slotsherrensvej-302-2610-roedovre-01750780_302_______,145.0,Fibercement herunder asbest,5.0,https://www.boligsiden.dk/adresse/slotsherrensvej-302-2610-roedovre-01750780_302_______,Mursten,148.85,1,F515
topperne-22-2-21-2620-albertslund-01650532__22__2__21,"Topperne 22, 2. 21.",2620.0,Ejerlejlighed,Tvangsauktion,23-10-2006,1332000.0,3,Albertslund,Fjernvarme/blokvarme,/adresse/topperne-22-2-21-2620-albertslund-01650532__22__2__21,97.0,Fibercement herunder asbest,4.0,https://www.boligsiden.dk/adresse/topperne-22-2-21-2620-albertslund-01650532__22__2__21,Betonelementer,Ikke oplyst,1,F516
topperne-22-2-21-2620-albertslund-01650532__22__2__21,"Topperne 22, 2. 21.",2620.0,Ejerlejlighed,Tvangsauktion,01-11-1993,231000.0,3,Albertslund,Fjernvarme/blokvarme,/adresse/topperne-22-2-21-2620-albertslund-01650532__22__2__21,97.0,Fibercement herunder asbest,4.0,https://www.boligsiden.dk/adresse/topperne-22-2-21-2620-albertslund-01650532__22__2__21,Betonelementer,Ikke oplyst,1,F517
hold-an-vej-61-0-2750-ballerup-01510152__61_st____,"Hold-An Vej 61, st.",2750.0,Ejerlejlighed,Tvangsauktion,23-03-2006,594000.0,1,Ballerup,Varmepumpe,/adresse/hold-an-vej-61-0-2750-ballerup-01510152__61_st____,131.0,Tegl,2.0,https://www.boligsiden.dk/adresse/hold-an-vej-61-0-2750-ballerup-01510152__61_st____,Mursten,Ikke oplyst,1,F518
groennemarksvej-2b-2610-roedovre-01750280__2b_______,Grønnemarksvej 2B,2610.0,Rækkehus,Tvangsauktion,10-02-2006,2845000.0,2,Rødovre,Centralvarme med én fyringsenhed,/adresse/groennemarksvej-2b-2610-roedovre-01750280__2b_______,100.0,Fibercement herunder asbest,5.0,https://www.boligsiden.dk/adresse/groennemarksvej-2b-2610-roedovre-01750280__2b_______,Mursten,110.15,1,F519
forsvarsvej-15-2860-soeborg-01590180__15_______,Forsvarsvej 15,2860.0,Villa,Tvangsauktion,30-01-2006,2115000.0,3,Søborg,Varmepumpe,/adresse/forsvarsvej-15-2860-soeborg-01590180__15_______,134.0,Fibercement herunder asbest,5.0,https://www.boligsiden.dk/adresse/forsvarsvej-15-2860-soeborg-01590180__15_______,Mursten,161.8,1,F520
lindevang-26-2660-broendby-strand-01530386__26_______,Lindevang 26,2660.0,Villa,Tvangsauktion,28-09-2005,2175000.0,2,Brøndby Strand,Centralvarme med én fyringsenhed,/adresse/lindevang-26-2660-broendby-strand-01530386__26_______,123.0,Fibercement herunder asbest,4.0,https://www.boligsiden.dk/adresse/lindevang-26-2660-broendby-strand-01530386__26_______,Mursten,123,1,F521
skjoldagervej-80-2-tv-2820-gentofte-01570705__80__2__tv,"Skjoldagervej 80, 2. tv.",2820.0,Ejerlejlighed,Tvangsauktion,23-05-2005,927310.0,3,Gentofte,Fjernvarme/blokvarme,/adresse/skjoldagervej-80-2-tv-2820-gentofte-01570705__80__2__tv,62.0,Andet materiale,2.0,https://www.boligsiden.dk/adresse/skjoldagervej-80-2-tv-2820-gentofte-01570705__80__2__tv,Mursten,Ikke oplyst,1,F522
hoejdevej-20a-2830-virum-01730364_20a_______,Højdevej 20A,2830.0,Villa,Tvangsauktion,12-04-2005,3915000.0,1,Virum,Centralvarme med én fyringsenhed,/adresse/hoejdevej-20a-2830-virum-01730364_20a_______,193.0,Fibercement herunder asbest,7.0,https://www.boligsiden.dk/adresse/hoejdevej-20a-2830-virum-01730364_20a_______,Mursten,195.9,1,F523
roedager-alle-71-1-1-2610-roedovre-01750699__71__1___1,"Rødager Alle 71, 1. 1.",2610.0,Ejerlejlighed,Tvangsauktion,10-01-2005,638000.0,3,Rødovre,Fjernvarme/blokvarme,/adresse/roedager-alle-71-1-1-2610-roedovre-01750699__71__1___1,36.0,Fibercement herunder asbest,1.0,https://www.boligsiden.dk/adresse/roedager-alle-71-1-1-2610-roedovre-01750699__71__1___1,Mursten,Ikke oplyst,1,F524
roedovre-parkvej-183-0-th-2610-roedovre-01750702_183_st__th,"Rødovre Parkvej 183, st. th.",2610.0,Ejerlejlighed,Tvangsauktion,29-12-2004,990000.0,3,Rødovre,Fjernvarme/blokvarme,/adresse/roedovre-parkvej-183-0-th-2610-roedovre-01750702_183_st__th,76.0,Tagpap med stor hældning,3.0,https://www.boligsiden.dk/adresse/roedovre-parkvej-183-0-th-2610-roedovre-01750702_183_st__th,Mursten,Ikke oplyst,1,F525
brobyvej-38-2650-hvidovre-01671135__38_______,Brobyvej 38,2650.0,Villa,Tvangsauktion,22-11-2004,1630000.0,2,Hvidovre,Centralvarme med én fyringsenhed,/adresse/brobyvej-38-2650-hvidovre-01671135__38_______,150.0,Tegl,5.0,https://www.boligsiden.dk/adresse/brobyvej-38-2650-hvidovre-01671135__38_______,Mursten,146.3,1,F526
gladsaxevej-101-2860-soeborg-01590215_101_______,Gladsaxevej 101,2860.0,Villa,Tvangsauktion,21-09-2004,2150000.0,3,Søborg,Fjernvarme/blokvarme,/adresse/gladsaxevej-101-2860-soeborg-01590215_101_______,129.0,Tegl,5.0,https://www.boligsiden.dk/adresse/gladsaxevej-101-2860-soeborg-01590215_101_______,Mursten,152.1,1,F527
lunagervej-12-2650-hvidovre-01675496__12_______,Lunagervej 12,2650.0,Villa,Tvangsauktion,23-01-2004,1275000.0,2,Hvidovre,Varmepumpe,/adresse/lunagervej-12-2650-hvidovre-01675496__12_______,204.0,Betontagsten,5.0,https://www.boligsiden.dk/adresse/lunagervej-12-2650-hvidovre-01675496__12_______,Træ,204.95,1,F528
broendbyvestervej-68b-0-3-2605-broendby-01530071_68b_st___3,"Brøndbyvestervej 68B, st. 3.",2605.0,Ejerlejlighed,Tvangsauktion,14-11-2003,535000.0,3,Brøndby,Fjernvarme/blokvarme,/adresse/broendbyvestervej-68b-0-3-2605-broendby-01530071_68b_st___3,46.0,Metal,1.0,https://www.boligsiden.dk/adresse/broendbyvestervej-68b-0-3-2605-broendby-01530071_68b_st___3,Mursten,Ikke oplyst,1,F529
vejlegaardsparken-22-1-16-2665-vallensbaek-strand-01879267__22__1__16,"Vejlegårdsparken 22, 1. 16.",2665.0,Ejerlejlighed,Tvangsauktion,25-06-2003,535000.0,3,Vallensbæk Strand,Fjernvarme/blokvarme,/adresse/vejlegaardsparken-22-1-16-2665-vallensbaek-strand-01879267__22__1__16,47.0,Tagpap med lille hældning,2.0,https://www.boligsiden.dk/adresse/vejlegaardsparken-22-1-16-2665-vallensbaek-strand-01879267__22__1__16,Betonelementer,Ikke oplyst,1,F530
buddinge-hovedgade-134-2860-soeborg-01590086_134_______,Buddinge Hovedgade 134,2860.0,Villa,Tvangsauktion,04-06-2002,1375000.0,1,,,,,,,,,,1,F531
gartnersvinget-5-2800-kongens-lyngby-01730279___5_______,Gartnersvinget 5,2800.0,Rækkehus,Tvangsauktion,15-12-2001,1943679.0,1,Kongens Lyngby,Centralvarme med én fyringsenhed,/adresse/gartnersvinget-5-2800-kongens-lyngby-01730279___5_______,150.0,Tegl,7.0,https://www.boligsiden.dk/adresse/gartnersvinget-5-2800-kongens-lyngby-01730279___5_______,Mursten,171.7,1,F532
rebaek-soepark-3-9-922-2650-hvidovre-01676690___3__9_922,"Rebæk Søpark 3, 9. 922.",2650.0,Ejerlejlighed,Tvangsauktion,12-11-2001,590000.0,2,Hvidovre,Fjernvarme/blokvarme,/adresse/rebaek-soepark-3-9-922-2650-hvidovre-01676690___3__9_922,61.0,Tagpap med stor hældning,2.0,https://www.boligsiden.dk/adresse/rebaek-soepark-3-9-922-2650-hvidovre-01676690___3__9_922,Letbetonsten,Ikke oplyst,1,F533
syvhoejvaenge-254-2625-vallensbaek-01877882_254_______,Syvhøjvænge 254,2625.0,Villa,Tvangsauktion,17-07-2001,1627000.0,1,Vallensbæk,Centralvarme med én fyringsenhed,/adresse/syvhoejvaenge-254-2625-vallensbaek-01877882_254_______,148.0,Fibercement herunder asbest,5.0,https://www.boligsiden.dk/adresse/syvhoejvaenge-254-2625-vallensbaek-01877882_254_______,Mursten,210.2,1,F534
greve-alle-84-2650-hvidovre-01672957__84_______,Greve Alle 84,2650.0,Villa,Tvangsauktion,10-10-2000,1027008.0,3,Hvidovre,Fjernvarme/blokvarme,/adresse/greve-alle-84-2650-hvidovre-01672957__84_______,151.0,Betontagsten,6.0,https://www.boligsiden.dk/adresse/greve-alle-84-2650-hvidovre-01672957__84_______,Mursten,153.7,1,F535
resenbrovej-10-2610-roedovre-01750678__10_______,Resenbrovej 10,2610.0,Villa,Tvangsauktion,29-07-1999,1420000.0,1,Rødovre,Centralvarme med én fyringsenhed,/adresse/resenbrovej-10-2610-roedovre-01750678__10_______,120.0,Tagpap med stor hældning,4.0,https://www.boligsiden.dk/adresse/resenbrovej-10-2610-roedovre-01750678__10_______,Mursten,126.4,1,F536
taastrup-have-42-0-mf-2630-taastrup-01698960__42_st__mf,"Taastrup Have 42, st. mf.",2630.0,Ejerlejlighed,Tvangsauktion,27-04-1999,190918.0,3,Taastrup,Fjernvarme/blokvarme,/adresse/taastrup-have-42-0-mf-2630-taastrup-01698960__42_st__mf,41.0,Fibercement herunder asbest,1.0,https://www.boligsiden.dk/adresse/taastrup-have-42-0-mf-2630-taastrup-01698960__42_st__mf,Mursten,Ikke oplyst,1,F537
lindevej-1a-2630-taastrup-01694547__1a_______,Lindevej 1A,2630.0,Villalejlighed,Tvangsauktion,24-08-1998,1310000.0,3,Taastrup,Fjernvarme/blokvarme,/adresse/lindevej-1a-2630-taastrup-01694547__1a_______,100.0,Betontagsten,4.0,https://www.boligsiden.dk/adresse/lindevej-1a-2630-taastrup-01694547__1a_______,Mursten,Ikke oplyst,1,F538
lindevej-1b-2630-taastrup-01694547__1b_______,Lindevej 1B,2630.0,Villalejlighed,Tvangsauktion,24-08-1998,1310000.0,3,,,,,,,,,,1,F539
ellegaardsvej-3-0-2820-gentofte-01570180___3_st____,"Ellegårdsvej 3, st.",2820.0,Villalejlighed,Tvangsauktion,24-08-1998,480000.0,3,Gentofte,Fjernvarme/blokvarme,/adresse/ellegaardsvej-3-0-2820-gentofte-01570180___3_st____,82.0,Tegl,3.0,https://www.boligsiden.dk/adresse/ellegaardsvej-3-0-2820-gentofte-01570180___3_st____,Mursten,Ikke oplyst,1,F540
ellegaardsvej-3-1-2820-gentofte-01570180___3__1____,"Ellegårdsvej 3, 1.",2820.0,Villalejlighed,Tvangsauktion,24-08-1998,480000.0,3,Gentofte,Fjernvarme/blokvarme,/adresse/ellegaardsvej-3-1-2820-gentofte-01570180___3__1____,64.0,Tegl,2.0,https://www.boligsiden.dk/adresse/ellegaardsvej-3-1-2820-gentofte-01570180___3__1____,Mursten,Ikke oplyst,1,F541
hoejvangsvej-15-2640-hedehusene-01693328__15_______,Højvangsvej 15,2640.0,Villa,Tvangsauktion,26-06-1998,2400000.0,1,,,,,,,,,,1,F542
vejlegaardsparken-50-2-26-2665-vallensbaek-strand-01879267__50__2__26,"Vejlegårdsparken 50, 2. 26.",2665.0,Ejerlejlighed,Tvangsauktion,18-05-1998,210000.0,1,Vallensbæk Strand,Fjernvarme/blokvarme,/adresse/vejlegaardsparken-50-2-26-2665-vallensbaek-strand-01879267__50__2__26,47.0,Tagpap med lille hældning,2.0,https://www.boligsiden.dk/adresse/vejlegaardsparken-50-2-26-2665-vallensbaek-strand-01879267__50__2__26,Betonelementer,Ikke oplyst,1,F543
sthensvej-5b-1-tv-2630-taastrup-01697579__5b__1__tv,"Sthensvej 5B, 1. tv.",2630.0,Ejerlejlighed,Tvangsauktion,22-10-1996,142000.0,3,Taastrup,Elvarme,/adresse/sthensvej-5b-1-tv-2630-taastrup-01697579__5b__1__tv,54.0,Tagpap med stor hældning,2.0,https://www.boligsiden.dk/adresse/sthensvej-5b-1-tv-2630-taastrup-01697579__5b__1__tv,Mursten,Ikke oplyst,1,F544
spaden-c-2-0-3-2630-taastrup-01697428___2_st___3,"Spaden C 2, st. 3.",2630.0,Ejerlejlighed,Tvangsauktion,19-08-1996,210000.0,1,Taastrup,Fjernvarme/blokvarme,/adresse/spaden-c-2-0-3-2630-taastrup-01697428___2_st___3,74.0,Tagpap med lille hældning,2.0,https://www.boligsiden.dk/adresse/spaden-c-2-0-3-2630-taastrup-01697428___2_st___3,Betonelementer,Ikke oplyst,1,F545
bakkedraget-31-1-2860-soeborg-01590050__31__1____,"Bakkedraget 31, 1.",2860.0,Villalejlighed,Tvangsauktion,05-08-1996,337000.0,1,Søborg,Centralvarme med én fyringsenhed,/adresse/bakkedraget-31-1-2860-soeborg-01590050__31__1____,77.0,Fibercement herunder asbest,2.0,https://www.boligsiden.dk/adresse/bakkedraget-31-1-2860-soeborg-01590050__31__1____,Mursten,Ikke oplyst,1,F546
bakkedraget-31-0-2860-soeborg-01590050__31_st____,"Bakkedraget 31, st.",2860.0,Villalejlighed,Tvangsauktion,05-08-1996,337000.0,1,Søborg,Centralvarme med én fyringsenhed,/adresse/bakkedraget-31-0-2860-soeborg-01590050__31_st____,104.0,Fibercement herunder asbest,4.0,https://www.boligsiden.dk/adresse/bakkedraget-31-0-2860-soeborg-01590050__31_st____,Mursten,Ikke oplyst,1,F547
middelvej-1-1-2820-gentofte-01570560___1__1____,"Middelvej 1, 1.",2820.0,Villalejlighed,Tvangsauktion,29-07-1996,1125000.0,2,Gentofte,Centralvarme med én fyringsenhed,/adresse/middelvej-1-1-2820-gentofte-01570560___1__1____,127.0,Tegl,7.0,https://www.boligsiden.dk/adresse/middelvej-1-1-2820-gentofte-01570560___1__1____,Mursten,Ikke oplyst,1,F548
middelvej-1-0-2820-gentofte-01570560___1_st____,"Middelvej 1, st.",2820.0,Villalejlighed,Tvangsauktion,29-07-1996,1125000.0,2,Gentofte,Centralvarme med én fyringsenhed,/adresse/middelvej-1-0-2820-gentofte-01570560___1_st____,170.0,Tegl,4.0,https://www.boligsiden.dk/adresse/middelvej-1-0-2820-gentofte-01570560___1_st____,Mursten,Ikke oplyst,1,F549
bondehavevej-12-0-th-2880-bagsvaerd-01590069__12_st__th,"Bondehavevej 12, st. th.",2880.0,Ejerlejlighed,Tvangsauktion,01-04-1996,235000.0,1,Bagsværd,Fjernvarme/blokvarme,/adresse/bondehavevej-12-0-th-2880-bagsvaerd-01590069__12_st__th,58.0,Tagpap med stor hældning,3.0,https://www.boligsiden.dk/adresse/bondehavevej-12-0-th-2880-bagsvaerd-01590069__12_st__th,Mursten,Ikke oplyst,1,F550
pilegaards-vaenge-183-2635-ishoej-01830530_183_______,Pilegårds Vænge 183,2635.0,Villa,Tvangsauktion,15-01-1996,585000.0,1,Ishøj,Centralvarme med én fyringsenhed,/adresse/pilegaards-vaenge-183-2635-ishoej-01830530_183_______,225.0,Metal,8.0,https://www.boligsiden.dk/adresse/pilegaards-vaenge-183-2635-ishoej-01830530_183_______,Mursten,222.3,1,F551
viemosebro-30-2610-roedovre-01750957__30_______,Viemosebro 30,2610.0,Villa,Tvangsauktion,18-12-1995,421000.0,1,Rødovre,Centralvarme med én fyringsenhed,/adresse/viemosebro-30-2610-roedovre-01750957__30_______,247.0,Fibercement herunder asbest,8.0,https://www.boligsiden.dk/adresse/viemosebro-30-2610-roedovre-01750957__30_______,Mursten,249.85,1,F552
torvevej-9-2740-skovlunde-01510685___9_______,Torvevej 9,2740.0,Villa,Tvangsauktion,26-06-1995,810000.0,1,Skovlunde,Varmepumpe,/adresse/torvevej-9-2740-skovlunde-01510685___9_______,130.0,Fibercement herunder asbest,4.0,https://www.boligsiden.dk/adresse/torvevej-9-2740-skovlunde-01510685___9_______,Mursten,189.3,1,F553
soebredden-54-2820-gentofte-01570822__54_______,Søbredden 54,2820.0,Villa,Tvangsauktion,15-06-1995,480000.0,1,,,,,,,,,,1,F554
stationsvej-13a-2640-hedehusene-01697525_13a_______,Stationsvej 13A,2640.0,Rækkehus,Tvangsauktion,19-05-1995,437500.0,1,Hedehusene,Elvarme,/adresse/stationsvej-13a-2640-hedehusene-01697525_13a_______,99.0,Fibercement herunder asbest,4.0,https://www.boligsiden.dk/adresse/stationsvej-13a-2640-hedehusene-01697525_13a_______,Letbetonsten,Ikke oplyst,1,F555
lilliendalsvej-1-2-2-2600-glostrup-01610298___1__2___2,"Lilliendalsvej 1, 2. 2.",2600.0,Ejerlejlighed,Tvangsauktion,26-01-1995,108000.0,1,Glostrup,Fjernvarme/blokvarme,/adresse/lilliendalsvej-1-2-2-2600-glostrup-01610298___1__2___2,39.0,Fibercement herunder asbest,1.0,https://www.boligsiden.dk/adresse/lilliendalsvej-1-2-2-2600-glostrup-01610298___1__2___2,Mursten,Ikke oplyst,1,F556
hvidovrevej-13d-2610-roedovre-01750365_13d_______,Hvidovrevej 13D,2610.0,Rækkehus,Tvangsauktion,02-01-1995,455000.0,1,Rødovre,Centralvarme med én fyringsenhed,/adresse/hvidovrevej-13d-2610-roedovre-01750365_13d_______,54.0,Tagpap med stor hældning,2.0,https://www.boligsiden.dk/adresse/hvidovrevej-13d-2610-roedovre-01750365_13d_______,Mursten,Ikke oplyst,1,F557
georgs-vaenge-3-2635-ishoej-01830200___3_______,Georgs Vænge 3,2635.0,Rækkehus,Tvangsauktion,01-12-1994,562927.0,2,Ishøj,Centralvarme med én fyringsenhed,/adresse/georgs-vaenge-3-2635-ishoej-01830200___3_______,96.0,Betontagsten,4.0,https://www.boligsiden.dk/adresse/georgs-vaenge-3-2635-ishoej-01830200___3_______,Mursten,118.2,1,F558
ewaldsbakken-11a-2900-hellerup-01570217_11a_______,Ewaldsbakken 11A,2900.0,Villa,Tvangsauktion,26-09-1994,1350000.0,2,Hellerup,Fjernvarme/blokvarme,/adresse/ewaldsbakken-11a-2900-hellerup-01570217_11a_______,225.0,Tegl,6.0,https://www.boligsiden.dk/adresse/ewaldsbakken-11a-2900-hellerup-01570217_11a_______,Mursten,282.05,1,F559
niels-frederiksens-alle-20-2610-roedovre-01750595__20_______,Niels Frederiksens Alle 20,2610.0,Villa,Tvangsauktion,21-09-1994,630000.0,1,Rødovre,Centralvarme med én fyringsenhed,/adresse/niels-frederiksens-alle-20-2610-roedovre-01750595__20_______,140.0,Fibercement uden asbest,5.0,https://www.boligsiden.dk/adresse/niels-frederiksens-alle-20-2610-roedovre-01750595__20_______,Mursten,158.5,1,F560
gammelgaards-alle-27-4-48-2665-vallensbaek-strand-01871704__27__4__48,"Gammelgårds Alle 27, 4. 48.",2665.0,Ejerlejlighed,Tvangsauktion,04-07-1994,180000.0,2,Vallensbæk Strand,Fjernvarme/blokvarme,/adresse/gammelgaards-alle-27-4-48-2665-vallensbaek-strand-01871704__27__4__48,88.0,Tagpap med lille hældning,3.0,https://www.boligsiden.dk/adresse/gammelgaards-alle-27-4-48-2665-vallensbaek-strand-01871704__27__4__48,Betonelementer,Ikke oplyst,1,F561
baunevej-196-2630-taastrup-01690324_196_______,Baunevej 196,2630.0,Rækkehus,Tvangsauktion,24-06-1994,866122.0,1,Taastrup,Fjernvarme/blokvarme,/adresse/baunevej-196-2630-taastrup-01690324_196_______,131.0,Fibercement herunder asbest,5.0,https://www.boligsiden.dk/adresse/baunevej-196-2630-taastrup-01690324_196_______,Betonelementer,137.8,1,F562
molndalsparken-27-2620-albertslund-01650328__27_______,Mölndalsparken 27,2620.0,Ejerlejlighed,Tvangsauktion,17-06-1994,292000.0,2,Albertslund,Fjernvarme/blokvarme,/adresse/molndalsparken-27-2620-albertslund-01650328__27_______,67.0,Betontagsten,3.0,https://www.boligsiden.dk/adresse/molndalsparken-27-2620-albertslund-01650328__27_______,Mursten,Ikke oplyst,1,F563
bibliotekvej-9-2650-hvidovre-01670746___9_______,Bibliotekvej 9,2650.0,Rækkehus,Tvangsauktion,15-06-1994,480000.0,2,Hvidovre,Fjernvarme/blokvarme,/adresse/bibliotekvej-9-2650-hvidovre-01670746___9_______,80.0,Tagpap med stor hældning,4.0,https://www.boligsiden.dk/adresse/bibliotekvej-9-2650-hvidovre-01670746___9_______,Mursten,96,1,F564
taarbaek-strandvej-76-1-th-2930-klampenborg-01730970__76__1__th,"Taarbæk Strandvej 76, 1. th.",2930.0,Ejerlejlighed,Tvangsauktion,10-06-1994,865000.0,1,Klampenborg,Centralvarme med én fyringsenhed,/adresse/taarbaek-strandvej-76-1-th-2930-klampenborg-01730970__76__1__th,121.0,Fibercement uden asbest,4.0,https://www.boligsiden.dk/adresse/taarbaek-strandvej-76-1-th-2930-klampenborg-01730970__76__1__th,Mursten,Ikke oplyst,1,F565
skovbrynet-25-2800-kongens-lyngby-01730722__25_______,Skovbrynet 25,2800.0,Villa,Tvangsauktion,20-05-1994,585000.0,2,Kongens Lyngby,Centralvarme med én fyringsenhed,/adresse/skovbrynet-25-2800-kongens-lyngby-01730722__25_______,99.0,Tegl,3.0,https://www.boligsiden.dk/adresse/skovbrynet-25-2800-kongens-lyngby-01730722__25_______,Mursten,143,1,F566
jaegerbakken-15-2820-gentofte-01570420__15_______,Jægerbakken 15,2820.0,Villa,Tvangsauktion,15-04-1994,1045000.0,1,Gentofte,Centralvarme med én fyringsenhed,/adresse/jaegerbakken-15-2820-gentofte-01570420__15_______,171.0,Tegl,6.0,https://www.boligsiden.dk/adresse/jaegerbakken-15-2820-gentofte-01570420__15_______,Mursten,209.2,1,F567
jaegersborg-alle-112-2920-charlottenlund-01570423_112_______,Jægersborg Alle 112,2920.0,Villa,Tvangsauktion,14-04-1994,1315000.0,1,Charlottenlund,Centralvarme med én fyringsenhed,/adresse/jaegersborg-alle-112-2920-charlottenlund-01570423_112_______,210.0,Fibercement herunder asbest,7.0,https://www.boligsiden.dk/adresse/jaegersborg-alle-112-2920-charlottenlund-01570423_112_______,Mursten,214.4,1,F568
ordrupvej-67-1-tv-2920-charlottenlund-01570622__67__1__tv,"Ordrupvej 67, 1. tv.",2920.0,Ejerlejlighed,Tvangsauktion,06-04-1994,280000.0,2,Charlottenlund,Fjernvarme/blokvarme,/adresse/ordrupvej-67-1-tv-2920-charlottenlund-01570622__67__1__tv,63.0,Tegl,2.0,https://www.boligsiden.dk/adresse/ordrupvej-67-1-tv-2920-charlottenlund-01570622__67__1__tv,Mursten,Ikke oplyst,1,F569
frihedslyst-alle-23-2650-hvidovre-01672598__23_______,Frihedslyst Alle 23,2650.0,Villa,Tvangsauktion,18-03-1994,535000.0,1,,,,,,,,,,1,F570
brandmosevej-3-2750-ballerup-01510047___3_______,Brandmosevej 3,2750.0,Fritidsbolig,Tvangsauktion,21-02-1994,56000.0,2,,,,,,,,,,1,F571
vildtbaneparken-112c-2635-ishoej-01830889112c_______,Vildtbaneparken 112C,2635.0,Rækkehus,Tvangsauktion,31-01-1994,360000.0,1,Ishøj,Varmepumpe,/adresse/vildtbaneparken-112c-2635-ishoej-01830889112c_______,138.0,Tegl,4.0,https://www.boligsiden.dk/adresse/vildtbaneparken-112c-2635-ishoej-01830889112c_______,Mursten,139.8,1,F572
vejlegaardsparken-2-1-16-2665-vallensbaek-strand-01879267___2__1__16,"Vejlegårdsparken 2, 1. 16.",2665.0,Ejerlejlighed,Tvangsauktion,26-01-1994,163000.0,1,Vallensbæk Strand,Fjernvarme/blokvarme,/adresse/vejlegaardsparken-2-1-16-2665-vallensbaek-strand-01879267___2__1__16,88.0,Tagpap med lille hældning,3.0,https://www.boligsiden.dk/adresse/vejlegaardsparken-2-1-16-2665-vallensbaek-strand-01879267___2__1__16,Betonelementer,Ikke oplyst,1,F573
pilevej-6-2600-glostrup-01610380___6_______,Pilevej 6,2600.0,Villa,Tvangsauktion,21-01-1994,500000.0,2,Glostrup,Centralvarme med én fyringsenhed,/adresse/pilevej-6-2600-glostrup-01610380___6_______,116.0,Tegl,5.0,https://www.boligsiden.dk/adresse/pilevej-6-2600-glostrup-01610380___6_______,Mursten,143.6,1,F574
stendam-25-2650-hvidovre-01677616__25_______,Stendam 25,2650.0,Rækkehus,Tvangsauktion,17-01-1994,460000.0,1,Hvidovre,Elvarme,/adresse/stendam-25-2650-hvidovre-01677616__25_______,145.0,Tagpap med lille hældning,5.0,https://www.boligsiden.dk/adresse/stendam-25-2650-hvidovre-01677616__25_______,Mursten,145,1,F575
kirkebjerg-vaenge-35-2635-ishoej-01830365__35_______,Kirkebjerg Vænge 35,2635.0,Villa,Tvangsauktion,16-12-1993,632283.0,2,Ishøj,Centralvarme med én fyringsenhed,/adresse/kirkebjerg-vaenge-35-2635-ishoej-01830365__35_______,187.0,Betontagsten,5.0,https://www.boligsiden.dk/adresse/kirkebjerg-vaenge-35-2635-ishoej-01830365__35_______,Mursten,187.3,1,F576
flintevaenget-6-2640-hedehusene-01691651___6_______,Flintevænget 6,2640.0,Rækkehus,Tvangsauktion,11-10-1993,483000.0,2,Hedehusene,Centralvarme med én fyringsenhed,/adresse/flintevaenget-6-2640-hedehusene-01691651___6_______,139.0,Betontagsten,5.0,https://www.boligsiden.dk/adresse/flintevaenget-6-2640-hedehusene-01691651___6_______,Mursten,145.5,1,F577
kongevejen-128a-2830-virum-01730458128a_______,Kongevejen 128A,2830.0,Villa,Tvangsauktion,27-09-1993,775000.0,1,Virum,Centralvarme med én fyringsenhed,/adresse/kongevejen-128a-2830-virum-01730458128a_______,121.0,Tagpap med stor hældning,4.0,https://www.boligsiden.dk/adresse/kongevejen-128a-2830-virum-01730458128a_______,Træ,167.3,1,F578
gudrunsvej-10-1-2920-charlottenlund-01570302__10__1____,"Gudrunsvej 10, 1.",2920.0,Villalejlighed,Tvangsauktion,20-09-1993,615000.0,1,,,,,,,,,,1,F579
gudrunsvej-10-2920-charlottenlund-01570302__10_______,Gudrunsvej 10,2920.0,Villalejlighed,Tvangsauktion,20-09-1993,615000.0,1,,,,,,,,,,1,F580
gudrunsvej-10-0-2920-charlottenlund-01570302__10_st____,"Gudrunsvej 10, st.",2920.0,Villalejlighed,Tvangsauktion,20-09-1993,615000.0,1,,,,,,,,,,1,F581
nattergalevej-15-2630-taastrup-01695386__15_______,Nattergalevej 15,2630.0,Villa,Tvangsauktion,06-07-1993,565000.0,1,Taastrup,Centralvarme med én fyringsenhed,/adresse/nattergalevej-15-2630-taastrup-01695386__15_______,101.0,Tegl,3.0,https://www.boligsiden.dk/adresse/nattergalevej-15-2630-taastrup-01695386__15_______,Mursten,131.45,1,F582
nestors-alle-13-2650-hvidovre-01675974__13_______,Nestors Alle 13,2650.0,Villa,Tvangsauktion,05-07-1993,445011.0,2,Hvidovre,Centralvarme med én fyringsenhed,/adresse/nestors-alle-13-2650-hvidovre-01675974__13_______,127.0,Metal,5.0,https://www.boligsiden.dk/adresse/nestors-alle-13-2650-hvidovre-01675974__13_______,Mursten,129.8,1,F583
hoejmarksvej-30-2860-soeborg-01590342__30_______,Højmarksvej 30,2860.0,Villa,Tvangsauktion,25-03-1993,445000.0,1,Søborg,Centralvarme med én fyringsenhed,/adresse/hoejmarksvej-30-2860-soeborg-01590342__30_______,121.0,Tegl,6.0,https://www.boligsiden.dk/adresse/hoejmarksvej-30-2860-soeborg-01590342__30_______,Mursten,147.6,1,F584
birkevang-74-2640-hedehusene-01690430__74_______,Birkevang 74,2640.0,Villa,Tvangsauktion,15-03-1993,560000.0,1,Hedehusene,Centralvarme med én fyringsenhed,/adresse/birkevang-74-2640-hedehusene-01690430__74_______,130.0,Tegl,4.0,https://www.boligsiden.dk/adresse/birkevang-74-2640-hedehusene-01690430__74_______,Mursten,145.25,1,F585
rebaek-soepark-3-16-1605-2650-hvidovre-01676690___3_161605,"Rebæk Søpark 3, 16. 1605.",1605.0,Ejerlejlighed,Tvangsauktion,10-03-1993,65000.0,1,Hvidovre,Fjernvarme/blokvarme,/adresse/rebaek-soepark-3-16-1605-2650-hvidovre-01676690___3_161605,46.0,Tagpap med stor hældning,1.0,https://www.boligsiden.dk/adresse/rebaek-soepark-3-16-1605-2650-hvidovre-01676690___3_161605,Letbetonsten,Ikke oplyst,1,F586
bredebovej-23-5-mf-2800-kongens-lyngby-01730092__23__5__mf,"Bredebovej 23, 5. mf.",2800.0,Ejerlejlighed,Tvangsauktion,12-01-1993,400000.0,1,Kongens Lyngby,Fjernvarme/blokvarme,/adresse/bredebovej-23-5-mf-2800-kongens-lyngby-01730092__23__5__mf,64.0,Tagpap med lille hældning,2.0,https://www.boligsiden.dk/adresse/bredebovej-23-5-mf-2800-kongens-lyngby-01730092__23__5__mf,Mursten,Ikke oplyst,1,F587
mosegaardsvej-138-2820-gentofte-01570570_138_______,Mosegårdsvej 138,2820.0,Rækkehus,Tvangsauktion,11-01-1993,605000.0,1,Gentofte,Centralvarme med én fyringsenhed,/adresse/mosegaardsvej-138-2820-gentofte-01570570_138_______,80.0,Tegl,3.0,https://www.boligsiden.dk/adresse/mosegaardsvej-138-2820-gentofte-01570570_138_______,Mursten,112,1,F588
skjoldagervej-92-0-tv-2820-gentofte-01570705__92_st__tv,"Skjoldagervej 92, st. tv.",2820.0,Ejerlejlighed,Tvangsauktion,02-12-1992,461800.0,1,Gentofte,Fjernvarme/blokvarme,/adresse/skjoldagervej-92-0-tv-2820-gentofte-01570705__92_st__tv,72.0,Andet materiale,3.0,https://www.boligsiden.dk/adresse/skjoldagervej-92-0-tv-2820-gentofte-01570705__92_st__tv,Mursten,Ikke oplyst,1,F589
vallensbaek-strandvej-270-2665-vallensbaek-strand-01871750_270_______,Vallensbæk Strandvej 270,2665.0,Villa,Tvangsauktion,04-11-1992,740000.0,1,Vallensbæk Strand,Centralvarme med én fyringsenhed,/adresse/vallensbaek-strandvej-270-2665-vallensbaek-strand-01871750_270_______,134.0,Tegl,6.0,https://www.boligsiden.dk/adresse/vallensbaek-strandvej-270-2665-vallensbaek-strand-01871750_270_______,Mursten,176.35,1,F590
buddinge-hovedgade-135b-1-th-2860-soeborg-01590086135b__1__th,"Buddinge Hovedgade 135B, 1. th.",2860.0,Ejerlejlighed,Tvangsauktion,02-11-1992,142000.0,1,Søborg,Fjernvarme/blokvarme,/adresse/buddinge-hovedgade-135b-1-th-2860-soeborg-01590086135b__1__th,83.0,Tagpap med stor hældning,3.0,https://www.boligsiden.dk/adresse/buddinge-hovedgade-135b-1-th-2860-soeborg-01590086135b__1__th,Mursten,Ikke oplyst,1,F591
hybenvej-6-2830-virum-01730358___6_______,Hybenvej 6,2830.0,Rækkehus,Tvangsauktion,29-10-1992,480000.0,1,Virum,Centralvarme med én fyringsenhed,/adresse/hybenvej-6-2830-virum-01730358___6_______,116.0,Tegl,5.0,https://www.boligsiden.dk/adresse/hybenvej-6-2830-virum-01730358___6_______,Mursten,132,1,F592
leen-b-5-2-1-2630-taastrup-01694316___5__2___1,"Leen B 5, 2. 1.",2630.0,Ejerlejlighed,Tvangsauktion,19-10-1992,184000.0,2,Taastrup,Fjernvarme/blokvarme,/adresse/leen-b-5-2-1-2630-taastrup-01694316___5__2___1,57.0,Tagpap med lille hældning,2.0,https://www.boligsiden.dk/adresse/leen-b-5-2-1-2630-taastrup-01694316___5__2___1,Betonelementer,Ikke oplyst,1,F593
skolelodden-9-2605-broendby-01530601___9_______,Skolelodden 9,2605.0,Rækkehus,Tvangsauktion,10-09-1992,350000.0,1,Brøndby,Fjernvarme/blokvarme,/adresse/skolelodden-9-2605-broendby-01530601___9_______,102.0,Fibercement herunder asbest,4.0,https://www.boligsiden.dk/adresse/skolelodden-9-2605-broendby-01530601___9_______,Mursten,107.5,1,F594
hammeren-30-3-171-2630-taastrup-01692530__30__3_171,"Hammeren 30, 3. 171.",2630.0,Ejerlejlighed,Tvangsauktion,07-09-1992,192500.0,1,Taastrup,Fjernvarme/blokvarme,/adresse/hammeren-30-3-171-2630-taastrup-01692530__30__3_171,70.0,Tagpap med lille hældning,2.0,https://www.boligsiden.dk/adresse/hammeren-30-3-171-2630-taastrup-01692530__30__3_171,Betonelementer,Ikke oplyst,1,F595
topperne-9-3-32-2620-albertslund-01650532___9__3__32,"Topperne 9, 3. 32.",2620.0,Ejerlejlighed,Tvangsauktion,30-07-1992,211000.0,1,Albertslund,Fjernvarme/blokvarme,/adresse/topperne-9-3-32-2620-albertslund-01650532___9__3__32,49.0,Fibercement herunder asbest,2.0,https://www.boligsiden.dk/adresse/topperne-9-3-32-2620-albertslund-01650532___9__3__32,Betonelementer,Ikke oplyst,1,F596
jens-andersens-vaenge-7-2630-taastrup-01693519___7_______,Jens Andersens Vænge 7,2630.0,Villa,Tvangsauktion,13-06-1992,810000.0,1,Taastrup,Varmepumpe,/adresse/jens-andersens-vaenge-7-2630-taastrup-01693519___7_______,189.0,Tegl,4.0,https://www.boligsiden.dk/adresse/jens-andersens-vaenge-7-2630-taastrup-01693519___7_______,Mursten,184.7,1,F597
parkvej-5-2830-virum-01730642___5_______,Parkvej 5,2830.0,Villa,Tvangsauktion,01-06-1992,422250.0,1,Virum,Centralvarme med én fyringsenhed,/adresse/parkvej-5-2830-virum-01730642___5_______,110.0,Tegl,5.0,https://www.boligsiden.dk/adresse/parkvej-5-2830-virum-01730642___5_______,Mursten,143.15,1,F598
soendergaardsvej-10-2870-dyssegaard-01570842__10_______,Søndergårdsvej 10,2870.0,Villa,Tvangsauktion,09-04-1992,715050.0,1,Dyssegård,Fjernvarme/blokvarme,/adresse/soendergaardsvej-10-2870-dyssegaard-01570842__10_______,127.0,Tagpap med stor hældning,5.0,https://www.boligsiden.dk/adresse/soendergaardsvej-10-2870-dyssegaard-01570842__10_______,Mursten,183.4,1,F599
skovshovedvej-27a-2920-charlottenlund-01570736_27a_______,Skovshovedvej 27A,2920.0,Villa,Tvangsauktion,09-04-1992,1000000.0,1,Charlottenlund,Varmepumpe,/adresse/skovshovedvej-27a-2920-charlottenlund-01570736_27a_______,182.0,Tegl,8.0,https://www.boligsiden.dk/adresse/skovshovedvej-27a-2920-charlottenlund-01570736_27a_______,Bindingsværk,236.05,1,F600
klampenborgvej-13b-2930-klampenborg-01570460_13b_______,Klampenborgvej 13B,2930.0,Villa,Tvangsauktion,20-02-1992,271646.0,1,Klampenborg,Centralvarme med én fyringsenhed,/adresse/klampenborgvej-13b-2930-klampenborg-01570460_13b_______,200.0,Metal,5.0,https://www.boligsiden.dk/adresse/klampenborgvej-13b-2930-klampenborg-01570460_13b_______,Letbetonsten,212.4,1,F601
slotsvej-34b-2920-charlottenlund-01570750_34b_______,Slotsvej 34B,2920.0,Villa,Tvangsauktion,07-02-1992,1183214.0,1,Charlottenlund,Centralvarme med én fyringsenhed,/adresse/slotsvej-34b-2920-charlottenlund-01570750_34b_______,211.0,Tegl,8.0,https://www.boligsiden.dk/adresse/slotsvej-34b-2920-charlottenlund-01570750_34b_______,Mursten,245.3,1,F602
skelhoejvej-25a-0-th-2800-kongens-lyngby-01730710_25a_st__th,"Skelhøjvej 25A, st. th.",2800.0,Ejerlejlighed,Free Sale,07-05-2025,1810000.0,2,Kongens Lyngby,Fjernvarme/blokvarme,/adresse/skelhoejvej-25a-0-th-2800-kongens-lyngby-01730710_25a_st__th,46.0,Tegl,2.0,https://www.boligsiden.dk/adresse/skelhoejvej-25a-0-th-2800-kongens-lyngby-01730710_25a_st__th,Mursten,Ikke oplyst,0,R0
skelhoejvej-25a-0-th-2800-kongens-lyngby-01730710_25a_st__th,"Skelhøjvej 25A, st. th.",2800.0,Ejerlejlighed,Free Sale,03-11-2017,1025000.0,2,Kongens Lyngby,Fjernvarme/blokvarme,/adresse/skelhoejvej-25a-0-th-2800-kongens-lyngby-01730710_25a_st__th,46.0,Tegl,2.0,https://www.boligsiden.dk/adresse/skelhoejvej-25a-0-th-2800-kongens-lyngby-01730710_25a_st__th,Mursten,Ikke oplyst,0,R1
cellovej-32-2730-herlev-01630837__32_______,Cellovej 32,2730.0,Villa,Free Sale,03-05-2025,4100000.0,3,Herlev,Centralvarme med én fyringsenhed,/adresse/cellovej-32-2730-herlev-01630837__32_______,115.0,Fibercement herunder asbest,4.0,https://www.boligsiden.dk/adresse/cellovej-32-2730-herlev-01630837__32_______,Mursten,129.6,0,R2
cellovej-32-2730-herlev-01630837__32_______,Cellovej 32,2730.0,Villa,Free Sale,19-07-2010,2100000.0,3,Herlev,Centralvarme med én fyringsenhed,/adresse/cellovej-32-2730-herlev-01630837__32_______,115.0,Fibercement herunder asbest,4.0,https://www.boligsiden.dk/adresse/cellovej-32-2730-herlev-01630837__32_______,Mursten,129.6,0,R3
cellovej-32-2730-herlev-01630837__32_______,Cellovej 32,2730.0,Villa,Free Sale,19-07-2010,2100000.0,3,Herlev,Centralvarme med én fyringsenhed,/adresse/cellovej-32-2730-herlev-01630837__32_______,115.0,Fibercement herunder asbest,4.0,https://www.boligsiden.dk/adresse/cellovej-32-2730-herlev-01630837__32_______,Mursten,129.6,0,R4
strandvejen-110c-0-tv-2900-hellerup-01570802110c_st__tv,"Strandvejen 110C, st. tv.",2900.0,Ejerlejlighed,Family Sale,01-05-2025,4028900.0,3,Hellerup,Fjernvarme/blokvarme,/adresse/strandvejen-110c-0-tv-2900-hellerup-01570802110c_st__tv,84.0,Fibercement herunder asbest,3.0,https://www.boligsiden.dk/adresse/strandvejen-110c-0-tv-2900-hellerup-01570802110c_st__tv,Mursten,Ikke oplyst,0,R5
strandvejen-110c-0-tv-2900-hellerup-01570802110c_st__tv,"Strandvejen 110C, st. tv.",2900.0,Ejerlejlighed,Other,15-02-2023,4000000.0,3,Hellerup,Fjernvarme/blokvarme,/adresse/strandvejen-110c-0-tv-2900-hellerup-01570802110c_st__tv,84.0,Fibercement herunder asbest,3.0,https://www.boligsiden.dk/adresse/strandvejen-110c-0-tv-2900-hellerup-01570802110c_st__tv,Mursten,Ikke oplyst,0,R6
strandvejen-110c-0-tv-2900-hellerup-01570802110c_st__tv,"Strandvejen 110C, st. tv.",2900.0,Ejerlejlighed,Free Sale,16-06-2017,3650000.0,3,Hellerup,Fjernvarme/blokvarme,/adresse/strandvejen-110c-0-tv-2900-hellerup-01570802110c_st__tv,84.0,Fibercement herunder asbest,3.0,https://www.boligsiden.dk/adresse/strandvejen-110c-0-tv-2900-hellerup-01570802110c_st__tv,Mursten,Ikke oplyst,0,R7
tranehusene-90-2620-albertslund-01650536__90_______,Tranehusene 90,2620.0,Rækkehus,Other,01-05-2025,1500000.0,3,Albertslund,Fjernvarme/blokvarme,/adresse/tranehusene-90-2620-albertslund-01650536__90_______,108.0,Tagpap med lille hældning,5.0,https://www.boligsiden.dk/adresse/tranehusene-90-2620-albertslund-01650536__90_______,Betonelementer,131.2,0,R8
tranehusene-90-2620-albertslund-01650536__90_______,Tranehusene 90,2620.0,Rækkehus,Free Sale,12-07-2013,1775000.0,3,Albertslund,Fjernvarme/blokvarme,/adresse/tranehusene-90-2620-albertslund-01650536__90_______,108.0,Tagpap med lille hældning,5.0,https://www.boligsiden.dk/adresse/tranehusene-90-2620-albertslund-01650536__90_______,Betonelementer,131.2,0,R9
tranehusene-90-2620-albertslund-01650536__90_______,Tranehusene 90,2620.0,Rækkehus,Free Sale,26-08-2002,1549000.0,3,Albertslund,Fjernvarme/blokvarme,/adresse/tranehusene-90-2620-albertslund-01650536__90_______,108.0,Tagpap med lille hældning,5.0,https://www.boligsiden.dk/adresse/tranehusene-90-2620-albertslund-01650536__90_______,Betonelementer,131.2,0,R10
tranegaardsvej-48-1-tv-2900-hellerup-01570880__48__1__tv,"Tranegårdsvej 48, 1. tv.",2900.0,Ejerlejlighed,Free Sale,01-05-2025,4050000.0,1,Hellerup,Blandet,/adresse/tranegaardsvej-48-1-tv-2900-hellerup-01570880__48__1__tv,90.0,Tegl,4.0,https://www.boligsiden.dk/adresse/tranegaardsvej-48-1-tv-2900-hellerup-01570880__48__1__tv,Mursten,Ikke oplyst,0,R11
rygaards-alle-8a-4-2900-hellerup-01570665__8a__4____,"Rygårds Alle 8A, 4.",2900.0,Ejerlejlighed,Free Sale,30-04-2025,4200000.0,3,Hellerup,Fjernvarme/blokvarme,/adresse/rygaards-alle-8a-4-2900-hellerup-01570665__8a__4____,95.0,Tegl,4.0,https://www.boligsiden.dk/adresse/rygaards-alle-8a-4-2900-hellerup-01570665__8a__4____,Mursten,Ikke oplyst,0,R12
rygaards-alle-8a-4-2900-hellerup-01570665__8a__4____,"Rygårds Alle 8A, 4.",2900.0,Ejerlejlighed,Free Sale,06-04-2010,2600000.0,3,Hellerup,Fjernvarme/blokvarme,/adresse/rygaards-alle-8a-4-2900-hellerup-01570665__8a__4____,95.0,Tegl,4.0,https://www.boligsiden.dk/adresse/rygaards-alle-8a-4-2900-hellerup-01570665__8a__4____,Mursten,Ikke oplyst,0,R13
rygaards-alle-8a-4-2900-hellerup-01570665__8a__4____,"Rygårds Alle 8A, 4.",2900.0,Ejerlejlighed,Other,10-07-2003,680000.0,3,Hellerup,Fjernvarme/blokvarme,/adresse/rygaards-alle-8a-4-2900-hellerup-01570665__8a__4____,95.0,Tegl,4.0,https://www.boligsiden.dk/adresse/rygaards-alle-8a-4-2900-hellerup-01570665__8a__4____,Mursten,Ikke oplyst,0,R14
silene-alle-6-2860-soeborg-01590745___6_______,Silene Alle 6,2860.0,Villa,Free Sale,30-04-2025,6750000.0,2,Søborg,Fjernvarme/blokvarme,/adresse/silene-alle-6-2860-soeborg-01590745___6_______,110.0,Tegl,4.0,https://www.boligsiden.dk/adresse/silene-alle-6-2860-soeborg-01590745___6_______,Mursten,136.25,0,R15
silene-alle-6-2860-soeborg-01590745___6_______,Silene Alle 6,2860.0,Villa,Free Sale,14-04-2003,2150000.0,2,Søborg,Fjernvarme/blokvarme,/adresse/silene-alle-6-2860-soeborg-01590745___6_______,110.0,Tegl,4.0,https://www.boligsiden.dk/adresse/silene-alle-6-2860-soeborg-01590745___6_______,Mursten,136.25,0,R16
gladsaxe-moellevej-107-2-th-2860-soeborg-01590211_107__2__th,"Gladsaxe Møllevej 107, 2. th.",2860.0,Ejerlejlighed,Family Sale,30-04-2025,950000.0,3,Søborg,Fjernvarme/blokvarme,/adresse/gladsaxe-moellevej-107-2-th-2860-soeborg-01590211_107__2__th,66.0,Tegl,2.0,https://www.boligsiden.dk/adresse/gladsaxe-moellevej-107-2-th-2860-soeborg-01590211_107__2__th,Mursten,Ikke oplyst,0,R17
gladsaxe-moellevej-107-2-th-2860-soeborg-01590211_107__2__th,"Gladsaxe Møllevej 107, 2. th.",2860.0,Ejerlejlighed,Free Sale,14-06-2024,950000.0,3,Søborg,Fjernvarme/blokvarme,/adresse/gladsaxe-moellevej-107-2-th-2860-soeborg-01590211_107__2__th,66.0,Tegl,2.0,https://www.boligsiden.dk/adresse/gladsaxe-moellevej-107-2-th-2860-soeborg-01590211_107__2__th,Mursten,Ikke oplyst,0,R18
gladsaxe-moellevej-107-2-th-2860-soeborg-01590211_107__2__th,"Gladsaxe Møllevej 107, 2. th.",2860.0,Ejerlejlighed,Family Sale,21-09-2023,950000.0,3,Søborg,Fjernvarme/blokvarme,/adresse/gladsaxe-moellevej-107-2-th-2860-soeborg-01590211_107__2__th,66.0,Tegl,2.0,https://www.boligsiden.dk/adresse/gladsaxe-moellevej-107-2-th-2860-soeborg-01590211_107__2__th,Mursten,Ikke oplyst,0,R19
taastrup-have-38-1-tv-2630-taastrup-01698960__38__1__tv,"Taastrup Have 38, 1. tv.",2630.0,Ejerlejlighed,Free Sale,30-04-2025,1525000.0,3,Taastrup,Fjernvarme/blokvarme,/adresse/taastrup-have-38-1-tv-2630-taastrup-01698960__38__1__tv,57.0,Fibercement herunder asbest,2.0,https://www.boligsiden.dk/adresse/taastrup-have-38-1-tv-2630-taastrup-01698960__38__1__tv,Mursten,Ikke oplyst,0,R20
taastrup-have-38-1-tv-2630-taastrup-01698960__38__1__tv,"Taastrup Have 38, 1. tv.",2630.0,Ejerlejlighed,Free Sale,19-02-2015,995000.0,3,Taastrup,Fjernvarme/blokvarme,/adresse/taastrup-have-38-1-tv-2630-taastrup-01698960__38__1__tv,57.0,Fibercement herunder asbest,2.0,https://www.boligsiden.dk/adresse/taastrup-have-38-1-tv-2630-taastrup-01698960__38__1__tv,Mursten,Ikke oplyst,0,R21
taastrup-have-38-1-tv-2630-taastrup-01698960__38__1__tv,"Taastrup Have 38, 1. tv.",2630.0,Ejerlejlighed,Free Sale,11-01-2007,1150000.0,3,Taastrup,Fjernvarme/blokvarme,/adresse/taastrup-have-38-1-tv-2630-taastrup-01698960__38__1__tv,57.0,Fibercement herunder asbest,2.0,https://www.boligsiden.dk/adresse/taastrup-have-38-1-tv-2630-taastrup-01698960__38__1__tv,Mursten,Ikke oplyst,0,R22
engbovej-67-2610-roedovre-01750193__67_______,Engbovej 67,2610.0,Villa,Free Sale,30-04-2025,3900000.0,3,Rødovre,Centralvarme med én fyringsenhed,/adresse/engbovej-67-2610-roedovre-01750193__67_______,91.0,Tagpap med stor hældning,3.0,https://www.boligsiden.dk/adresse/engbovej-67-2610-roedovre-01750193__67_______,Mursten,96.5,0,R23
engbovej-67-2610-roedovre-01750193__67_______,Engbovej 67,2610.0,Villa,Free Sale,23-05-2005,1895000.0,3,Rødovre,Centralvarme med én fyringsenhed,/adresse/engbovej-67-2610-roedovre-01750193__67_______,91.0,Tagpap med stor hældning,3.0,https://www.boligsiden.dk/adresse/engbovej-67-2610-roedovre-01750193__67_______,Mursten,96.5,0,R24
engbovej-67-2610-roedovre-01750193__67_______,Engbovej 67,2610.0,Villa,Free Sale,13-07-2001,1184340.0,3,Rødovre,Centralvarme med én fyringsenhed,/adresse/engbovej-67-2610-roedovre-01750193__67_______,91.0,Tagpap med stor hældning,3.0,https://www.boligsiden.dk/adresse/engbovej-67-2610-roedovre-01750193__67_______,Mursten,96.5,0,R25
boulevarden-6-2-25-2800-kongens-lyngby-01730086___6__2__25,"Boulevarden 6, 2. 25.",2800.0,Ejerlejlighed,Free Sale,30-04-2025,3495000.0,3,Kongens Lyngby,Centralvarme med én fyringsenhed,/adresse/boulevarden-6-2-25-2800-kongens-lyngby-01730086___6__2__25,72.0,Tagpap med lille hældning,2.0,https://www.boligsiden.dk/adresse/boulevarden-6-2-25-2800-kongens-lyngby-01730086___6__2__25,Fibercement uden asbest,Ikke oplyst,0,R26
boulevarden-6-2-25-2800-kongens-lyngby-01730086___6__2__25,"Boulevarden 6, 2. 25.",2800.0,Ejerlejlighed,Free Sale,12-10-2015,1760000.0,3,Kongens Lyngby,Centralvarme med én fyringsenhed,/adresse/boulevarden-6-2-25-2800-kongens-lyngby-01730086___6__2__25,72.0,Tagpap med lille hældning,2.0,https://www.boligsiden.dk/adresse/boulevarden-6-2-25-2800-kongens-lyngby-01730086___6__2__25,Fibercement uden asbest,Ikke oplyst,0,R27
boulevarden-6-2-25-2800-kongens-lyngby-01730086___6__2__25,"Boulevarden 6, 2. 25.",2800.0,Ejerlejlighed,Free Sale,04-02-1998,850000.0,3,Kongens Lyngby,Centralvarme med én fyringsenhed,/adresse/boulevarden-6-2-25-2800-kongens-lyngby-01730086___6__2__25,72.0,Tagpap med lille hældning,2.0,https://www.boligsiden.dk/adresse/boulevarden-6-2-25-2800-kongens-lyngby-01730086___6__2__25,Fibercement uden asbest,Ikke oplyst,0,R28
strandholms-alle-21-2650-hvidovre-01677975__21_______,Strandholms Alle 21,2650.0,Villa,Free Sale,30-04-2025,4800000.0,3,Hvidovre,Fjernvarme/blokvarme,/adresse/strandholms-alle-21-2650-hvidovre-01677975__21_______,94.0,Fibercement herunder asbest,4.0,https://www.boligsiden.dk/adresse/strandholms-alle-21-2650-hvidovre-01677975__21_______,Bindingsværk,100.4,0,R29
strandholms-alle-21-2650-hvidovre-01677975__21_______,Strandholms Alle 21,2650.0,Villa,Free Sale,12-04-2021,3870000.0,3,Hvidovre,Fjernvarme/blokvarme,/adresse/strandholms-alle-21-2650-hvidovre-01677975__21_______,94.0,Fibercement herunder asbest,4.0,https://www.boligsiden.dk/adresse/strandholms-alle-21-2650-hvidovre-01677975__21_______,Bindingsværk,100.4,0,R30
strandholms-alle-21-2650-hvidovre-01677975__21_______,Strandholms Alle 21,2650.0,Villa,Free Sale,28-03-2006,2995000.0,3,Hvidovre,Fjernvarme/blokvarme,/adresse/strandholms-alle-21-2650-hvidovre-01677975__21_______,94.0,Fibercement herunder asbest,4.0,https://www.boligsiden.dk/adresse/strandholms-alle-21-2650-hvidovre-01677975__21_______,Bindingsværk,100.4,0,R31
nestors-alle-25-2650-hvidovre-01675974__25_______,Nestors Alle 25,2650.0,Villa,Free Sale,30-04-2025,2130000.0,3,Hvidovre,Varmepumpe,/adresse/nestors-alle-25-2650-hvidovre-01675974__25_______,75.0,Tagpap med stor hældning,3.0,https://www.boligsiden.dk/adresse/nestors-alle-25-2650-hvidovre-01675974__25_______,Mursten,116.05,0,R32
nestors-alle-25-2650-hvidovre-01675974__25_______,Nestors Alle 25,2650.0,Villa,Free Sale,01-02-2019,2690000.0,3,Hvidovre,Varmepumpe,/adresse/nestors-alle-25-2650-hvidovre-01675974__25_______,75.0,Tagpap med stor hældning,3.0,https://www.boligsiden.dk/adresse/nestors-alle-25-2650-hvidovre-01675974__25_______,Mursten,116.05,0,R33
nestors-alle-25-2650-hvidovre-01675974__25_______,Nestors Alle 25,2650.0,Villa,Free Sale,30-04-2015,1650000.0,3,Hvidovre,Varmepumpe,/adresse/nestors-alle-25-2650-hvidovre-01675974__25_______,75.0,Tagpap med stor hældning,3.0,https://www.boligsiden.dk/adresse/nestors-alle-25-2650-hvidovre-01675974__25_______,Mursten,116.05,0,R34
plovmarksvej-22-2605-broendby-01530506__22_______,Plovmarksvej 22,2605.0,Villa,Free Sale,30-04-2025,3600000.0,3,Brøndby,Centralvarme med én fyringsenhed,/adresse/plovmarksvej-22-2605-broendby-01530506__22_______,116.0,Tagpap med stor hældning,5.0,https://www.boligsiden.dk/adresse/plovmarksvej-22-2605-broendby-01530506__22_______,Mursten,119.25,0,R35
plovmarksvej-22-2605-broendby-01530506__22_______,Plovmarksvej 22,2605.0,Villa,Free Sale,02-09-1995,703500.0,3,Brøndby,Centralvarme med én fyringsenhed,/adresse/plovmarksvej-22-2605-broendby-01530506__22_______,116.0,Tagpap med stor hældning,5.0,https://www.boligsiden.dk/adresse/plovmarksvej-22-2605-broendby-01530506__22_______,Mursten,119.25,0,R36
plovmarksvej-22-2605-broendby-01530506__22_______,Plovmarksvej 22,2605.0,Villa,Family Sale,21-03-1995,565000.0,3,Brøndby,Centralvarme med én fyringsenhed,/adresse/plovmarksvej-22-2605-broendby-01530506__22_______,116.0,Tagpap med stor hældning,5.0,https://www.boligsiden.dk/adresse/plovmarksvej-22-2605-broendby-01530506__22_______,Mursten,119.25,0,R37
maaloev-hovedgade-146b-2760-maaloev-01510778146b_______,Måløv Hovedgade 146B,2760.0,Villa,Free Sale,30-04-2025,5325000.0,3,Måløv,Centralvarme med én fyringsenhed,/adresse/maaloev-hovedgade-146b-2760-maaloev-01510778146b_______,155.0,Betontagsten,5.0,https://www.boligsiden.dk/adresse/maaloev-hovedgade-146b-2760-maaloev-01510778146b_______,Mursten,163.25,0,R38
maaloev-hovedgade-146b-2760-maaloev-01510778146b_______,Måløv Hovedgade 146B,2760.0,Villa,Free Sale,15-12-2014,3050000.0,3,Måløv,Centralvarme med én fyringsenhed,/adresse/maaloev-hovedgade-146b-2760-maaloev-01510778146b_______,155.0,Betontagsten,5.0,https://www.boligsiden.dk/adresse/maaloev-hovedgade-146b-2760-maaloev-01510778146b_______,Mursten,163.25,0,R39
maaloev-hovedgade-146b-2760-maaloev-01510778146b_______,Måløv Hovedgade 146B,2760.0,Villa,Family Sale,11-07-2005,2995000.0,3,Måløv,Centralvarme med én fyringsenhed,/adresse/maaloev-hovedgade-146b-2760-maaloev-01510778146b_______,155.0,Betontagsten,5.0,https://www.boligsiden.dk/adresse/maaloev-hovedgade-146b-2760-maaloev-01510778146b_______,Mursten,163.25,0,R40
tornegaardsvej-61-0-2620-albertslund-01652714__61_st____,"Tornegårdsvej 61, st.",2620.0,Ejerlejlighed,Free Sale,30-04-2025,2395000.0,3,Albertslund,Fjernvarme/blokvarme,/adresse/tornegaardsvej-61-0-2620-albertslund-01652714__61_st____,62.0,Tagpap med lille hældning,2.0,https://www.boligsiden.dk/adresse/tornegaardsvej-61-0-2620-albertslund-01652714__61_st____,Mursten,Ikke oplyst,0,R41
tornegaardsvej-61-0-2620-albertslund-01652714__61_st____,"Tornegårdsvej 61, st.",2620.0,Ejerlejlighed,Free Sale,21-04-2018,1850000.0,3,Albertslund,Fjernvarme/blokvarme,/adresse/tornegaardsvej-61-0-2620-albertslund-01652714__61_st____,62.0,Tagpap med lille hældning,2.0,https://www.boligsiden.dk/adresse/tornegaardsvej-61-0-2620-albertslund-01652714__61_st____,Mursten,Ikke oplyst,0,R42
tornegaardsvej-61-0-2620-albertslund-01652714__61_st____,"Tornegårdsvej 61, st.",2620.0,Ejerlejlighed,Free Sale,15-10-2007,1795000.0,3,Albertslund,Fjernvarme/blokvarme,/adresse/tornegaardsvej-61-0-2620-albertslund-01652714__61_st____,62.0,Tagpap med lille hældning,2.0,https://www.boligsiden.dk/adresse/tornegaardsvej-61-0-2620-albertslund-01652714__61_st____,Mursten,Ikke oplyst,0,R43
vejlegaardsparken-36-1-th-2665-vallensbaek-strand-01879267__36__1__th,"Vejlegårdsparken 36, 1. th.",2665.0,Ejerlejlighed,Free Sale,30-04-2025,2450000.0,3,Vallensbæk Strand,Fjernvarme/blokvarme,/adresse/vejlegaardsparken-36-1-th-2665-vallensbaek-strand-01879267__36__1__th,87.0,Tagpap med lille hældning,3.0,https://www.boligsiden.dk/adresse/vejlegaardsparken-36-1-th-2665-vallensbaek-strand-01879267__36__1__th,Betonelementer,Ikke oplyst,0,R44
vejlegaardsparken-36-1-th-2665-vallensbaek-strand-01879267__36__1__th,"Vejlegårdsparken 36, 1. th.",2665.0,Ejerlejlighed,Free Sale,15-09-2021,2180000.0,3,Vallensbæk Strand,Fjernvarme/blokvarme,/adresse/vejlegaardsparken-36-1-th-2665-vallensbaek-strand-01879267__36__1__th,87.0,Tagpap med lille hældning,3.0,https://www.boligsiden.dk/adresse/vejlegaardsparken-36-1-th-2665-vallensbaek-strand-01879267__36__1__th,Betonelementer,Ikke oplyst,0,R45
vejlegaardsparken-36-1-th-2665-vallensbaek-strand-01879267__36__1__th,"Vejlegårdsparken 36, 1. th.",2665.0,Ejerlejlighed,Free Sale,31-03-2003,970000.0,3,Vallensbæk Strand,Fjernvarme/blokvarme,/adresse/vejlegaardsparken-36-1-th-2665-vallensbaek-strand-01879267__36__1__th,87.0,Tagpap med lille hældning,3.0,https://www.boligsiden.dk/adresse/vejlegaardsparken-36-1-th-2665-vallensbaek-strand-01879267__36__1__th,Betonelementer,Ikke oplyst,0,R46
tranedalen-11-2635-ishoej-01830760__11_______,Tranedalen 11,2635.0,Villa,Free Sale,30-04-2025,3295000.0,1,Ishøj,Fjernvarme/blokvarme,/adresse/tranedalen-11-2635-ishoej-01830760__11_______,144.0,Metal,4.0,https://www.boligsiden.dk/adresse/tranedalen-11-2635-ishoej-01830760__11_______,Mursten,144,0,R47
hedekaeret-37-2-th-2640-hedehusene-01692652__37__2__th,"Hedekæret 37, 2. th.",2640.0,Ejerlejlighed,Free Sale,30-04-2025,1995000.0,3,Hedehusene,Fjernvarme/blokvarme,/adresse/hedekaeret-37-2-th-2640-hedehusene-01692652__37__2__th,80.0,Fibercement herunder asbest,3.0,https://www.boligsiden.dk/adresse/hedekaeret-37-2-th-2640-hedehusene-01692652__37__2__th,Mursten,Ikke oplyst,0,R48
hedekaeret-37-2-th-2640-hedehusene-01692652__37__2__th,"Hedekæret 37, 2. th.",2640.0,Ejerlejlighed,Free Sale,18-06-2021,1945000.0,3,Hedehusene,Fjernvarme/blokvarme,/adresse/hedekaeret-37-2-th-2640-hedehusene-01692652__37__2__th,80.0,Fibercement herunder asbest,3.0,https://www.boligsiden.dk/adresse/hedekaeret-37-2-th-2640-hedehusene-01692652__37__2__th,Mursten,Ikke oplyst,0,R49
hedekaeret-37-2-th-2640-hedehusene-01692652__37__2__th,"Hedekæret 37, 2. th.",2640.0,Ejerlejlighed,Free Sale,01-08-2017,1550000.0,3,Hedehusene,Fjernvarme/blokvarme,/adresse/hedekaeret-37-2-th-2640-hedehusene-01692652__37__2__th,80.0,Fibercement herunder asbest,3.0,https://www.boligsiden.dk/adresse/hedekaeret-37-2-th-2640-hedehusene-01692652__37__2__th,Mursten,Ikke oplyst,0,R50
roennevangshusene-33-0-mf-2630-taastrup-01696605__33_st__mf,"Rønnevangshusene 33, st. mf.",2630.0,Ejerlejlighed,Free Sale,30-04-2025,1100000.0,3,Taastrup,Fjernvarme/blokvarme,/adresse/roennevangshusene-33-0-mf-2630-taastrup-01696605__33_st__mf,47.0,Betontagsten,1.0,https://www.boligsiden.dk/adresse/roennevangshusene-33-0-mf-2630-taastrup-01696605__33_st__mf,Mursten,Ikke oplyst,0,R51
roennevangshusene-33-0-mf-2630-taastrup-01696605__33_st__mf,"Rønnevangshusene 33, st. mf.",2630.0,Ejerlejlighed,Free Sale,04-10-2016,745000.0,3,Taastrup,Fjernvarme/blokvarme,/adresse/roennevangshusene-33-0-mf-2630-taastrup-01696605__33_st__mf,47.0,Betontagsten,1.0,https://www.boligsiden.dk/adresse/roennevangshusene-33-0-mf-2630-taastrup-01696605__33_st__mf,Mursten,Ikke oplyst,0,R52
roennevangshusene-33-0-mf-2630-taastrup-01696605__33_st__mf,"Rønnevangshusene 33, st. mf.",2630.0,Ejerlejlighed,Free Sale,04-08-2000,484898.0,3,Taastrup,Fjernvarme/blokvarme,/adresse/roennevangshusene-33-0-mf-2630-taastrup-01696605__33_st__mf,47.0,Betontagsten,1.0,https://www.boligsiden.dk/adresse/roennevangshusene-33-0-mf-2630-taastrup-01696605__33_st__mf,Mursten,Ikke oplyst,0,R53
pilely-8-2610-roedovre-01750656___8_______,Pilely 8,2610.0,Villa,Other,30-04-2025,3750000.0,3,Rødovre,Centralvarme med én fyringsenhed,/adresse/pilely-8-2610-roedovre-01750656___8_______,157.0,Betontagsten,5.0,https://www.boligsiden.dk/adresse/pilely-8-2610-roedovre-01750656___8_______,Mursten,159.75,0,R54
pilely-8-2610-roedovre-01750656___8_______,Pilely 8,2610.0,Villa,Free Sale,14-10-2019,6200000.0,3,Rødovre,Centralvarme med én fyringsenhed,/adresse/pilely-8-2610-roedovre-01750656___8_______,157.0,Betontagsten,5.0,https://www.boligsiden.dk/adresse/pilely-8-2610-roedovre-01750656___8_______,Mursten,159.75,0,R55
pilely-8-2610-roedovre-01750656___8_______,Pilely 8,2610.0,Villa,Free Sale,12-05-2016,2350000.0,3,Rødovre,Centralvarme med én fyringsenhed,/adresse/pilely-8-2610-roedovre-01750656___8_______,157.0,Betontagsten,5.0,https://www.boligsiden.dk/adresse/pilely-8-2610-roedovre-01750656___8_______,Mursten,159.75,0,R56
parcelvej-114-2830-virum-01730640_114_______,Parcelvej 114,2830.0,Villa,Free Sale,30-04-2025,7000000.0,3,Virum,Centralvarme med én fyringsenhed,/adresse/parcelvej-114-2830-virum-01730640_114_______,113.0,Tegl,4.0,https://www.boligsiden.dk/adresse/parcelvej-114-2830-virum-01730640_114_______,Mursten,145.55,0,R57
parcelvej-114-2830-virum-01730640_114_______,Parcelvej 114,2830.0,Villa,Other,10-07-2000,644731.0,3,Virum,Centralvarme med én fyringsenhed,/adresse/parcelvej-114-2830-virum-01730640_114_______,113.0,Tegl,4.0,https://www.boligsiden.dk/adresse/parcelvej-114-2830-virum-01730640_114_______,Mursten,145.55,0,R58
parcelvej-114-2830-virum-01730640_114_______,Parcelvej 114,2830.0,Villa,Free Sale,30-10-1992,860000.0,3,Virum,Centralvarme med én fyringsenhed,/adresse/parcelvej-114-2830-virum-01730640_114_______,113.0,Tegl,4.0,https://www.boligsiden.dk/adresse/parcelvej-114-2830-virum-01730640_114_______,Mursten,145.55,0,R59
baekkelunden-19-2660-broendby-strand-01530108__19_______,Bækkelunden 19,2660.0,Villa,Free Sale,30-04-2025,4900000.0,3,Brøndby Strand,Fjernvarme/blokvarme,/adresse/baekkelunden-19-2660-broendby-strand-01530108__19_______,182.0,Betontagsten,6.0,https://www.boligsiden.dk/adresse/baekkelunden-19-2660-broendby-strand-01530108__19_______,Mursten,187.15,0,R60
baekkelunden-19-2660-broendby-strand-01530108__19_______,Bækkelunden 19,2660.0,Villa,Free Sale,25-01-2021,4695000.0,3,Brøndby Strand,Fjernvarme/blokvarme,/adresse/baekkelunden-19-2660-broendby-strand-01530108__19_______,182.0,Betontagsten,6.0,https://www.boligsiden.dk/adresse/baekkelunden-19-2660-broendby-strand-01530108__19_______,Mursten,187.15,0,R61
baekkelunden-19-2660-broendby-strand-01530108__19_______,Bækkelunden 19,2660.0,Villa,Free Sale,25-06-2002,2698000.0,3,Brøndby Strand,Fjernvarme/blokvarme,/adresse/baekkelunden-19-2660-broendby-strand-01530108__19_______,182.0,Betontagsten,6.0,https://www.boligsiden.dk/adresse/baekkelunden-19-2660-broendby-strand-01530108__19_______,Mursten,187.15,0,R62
skovlunde-byvej-39-2740-skovlunde-01510656__39_______,Skovlunde Byvej 39,2740.0,Villa,Free Sale,30-04-2025,3200000.0,2,Skovlunde,Centralvarme med én fyringsenhed,/adresse/skovlunde-byvej-39-2740-skovlunde-01510656__39_______,116.0,Tagpap med stor hældning,5.0,https://www.boligsiden.dk/adresse/skovlunde-byvej-39-2740-skovlunde-01510656__39_______,Mursten,140.8,0,R63
skovlunde-byvej-39-2740-skovlunde-01510656__39_______,Skovlunde Byvej 39,2740.0,Villa,Free Sale,05-07-2011,1405000.0,2,Skovlunde,Centralvarme med én fyringsenhed,/adresse/skovlunde-byvej-39-2740-skovlunde-01510656__39_______,116.0,Tagpap med stor hældning,5.0,https://www.boligsiden.dk/adresse/skovlunde-byvej-39-2740-skovlunde-01510656__39_______,Mursten,140.8,0,R64
baune-alle-2-0-j-2800-kongens-lyngby-01730050___2_st___j,"Baune Alle 2, st. j.",2800.0,Ejerlejlighed,Free Sale,30-04-2025,3400000.0,2,Kongens Lyngby,Fjernvarme/blokvarme,/adresse/baune-alle-2-0-j-2800-kongens-lyngby-01730050___2_st___j,87.0,Metal,2.0,https://www.boligsiden.dk/adresse/baune-alle-2-0-j-2800-kongens-lyngby-01730050___2_st___j,Mursten,Ikke oplyst,0,R65
baune-alle-2-0-j-2800-kongens-lyngby-01730050___2_st___j,"Baune Alle 2, st. j.",2800.0,Ejerlejlighed,Free Sale,04-02-2016,2295000.0,2,Kongens Lyngby,Fjernvarme/blokvarme,/adresse/baune-alle-2-0-j-2800-kongens-lyngby-01730050___2_st___j,87.0,Metal,2.0,https://www.boligsiden.dk/adresse/baune-alle-2-0-j-2800-kongens-lyngby-01730050___2_st___j,Mursten,Ikke oplyst,0,R66
roersoevej-8-2665-vallensbaek-strand-01876923___8_______,Rørsøvej 8,2665.0,Villa,Free Sale,30-04-2025,2050000.0,3,Vallensbæk Strand,Centralvarme med én fyringsenhed,/adresse/roersoevej-8-2665-vallensbaek-strand-01876923___8_______,108.0,Betontagsten,4.0,https://www.boligsiden.dk/adresse/roersoevej-8-2665-vallensbaek-strand-01876923___8_______,Mursten,114.15,0,R67
roersoevej-8-2665-vallensbaek-strand-01876923___8_______,Rørsøvej 8,2665.0,Villa,Free Sale,02-02-2023,5550000.0,3,Vallensbæk Strand,Centralvarme med én fyringsenhed,/adresse/roersoevej-8-2665-vallensbaek-strand-01876923___8_______,108.0,Betontagsten,4.0,https://www.boligsiden.dk/adresse/roersoevej-8-2665-vallensbaek-strand-01876923___8_______,Mursten,114.15,0,R68
roersoevej-8-2665-vallensbaek-strand-01876923___8_______,Rørsøvej 8,2665.0,Villa,Free Sale,24-01-1994,1058000.0,3,Vallensbæk Strand,Centralvarme med én fyringsenhed,/adresse/roersoevej-8-2665-vallensbaek-strand-01876923___8_______,108.0,Betontagsten,4.0,https://www.boligsiden.dk/adresse/roersoevej-8-2665-vallensbaek-strand-01876923___8_______,Mursten,114.15,0,R69
gammelgaards-alle-21-1-th-2665-vallensbaek-strand-01871704__21__1__th,"Gammelgårds Alle 21, 1. th.",2665.0,Ejerlejlighed,Free Sale,30-04-2025,2270000.0,3,Vallensbæk Strand,Fjernvarme/blokvarme,/adresse/gammelgaards-alle-21-1-th-2665-vallensbaek-strand-01871704__21__1__th,89.0,Tagpap med lille hældning,3.0,https://www.boligsiden.dk/adresse/gammelgaards-alle-21-1-th-2665-vallensbaek-strand-01871704__21__1__th,Betonelementer,Ikke oplyst,0,R70
gammelgaards-alle-21-1-th-2665-vallensbaek-strand-01871704__21__1__th,"Gammelgårds Alle 21, 1. th.",2665.0,Ejerlejlighed,Free Sale,29-11-2018,1900000.0,3,Vallensbæk Strand,Fjernvarme/blokvarme,/adresse/gammelgaards-alle-21-1-th-2665-vallensbaek-strand-01871704__21__1__th,89.0,Tagpap med lille hældning,3.0,https://www.boligsiden.dk/adresse/gammelgaards-alle-21-1-th-2665-vallensbaek-strand-01871704__21__1__th,Betonelementer,Ikke oplyst,0,R71
gammelgaards-alle-21-1-th-2665-vallensbaek-strand-01871704__21__1__th,"Gammelgårds Alle 21, 1. th.",2665.0,Ejerlejlighed,Free Sale,24-02-2004,1224034.0,3,Vallensbæk Strand,Fjernvarme/blokvarme,/adresse/gammelgaards-alle-21-1-th-2665-vallensbaek-strand-01871704__21__1__th,89.0,Tagpap med lille hældning,3.0,https://www.boligsiden.dk/adresse/gammelgaards-alle-21-1-th-2665-vallensbaek-strand-01871704__21__1__th,Betonelementer,Ikke oplyst,0,R72
vejlebrovej-122-3-1-2635-ishoej-01830850_122__3___1,"Vejlebrovej 122, 3. 1.",2635.0,Ejerlejlighed,Free Sale,30-04-2025,2180000.0,3,Ishøj,Fjernvarme/blokvarme,/adresse/vejlebrovej-122-3-1-2635-ishoej-01830850_122__3___1,93.0,Tagpap med lille hældning,3.0,https://www.boligsiden.dk/adresse/vejlebrovej-122-3-1-2635-ishoej-01830850_122__3___1,Betonelementer,Ikke oplyst,0,R73
vejlebrovej-122-3-1-2635-ishoej-01830850_122__3___1,"Vejlebrovej 122, 3. 1.",2635.0,Ejerlejlighed,Free Sale,22-03-2016,1710000.0,3,Ishøj,Fjernvarme/blokvarme,/adresse/vejlebrovej-122-3-1-2635-ishoej-01830850_122__3___1,93.0,Tagpap med lille hældning,3.0,https://www.boligsiden.dk/adresse/vejlebrovej-122-3-1-2635-ishoej-01830850_122__3___1,Betonelementer,Ikke oplyst,0,R74
vejlebrovej-122-3-1-2635-ishoej-01830850_122__3___1,"Vejlebrovej 122, 3. 1.",2635.0,Ejerlejlighed,Free Sale,05-09-2008,1400000.0,3,Ishøj,Fjernvarme/blokvarme,/adresse/vejlebrovej-122-3-1-2635-ishoej-01830850_122__3___1,93.0,Tagpap med lille hældning,3.0,https://www.boligsiden.dk/adresse/vejlebrovej-122-3-1-2635-ishoej-01830850_122__3___1,Betonelementer,Ikke oplyst,0,R75
bredekaers-vaenge-148-2635-ishoej-01830082_148_______,Bredekærs Vænge 148,2635.0,Villa,Free Sale,30-04-2025,4100000.0,3,Ishøj,Centralvarme med én fyringsenhed,/adresse/bredekaers-vaenge-148-2635-ishoej-01830082_148_______,197.0,Metal,7.0,https://www.boligsiden.dk/adresse/bredekaers-vaenge-148-2635-ishoej-01830082_148_______,Mursten,196.6,0,R76
bredekaers-vaenge-148-2635-ishoej-01830082_148_______,Bredekærs Vænge 148,2635.0,Villa,Free Sale,15-06-2001,1680262.0,3,Ishøj,Centralvarme med én fyringsenhed,/adresse/bredekaers-vaenge-148-2635-ishoej-01830082_148_______,197.0,Metal,7.0,https://www.boligsiden.dk/adresse/bredekaers-vaenge-148-2635-ishoej-01830082_148_______,Mursten,196.6,0,R77
bredekaers-vaenge-148-2635-ishoej-01830082_148_______,Bredekærs Vænge 148,2635.0,Villa,Free Sale,14-09-1999,828884.0,3,Ishøj,Centralvarme med én fyringsenhed,/adresse/bredekaers-vaenge-148-2635-ishoej-01830082_148_______,197.0,Metal,7.0,https://www.boligsiden.dk/adresse/bredekaers-vaenge-148-2635-ishoej-01830082_148_______,Mursten,196.6,0,R78
geelsvaenget-10-2830-virum-01730289__10_______,Geelsvænget 10,2830.0,Rækkehus,Family Sale,30-04-2025,2600000.0,3,Virum,Centralvarme med én fyringsenhed,/adresse/geelsvaenget-10-2830-virum-01730289__10_______,80.0,Tagpap med stor hældning,4.0,https://www.boligsiden.dk/adresse/geelsvaenget-10-2830-virum-01730289__10_______,Mursten,99.45,0,R79
geelsvaenget-10-2830-virum-01730289__10_______,Geelsvænget 10,2830.0,Rækkehus,Free Sale,29-05-2015,3495000.0,3,Virum,Centralvarme med én fyringsenhed,/adresse/geelsvaenget-10-2830-virum-01730289__10_______,80.0,Tagpap med stor hældning,4.0,https://www.boligsiden.dk/adresse/geelsvaenget-10-2830-virum-01730289__10_______,Mursten,99.45,0,R80
geelsvaenget-10-2830-virum-01730289__10_______,Geelsvænget 10,2830.0,Rækkehus,Free Sale,13-08-2001,1810000.0,3,Virum,Centralvarme med én fyringsenhed,/adresse/geelsvaenget-10-2830-virum-01730289__10_______,80.0,Tagpap med stor hældning,4.0,https://www.boligsiden.dk/adresse/geelsvaenget-10-2830-virum-01730289__10_______,Mursten,99.45,0,R81
lille-strandvej-32-1-tv-2900-hellerup-01570510__32__1__tv,"Lille Strandvej 32, 1. tv.",2900.0,Ejerlejlighed,Free Sale,30-04-2025,19300000.0,3,Hellerup,Fjernvarme/blokvarme,/adresse/lille-strandvej-32-1-tv-2900-hellerup-01570510__32__1__tv,157.0,Tagpap med stor hældning,5.0,https://www.boligsiden.dk/adresse/lille-strandvej-32-1-tv-2900-hellerup-01570510__32__1__tv,Mursten,Ikke oplyst,0,R82
lille-strandvej-32-1-tv-2900-hellerup-01570510__32__1__tv,"Lille Strandvej 32, 1. tv.",2900.0,Ejerlejlighed,Free Sale,09-11-2003,2737500.0,3,Hellerup,Fjernvarme/blokvarme,/adresse/lille-strandvej-32-1-tv-2900-hellerup-01570510__32__1__tv,157.0,Tagpap med stor hældning,5.0,https://www.boligsiden.dk/adresse/lille-strandvej-32-1-tv-2900-hellerup-01570510__32__1__tv,Mursten,Ikke oplyst,0,R83
lille-strandvej-32-1-tv-2900-hellerup-01570510__32__1__tv,"Lille Strandvej 32, 1. tv.",2900.0,Ejerlejlighed,Free Sale,06-02-1996,1100000.0,3,Hellerup,Fjernvarme/blokvarme,/adresse/lille-strandvej-32-1-tv-2900-hellerup-01570510__32__1__tv,157.0,Tagpap med stor hældning,5.0,https://www.boligsiden.dk/adresse/lille-strandvej-32-1-tv-2900-hellerup-01570510__32__1__tv,Mursten,Ikke oplyst,0,R84
blichersvej-5-2630-taastrup-01690514___5_______,Blichersvej 5,2630.0,Villa,Family Sale,30-04-2025,983333.0,2,Taastrup,Fjernvarme/blokvarme,/adresse/blichersvej-5-2630-taastrup-01690514___5_______,129.0,Andet materiale,5.0,https://www.boligsiden.dk/adresse/blichersvej-5-2630-taastrup-01690514___5_______,Mursten,132.6,0,R85
blichersvej-5-2630-taastrup-01690514___5_______,Blichersvej 5,2630.0,Villa,Free Sale,13-02-2024,2950000.0,2,Taastrup,Fjernvarme/blokvarme,/adresse/blichersvej-5-2630-taastrup-01690514___5_______,129.0,Andet materiale,5.0,https://www.boligsiden.dk/adresse/blichersvej-5-2630-taastrup-01690514___5_______,Mursten,132.6,0,R86
lauggaards-alle-14-2-th-2860-soeborg-01590498__14__2__th,"Lauggårds Alle 14, 2. th.",2860.0,Ejerlejlighed,Free Sale,30-04-2025,2035000.0,3,Søborg,Fjernvarme/blokvarme,/adresse/lauggaards-alle-14-2-th-2860-soeborg-01590498__14__2__th,59.0,Tegl,2.0,https://www.boligsiden.dk/adresse/lauggaards-alle-14-2-th-2860-soeborg-01590498__14__2__th,Mursten,Ikke oplyst,0,R87
lauggaards-alle-14-2-th-2860-soeborg-01590498__14__2__th,"Lauggårds Alle 14, 2. th.",2860.0,Ejerlejlighed,Free Sale,27-12-2017,1657500.0,3,Søborg,Fjernvarme/blokvarme,/adresse/lauggaards-alle-14-2-th-2860-soeborg-01590498__14__2__th,59.0,Tegl,2.0,https://www.boligsiden.dk/adresse/lauggaards-alle-14-2-th-2860-soeborg-01590498__14__2__th,Mursten,Ikke oplyst,0,R88
lauggaards-alle-14-2-th-2860-soeborg-01590498__14__2__th,"Lauggårds Alle 14, 2. th.",2860.0,Ejerlejlighed,Family Sale,17-08-2016,1125000.0,3,Søborg,Fjernvarme/blokvarme,/adresse/lauggaards-alle-14-2-th-2860-soeborg-01590498__14__2__th,59.0,Tegl,2.0,https://www.boligsiden.dk/adresse/lauggaards-alle-14-2-th-2860-soeborg-01590498__14__2__th,Mursten,Ikke oplyst,0,R89
jordbaervaenget-37-2880-bagsvaerd-01590372__37_______,Jordbærvænget 37,2880.0,Villa,Free Sale,30-04-2025,3400000.0,3,Bagsværd,Centralvarme med én fyringsenhed,/adresse/jordbaervaenget-37-2880-bagsvaerd-01590372__37_______,175.0,Fibercement herunder asbest,7.0,https://www.boligsiden.dk/adresse/jordbaervaenget-37-2880-bagsvaerd-01590372__37_______,Mursten,198.5,0,R90
jordbaervaenget-37-2880-bagsvaerd-01590372__37_______,Jordbærvænget 37,2880.0,Villa,Free Sale,08-02-2011,3425000.0,3,Bagsværd,Centralvarme med én fyringsenhed,/adresse/jordbaervaenget-37-2880-bagsvaerd-01590372__37_______,175.0,Fibercement herunder asbest,7.0,https://www.boligsiden.dk/adresse/jordbaervaenget-37-2880-bagsvaerd-01590372__37_______,Mursten,198.5,0,R91
jordbaervaenget-37-2880-bagsvaerd-01590372__37_______,Jordbærvænget 37,2880.0,Villa,Free Sale,12-11-2000,2461012.0,3,Bagsværd,Centralvarme med én fyringsenhed,/adresse/jordbaervaenget-37-2880-bagsvaerd-01590372__37_______,175.0,Fibercement herunder asbest,7.0,https://www.boligsiden.dk/adresse/jordbaervaenget-37-2880-bagsvaerd-01590372__37_______,Mursten,198.5,0,R92
elmehusene-224-2600-glostrup-01650087_224_______,Elmehusene 224,2600.0,Rækkehus,Free Sale,30-04-2025,2950000.0,3,Glostrup,Fjernvarme/blokvarme,/adresse/elmehusene-224-2600-glostrup-01650087_224_______,96.0,Fibercement herunder asbest,4.0,https://www.boligsiden.dk/adresse/elmehusene-224-2600-glostrup-01650087_224_______,Betonelementer,98.25,0,R93
elmehusene-224-2600-glostrup-01650087_224_______,Elmehusene 224,2600.0,Rækkehus,Free Sale,17-12-2019,2400000.0,3,Glostrup,Fjernvarme/blokvarme,/adresse/elmehusene-224-2600-glostrup-01650087_224_______,96.0,Fibercement herunder asbest,4.0,https://www.boligsiden.dk/adresse/elmehusene-224-2600-glostrup-01650087_224_______,Betonelementer,98.25,0,R94
elmehusene-224-2600-glostrup-01650087_224_______,Elmehusene 224,2600.0,Rækkehus,Free Sale,24-01-2002,1125000.0,3,Glostrup,Fjernvarme/blokvarme,/adresse/elmehusene-224-2600-glostrup-01650087_224_______,96.0,Fibercement herunder asbest,4.0,https://www.boligsiden.dk/adresse/elmehusene-224-2600-glostrup-01650087_224_______,Betonelementer,98.25,0,R95
oestervej-39-0-th-2600-glostrup-01610552__39_st__th,"Østervej 39, st. th.",2600.0,Ejerlejlighed,Free Sale,30-04-2025,2080000.0,3,Glostrup,Fjernvarme/blokvarme,/adresse/oestervej-39-0-th-2600-glostrup-01610552__39_st__th,81.0,Metal,3.0,https://www.boligsiden.dk/adresse/oestervej-39-0-th-2600-glostrup-01610552__39_st__th,Mursten,Ikke oplyst,0,R96
oestervej-39-0-th-2600-glostrup-01610552__39_st__th,"Østervej 39, st. th.",2600.0,Ejerlejlighed,Free Sale,24-05-2017,1695000.0,3,Glostrup,Fjernvarme/blokvarme,/adresse/oestervej-39-0-th-2600-glostrup-01610552__39_st__th,81.0,Metal,3.0,https://www.boligsiden.dk/adresse/oestervej-39-0-th-2600-glostrup-01610552__39_st__th,Mursten,Ikke oplyst,0,R97
oestervej-39-0-th-2600-glostrup-01610552__39_st__th,"Østervej 39, st. th.",2600.0,Ejerlejlighed,Free Sale,08-11-1999,725000.0,3,Glostrup,Fjernvarme/blokvarme,/adresse/oestervej-39-0-th-2600-glostrup-01610552__39_st__th,81.0,Metal,3.0,https://www.boligsiden.dk/adresse/oestervej-39-0-th-2600-glostrup-01610552__39_st__th,Mursten,Ikke oplyst,0,R98
ericavej-147-0-1-2820-gentofte-01570203_147_st___1,"Ericavej 147, st. 1.",2820.0,Ejerlejlighed,Free Sale,30-04-2025,2080000.0,3,Gentofte,Centralvarme med én fyringsenhed,/adresse/ericavej-147-0-1-2820-gentofte-01570203_147_st___1,63.0,Tagpap med lille hældning,2.0,https://www.boligsiden.dk/adresse/ericavej-147-0-1-2820-gentofte-01570203_147_st___1,Mursten,Ikke oplyst,0,R99
ericavej-147-0-1-2820-gentofte-01570203_147_st___1,"Ericavej 147, st. 1.",2820.0,Ejerlejlighed,Free Sale,09-06-2022,1900000.0,3,Gentofte,Centralvarme med én fyringsenhed,/adresse/ericavej-147-0-1-2820-gentofte-01570203_147_st___1,63.0,Tagpap med lille hældning,2.0,https://www.boligsiden.dk/adresse/ericavej-147-0-1-2820-gentofte-01570203_147_st___1,Mursten,Ikke oplyst,0,R100
ericavej-147-0-1-2820-gentofte-01570203_147_st___1,"Ericavej 147, st. 1.",2820.0,Ejerlejlighed,Free Sale,16-10-2018,1615000.0,3,Gentofte,Centralvarme med én fyringsenhed,/adresse/ericavej-147-0-1-2820-gentofte-01570203_147_st___1,63.0,Tagpap med lille hældning,2.0,https://www.boligsiden.dk/adresse/ericavej-147-0-1-2820-gentofte-01570203_147_st___1,Mursten,Ikke oplyst,0,R101
ellebaekvej-56-0-tv-2820-gentofte-01570177__56_st__tv,"Ellebækvej 56, st. tv.",2820.0,Ejerlejlighed,Family Sale,30-04-2025,762000.0,3,Gentofte,Fjernvarme/blokvarme,/adresse/ellebaekvej-56-0-tv-2820-gentofte-01570177__56_st__tv,49.0,Tagpap med stor hældning,2.0,https://www.boligsiden.dk/adresse/ellebaekvej-56-0-tv-2820-gentofte-01570177__56_st__tv,Mursten,Ikke oplyst,0,R102
ellebaekvej-56-0-tv-2820-gentofte-01570177__56_st__tv,"Ellebækvej 56, st. tv.",2820.0,Ejerlejlighed,Free Sale,10-08-2018,1595000.0,3,Gentofte,Fjernvarme/blokvarme,/adresse/ellebaekvej-56-0-tv-2820-gentofte-01570177__56_st__tv,49.0,Tagpap med stor hældning,2.0,https://www.boligsiden.dk/adresse/ellebaekvej-56-0-tv-2820-gentofte-01570177__56_st__tv,Mursten,Ikke oplyst,0,R103
ellebaekvej-56-0-tv-2820-gentofte-01570177__56_st__tv,"Ellebækvej 56, st. tv.",2820.0,Ejerlejlighed,Free Sale,04-09-2015,1050000.0,3,Gentofte,Fjernvarme/blokvarme,/adresse/ellebaekvej-56-0-tv-2820-gentofte-01570177__56_st__tv,49.0,Tagpap med stor hældning,2.0,https://www.boligsiden.dk/adresse/ellebaekvej-56-0-tv-2820-gentofte-01570177__56_st__tv,Mursten,Ikke oplyst,0,R104
dronning-louises-vej-19-2920-charlottenlund-01570146__19_______,Dronning Louises Vej 19,2920.0,Villa,Free Sale,30-04-2025,24850000.0,3,Charlottenlund,Fjernvarme/blokvarme,/adresse/dronning-louises-vej-19-2920-charlottenlund-01570146__19_______,345.0,Betontagsten,10.0,https://www.boligsiden.dk/adresse/dronning-louises-vej-19-2920-charlottenlund-01570146__19_______,Mursten,391.45,0,R105
dronning-louises-vej-19-2920-charlottenlund-01570146__19_______,Dronning Louises Vej 19,2920.0,Villa,Free Sale,30-04-2025,24850000.0,3,Charlottenlund,Fjernvarme/blokvarme,/adresse/dronning-louises-vej-19-2920-charlottenlund-01570146__19_______,345.0,Betontagsten,10.0,https://www.boligsiden.dk/adresse/dronning-louises-vej-19-2920-charlottenlund-01570146__19_______,Mursten,391.45,0,R106
dronning-louises-vej-19-2920-charlottenlund-01570146__19_______,Dronning Louises Vej 19,2920.0,Villa,Free Sale,05-04-2019,14100000.0,3,Charlottenlund,Fjernvarme/blokvarme,/adresse/dronning-louises-vej-19-2920-charlottenlund-01570146__19_______,345.0,Betontagsten,10.0,https://www.boligsiden.dk/adresse/dronning-louises-vej-19-2920-charlottenlund-01570146__19_______,Mursten,391.45,0,R107
dronning-louises-vej-19-2920-charlottenlund-01570146__19_______,Dronning Louises Vej 19,2920.0,Villa,Free Sale,05-04-2019,14100000.0,3,Charlottenlund,Fjernvarme/blokvarme,/adresse/dronning-louises-vej-19-2920-charlottenlund-01570146__19_______,345.0,Betontagsten,10.0,https://www.boligsiden.dk/adresse/dronning-louises-vej-19-2920-charlottenlund-01570146__19_______,Mursten,391.45,0,R108
dronning-louises-vej-19-2920-charlottenlund-01570146__19_______,Dronning Louises Vej 19,2920.0,Villa,Free Sale,22-11-2012,8300000.0,3,Charlottenlund,Fjernvarme/blokvarme,/adresse/dronning-louises-vej-19-2920-charlottenlund-01570146__19_______,345.0,Betontagsten,10.0,https://www.boligsiden.dk/adresse/dronning-louises-vej-19-2920-charlottenlund-01570146__19_______,Mursten,391.45,0,R109
dronning-louises-vej-19-2920-charlottenlund-01570146__19_______,Dronning Louises Vej 19,2920.0,Villa,Free Sale,22-11-2012,8300000.0,3,Charlottenlund,Fjernvarme/blokvarme,/adresse/dronning-louises-vej-19-2920-charlottenlund-01570146__19_______,345.0,Betontagsten,10.0,https://www.boligsiden.dk/adresse/dronning-louises-vej-19-2920-charlottenlund-01570146__19_______,Mursten,391.45,0,R110
soenderskovvej-9-2740-skovlunde-01510673___9_______,Sønderskovvej 9,2740.0,Villa,Free Sale,30-04-2025,3300000.0,2,Skovlunde,Ovn til fast og flydende brændsel,/adresse/soenderskovvej-9-2740-skovlunde-01510673___9_______,81.0,Tagpap med stor hældning,3.0,https://www.boligsiden.dk/adresse/soenderskovvej-9-2740-skovlunde-01510673___9_______,Bindingsværk,89.25,0,R111
soenderskovvej-9-2740-skovlunde-01510673___9_______,Sønderskovvej 9,2740.0,Villa,Free Sale,30-04-2025,3300000.0,2,Skovlunde,Ovn til fast og flydende brændsel,/adresse/soenderskovvej-9-2740-skovlunde-01510673___9_______,81.0,Tagpap med stor hældning,3.0,https://www.boligsiden.dk/adresse/soenderskovvej-9-2740-skovlunde-01510673___9_______,Bindingsværk,89.25,0,R112
soenderskovvej-9-2740-skovlunde-01510673___9_______,Sønderskovvej 9,2740.0,Villa,Family Sale,01-08-1999,400000.0,2,Skovlunde,Ovn til fast og flydende brændsel,/adresse/soenderskovvej-9-2740-skovlunde-01510673___9_______,81.0,Tagpap med stor hældning,3.0,https://www.boligsiden.dk/adresse/soenderskovvej-9-2740-skovlunde-01510673___9_______,Bindingsværk,89.25,0,R113
soenderskovvej-9-2740-skovlunde-01510673___9_______,Sønderskovvej 9,2740.0,Villa,Family Sale,01-08-1999,400000.0,2,Skovlunde,Ovn til fast og flydende brændsel,/adresse/soenderskovvej-9-2740-skovlunde-01510673___9_______,81.0,Tagpap med stor hældning,3.0,https://www.boligsiden.dk/adresse/soenderskovvej-9-2740-skovlunde-01510673___9_______,Bindingsværk,89.25,0,R114
platanhaven-49-2600-glostrup-01650362__49_______,Platanhaven 49,2600.0,Villa,Free Sale,30-04-2025,3900000.0,1,Glostrup,Fjernvarme/blokvarme,/adresse/platanhaven-49-2600-glostrup-01650362__49_______,132.0,Fibercement herunder asbest,5.0,https://www.boligsiden.dk/adresse/platanhaven-49-2600-glostrup-01650362__49_______,Mursten,140.25,0,R115
tjoerneholmen-4-2630-taastrup-01698445___4_______,Tjørneholmen 4,2630.0,Villa,Free Sale,30-04-2025,3750000.0,3,Taastrup,Fjernvarme/blokvarme,/adresse/tjoerneholmen-4-2630-taastrup-01698445___4_______,127.0,Metal,5.0,https://www.boligsiden.dk/adresse/tjoerneholmen-4-2630-taastrup-01698445___4_______,Mursten,129,0,R116
tjoerneholmen-4-2630-taastrup-01698445___4_______,Tjørneholmen 4,2630.0,Villa,Family Sale,18-05-2022,1925000.0,3,Taastrup,Fjernvarme/blokvarme,/adresse/tjoerneholmen-4-2630-taastrup-01698445___4_______,127.0,Metal,5.0,https://www.boligsiden.dk/adresse/tjoerneholmen-4-2630-taastrup-01698445___4_______,Mursten,129,0,R117
tjoerneholmen-4-2630-taastrup-01698445___4_______,Tjørneholmen 4,2630.0,Villa,Free Sale,04-06-2018,2800000.0,3,Taastrup,Fjernvarme/blokvarme,/adresse/tjoerneholmen-4-2630-taastrup-01698445___4_______,127.0,Metal,5.0,https://www.boligsiden.dk/adresse/tjoerneholmen-4-2630-taastrup-01698445___4_______,Mursten,129,0,R118
lindevangshusene-70-2-tv-2630-taastrup-01694520__70__2__tv,"Lindevangshusene 70, 2. tv.",2630.0,Ejerlejlighed,Family Sale,30-04-2025,646000.0,3,Taastrup,Fjernvarme/blokvarme,/adresse/lindevangshusene-70-2-tv-2630-taastrup-01694520__70__2__tv,64.0,Betontagsten,2.0,https://www.boligsiden.dk/adresse/lindevangshusene-70-2-tv-2630-taastrup-01694520__70__2__tv,Mursten,Ikke oplyst,0,R119
lindevangshusene-70-2-tv-2630-taastrup-01694520__70__2__tv,"Lindevangshusene 70, 2. tv.",2630.0,Ejerlejlighed,Free Sale,30-05-2024,1650000.0,3,Taastrup,Fjernvarme/blokvarme,/adresse/lindevangshusene-70-2-tv-2630-taastrup-01694520__70__2__tv,64.0,Betontagsten,2.0,https://www.boligsiden.dk/adresse/lindevangshusene-70-2-tv-2630-taastrup-01694520__70__2__tv,Mursten,Ikke oplyst,0,R120
lindevangshusene-70-2-tv-2630-taastrup-01694520__70__2__tv,"Lindevangshusene 70, 2. tv.",2630.0,Ejerlejlighed,Free Sale,08-02-2022,1695000.0,3,Taastrup,Fjernvarme/blokvarme,/adresse/lindevangshusene-70-2-tv-2630-taastrup-01694520__70__2__tv,64.0,Betontagsten,2.0,https://www.boligsiden.dk/adresse/lindevangshusene-70-2-tv-2630-taastrup-01694520__70__2__tv,Mursten,Ikke oplyst,0,R121
fagerbo-1-2640-hedehusene-01691597___1_______,Fagerbo 1,2640.0,Rækkehus,Free Sale,30-04-2025,3265000.0,3,Hedehusene,Fjernvarme/blokvarme,/adresse/fagerbo-1-2640-hedehusene-01691597___1_______,120.0,Fibercement herunder asbest,4.0,https://www.boligsiden.dk/adresse/fagerbo-1-2640-hedehusene-01691597___1_______,Mursten,121.05,0,R122
fagerbo-1-2640-hedehusene-01691597___1_______,Fagerbo 1,2640.0,Rækkehus,Free Sale,10-07-2020,2650000.0,3,Hedehusene,Fjernvarme/blokvarme,/adresse/fagerbo-1-2640-hedehusene-01691597___1_______,120.0,Fibercement herunder asbest,4.0,https://www.boligsiden.dk/adresse/fagerbo-1-2640-hedehusene-01691597___1_______,Mursten,121.05,0,R123
fagerbo-1-2640-hedehusene-01691597___1_______,Fagerbo 1,2640.0,Rækkehus,Free Sale,03-04-2017,2275000.0,3,Hedehusene,Fjernvarme/blokvarme,/adresse/fagerbo-1-2640-hedehusene-01691597___1_______,120.0,Fibercement herunder asbest,4.0,https://www.boligsiden.dk/adresse/fagerbo-1-2640-hedehusene-01691597___1_______,Mursten,121.05,0,R124
askebyvej-10-2830-virum-01730031__10_______,Askebyvej 10,2830.0,Rækkehus,Free Sale,30-04-2025,6825000.0,3,Virum,Fjernvarme/blokvarme,/adresse/askebyvej-10-2830-virum-01730031__10_______,129.0,Tagpap med lille hældning,5.0,https://www.boligsiden.dk/adresse/askebyvej-10-2830-virum-01730031__10_______,Fibercement uden asbest,139,0,R125
askebyvej-10-2830-virum-01730031__10_______,Askebyvej 10,2830.0,Rækkehus,Family Sale,14-02-2011,1500000.0,3,Virum,Fjernvarme/blokvarme,/adresse/askebyvej-10-2830-virum-01730031__10_______,129.0,Tagpap med lille hældning,5.0,https://www.boligsiden.dk/adresse/askebyvej-10-2830-virum-01730031__10_______,Fibercement uden asbest,139,0,R126
askebyvej-10-2830-virum-01730031__10_______,Askebyvej 10,2830.0,Rækkehus,Free Sale,17-01-2008,3750000.0,3,Virum,Fjernvarme/blokvarme,/adresse/askebyvej-10-2830-virum-01730031__10_______,129.0,Tagpap med lille hældning,5.0,https://www.boligsiden.dk/adresse/askebyvej-10-2830-virum-01730031__10_______,Fibercement uden asbest,139,0,R127
rebaek-soepark-3-16-1606-2650-hvidovre-01676690___3_161606,"Rebæk Søpark 3, 16. 1606.",2650.0,Ejerlejlighed,Free Sale,30-04-2025,1870000.0,3,Hvidovre,Fjernvarme/blokvarme,/adresse/rebaek-soepark-3-16-1606-2650-hvidovre-01676690___3_161606,63.0,Tagpap med stor hældning,2.0,https://www.boligsiden.dk/adresse/rebaek-soepark-3-16-1606-2650-hvidovre-01676690___3_161606,Letbetonsten,Ikke oplyst,0,R128
rebaek-soepark-3-16-1606-2650-hvidovre-01676690___3_161606,"Rebæk Søpark 3, 16. 1606.",2650.0,Ejerlejlighed,Family Sale,18-08-2022,1274500.0,3,Hvidovre,Fjernvarme/blokvarme,/adresse/rebaek-soepark-3-16-1606-2650-hvidovre-01676690___3_161606,63.0,Tagpap med stor hældning,2.0,https://www.boligsiden.dk/adresse/rebaek-soepark-3-16-1606-2650-hvidovre-01676690___3_161606,Letbetonsten,Ikke oplyst,0,R129
rebaek-soepark-3-16-1606-2650-hvidovre-01676690___3_161606,"Rebæk Søpark 3, 16. 1606.",2650.0,Ejerlejlighed,Free Sale,06-02-2018,1274500.0,3,Hvidovre,Fjernvarme/blokvarme,/adresse/rebaek-soepark-3-16-1606-2650-hvidovre-01676690___3_161606,63.0,Tagpap med stor hældning,2.0,https://www.boligsiden.dk/adresse/rebaek-soepark-3-16-1606-2650-hvidovre-01676690___3_161606,Letbetonsten,Ikke oplyst,0,R130
dronning-louises-vej-19-2920-charlottenlund-01570146__19_______,Dronning Louises Vej 19,2920.0,Villa,Free Sale,30-04-2025,24850000.0,3,Charlottenlund,Fjernvarme/blokvarme,/adresse/dronning-louises-vej-19-2920-charlottenlund-01570146__19_______,345.0,Betontagsten,10.0,https://www.boligsiden.dk/adresse/dronning-louises-vej-19-2920-charlottenlund-01570146__19_______,Mursten,391.45,0,R131
dronning-louises-vej-19-2920-charlottenlund-01570146__19_______,Dronning Louises Vej 19,2920.0,Villa,Free Sale,30-04-2025,24850000.0,3,Charlottenlund,Fjernvarme/blokvarme,/adresse/dronning-louises-vej-19-2920-charlottenlund-01570146__19_______,345.0,Betontagsten,10.0,https://www.boligsiden.dk/adresse/dronning-louises-vej-19-2920-charlottenlund-01570146__19_______,Mursten,391.45,0,R132
dronning-louises-vej-19-2920-charlottenlund-01570146__19_______,Dronning Louises Vej 19,2920.0,Villa,Free Sale,05-04-2019,14100000.0,3,Charlottenlund,Fjernvarme/blokvarme,/adresse/dronning-louises-vej-19-2920-charlottenlund-01570146__19_______,345.0,Betontagsten,10.0,https://www.boligsiden.dk/adresse/dronning-louises-vej-19-2920-charlottenlund-01570146__19_______,Mursten,391.45,0,R133
dronning-louises-vej-19-2920-charlottenlund-01570146__19_______,Dronning Louises Vej 19,2920.0,Villa,Free Sale,05-04-2019,14100000.0,3,Charlottenlund,Fjernvarme/blokvarme,/adresse/dronning-louises-vej-19-2920-charlottenlund-01570146__19_______,345.0,Betontagsten,10.0,https://www.boligsiden.dk/adresse/dronning-louises-vej-19-2920-charlottenlund-01570146__19_______,Mursten,391.45,0,R134
dronning-louises-vej-19-2920-charlottenlund-01570146__19_______,Dronning Louises Vej 19,2920.0,Villa,Free Sale,22-11-2012,8300000.0,3,Charlottenlund,Fjernvarme/blokvarme,/adresse/dronning-louises-vej-19-2920-charlottenlund-01570146__19_______,345.0,Betontagsten,10.0,https://www.boligsiden.dk/adresse/dronning-louises-vej-19-2920-charlottenlund-01570146__19_______,Mursten,391.45,0,R135
dronning-louises-vej-19-2920-charlottenlund-01570146__19_______,Dronning Louises Vej 19,2920.0,Villa,Free Sale,22-11-2012,8300000.0,3,Charlottenlund,Fjernvarme/blokvarme,/adresse/dronning-louises-vej-19-2920-charlottenlund-01570146__19_______,345.0,Betontagsten,10.0,https://www.boligsiden.dk/adresse/dronning-louises-vej-19-2920-charlottenlund-01570146__19_______,Mursten,391.45,0,R136
soenderskovvej-9-2740-skovlunde-01510673___9_______,Sønderskovvej 9,2740.0,Villa,Free Sale,30-04-2025,3300000.0,2,Skovlunde,Ovn til fast og flydende brændsel,/adresse/soenderskovvej-9-2740-skovlunde-01510673___9_______,81.0,Tagpap med stor hældning,3.0,https://www.boligsiden.dk/adresse/soenderskovvej-9-2740-skovlunde-01510673___9_______,Bindingsværk,89.25,0,R137
soenderskovvej-9-2740-skovlunde-01510673___9_______,Sønderskovvej 9,2740.0,Villa,Free Sale,30-04-2025,3300000.0,2,Skovlunde,Ovn til fast og flydende brændsel,/adresse/soenderskovvej-9-2740-skovlunde-01510673___9_______,81.0,Tagpap med stor hældning,3.0,https://www.boligsiden.dk/adresse/soenderskovvej-9-2740-skovlunde-01510673___9_______,Bindingsværk,89.25,0,R138
soenderskovvej-9-2740-skovlunde-01510673___9_______,Sønderskovvej 9,2740.0,Villa,Family Sale,01-08-1999,400000.0,2,Skovlunde,Ovn til fast og flydende brændsel,/adresse/soenderskovvej-9-2740-skovlunde-01510673___9_______,81.0,Tagpap med stor hældning,3.0,https://www.boligsiden.dk/adresse/soenderskovvej-9-2740-skovlunde-01510673___9_______,Bindingsværk,89.25,0,R139
soenderskovvej-9-2740-skovlunde-01510673___9_______,Sønderskovvej 9,2740.0,Villa,Family Sale,01-08-1999,400000.0,2,Skovlunde,Ovn til fast og flydende brændsel,/adresse/soenderskovvej-9-2740-skovlunde-01510673___9_______,81.0,Tagpap med stor hældning,3.0,https://www.boligsiden.dk/adresse/soenderskovvej-9-2740-skovlunde-01510673___9_______,Bindingsværk,89.25,0,R140
ved-lindelund-102-2605-broendby-01530763_102_______,Ved Lindelund 102,2605.0,Villa,Free Sale,30-04-2025,5495000.0,1,Brøndby,Fjernvarme/blokvarme,/adresse/ved-lindelund-102-2605-broendby-01530763_102_______,143.0,Fibercement herunder asbest,4.0,https://www.boligsiden.dk/adresse/ved-lindelund-102-2605-broendby-01530763_102_______,Mursten,166.8,0,R141
kaerlunden-33-2660-broendby-strand-01530362__33_______,Kærlunden 33,2660.0,Villa,Free Sale,30-04-2025,4630000.0,3,Brøndby Strand,Fjernvarme/blokvarme,/adresse/kaerlunden-33-2660-broendby-strand-01530362__33_______,160.0,Betontagsten,6.0,https://www.boligsiden.dk/adresse/kaerlunden-33-2660-broendby-strand-01530362__33_______,Mursten,164.8,0,R142
kaerlunden-33-2660-broendby-strand-01530362__33_______,Kærlunden 33,2660.0,Villa,Free Sale,27-03-2015,3375000.0,3,Brøndby Strand,Fjernvarme/blokvarme,/adresse/kaerlunden-33-2660-broendby-strand-01530362__33_______,160.0,Betontagsten,6.0,https://www.boligsiden.dk/adresse/kaerlunden-33-2660-broendby-strand-01530362__33_______,Mursten,164.8,0,R143
kaerlunden-33-2660-broendby-strand-01530362__33_______,Kærlunden 33,2660.0,Villa,Free Sale,29-01-2009,2000000.0,3,Brøndby Strand,Fjernvarme/blokvarme,/adresse/kaerlunden-33-2660-broendby-strand-01530362__33_______,160.0,Betontagsten,6.0,https://www.boligsiden.dk/adresse/kaerlunden-33-2660-broendby-strand-01530362__33_______,Mursten,164.8,0,R144
gyngemose-parkvej-24-6-th-2860-soeborg-01590259__24__6__th,"Gyngemose Parkvej 24, 6. th.",2860.0,Ejerlejlighed,Other,30-04-2025,1435282.0,2,Søborg,Fjernvarme/blokvarme,/adresse/gyngemose-parkvej-24-6-th-2860-soeborg-01590259__24__6__th,100.0,Tagpap med lille hældning,4.0,https://www.boligsiden.dk/adresse/gyngemose-parkvej-24-6-th-2860-soeborg-01590259__24__6__th,Mursten,Ikke oplyst,0,R145
gyngemose-parkvej-24-6-th-2860-soeborg-01590259__24__6__th,"Gyngemose Parkvej 24, 6. th.",2860.0,Ejerlejlighed,Free Sale,01-11-2015,2750000.0,2,Søborg,Fjernvarme/blokvarme,/adresse/gyngemose-parkvej-24-6-th-2860-soeborg-01590259__24__6__th,100.0,Tagpap med lille hældning,4.0,https://www.boligsiden.dk/adresse/gyngemose-parkvej-24-6-th-2860-soeborg-01590259__24__6__th,Mursten,Ikke oplyst,0,R146
baneledet-23-2830-virum-01730046__23_______,Baneledet 23,2830.0,Rækkehus,Free Sale,30-04-2025,6350000.0,1,Virum,Centralvarme med én fyringsenhed,/adresse/baneledet-23-2830-virum-01730046__23_______,143.0,Tegl,5.0,https://www.boligsiden.dk/adresse/baneledet-23-2830-virum-01730046__23_______,Mursten,167.5,0,R147
praestehusene-55-2620-albertslund-01650367__55_______,Præstehusene 55,2620.0,Rækkehus,Free Sale,30-04-2025,3650000.0,3,Albertslund,Fjernvarme/blokvarme,/adresse/praestehusene-55-2620-albertslund-01650367__55_______,152.0,Tagpap med lille hældning,3.0,https://www.boligsiden.dk/adresse/praestehusene-55-2620-albertslund-01650367__55_______,Betonelementer,159.25,0,R148
praestehusene-55-2620-albertslund-01650367__55_______,Præstehusene 55,2620.0,Rækkehus,Free Sale,01-12-2022,2900000.0,3,Albertslund,Fjernvarme/blokvarme,/adresse/praestehusene-55-2620-albertslund-01650367__55_______,152.0,Tagpap med lille hældning,3.0,https://www.boligsiden.dk/adresse/praestehusene-55-2620-albertslund-01650367__55_______,Betonelementer,159.25,0,R149
praestehusene-55-2620-albertslund-01650367__55_______,Præstehusene 55,2620.0,Rækkehus,Free Sale,24-03-2014,2400000.0,3,Albertslund,Fjernvarme/blokvarme,/adresse/praestehusene-55-2620-albertslund-01650367__55_______,152.0,Tagpap med lille hældning,3.0,https://www.boligsiden.dk/adresse/praestehusene-55-2620-albertslund-01650367__55_______,Betonelementer,159.25,0,R150
soevangen-41-2635-ishoej-01830690__41_______,Søvangen 41,2635.0,Villa,Free Sale,30-04-2025,6125000.0,1,Ishøj,Centralvarme med én fyringsenhed,/adresse/soevangen-41-2635-ishoej-01830690__41_______,187.0,Tagpap med lille hældning,5.0,https://www.boligsiden.dk/adresse/soevangen-41-2635-ishoej-01830690__41_______,Letbetonsten,201.05,0,R151
skebyvej-3-2740-skovlunde-01510652___3_______,Skebyvej 3,2740.0,Villa,Family Sale,30-04-2025,2071500.0,3,Skovlunde,Centralvarme med én fyringsenhed,/adresse/skebyvej-3-2740-skovlunde-01510652___3_______,113.0,Fibercement herunder asbest,4.0,https://www.boligsiden.dk/adresse/skebyvej-3-2740-skovlunde-01510652___3_______,Mursten,164.95,0,R152
skebyvej-3-2740-skovlunde-01510652___3_______,Skebyvej 3,2740.0,Villa,Free Sale,26-04-2000,1595590.0,3,Skovlunde,Centralvarme med én fyringsenhed,/adresse/skebyvej-3-2740-skovlunde-01510652___3_______,113.0,Fibercement herunder asbest,4.0,https://www.boligsiden.dk/adresse/skebyvej-3-2740-skovlunde-01510652___3_______,Mursten,164.95,0,R153
skebyvej-3-2740-skovlunde-01510652___3_______,Skebyvej 3,2740.0,Villa,Free Sale,15-11-1996,1260000.0,3,Skovlunde,Centralvarme med én fyringsenhed,/adresse/skebyvej-3-2740-skovlunde-01510652___3_______,113.0,Fibercement herunder asbest,4.0,https://www.boligsiden.dk/adresse/skebyvej-3-2740-skovlunde-01510652___3_______,Mursten,164.95,0,R154
ulsevej-36-2650-hvidovre-01679110__36_______,Ulsevej 36,2650.0,Rækkehus,Free Sale,30-04-2025,4560000.0,3,Hvidovre,Centralvarme med én fyringsenhed,/adresse/ulsevej-36-2650-hvidovre-01679110__36_______,106.0,Fibercement herunder asbest,5.0,https://www.boligsiden.dk/adresse/ulsevej-36-2650-hvidovre-01679110__36_______,Mursten,103.05,0,R155
ulsevej-36-2650-hvidovre-01679110__36_______,Ulsevej 36,2650.0,Rækkehus,Free Sale,08-02-2024,4450000.0,3,Hvidovre,Centralvarme med én fyringsenhed,/adresse/ulsevej-36-2650-hvidovre-01679110__36_______,106.0,Fibercement herunder asbest,5.0,https://www.boligsiden.dk/adresse/ulsevej-36-2650-hvidovre-01679110__36_______,Mursten,103.05,0,R156
ulsevej-36-2650-hvidovre-01679110__36_______,Ulsevej 36,2650.0,Rækkehus,Free Sale,20-05-2020,3100000.0,3,Hvidovre,Centralvarme med én fyringsenhed,/adresse/ulsevej-36-2650-hvidovre-01679110__36_______,106.0,Fibercement herunder asbest,5.0,https://www.boligsiden.dk/adresse/ulsevej-36-2650-hvidovre-01679110__36_______,Mursten,103.05,0,R157
baekkebo-13-2870-dyssegaard-01570098__13_______,Bækkebo 13,2870.0,Villa,Free Sale,30-04-2025,8712500.0,2,Dyssegård,Fjernvarme/blokvarme,/adresse/baekkebo-13-2870-dyssegaard-01570098__13_______,101.0,Tegl,4.0,https://www.boligsiden.dk/adresse/baekkebo-13-2870-dyssegaard-01570098__13_______,Mursten,126.45,0,R158
baekkebo-13-2870-dyssegaard-01570098__13_______,Bækkebo 13,2870.0,Villa,Free Sale,17-01-2019,6125000.0,2,Dyssegård,Fjernvarme/blokvarme,/adresse/baekkebo-13-2870-dyssegaard-01570098__13_______,101.0,Tegl,4.0,https://www.boligsiden.dk/adresse/baekkebo-13-2870-dyssegaard-01570098__13_______,Mursten,126.45,0,R159
jaegergangen-106-2880-bagsvaerd-01590383_106_______,Jægergangen 106,2880.0,Villa,Free Sale,30-04-2025,8700000.0,2,Bagsværd,Centralvarme med én fyringsenhed,/adresse/jaegergangen-106-2880-bagsvaerd-01590383_106_______,184.0,Tagpap med stor hældning,5.0,https://www.boligsiden.dk/adresse/jaegergangen-106-2880-bagsvaerd-01590383_106_______,Mursten,192.8,0,R160
jaegergangen-106-2880-bagsvaerd-01590383_106_______,Jægergangen 106,2880.0,Villa,Free Sale,13-12-2016,2410000.0,2,Bagsværd,Centralvarme med én fyringsenhed,/adresse/jaegergangen-106-2880-bagsvaerd-01590383_106_______,184.0,Tagpap med stor hældning,5.0,https://www.boligsiden.dk/adresse/jaegergangen-106-2880-bagsvaerd-01590383_106_______,Mursten,192.8,0,R161
hvedemarksvej-13-2605-broendby-01530251__13_______,Hvedemarksvej 13,2605.0,Villa,Free Sale,30-04-2025,3150000.0,2,Brøndby,Centralvarme med én fyringsenhed,/adresse/hvedemarksvej-13-2605-broendby-01530251__13_______,76.0,Fibercement herunder asbest,2.0,https://www.boligsiden.dk/adresse/hvedemarksvej-13-2605-broendby-01530251__13_______,Træ,80.85,0,R162
hvedemarksvej-13-2605-broendby-01530251__13_______,Hvedemarksvej 13,2605.0,Villa,Free Sale,11-10-1993,450000.0,2,Brøndby,Centralvarme med én fyringsenhed,/adresse/hvedemarksvej-13-2605-broendby-01530251__13_______,76.0,Fibercement herunder asbest,2.0,https://www.boligsiden.dk/adresse/hvedemarksvej-13-2605-broendby-01530251__13_______,Træ,80.85,0,R163
hedekaeret-3-2-tv-2640-hedehusene-01692652___3__2__tv,"Hedekæret 3, 2. tv.",2640.0,Ejerlejlighed,Free Sale,29-04-2025,1750000.0,3,Hedehusene,Fjernvarme/blokvarme,/adresse/hedekaeret-3-2-tv-2640-hedehusene-01692652___3__2__tv,70.0,Fibercement herunder asbest,3.0,https://www.boligsiden.dk/adresse/hedekaeret-3-2-tv-2640-hedehusene-01692652___3__2__tv,Mursten,Ikke oplyst,0,R164
hedekaeret-3-2-tv-2640-hedehusene-01692652___3__2__tv,"Hedekæret 3, 2. tv.",2640.0,Ejerlejlighed,Free Sale,16-12-2022,1525000.0,3,Hedehusene,Fjernvarme/blokvarme,/adresse/hedekaeret-3-2-tv-2640-hedehusene-01692652___3__2__tv,70.0,Fibercement herunder asbest,3.0,https://www.boligsiden.dk/adresse/hedekaeret-3-2-tv-2640-hedehusene-01692652___3__2__tv,Mursten,Ikke oplyst,0,R165
hedekaeret-3-2-tv-2640-hedehusene-01692652___3__2__tv,"Hedekæret 3, 2. tv.",2640.0,Ejerlejlighed,Free Sale,26-06-2011,960000.0,3,Hedehusene,Fjernvarme/blokvarme,/adresse/hedekaeret-3-2-tv-2640-hedehusene-01692652___3__2__tv,70.0,Fibercement herunder asbest,3.0,https://www.boligsiden.dk/adresse/hedekaeret-3-2-tv-2640-hedehusene-01692652___3__2__tv,Mursten,Ikke oplyst,0,R166
irisvej-5-2600-glostrup-01610253___5_______,Irisvej 5,2600.0,Villa,Family Sale,25-04-2025,1161200.0,2,Glostrup,Centralvarme med én fyringsenhed,/adresse/irisvej-5-2600-glostrup-01610253___5_______,146.0,Fibercement herunder asbest,5.0,https://www.boligsiden.dk/adresse/irisvej-5-2600-glostrup-01610253___5_______,Mursten,147.7,0,R167
irisvej-5-2600-glostrup-01610253___5_______,Irisvej 5,2600.0,Villa,Free Sale,01-07-2024,2900000.0,2,Glostrup,Centralvarme med én fyringsenhed,/adresse/irisvej-5-2600-glostrup-01610253___5_______,146.0,Fibercement herunder asbest,5.0,https://www.boligsiden.dk/adresse/irisvej-5-2600-glostrup-01610253___5_______,Mursten,147.7,0,R168
lindebo-11-2-72-2630-taastrup-01694470__11__2__72,"Lindebo 11, 2. 72.",2630.0,Ejerlejlighed,Free Sale,23-04-2025,2000000.0,3,Taastrup,Fjernvarme/blokvarme,/adresse/lindebo-11-2-72-2630-taastrup-01694470__11__2__72,79.0,Fibercement herunder asbest,3.0,https://www.boligsiden.dk/adresse/lindebo-11-2-72-2630-taastrup-01694470__11__2__72,Mursten,Ikke oplyst,0,R169
lindebo-11-2-72-2630-taastrup-01694470__11__2__72,"Lindebo 11, 2. 72.",2630.0,Ejerlejlighed,Free Sale,06-04-2022,895000.0,3,Taastrup,Fjernvarme/blokvarme,/adresse/lindebo-11-2-72-2630-taastrup-01694470__11__2__72,79.0,Fibercement herunder asbest,3.0,https://www.boligsiden.dk/adresse/lindebo-11-2-72-2630-taastrup-01694470__11__2__72,Mursten,Ikke oplyst,0,R170
lindebo-11-2-72-2630-taastrup-01694470__11__2__72,"Lindebo 11, 2. 72.",2630.0,Ejerlejlighed,Free Sale,06-05-2021,2080000.0,3,Taastrup,Fjernvarme/blokvarme,/adresse/lindebo-11-2-72-2630-taastrup-01694470__11__2__72,79.0,Fibercement herunder asbest,3.0,https://www.boligsiden.dk/adresse/lindebo-11-2-72-2630-taastrup-01694470__11__2__72,Mursten,Ikke oplyst,0,R171
eremitageparken-249-2800-kongens-lyngby-01730209_249_______,Eremitageparken 249,2800.0,Rækkehus,Free Sale,22-04-2025,3600000.0,1,Kongens Lyngby,Fjernvarme/blokvarme,/adresse/eremitageparken-249-2800-kongens-lyngby-01730209_249_______,108.0,Tagpap med lille hældning,4.0,https://www.boligsiden.dk/adresse/eremitageparken-249-2800-kongens-lyngby-01730209_249_______,Betonelementer,Ikke oplyst,0,R172
hovedgaden-460-2640-hedehusene-01692896_460_______,Hovedgaden 460,2640.0,Villa,Free Sale,20-04-2025,4050000.0,3,Hedehusene,Fjernvarme/blokvarme,/adresse/hovedgaden-460-2640-hedehusene-01692896_460_______,139.0,Tegl,5.0,https://www.boligsiden.dk/adresse/hovedgaden-460-2640-hedehusene-01692896_460_______,Mursten,147.8,0,R173
hovedgaden-460-2640-hedehusene-01692896_460_______,Hovedgaden 460,2640.0,Villa,Free Sale,02-09-2020,3495000.0,3,Hedehusene,Fjernvarme/blokvarme,/adresse/hovedgaden-460-2640-hedehusene-01692896_460_______,139.0,Tegl,5.0,https://www.boligsiden.dk/adresse/hovedgaden-460-2640-hedehusene-01692896_460_______,Mursten,147.8,0,R174
hovedgaden-460-2640-hedehusene-01692896_460_______,Hovedgaden 460,2640.0,Villa,Free Sale,16-09-2014,2825000.0,3,Hedehusene,Fjernvarme/blokvarme,/adresse/hovedgaden-460-2640-hedehusene-01692896_460_______,139.0,Tegl,5.0,https://www.boligsiden.dk/adresse/hovedgaden-460-2640-hedehusene-01692896_460_______,Mursten,147.8,0,R175
kvaedevej-33-2830-virum-01730480__33_______,Kvædevej 33,2830.0,Rækkehus,Free Sale,17-04-2025,5675000.0,3,Virum,Centralvarme med én fyringsenhed,/adresse/kvaedevej-33-2830-virum-01730480__33_______,92.0,Tegl,3.0,https://www.boligsiden.dk/adresse/kvaedevej-33-2830-virum-01730480__33_______,Mursten,100.5,0,R176
kvaedevej-33-2830-virum-01730480__33_______,Kvædevej 33,2830.0,Rækkehus,Free Sale,09-04-2018,3565000.0,3,Virum,Centralvarme med én fyringsenhed,/adresse/kvaedevej-33-2830-virum-01730480__33_______,92.0,Tegl,3.0,https://www.boligsiden.dk/adresse/kvaedevej-33-2830-virum-01730480__33_______,Mursten,100.5,0,R177
kvaedevej-33-2830-virum-01730480__33_______,Kvædevej 33,2830.0,Rækkehus,Free Sale,06-11-2014,2700000.0,3,Virum,Centralvarme med én fyringsenhed,/adresse/kvaedevej-33-2830-virum-01730480__33_______,92.0,Tegl,3.0,https://www.boligsiden.dk/adresse/kvaedevej-33-2830-virum-01730480__33_______,Mursten,100.5,0,R178
ingeborgvej-51b-2900-hellerup-01570400_51b_______,,,Villa,Free Sale,16-04-2025,9103000.0,3,,,,,,,,,,0,R179
ingeborgvej-51b-2900-hellerup-01570400_51b_______,,,Villa,Free Sale,26-06-2020,9100000.0,3,,,,,,,,,,0,R180
ingeborgvej-51b-2900-hellerup-01570400_51b_______,,,Villa,Free Sale,03-06-2015,8225000.0,3,,,,,,,,,,0,R181
hyrdeengen-361-2625-vallensbaek-01872556_361_______,Hyrdeengen 361,2625.0,Rækkehus,Free Sale,16-04-2025,3155000.0,3,Vallensbæk,Fjernvarme/blokvarme,/adresse/hyrdeengen-361-2625-vallensbaek-01872556_361_______,130.0,Tagpap med lille hældning,4.0,https://www.boligsiden.dk/adresse/hyrdeengen-361-2625-vallensbaek-01872556_361_______,Træ,128.75,0,R182
hyrdeengen-361-2625-vallensbaek-01872556_361_______,Hyrdeengen 361,2625.0,Rækkehus,Family Sale,19-03-2023,1425000.0,3,Vallensbæk,Fjernvarme/blokvarme,/adresse/hyrdeengen-361-2625-vallensbaek-01872556_361_______,130.0,Tagpap med lille hældning,4.0,https://www.boligsiden.dk/adresse/hyrdeengen-361-2625-vallensbaek-01872556_361_______,Træ,128.75,0,R183
hyrdeengen-361-2625-vallensbaek-01872556_361_______,Hyrdeengen 361,2625.0,Rækkehus,Free Sale,10-07-2017,2450000.0,3,Vallensbæk,Fjernvarme/blokvarme,/adresse/hyrdeengen-361-2625-vallensbaek-01872556_361_______,130.0,Tagpap med lille hældning,4.0,https://www.boligsiden.dk/adresse/hyrdeengen-361-2625-vallensbaek-01872556_361_______,Træ,128.75,0,R184
kavsbjerglund-8-2740-skovlunde-01510606___8_______,Kavsbjerglund 8,2740.0,Villa,Family Sale,16-04-2025,600000.0,3,Skovlunde,Centralvarme med én fyringsenhed,/adresse/kavsbjerglund-8-2740-skovlunde-01510606___8_______,142.0,Betontagsten,5.0,https://www.boligsiden.dk/adresse/kavsbjerglund-8-2740-skovlunde-01510606___8_______,Mursten,141.75,0,R185
kavsbjerglund-8-2740-skovlunde-01510606___8_______,Kavsbjerglund 8,2740.0,Villa,Free Sale,18-05-2017,3350000.0,3,Skovlunde,Centralvarme med én fyringsenhed,/adresse/kavsbjerglund-8-2740-skovlunde-01510606___8_______,142.0,Betontagsten,5.0,https://www.boligsiden.dk/adresse/kavsbjerglund-8-2740-skovlunde-01510606___8_______,Mursten,141.75,0,R186
kavsbjerglund-8-2740-skovlunde-01510606___8_______,Kavsbjerglund 8,2740.0,Villa,Free Sale,13-06-1993,544968.0,3,Skovlunde,Centralvarme med én fyringsenhed,/adresse/kavsbjerglund-8-2740-skovlunde-01510606___8_______,142.0,Betontagsten,5.0,https://www.boligsiden.dk/adresse/kavsbjerglund-8-2740-skovlunde-01510606___8_______,Mursten,141.75,0,R187
ved-fortunen-13-2800-kongens-lyngby-01730843__13_______,Ved Fortunen 13,2800.0,Villa,Free Sale,14-04-2025,12000000.0,2,Kongens Lyngby,Centralvarme med én fyringsenhed,/adresse/ved-fortunen-13-2800-kongens-lyngby-01730843__13_______,211.0,Tegl,5.0,https://www.boligsiden.dk/adresse/ved-fortunen-13-2800-kongens-lyngby-01730843__13_______,Mursten,212.55,0,R188
ved-fortunen-13-2800-kongens-lyngby-01730843__13_______,Ved Fortunen 13,2800.0,Villa,Free Sale,24-02-2012,3500000.0,2,Kongens Lyngby,Centralvarme med én fyringsenhed,/adresse/ved-fortunen-13-2800-kongens-lyngby-01730843__13_______,211.0,Tegl,5.0,https://www.boligsiden.dk/adresse/ved-fortunen-13-2800-kongens-lyngby-01730843__13_______,Mursten,212.55,0,R189
i.h.mundts-vej-21-1-th-2830-virum-01730375__21__1__th,"I.H.Mundts Vej 21, 1. th.",2830.0,Ejerlejlighed,Free Sale,14-04-2025,3795000.0,2,Virum,Centralvarme med én fyringsenhed,/adresse/i.h.mundts-vej-21-1-th-2830-virum-01730375__21__1__th,83.0,Tagpap med stor hældning,3.0,https://www.boligsiden.dk/adresse/i.h.mundts-vej-21-1-th-2830-virum-01730375__21__1__th,Mursten,Ikke oplyst,0,R190
i.h.mundts-vej-21-1-th-2830-virum-01730375__21__1__th,"I.H.Mundts Vej 21, 1. th.",2830.0,Ejerlejlighed,Free Sale,08-07-2020,2650000.0,2,Virum,Centralvarme med én fyringsenhed,/adresse/i.h.mundts-vej-21-1-th-2830-virum-01730375__21__1__th,83.0,Tagpap med stor hældning,3.0,https://www.boligsiden.dk/adresse/i.h.mundts-vej-21-1-th-2830-virum-01730375__21__1__th,Mursten,Ikke oplyst,0,R191
anlaegsvej-29-2860-soeborg-01590021__29_______,Anlægsvej 29,2860.0,Rækkehus,Free Sale,14-04-2025,5600000.0,2,Søborg,Fjernvarme/blokvarme,/adresse/anlaegsvej-29-2860-soeborg-01590021__29_______,91.0,Tegl,4.0,https://www.boligsiden.dk/adresse/anlaegsvej-29-2860-soeborg-01590021__29_______,Mursten,109.35,0,R192
anlaegsvej-29-2860-soeborg-01590021__29_______,Anlægsvej 29,2860.0,Rækkehus,Free Sale,30-06-2014,2000000.0,2,Søborg,Fjernvarme/blokvarme,/adresse/anlaegsvej-29-2860-soeborg-01590021__29_______,91.0,Tegl,4.0,https://www.boligsiden.dk/adresse/anlaegsvej-29-2860-soeborg-01590021__29_______,Mursten,109.35,0,R193
toftekaersvej-71-2820-gentofte-01570871__71_______,Toftekærsvej 71,2820.0,Villa,Free Sale,14-04-2025,5760000.0,3,Gentofte,Ingen varmeinstallation,/adresse/toftekaersvej-71-2820-gentofte-01570871__71_______,77.0,Tegl,2.0,https://www.boligsiden.dk/adresse/toftekaersvej-71-2820-gentofte-01570871__71_______,Mursten,107.8,0,R194
toftekaersvej-71-2820-gentofte-01570871__71_______,Toftekærsvej 71,2820.0,Villa,Free Sale,12-12-1995,490000.0,3,Gentofte,Ingen varmeinstallation,/adresse/toftekaersvej-71-2820-gentofte-01570871__71_______,77.0,Tegl,2.0,https://www.boligsiden.dk/adresse/toftekaersvej-71-2820-gentofte-01570871__71_______,Mursten,107.8,0,R195
toftekaersvej-71-2820-gentofte-01570871__71_______,Toftekærsvej 71,2820.0,Villa,Free Sale,25-07-1993,885000.0,3,Gentofte,Ingen varmeinstallation,/adresse/toftekaersvej-71-2820-gentofte-01570871__71_______,77.0,Tegl,2.0,https://www.boligsiden.dk/adresse/toftekaersvej-71-2820-gentofte-01570871__71_______,Mursten,107.8,0,R196
skyttehusene-62-2620-albertslund-01650445__62_______,Skyttehusene 62,2620.0,Rækkehus,Family Sale,14-04-2025,1452500.0,3,Albertslund,Fjernvarme/blokvarme,/adresse/skyttehusene-62-2620-albertslund-01650445__62_______,106.0,Tagpap med lille hældning,4.0,https://www.boligsiden.dk/adresse/skyttehusene-62-2620-albertslund-01650445__62_______,Betonelementer,128.2,0,R197
skyttehusene-62-2620-albertslund-01650445__62_______,Skyttehusene 62,2620.0,Rækkehus,Free Sale,30-06-2015,2195000.0,3,Albertslund,Fjernvarme/blokvarme,/adresse/skyttehusene-62-2620-albertslund-01650445__62_______,106.0,Tagpap med lille hældning,4.0,https://www.boligsiden.dk/adresse/skyttehusene-62-2620-albertslund-01650445__62_______,Betonelementer,128.2,0,R198
skyttehusene-62-2620-albertslund-01650445__62_______,Skyttehusene 62,2620.0,Rækkehus,Free Sale,18-07-2011,1850000.0,3,Albertslund,Fjernvarme/blokvarme,/adresse/skyttehusene-62-2620-albertslund-01650445__62_______,106.0,Tagpap med lille hældning,4.0,https://www.boligsiden.dk/adresse/skyttehusene-62-2620-albertslund-01650445__62_______,Betonelementer,128.2,0,R199
cikoriegade-1-0-tv-2640-hedehusene-01690018___1_st__tv,"Cikoriegade 1, st. tv.",2640.0,Ejerlejlighed,Free Sale,14-04-2025,2295000.0,3,Hedehusene,Fjernvarme/blokvarme,/adresse/cikoriegade-1-0-tv-2640-hedehusene-01690018___1_st__tv,75.0,Tagpap med lille hældning,3.0,https://www.boligsiden.dk/adresse/cikoriegade-1-0-tv-2640-hedehusene-01690018___1_st__tv,Betonelementer,Ikke oplyst,0,R200
cikoriegade-1-0-tv-2640-hedehusene-01690018___1_st__tv,"Cikoriegade 1, st. tv.",2640.0,Ejerlejlighed,Free Sale,10-02-2023,2110000.0,3,Hedehusene,Fjernvarme/blokvarme,/adresse/cikoriegade-1-0-tv-2640-hedehusene-01690018___1_st__tv,75.0,Tagpap med lille hældning,3.0,https://www.boligsiden.dk/adresse/cikoriegade-1-0-tv-2640-hedehusene-01690018___1_st__tv,Betonelementer,Ikke oplyst,0,R201
cikoriegade-1-0-tv-2640-hedehusene-01690018___1_st__tv,"Cikoriegade 1, st. tv.",2640.0,Ejerlejlighed,Free Sale,10-10-2021,2295000.0,3,Hedehusene,Fjernvarme/blokvarme,/adresse/cikoriegade-1-0-tv-2640-hedehusene-01690018___1_st__tv,75.0,Tagpap med lille hældning,3.0,https://www.boligsiden.dk/adresse/cikoriegade-1-0-tv-2640-hedehusene-01690018___1_st__tv,Betonelementer,Ikke oplyst,0,R202
ved-gershoej-54-2760-maaloev-01510810__54_______,Ved Gershøj 54,2760.0,Rækkehus,Family Sale,14-04-2025,850000.0,2,Måløv,Fjernvarme/blokvarme,/adresse/ved-gershoej-54-2760-maaloev-01510810__54_______,98.0,Tegl,3.0,https://www.boligsiden.dk/adresse/ved-gershoej-54-2760-maaloev-01510810__54_______,Mursten,99.25,0,R203
ved-gershoej-54-2760-maaloev-01510810__54_______,Ved Gershøj 54,2760.0,Rækkehus,Free Sale,02-02-1998,1339606.0,2,Måløv,Fjernvarme/blokvarme,/adresse/ved-gershoej-54-2760-maaloev-01510810__54_______,98.0,Tegl,3.0,https://www.boligsiden.dk/adresse/ved-gershoej-54-2760-maaloev-01510810__54_______,Mursten,99.25,0,R204
lundemarken-15-2740-skovlunde-01510617__15_______,Lundemarken 15,2740.0,Rækkehus,Other,14-04-2025,1400000.0,1,Skovlunde,Centralvarme med én fyringsenhed,/adresse/lundemarken-15-2740-skovlunde-01510617__15_______,111.0,Tagpap med lille hældning,4.0,https://www.boligsiden.dk/adresse/lundemarken-15-2740-skovlunde-01510617__15_______,Mursten,111,0,R205
gentoftegade-44-3-th-2820-gentofte-01570278__44__3__th,"Gentoftegade 44, 3. th.",2820.0,Ejerlejlighed,Free Sale,14-04-2025,2233333.0,3,Gentofte,Fjernvarme/blokvarme,/adresse/gentoftegade-44-3-th-2820-gentofte-01570278__44__3__th,112.0,Tagpap med stor hældning,4.0,https://www.boligsiden.dk/adresse/gentoftegade-44-3-th-2820-gentofte-01570278__44__3__th,Mursten,Ikke oplyst,0,R206
gentoftegade-44-3-th-2820-gentofte-01570278__44__3__th,"Gentoftegade 44, 3. th.",2820.0,Ejerlejlighed,Free Sale,03-07-2014,4900000.0,3,Gentofte,Fjernvarme/blokvarme,/adresse/gentoftegade-44-3-th-2820-gentofte-01570278__44__3__th,112.0,Tagpap med stor hældning,4.0,https://www.boligsiden.dk/adresse/gentoftegade-44-3-th-2820-gentofte-01570278__44__3__th,Mursten,Ikke oplyst,0,R207
gentoftegade-44-3-th-2820-gentofte-01570278__44__3__th,"Gentoftegade 44, 3. th.",2820.0,Ejerlejlighed,Free Sale,21-12-2012,4600000.0,3,Gentofte,Fjernvarme/blokvarme,/adresse/gentoftegade-44-3-th-2820-gentofte-01570278__44__3__th,112.0,Tagpap med stor hældning,4.0,https://www.boligsiden.dk/adresse/gentoftegade-44-3-th-2820-gentofte-01570278__44__3__th,Mursten,Ikke oplyst,0,R208
soebakkevej-45-2640-hedehusene-01690041__45_______,,,Rækkehus,Free Sale,14-04-2025,3720000.0,3,,,,,,,,,,0,R209
soebakkevej-45-2640-hedehusene-01690041__45_______,,,Rækkehus,Free Sale,09-01-2023,3600000.0,3,,,,,,,,,,0,R210
soebakkevej-45-2640-hedehusene-01690041__45_______,,,Rækkehus,Free Sale,24-02-2021,3495000.0,3,,,,,,,,,,0,R211
taastrup-have-33-0-tv-2630-taastrup-01698960__33_st__tv,"Taastrup Have 33, st. tv.",2630.0,Ejerlejlighed,Free Sale,14-04-2025,1500000.0,3,Taastrup,Fjernvarme/blokvarme,/adresse/taastrup-have-33-0-tv-2630-taastrup-01698960__33_st__tv,56.0,Fibercement herunder asbest,2.0,https://www.boligsiden.dk/adresse/taastrup-have-33-0-tv-2630-taastrup-01698960__33_st__tv,Mursten,Ikke oplyst,0,R212
taastrup-have-33-0-tv-2630-taastrup-01698960__33_st__tv,"Taastrup Have 33, st. tv.",2630.0,Ejerlejlighed,Free Sale,02-01-2021,1385000.0,3,Taastrup,Fjernvarme/blokvarme,/adresse/taastrup-have-33-0-tv-2630-taastrup-01698960__33_st__tv,56.0,Fibercement herunder asbest,2.0,https://www.boligsiden.dk/adresse/taastrup-have-33-0-tv-2630-taastrup-01698960__33_st__tv,Mursten,Ikke oplyst,0,R213
taastrup-have-33-0-tv-2630-taastrup-01698960__33_st__tv,"Taastrup Have 33, st. tv.",2630.0,Ejerlejlighed,Free Sale,17-11-2016,1040000.0,3,Taastrup,Fjernvarme/blokvarme,/adresse/taastrup-have-33-0-tv-2630-taastrup-01698960__33_st__tv,56.0,Fibercement herunder asbest,2.0,https://www.boligsiden.dk/adresse/taastrup-have-33-0-tv-2630-taastrup-01698960__33_st__tv,Mursten,Ikke oplyst,0,R214
h-p-olsens-vaenge-71-2630-taastrup-01692950__71_______,H P Olsens Vænge 71,2630.0,Rækkehus,Free Sale,14-04-2025,2100000.0,3,Taastrup,Fjernvarme/blokvarme,/adresse/h-p-olsens-vaenge-71-2630-taastrup-01692950__71_______,80.0,Fibercement herunder asbest,4.0,https://www.boligsiden.dk/adresse/h-p-olsens-vaenge-71-2630-taastrup-01692950__71_______,Mursten,85.3,0,R215
h-p-olsens-vaenge-71-2630-taastrup-01692950__71_______,H P Olsens Vænge 71,2630.0,Rækkehus,Free Sale,01-11-2023,2100000.0,3,Taastrup,Fjernvarme/blokvarme,/adresse/h-p-olsens-vaenge-71-2630-taastrup-01692950__71_______,80.0,Fibercement herunder asbest,4.0,https://www.boligsiden.dk/adresse/h-p-olsens-vaenge-71-2630-taastrup-01692950__71_______,Mursten,85.3,0,R216
h-p-olsens-vaenge-71-2630-taastrup-01692950__71_______,H P Olsens Vænge 71,2630.0,Rækkehus,Free Sale,11-12-2003,1417600.0,3,Taastrup,Fjernvarme/blokvarme,/adresse/h-p-olsens-vaenge-71-2630-taastrup-01692950__71_______,80.0,Fibercement herunder asbest,4.0,https://www.boligsiden.dk/adresse/h-p-olsens-vaenge-71-2630-taastrup-01692950__71_______,Mursten,85.3,0,R217
bydammen-31-2-tv-2750-ballerup-01510055__31__2__tv,"Bydammen 31, 2. tv.",2750.0,Ejerlejlighed,Family Sale,14-04-2025,2995000.0,2,Ballerup,Fjernvarme/blokvarme,/adresse/bydammen-31-2-tv-2750-ballerup-01510055__31__2__tv,92.0,Tagpap med lille hældning,2.0,https://www.boligsiden.dk/adresse/bydammen-31-2-tv-2750-ballerup-01510055__31__2__tv,Mursten,Ikke oplyst,0,R218
bydammen-31-2-tv-2750-ballerup-01510055__31__2__tv,"Bydammen 31, 2. tv.",2750.0,Ejerlejlighed,Free Sale,06-12-2021,2995000.0,2,Ballerup,Fjernvarme/blokvarme,/adresse/bydammen-31-2-tv-2750-ballerup-01510055__31__2__tv,92.0,Tagpap med lille hældning,2.0,https://www.boligsiden.dk/adresse/bydammen-31-2-tv-2750-ballerup-01510055__31__2__tv,Mursten,Ikke oplyst,0,R219
oktobervej-129-2860-soeborg-01590633_129_______,Oktobervej 129,2860.0,Villa,Free Sale,14-04-2025,1600000.0,1,Søborg,Fjernvarme/blokvarme,/adresse/oktobervej-129-2860-soeborg-01590633_129_______,103.0,Fibercement herunder asbest,4.0,https://www.boligsiden.dk/adresse/oktobervej-129-2860-soeborg-01590633_129_______,Mursten,103,0,R220
bagsvaerd-hovedgade-81c-3-2880-bagsvaerd-01590039_81c__3____,"Bagsværd Hovedgade 81C, 3.",2880.0,Ejerlejlighed,Free Sale,12-04-2025,1715000.0,3,Bagsværd,Fjernvarme/blokvarme,/adresse/bagsvaerd-hovedgade-81c-3-2880-bagsvaerd-01590039_81c__3____,52.0,Tagpap med lille hældning,1.0,https://www.boligsiden.dk/adresse/bagsvaerd-hovedgade-81c-3-2880-bagsvaerd-01590039_81c__3____,Mursten,Ikke oplyst,0,R221
bagsvaerd-hovedgade-81c-3-2880-bagsvaerd-01590039_81c__3____,"Bagsværd Hovedgade 81C, 3.",2880.0,Ejerlejlighed,Free Sale,19-07-2018,1345000.0,3,Bagsværd,Fjernvarme/blokvarme,/adresse/bagsvaerd-hovedgade-81c-3-2880-bagsvaerd-01590039_81c__3____,52.0,Tagpap med lille hældning,1.0,https://www.boligsiden.dk/adresse/bagsvaerd-hovedgade-81c-3-2880-bagsvaerd-01590039_81c__3____,Mursten,Ikke oplyst,0,R222
bagsvaerd-hovedgade-81c-3-2880-bagsvaerd-01590039_81c__3____,"Bagsværd Hovedgade 81C, 3.",2880.0,Ejerlejlighed,Free Sale,15-08-2017,1200000.0,3,Bagsværd,Fjernvarme/blokvarme,/adresse/bagsvaerd-hovedgade-81c-3-2880-bagsvaerd-01590039_81c__3____,52.0,Tagpap med lille hældning,1.0,https://www.boligsiden.dk/adresse/bagsvaerd-hovedgade-81c-3-2880-bagsvaerd-01590039_81c__3____,Mursten,Ikke oplyst,0,R223
kollerupparken-7-2665-vallensbaek-strand-01874154___7_______,Kollerupparken 7,2665.0,Villa,Free Sale,11-04-2025,5200000.0,2,Vallensbæk Strand,Centralvarme med én fyringsenhed,/adresse/kollerupparken-7-2665-vallensbaek-strand-01874154___7_______,178.0,Tegl,6.0,https://www.boligsiden.dk/adresse/kollerupparken-7-2665-vallensbaek-strand-01874154___7_______,Letbetonsten,178.55,0,R224
kollerupparken-7-2665-vallensbaek-strand-01874154___7_______,Kollerupparken 7,2665.0,Villa,Free Sale,05-07-2021,4250000.0,2,Vallensbæk Strand,Centralvarme med én fyringsenhed,/adresse/kollerupparken-7-2665-vallensbaek-strand-01874154___7_______,178.0,Tegl,6.0,https://www.boligsiden.dk/adresse/kollerupparken-7-2665-vallensbaek-strand-01874154___7_______,Letbetonsten,178.55,0,R225
strandvejen-211b-2-tv-2900-hellerup-01570802211b__2__tv,"Strandvejen 211B, 2. tv.",2900.0,Ejerlejlighed,Free Sale,10-04-2025,6025000.0,3,Hellerup,Fjernvarme/blokvarme,/adresse/strandvejen-211b-2-tv-2900-hellerup-01570802211b__2__tv,90.0,Fibercement herunder asbest,3.0,https://www.boligsiden.dk/adresse/strandvejen-211b-2-tv-2900-hellerup-01570802211b__2__tv,Mursten,Ikke oplyst,0,R226
strandvejen-211b-2-tv-2900-hellerup-01570802211b__2__tv,"Strandvejen 211B, 2. tv.",2900.0,Ejerlejlighed,Family Sale,08-05-2018,2713750.0,3,Hellerup,Fjernvarme/blokvarme,/adresse/strandvejen-211b-2-tv-2900-hellerup-01570802211b__2__tv,90.0,Fibercement herunder asbest,3.0,https://www.boligsiden.dk/adresse/strandvejen-211b-2-tv-2900-hellerup-01570802211b__2__tv,Mursten,Ikke oplyst,0,R227
strandvejen-211b-2-tv-2900-hellerup-01570802211b__2__tv,"Strandvejen 211B, 2. tv.",2900.0,Ejerlejlighed,Free Sale,21-07-2005,3600000.0,3,Hellerup,Fjernvarme/blokvarme,/adresse/strandvejen-211b-2-tv-2900-hellerup-01570802211b__2__tv,90.0,Fibercement herunder asbest,3.0,https://www.boligsiden.dk/adresse/strandvejen-211b-2-tv-2900-hellerup-01570802211b__2__tv,Mursten,Ikke oplyst,0,R228
bredebovej-29-3-mf-2800-kongens-lyngby-01730092__29__3__mf,"Bredebovej 29, 3. mf.",2800.0,Ejerlejlighed,Free Sale,10-04-2025,2375000.0,3,Kongens Lyngby,Fjernvarme/blokvarme,/adresse/bredebovej-29-3-mf-2800-kongens-lyngby-01730092__29__3__mf,56.0,Tagpap med lille hældning,2.0,https://www.boligsiden.dk/adresse/bredebovej-29-3-mf-2800-kongens-lyngby-01730092__29__3__mf,Mursten,Ikke oplyst,0,R229
bredebovej-29-3-mf-2800-kongens-lyngby-01730092__29__3__mf,"Bredebovej 29, 3. mf.",2800.0,Ejerlejlighed,Free Sale,07-05-2018,1925000.0,3,Kongens Lyngby,Fjernvarme/blokvarme,/adresse/bredebovej-29-3-mf-2800-kongens-lyngby-01730092__29__3__mf,56.0,Tagpap med lille hældning,2.0,https://www.boligsiden.dk/adresse/bredebovej-29-3-mf-2800-kongens-lyngby-01730092__29__3__mf,Mursten,Ikke oplyst,0,R230
bredebovej-29-3-mf-2800-kongens-lyngby-01730092__29__3__mf,"Bredebovej 29, 3. mf.",2800.0,Ejerlejlighed,Free Sale,28-08-2012,1050000.0,3,Kongens Lyngby,Fjernvarme/blokvarme,/adresse/bredebovej-29-3-mf-2800-kongens-lyngby-01730092__29__3__mf,56.0,Tagpap med lille hældning,2.0,https://www.boligsiden.dk/adresse/bredebovej-29-3-mf-2800-kongens-lyngby-01730092__29__3__mf,Mursten,Ikke oplyst,0,R231
vandkarsevej-13-2880-bagsvaerd-01590944__13_______,Vandkarsevej 13,2880.0,Villa,Family Sale,10-04-2025,2750000.0,3,Bagsværd,Varmepumpe,/adresse/vandkarsevej-13-2880-bagsvaerd-01590944__13_______,168.0,Glas,5.0,https://www.boligsiden.dk/adresse/vandkarsevej-13-2880-bagsvaerd-01590944__13_______,Glas,187.65,0,R232
vandkarsevej-13-2880-bagsvaerd-01590944__13_______,Vandkarsevej 13,2880.0,Villa,Free Sale,10-10-2014,3500000.0,3,Bagsværd,Varmepumpe,/adresse/vandkarsevej-13-2880-bagsvaerd-01590944__13_______,168.0,Glas,5.0,https://www.boligsiden.dk/adresse/vandkarsevej-13-2880-bagsvaerd-01590944__13_______,Glas,187.65,0,R233
vandkarsevej-13-2880-bagsvaerd-01590944__13_______,Vandkarsevej 13,2880.0,Villa,Free Sale,15-08-1994,1210000.0,3,Bagsværd,Varmepumpe,/adresse/vandkarsevej-13-2880-bagsvaerd-01590944__13_______,168.0,Glas,5.0,https://www.boligsiden.dk/adresse/vandkarsevej-13-2880-bagsvaerd-01590944__13_______,Glas,187.65,0,R234
hybenvej-9-2605-broendby-01530256___9_______,Hybenvej 9,2605.0,Villa,Free Sale,10-04-2025,6700000.0,3,Brøndby,Fjernvarme/blokvarme,/adresse/hybenvej-9-2605-broendby-01530256___9_______,199.0,Metal,5.0,https://www.boligsiden.dk/adresse/hybenvej-9-2605-broendby-01530256___9_______,Letbetonsten,207,0,R235
hybenvej-9-2605-broendby-01530256___9_______,Hybenvej 9,2605.0,Villa,Free Sale,11-06-2020,2710000.0,3,Brøndby,Fjernvarme/blokvarme,/adresse/hybenvej-9-2605-broendby-01530256___9_______,199.0,Metal,5.0,https://www.boligsiden.dk/adresse/hybenvej-9-2605-broendby-01530256___9_______,Letbetonsten,207,0,R236
hybenvej-9-2605-broendby-01530256___9_______,Hybenvej 9,2605.0,Villa,Free Sale,28-03-2004,1775000.0,3,Brøndby,Fjernvarme/blokvarme,/adresse/hybenvej-9-2605-broendby-01530256___9_______,199.0,Metal,5.0,https://www.boligsiden.dk/adresse/hybenvej-9-2605-broendby-01530256___9_______,Letbetonsten,207,0,R237
maltegaardsvej-24c-2820-gentofte-01570540_24c_______,Maltegårdsvej 24C,2820.0,Rækkehus,Free Sale,10-04-2025,13400000.0,3,Gentofte,Fjernvarme/blokvarme,/adresse/maltegaardsvej-24c-2820-gentofte-01570540_24c_______,225.0,Andet materiale,5.0,https://www.boligsiden.dk/adresse/maltegaardsvej-24c-2820-gentofte-01570540_24c_______,Mursten,221.8,0,R238
maltegaardsvej-24c-2820-gentofte-01570540_24c_______,Maltegårdsvej 24C,2820.0,Rækkehus,Free Sale,25-01-2023,11050000.0,3,Gentofte,Fjernvarme/blokvarme,/adresse/maltegaardsvej-24c-2820-gentofte-01570540_24c_______,225.0,Andet materiale,5.0,https://www.boligsiden.dk/adresse/maltegaardsvej-24c-2820-gentofte-01570540_24c_______,Mursten,221.8,0,R239
maltegaardsvej-24c-2820-gentofte-01570540_24c_______,Maltegårdsvej 24C,2820.0,Rækkehus,Free Sale,10-12-2020,11500000.0,3,Gentofte,Fjernvarme/blokvarme,/adresse/maltegaardsvej-24c-2820-gentofte-01570540_24c_______,225.0,Andet materiale,5.0,https://www.boligsiden.dk/adresse/maltegaardsvej-24c-2820-gentofte-01570540_24c_______,Mursten,221.8,0,R240
cedervaenget-11-2-th-2830-virum-01730143__11__2__th,"Cedervænget 11, 2. th.",2830.0,Ejerlejlighed,Family Sale,10-04-2025,935000.0,3,Virum,Fjernvarme/blokvarme,/adresse/cedervaenget-11-2-th-2830-virum-01730143__11__2__th,72.0,Tagpap med stor hældning,3.0,https://www.boligsiden.dk/adresse/cedervaenget-11-2-th-2830-virum-01730143__11__2__th,Mursten,Ikke oplyst,0,R241
cedervaenget-11-2-th-2830-virum-01730143__11__2__th,"Cedervænget 11, 2. th.",2830.0,Ejerlejlighed,Free Sale,13-04-2002,1250000.0,3,Virum,Fjernvarme/blokvarme,/adresse/cedervaenget-11-2-th-2830-virum-01730143__11__2__th,72.0,Tagpap med stor hældning,3.0,https://www.boligsiden.dk/adresse/cedervaenget-11-2-th-2830-virum-01730143__11__2__th,Mursten,Ikke oplyst,0,R242
cedervaenget-11-2-th-2830-virum-01730143__11__2__th,"Cedervænget 11, 2. th.",2830.0,Ejerlejlighed,Free Sale,15-06-2000,1010000.0,3,Virum,Fjernvarme/blokvarme,/adresse/cedervaenget-11-2-th-2830-virum-01730143__11__2__th,72.0,Tagpap med stor hældning,3.0,https://www.boligsiden.dk/adresse/cedervaenget-11-2-th-2830-virum-01730143__11__2__th,Mursten,Ikke oplyst,0,R243
hoejvangsvej-30-2-tv-2600-glostrup-01610243__30__2__tv,"Højvangsvej 30, 2. tv.",2600.0,Ejerlejlighed,Free Sale,10-04-2025,2275000.0,3,Glostrup,Centralvarme med én fyringsenhed,/adresse/hoejvangsvej-30-2-tv-2600-glostrup-01610243__30__2__tv,62.0,Tegl,2.0,https://www.boligsiden.dk/adresse/hoejvangsvej-30-2-tv-2600-glostrup-01610243__30__2__tv,Mursten,Ikke oplyst,0,R244
hoejvangsvej-30-2-tv-2600-glostrup-01610243__30__2__tv,"Højvangsvej 30, 2. tv.",2600.0,Ejerlejlighed,Free Sale,29-11-2021,2030000.0,3,Glostrup,Centralvarme med én fyringsenhed,/adresse/hoejvangsvej-30-2-tv-2600-glostrup-01610243__30__2__tv,62.0,Tegl,2.0,https://www.boligsiden.dk/adresse/hoejvangsvej-30-2-tv-2600-glostrup-01610243__30__2__tv,Mursten,Ikke oplyst,0,R245
hoejvangsvej-30-2-tv-2600-glostrup-01610243__30__2__tv,"Højvangsvej 30, 2. tv.",2600.0,Ejerlejlighed,Free Sale,12-11-2015,1330000.0,3,Glostrup,Centralvarme med én fyringsenhed,/adresse/hoejvangsvej-30-2-tv-2600-glostrup-01610243__30__2__tv,62.0,Tegl,2.0,https://www.boligsiden.dk/adresse/hoejvangsvej-30-2-tv-2600-glostrup-01610243__30__2__tv,Mursten,Ikke oplyst,0,R246
hyrdeengen-77-2625-vallensbaek-01872556__77_______,Hyrdeengen 77,2625.0,Rækkehus,Free Sale,09-04-2025,2800000.0,3,Vallensbæk,Elvarme,/adresse/hyrdeengen-77-2625-vallensbaek-01872556__77_______,125.0,Tagpap med lille hældning,4.0,https://www.boligsiden.dk/adresse/hyrdeengen-77-2625-vallensbaek-01872556__77_______,Træ,122.85,0,R247
hyrdeengen-77-2625-vallensbaek-01872556__77_______,Hyrdeengen 77,2625.0,Rækkehus,Free Sale,10-09-2015,1795000.0,3,Vallensbæk,Elvarme,/adresse/hyrdeengen-77-2625-vallensbaek-01872556__77_______,125.0,Tagpap med lille hældning,4.0,https://www.boligsiden.dk/adresse/hyrdeengen-77-2625-vallensbaek-01872556__77_______,Træ,122.85,0,R248
hyrdeengen-77-2625-vallensbaek-01872556__77_______,Hyrdeengen 77,2625.0,Rækkehus,Family Sale,09-10-2004,775000.0,3,Vallensbæk,Elvarme,/adresse/hyrdeengen-77-2625-vallensbaek-01872556__77_______,125.0,Tagpap med lille hældning,4.0,https://www.boligsiden.dk/adresse/hyrdeengen-77-2625-vallensbaek-01872556__77_______,Træ,122.85,0,R249
elmehusene-256-2600-glostrup-01650087_256_______,Elmehusene 256,2600.0,Rækkehus,Free Sale,09-04-2025,2945000.0,2,Glostrup,Fjernvarme/blokvarme,/adresse/elmehusene-256-2600-glostrup-01650087_256_______,96.0,Fibercement herunder asbest,4.0,https://www.boligsiden.dk/adresse/elmehusene-256-2600-glostrup-01650087_256_______,Betonelementer,97.5,0,R250
elmehusene-256-2600-glostrup-01650087_256_______,Elmehusene 256,2600.0,Rækkehus,Free Sale,17-07-2013,1650000.0,2,Glostrup,Fjernvarme/blokvarme,/adresse/elmehusene-256-2600-glostrup-01650087_256_______,96.0,Fibercement herunder asbest,4.0,https://www.boligsiden.dk/adresse/elmehusene-256-2600-glostrup-01650087_256_______,Betonelementer,97.5,0,R251
tinghoejvej-56-2-tv-2860-soeborg-01590874__56__2__tv,"Tinghøjvej 56, 2. tv.",2860.0,Ejerlejlighed,Free Sale,09-04-2025,2025000.0,3,Søborg,Fjernvarme/blokvarme,/adresse/tinghoejvej-56-2-tv-2860-soeborg-01590874__56__2__tv,65.0,Fibercement herunder asbest,2.0,https://www.boligsiden.dk/adresse/tinghoejvej-56-2-tv-2860-soeborg-01590874__56__2__tv,Mursten,Ikke oplyst,0,R252
tinghoejvej-56-2-tv-2860-soeborg-01590874__56__2__tv,"Tinghøjvej 56, 2. tv.",2860.0,Ejerlejlighed,Free Sale,03-04-2023,1800000.0,3,Søborg,Fjernvarme/blokvarme,/adresse/tinghoejvej-56-2-tv-2860-soeborg-01590874__56__2__tv,65.0,Fibercement herunder asbest,2.0,https://www.boligsiden.dk/adresse/tinghoejvej-56-2-tv-2860-soeborg-01590874__56__2__tv,Mursten,Ikke oplyst,0,R253
tinghoejvej-56-2-tv-2860-soeborg-01590874__56__2__tv,"Tinghøjvej 56, 2. tv.",2860.0,Ejerlejlighed,Free Sale,20-04-2006,1795000.0,3,Søborg,Fjernvarme/blokvarme,/adresse/tinghoejvej-56-2-tv-2860-soeborg-01590874__56__2__tv,65.0,Fibercement herunder asbest,2.0,https://www.boligsiden.dk/adresse/tinghoejvej-56-2-tv-2860-soeborg-01590874__56__2__tv,Mursten,Ikke oplyst,0,R254
roedovre-parkvej-185-2-mf-2610-roedovre-01750702_185__2__mf,"Rødovre Parkvej 185, 2. mf.",2610.0,Ejerlejlighed,Free Sale,09-04-2025,1025000.0,1,Rødovre,Fjernvarme/blokvarme,/adresse/roedovre-parkvej-185-2-mf-2610-roedovre-01750702_185__2__mf,32.0,Tagpap med stor hældning,1.0,https://www.boligsiden.dk/adresse/roedovre-parkvej-185-2-mf-2610-roedovre-01750702_185__2__mf,Mursten,Ikke oplyst,0,R255
askevaenget-17-1-tv-2830-virum-01730032__17__1__tv,"Askevænget 17, 1. tv.",2830.0,Ejerlejlighed,Free Sale,09-04-2025,3350000.0,3,Virum,Centralvarme med én fyringsenhed,/adresse/askevaenget-17-1-tv-2830-virum-01730032__17__1__tv,86.0,Fibercement herunder asbest,4.0,https://www.boligsiden.dk/adresse/askevaenget-17-1-tv-2830-virum-01730032__17__1__tv,Mursten,Ikke oplyst,0,R256
askevaenget-17-1-tv-2830-virum-01730032__17__1__tv,"Askevænget 17, 1. tv.",2830.0,Ejerlejlighed,Free Sale,29-05-2013,1675000.0,3,Virum,Centralvarme med én fyringsenhed,/adresse/askevaenget-17-1-tv-2830-virum-01730032__17__1__tv,86.0,Fibercement herunder asbest,4.0,https://www.boligsiden.dk/adresse/askevaenget-17-1-tv-2830-virum-01730032__17__1__tv,Mursten,Ikke oplyst,0,R257
askevaenget-17-1-tv-2830-virum-01730032__17__1__tv,"Askevænget 17, 1. tv.",2830.0,Ejerlejlighed,Family Sale,10-09-2009,1500000.0,3,Virum,Centralvarme med én fyringsenhed,/adresse/askevaenget-17-1-tv-2830-virum-01730032__17__1__tv,86.0,Fibercement herunder asbest,4.0,https://www.boligsiden.dk/adresse/askevaenget-17-1-tv-2830-virum-01730032__17__1__tv,Mursten,Ikke oplyst,0,R258
lille-strandvej-28-2-tv-2900-hellerup-01570510__28__2__tv,"Lille Strandvej 28, 2. tv.",2900.0,Ejerlejlighed,Free Sale,08-04-2025,5500000.0,3,Hellerup,Fjernvarme/blokvarme,/adresse/lille-strandvej-28-2-tv-2900-hellerup-01570510__28__2__tv,58.0,Tagpap med stor hældning,2.0,https://www.boligsiden.dk/adresse/lille-strandvej-28-2-tv-2900-hellerup-01570510__28__2__tv,Mursten,Ikke oplyst,0,R259
lille-strandvej-28-2-tv-2900-hellerup-01570510__28__2__tv,"Lille Strandvej 28, 2. tv.",2900.0,Ejerlejlighed,Family Sale,06-10-2024,1445000.0,3,Hellerup,Fjernvarme/blokvarme,/adresse/lille-strandvej-28-2-tv-2900-hellerup-01570510__28__2__tv,58.0,Tagpap med stor hældning,2.0,https://www.boligsiden.dk/adresse/lille-strandvej-28-2-tv-2900-hellerup-01570510__28__2__tv,Mursten,Ikke oplyst,0,R260
lille-strandvej-28-2-tv-2900-hellerup-01570510__28__2__tv,"Lille Strandvej 28, 2. tv.",2900.0,Ejerlejlighed,Family Sale,09-11-2023,1252000.0,3,Hellerup,Fjernvarme/blokvarme,/adresse/lille-strandvej-28-2-tv-2900-hellerup-01570510__28__2__tv,58.0,Tagpap med stor hældning,2.0,https://www.boligsiden.dk/adresse/lille-strandvej-28-2-tv-2900-hellerup-01570510__28__2__tv,Mursten,Ikke oplyst,0,R261
snebaerhaven-40-2620-albertslund-01650458__40_______,Snebærhaven 40,2620.0,Villa,Free Sale,08-04-2025,3995000.0,1,Albertslund,Fjernvarme/blokvarme,/adresse/snebaerhaven-40-2620-albertslund-01650458__40_______,183.0,Fibercement herunder asbest,6.0,https://www.boligsiden.dk/adresse/snebaerhaven-40-2620-albertslund-01650458__40_______,Mursten,179.85,0,R262
koldbyvej-45-2610-roedovre-01750463__45_______,,,Rækkehus,Free Sale,08-04-2025,4000000.0,3,,,,,,,,,,0,R263
koldbyvej-45-2610-roedovre-01750463__45_______,,,Rækkehus,Free Sale,17-02-2014,2450000.0,3,,,,,,,,,,0,R264
koldbyvej-45-2610-roedovre-01750463__45_______,,,Rækkehus,Free Sale,05-09-1994,683620.0,3,,,,,,,,,,0,R265
daugaardsvej-6-1-th-2800-kongens-lyngby-01730162___6__1__th,"Daugaardsvej 6, 1. th.",2800.0,Ejerlejlighed,Free Sale,08-04-2025,2200000.0,3,Kongens Lyngby,Fjernvarme/blokvarme,/adresse/daugaardsvej-6-1-th-2800-kongens-lyngby-01730162___6__1__th,60.0,Tagpap med stor hældning,3.0,https://www.boligsiden.dk/adresse/daugaardsvej-6-1-th-2800-kongens-lyngby-01730162___6__1__th,Mursten,Ikke oplyst,0,R266
daugaardsvej-6-1-th-2800-kongens-lyngby-01730162___6__1__th,"Daugaardsvej 6, 1. th.",2800.0,Ejerlejlighed,Free Sale,07-12-2016,2000000.0,3,Kongens Lyngby,Fjernvarme/blokvarme,/adresse/daugaardsvej-6-1-th-2800-kongens-lyngby-01730162___6__1__th,60.0,Tagpap med stor hældning,3.0,https://www.boligsiden.dk/adresse/daugaardsvej-6-1-th-2800-kongens-lyngby-01730162___6__1__th,Mursten,Ikke oplyst,0,R267
daugaardsvej-6-1-th-2800-kongens-lyngby-01730162___6__1__th,"Daugaardsvej 6, 1. th.",2800.0,Ejerlejlighed,Free Sale,26-08-1994,400000.0,3,Kongens Lyngby,Fjernvarme/blokvarme,/adresse/daugaardsvej-6-1-th-2800-kongens-lyngby-01730162___6__1__th,60.0,Tagpap med stor hældning,3.0,https://www.boligsiden.dk/adresse/daugaardsvej-6-1-th-2800-kongens-lyngby-01730162___6__1__th,Mursten,Ikke oplyst,0,R268
vadgaardsvej-2-0-3-2860-soeborg-01590927___2_st___3,"Vadgårdsvej 2, st. 3.",2860.0,Ejerlejlighed,Free Sale,07-04-2025,2145000.0,3,Søborg,Fjernvarme/blokvarme,/adresse/vadgaardsvej-2-0-3-2860-soeborg-01590927___2_st___3,53.0,Tagpap med stor hældning,2.0,https://www.boligsiden.dk/adresse/vadgaardsvej-2-0-3-2860-soeborg-01590927___2_st___3,Mursten,Ikke oplyst,0,R269
vadgaardsvej-2-0-3-2860-soeborg-01590927___2_st___3,"Vadgårdsvej 2, st. 3.",2860.0,Ejerlejlighed,Free Sale,20-08-2019,1440000.0,3,Søborg,Fjernvarme/blokvarme,/adresse/vadgaardsvej-2-0-3-2860-soeborg-01590927___2_st___3,53.0,Tagpap med stor hældning,2.0,https://www.boligsiden.dk/adresse/vadgaardsvej-2-0-3-2860-soeborg-01590927___2_st___3,Mursten,Ikke oplyst,0,R270
vadgaardsvej-2-0-3-2860-soeborg-01590927___2_st___3,"Vadgårdsvej 2, st. 3.",2860.0,Ejerlejlighed,Free Sale,19-03-2001,640000.0,3,Søborg,Fjernvarme/blokvarme,/adresse/vadgaardsvej-2-0-3-2860-soeborg-01590927___2_st___3,53.0,Tagpap med stor hældning,2.0,https://www.boligsiden.dk/adresse/vadgaardsvej-2-0-3-2860-soeborg-01590927___2_st___3,Mursten,Ikke oplyst,0,R271
noerregaardsvej-125-2610-roedovre-01750614_125_______,Nørregårdsvej 125,2610.0,Villa,Other,07-04-2025,1700000.0,2,Rødovre,Centralvarme med én fyringsenhed,/adresse/noerregaardsvej-125-2610-roedovre-01750614_125_______,115.0,Fibercement herunder asbest,4.0,https://www.boligsiden.dk/adresse/noerregaardsvej-125-2610-roedovre-01750614_125_______,Mursten,115,0,R272
noerregaardsvej-125-2610-roedovre-01750614_125_______,Nørregårdsvej 125,2610.0,Villa,Free Sale,15-06-2006,2895000.0,2,Rødovre,Centralvarme med én fyringsenhed,/adresse/noerregaardsvej-125-2610-roedovre-01750614_125_______,115.0,Fibercement herunder asbest,4.0,https://www.boligsiden.dk/adresse/noerregaardsvej-125-2610-roedovre-01750614_125_______,Mursten,115,0,R273
tvaerbommen-59-1-th-2820-gentofte-01570895__59__1__th,"Tværbommen 59, 1. th.",2820.0,Ejerlejlighed,Free Sale,07-04-2025,2075000.0,1,Gentofte,Fjernvarme/blokvarme,/adresse/tvaerbommen-59-1-th-2820-gentofte-01570895__59__1__th,53.0,Tegl,2.0,https://www.boligsiden.dk/adresse/tvaerbommen-59-1-th-2820-gentofte-01570895__59__1__th,Mursten,Ikke oplyst,0,R274
bygaden-72c-2605-broendby-01530096_72c_______,Bygaden 72C,2605.0,Villa,Free Sale,07-04-2025,4200000.0,1,Brøndby,Fjernvarme/blokvarme,/adresse/bygaden-72c-2605-broendby-01530096_72c_______,155.0,Fibercement herunder asbest,5.0,https://www.boligsiden.dk/adresse/bygaden-72c-2605-broendby-01530096_72c_______,Mursten,151.1,0,R275
langekaervej-40-2750-ballerup-01510193__40_______,Langekærvej 40,2750.0,Villa,Free Sale,07-04-2025,2450000.0,3,Ballerup,Centralvarme med én fyringsenhed,/adresse/langekaervej-40-2750-ballerup-01510193__40_______,75.0,Fibercement herunder asbest,1995000.0,https://www.boligsiden.dk/adresse/langekaervej-40-2750-ballerup-01510193__40_______,Letbetonsten,109.65,0,R276
langekaervej-40-2750-ballerup-01510193__40_______,Langekærvej 40,2750.0,Villa,Free Sale,03-08-2020,145200.0,3,Ballerup,Centralvarme med én fyringsenhed,/adresse/langekaervej-40-2750-ballerup-01510193__40_______,75.0,Fibercement herunder asbest,1995000.0,https://www.boligsiden.dk/adresse/langekaervej-40-2750-ballerup-01510193__40_______,Letbetonsten,109.65,0,R277
langekaervej-40-2750-ballerup-01510193__40_______,Langekærvej 40,2750.0,Villa,Free Sale,04-03-2019,2450000.0,3,Ballerup,Centralvarme med én fyringsenhed,/adresse/langekaervej-40-2750-ballerup-01510193__40_______,75.0,Fibercement herunder asbest,1995000.0,https://www.boligsiden.dk/adresse/langekaervej-40-2750-ballerup-01510193__40_______,Letbetonsten,109.65,0,R278
tommerupgade-33-4-tv-2630-taastrup-01690038__33__4__tv,,,Ejerlejlighed,Free Sale,06-04-2025,3250000.0,2,,,,,,,,,,0,R279
tommerupgade-33-4-tv-2630-taastrup-01690038__33__4__tv,,,Ejerlejlighed,Free Sale,10-07-2023,3225000.0,2,,,,,,,,,,0,R280
toftholmvaenget-16-2740-skovlunde-01510682__16_______,Toftholmvænget 16,2740.0,Villa,Free Sale,05-04-2025,5050000.0,1,Skovlunde,Centralvarme med én fyringsenhed,/adresse/toftholmvaenget-16-2740-skovlunde-01510682__16_______,162.0,Fibercement herunder asbest,6.0,https://www.boligsiden.dk/adresse/toftholmvaenget-16-2740-skovlunde-01510682__16_______,Mursten,170.55,0,R281
ingvar-noergaards-vej-7-2800-kongens-lyngby-01730007___7_______,Ingvar Nørgaards Vej 7,2800.0,Rækkehus,Free Sale,05-04-2025,6520000.0,2,Kongens Lyngby,Fjernvarme/blokvarme,/adresse/ingvar-noergaards-vej-7-2800-kongens-lyngby-01730007___7_______,137.0,Tagpap med lille hældning,6.0,https://www.boligsiden.dk/adresse/ingvar-noergaards-vej-7-2800-kongens-lyngby-01730007___7_______,Mursten,137,0,R282
ingvar-noergaards-vej-7-2800-kongens-lyngby-01730007___7_______,Ingvar Nørgaards Vej 7,2800.0,Rækkehus,Free Sale,13-04-2021,5650000.0,2,Kongens Lyngby,Fjernvarme/blokvarme,/adresse/ingvar-noergaards-vej-7-2800-kongens-lyngby-01730007___7_______,137.0,Tagpap med lille hældning,6.0,https://www.boligsiden.dk/adresse/ingvar-noergaards-vej-7-2800-kongens-lyngby-01730007___7_______,Mursten,137,0,R283
soeholtparken-19-2660-broendby-strand-01530678__19_______,Søholtparken 19,2660.0,Rækkehus,Free Sale,04-04-2025,3775000.0,3,Brøndby Strand,Fjernvarme/blokvarme,/adresse/soeholtparken-19-2660-broendby-strand-01530678__19_______,111.0,Betontagsten,4.0,https://www.boligsiden.dk/adresse/soeholtparken-19-2660-broendby-strand-01530678__19_______,Mursten,113.3,0,R284
soeholtparken-19-2660-broendby-strand-01530678__19_______,Søholtparken 19,2660.0,Rækkehus,Free Sale,28-01-2016,2450000.0,3,Brøndby Strand,Fjernvarme/blokvarme,/adresse/soeholtparken-19-2660-broendby-strand-01530678__19_______,111.0,Betontagsten,4.0,https://www.boligsiden.dk/adresse/soeholtparken-19-2660-broendby-strand-01530678__19_______,Mursten,113.3,0,R285
soeholtparken-19-2660-broendby-strand-01530678__19_______,Søholtparken 19,2660.0,Rækkehus,Free Sale,01-11-2000,1440000.0,3,Brøndby Strand,Fjernvarme/blokvarme,/adresse/soeholtparken-19-2660-broendby-strand-01530678__19_______,111.0,Betontagsten,4.0,https://www.boligsiden.dk/adresse/soeholtparken-19-2660-broendby-strand-01530678__19_______,Mursten,113.3,0,R286
moerkhoej-parkalle-26e-2860-soeborg-01590596_26e_______,Mørkhøj Parkalle 26E,2860.0,Rækkehus,Family Sale,04-04-2025,2424000.0,3,Søborg,Fjernvarme/blokvarme,/adresse/moerkhoej-parkalle-26e-2860-soeborg-01590596_26e_______,153.0,Tegl,5.0,https://www.boligsiden.dk/adresse/moerkhoej-parkalle-26e-2860-soeborg-01590596_26e_______,Mursten,151.5,0,R287
moerkhoej-parkalle-26e-2860-soeborg-01590596_26e_______,Mørkhøj Parkalle 26E,2860.0,Rækkehus,Free Sale,04-01-2016,3995000.0,3,Søborg,Fjernvarme/blokvarme,/adresse/moerkhoej-parkalle-26e-2860-soeborg-01590596_26e_______,153.0,Tegl,5.0,https://www.boligsiden.dk/adresse/moerkhoej-parkalle-26e-2860-soeborg-01590596_26e_______,Mursten,151.5,0,R288
moerkhoej-parkalle-26e-2860-soeborg-01590596_26e_______,Mørkhøj Parkalle 26E,2860.0,Rækkehus,Free Sale,29-06-2008,3225000.0,3,Søborg,Fjernvarme/blokvarme,/adresse/moerkhoej-parkalle-26e-2860-soeborg-01590596_26e_______,153.0,Tegl,5.0,https://www.boligsiden.dk/adresse/moerkhoej-parkalle-26e-2860-soeborg-01590596_26e_______,Mursten,151.5,0,R289
h-p-olsens-vaenge-53-2630-taastrup-01692950__53_______,H P Olsens Vænge 53,2630.0,Rækkehus,Free Sale,04-04-2025,2150000.0,1,Taastrup,Fjernvarme/blokvarme,/adresse/h-p-olsens-vaenge-53-2630-taastrup-01692950__53_______,80.0,Fibercement herunder asbest,3.0,https://www.boligsiden.dk/adresse/h-p-olsens-vaenge-53-2630-taastrup-01692950__53_______,Mursten,82.8,0,R290
frederiksdalsvej-103b-1-th-2830-virum-01730229103b__1__th,"Frederiksdalsvej 103B, 1. th.",2830.0,Ejerlejlighed,Free Sale,04-04-2025,2350000.0,3,Virum,Centralvarme med én fyringsenhed,/adresse/frederiksdalsvej-103b-1-th-2830-virum-01730229103b__1__th,63.0,Tegl,3.0,https://www.boligsiden.dk/adresse/frederiksdalsvej-103b-1-th-2830-virum-01730229103b__1__th,Mursten,Ikke oplyst,0,R291
frederiksdalsvej-103b-1-th-2830-virum-01730229103b__1__th,"Frederiksdalsvej 103B, 1. th.",2830.0,Ejerlejlighed,Free Sale,05-02-2016,1295000.0,3,Virum,Centralvarme med én fyringsenhed,/adresse/frederiksdalsvej-103b-1-th-2830-virum-01730229103b__1__th,63.0,Tegl,3.0,https://www.boligsiden.dk/adresse/frederiksdalsvej-103b-1-th-2830-virum-01730229103b__1__th,Mursten,Ikke oplyst,0,R292
frederiksdalsvej-103b-1-th-2830-virum-01730229103b__1__th,"Frederiksdalsvej 103B, 1. th.",2830.0,Ejerlejlighed,Free Sale,26-06-1996,482685.0,3,Virum,Centralvarme med én fyringsenhed,/adresse/frederiksdalsvej-103b-1-th-2830-virum-01730229103b__1__th,63.0,Tegl,3.0,https://www.boligsiden.dk/adresse/frederiksdalsvej-103b-1-th-2830-virum-01730229103b__1__th,Mursten,Ikke oplyst,0,R293
hellerupvej-23-1-tv-2900-hellerup-01570332__23__1__tv,"Hellerupvej 23, 1. tv.",2900.0,Ejerlejlighed,Free Sale,04-04-2025,4800000.0,2,Hellerup,Fjernvarme/blokvarme,/adresse/hellerupvej-23-1-tv-2900-hellerup-01570332__23__1__tv,78.0,Fibercement uden asbest,3.0,https://www.boligsiden.dk/adresse/hellerupvej-23-1-tv-2900-hellerup-01570332__23__1__tv,Mursten,Ikke oplyst,0,R294
hellerupvej-23-1-tv-2900-hellerup-01570332__23__1__tv,"Hellerupvej 23, 1. tv.",2900.0,Ejerlejlighed,Free Sale,21-10-2010,26351704.0,2,Hellerup,Fjernvarme/blokvarme,/adresse/hellerupvej-23-1-tv-2900-hellerup-01570332__23__1__tv,78.0,Fibercement uden asbest,3.0,https://www.boligsiden.dk/adresse/hellerupvej-23-1-tv-2900-hellerup-01570332__23__1__tv,Mursten,Ikke oplyst,0,R295
praesteholmen-11-2630-taastrup-01695982__11_______,Præsteholmen 11,2630.0,Villa,Free Sale,04-04-2025,3600000.0,3,Taastrup,Fjernvarme/blokvarme,/adresse/praesteholmen-11-2630-taastrup-01695982__11_______,135.0,Metal,4.0,https://www.boligsiden.dk/adresse/praesteholmen-11-2630-taastrup-01695982__11_______,Mursten,139.45,0,R296
praesteholmen-11-2630-taastrup-01695982__11_______,Præsteholmen 11,2630.0,Villa,Free Sale,29-09-2000,1739000.0,3,Taastrup,Fjernvarme/blokvarme,/adresse/praesteholmen-11-2630-taastrup-01695982__11_______,135.0,Metal,4.0,https://www.boligsiden.dk/adresse/praesteholmen-11-2630-taastrup-01695982__11_______,Mursten,139.45,0,R297
praesteholmen-11-2630-taastrup-01695982__11_______,Præsteholmen 11,2630.0,Villa,Free Sale,29-08-1993,910000.0,3,Taastrup,Fjernvarme/blokvarme,/adresse/praesteholmen-11-2630-taastrup-01695982__11_______,135.0,Metal,4.0,https://www.boligsiden.dk/adresse/praesteholmen-11-2630-taastrup-01695982__11_______,Mursten,139.45,0,R298
brandholms-alle-32g-2-2610-roedovre-01750085_32g__2____,"Brandholms Alle 32G, 2.",2610.0,Ejerlejlighed,Free Sale,04-04-2025,2125000.0,3,Rødovre,Fjernvarme/blokvarme,/adresse/brandholms-alle-32g-2-2610-roedovre-01750085_32g__2____,58.0,Tagpap med stor hældning,2.0,https://www.boligsiden.dk/adresse/brandholms-alle-32g-2-2610-roedovre-01750085_32g__2____,Mursten,Ikke oplyst,0,R299
brandholms-alle-32g-2-2610-roedovre-01750085_32g__2____,"Brandholms Alle 32G, 2.",2610.0,Ejerlejlighed,Free Sale,15-12-2022,1310000.0,3,Rødovre,Fjernvarme/blokvarme,/adresse/brandholms-alle-32g-2-2610-roedovre-01750085_32g__2____,58.0,Tagpap med stor hældning,2.0,https://www.boligsiden.dk/adresse/brandholms-alle-32g-2-2610-roedovre-01750085_32g__2____,Mursten,Ikke oplyst,0,R300
brandholms-alle-32g-2-2610-roedovre-01750085_32g__2____,"Brandholms Alle 32G, 2.",2610.0,Ejerlejlighed,Free Sale,19-09-1996,420680.0,3,Rødovre,Fjernvarme/blokvarme,/adresse/brandholms-alle-32g-2-2610-roedovre-01750085_32g__2____,58.0,Tagpap med stor hældning,2.0,https://www.boligsiden.dk/adresse/brandholms-alle-32g-2-2610-roedovre-01750085_32g__2____,Mursten,Ikke oplyst,0,R301
vangedevej-118-2820-gentofte-01570904_118_______,,,Villa,Free Sale,04-04-2025,6400000.0,1,,,,,,,,,,0,R302
bagsvaerd-hovedgade-99-11-f-2880-bagsvaerd-01590039__99_11___f,"Bagsværd Hovedgade 99, 11. f.",2880.0,Ejerlejlighed,Free Sale,04-04-2025,1150000.0,3,Bagsværd,Fjernvarme/blokvarme,/adresse/bagsvaerd-hovedgade-99-11-f-2880-bagsvaerd-01590039__99_11___f,48.0,Tagpap med stor hældning,1.0,https://www.boligsiden.dk/adresse/bagsvaerd-hovedgade-99-11-f-2880-bagsvaerd-01590039__99_11___f,Betonelementer,Ikke oplyst,0,R303
bagsvaerd-hovedgade-99-11-f-2880-bagsvaerd-01590039__99_11___f,"Bagsværd Hovedgade 99, 11. f.",2880.0,Ejerlejlighed,Free Sale,02-02-2024,950000.0,3,Bagsværd,Fjernvarme/blokvarme,/adresse/bagsvaerd-hovedgade-99-11-f-2880-bagsvaerd-01590039__99_11___f,48.0,Tagpap med stor hældning,1.0,https://www.boligsiden.dk/adresse/bagsvaerd-hovedgade-99-11-f-2880-bagsvaerd-01590039__99_11___f,Betonelementer,Ikke oplyst,0,R304
bagsvaerd-hovedgade-99-11-f-2880-bagsvaerd-01590039__99_11___f,"Bagsværd Hovedgade 99, 11. f.",2880.0,Ejerlejlighed,Free Sale,22-06-1999,361880.0,3,Bagsværd,Fjernvarme/blokvarme,/adresse/bagsvaerd-hovedgade-99-11-f-2880-bagsvaerd-01590039__99_11___f,48.0,Tagpap med stor hældning,1.0,https://www.boligsiden.dk/adresse/bagsvaerd-hovedgade-99-11-f-2880-bagsvaerd-01590039__99_11___f,Betonelementer,Ikke oplyst,0,R305
noergaardsvej-18c-2-tv-2800-kongens-lyngby-01730626_18c__2__tv,"Nørgaardsvej 18C, 2. tv.",2800.0,Ejerlejlighed,Free Sale,04-04-2025,2535000.0,3,Kongens Lyngby,Fjernvarme/blokvarme,/adresse/noergaardsvej-18c-2-tv-2800-kongens-lyngby-01730626_18c__2__tv,56.0,Tagpap med stor hældning,2.0,https://www.boligsiden.dk/adresse/noergaardsvej-18c-2-tv-2800-kongens-lyngby-01730626_18c__2__tv,Mursten,Ikke oplyst,0,R306
noergaardsvej-18c-2-tv-2800-kongens-lyngby-01730626_18c__2__tv,"Nørgaardsvej 18C, 2. tv.",2800.0,Ejerlejlighed,Free Sale,04-02-2019,1825000.0,3,Kongens Lyngby,Fjernvarme/blokvarme,/adresse/noergaardsvej-18c-2-tv-2800-kongens-lyngby-01730626_18c__2__tv,56.0,Tagpap med stor hældning,2.0,https://www.boligsiden.dk/adresse/noergaardsvej-18c-2-tv-2800-kongens-lyngby-01730626_18c__2__tv,Mursten,Ikke oplyst,0,R307
noergaardsvej-18c-2-tv-2800-kongens-lyngby-01730626_18c__2__tv,"Nørgaardsvej 18C, 2. tv.",2800.0,Ejerlejlighed,Free Sale,12-08-2015,1575000.0,3,Kongens Lyngby,Fjernvarme/blokvarme,/adresse/noergaardsvej-18c-2-tv-2800-kongens-lyngby-01730626_18c__2__tv,56.0,Tagpap med stor hældning,2.0,https://www.boligsiden.dk/adresse/noergaardsvej-18c-2-tv-2800-kongens-lyngby-01730626_18c__2__tv,Mursten,Ikke oplyst,0,R308
maaloev-hovedgade-58d-2-tv-2760-maaloev-01510778_58d__2__tv,"Måløv Hovedgade 58D, 2. tv.",2760.0,Ejerlejlighed,Free Sale,04-04-2025,1350000.0,3,Måløv,Fjernvarme/blokvarme,/adresse/maaloev-hovedgade-58d-2-tv-2760-maaloev-01510778_58d__2__tv,53.0,Tegl,2.0,https://www.boligsiden.dk/adresse/maaloev-hovedgade-58d-2-tv-2760-maaloev-01510778_58d__2__tv,Mursten,Ikke oplyst,0,R309
maaloev-hovedgade-58d-2-tv-2760-maaloev-01510778_58d__2__tv,"Måløv Hovedgade 58D, 2. tv.",2760.0,Ejerlejlighed,Free Sale,13-01-2022,1475000.0,3,Måløv,Fjernvarme/blokvarme,/adresse/maaloev-hovedgade-58d-2-tv-2760-maaloev-01510778_58d__2__tv,53.0,Tegl,2.0,https://www.boligsiden.dk/adresse/maaloev-hovedgade-58d-2-tv-2760-maaloev-01510778_58d__2__tv,Mursten,Ikke oplyst,0,R310
maaloev-hovedgade-58d-2-tv-2760-maaloev-01510778_58d__2__tv,"Måløv Hovedgade 58D, 2. tv.",2760.0,Ejerlejlighed,Free Sale,04-04-2017,1095000.0,3,Måløv,Fjernvarme/blokvarme,/adresse/maaloev-hovedgade-58d-2-tv-2760-maaloev-01510778_58d__2__tv,53.0,Tegl,2.0,https://www.boligsiden.dk/adresse/maaloev-hovedgade-58d-2-tv-2760-maaloev-01510778_58d__2__tv,Mursten,Ikke oplyst,0,R311
oldmarken-7-2880-bagsvaerd-01590635___7_______,Oldmarken 7,2880.0,Villa,Free Sale,04-04-2025,4825000.0,1,Bagsværd,Centralvarme med én fyringsenhed,/adresse/oldmarken-7-2880-bagsvaerd-01590635___7_______,84.0,Fibercement herunder asbest,4.0,https://www.boligsiden.dk/adresse/oldmarken-7-2880-bagsvaerd-01590635___7_______,Letbetonsten,95.65,0,R312
parsbergsvej-42-2830-virum-01730643__42_______,,,Villa,Free Sale,03-04-2025,7545000.0,3,,,,,,,,,,0,R313
parsbergsvej-42-2830-virum-01730643__42_______,,,Villa,Free Sale,20-02-1998,1890000.0,3,,,,,,,,,,0,R314
parsbergsvej-42-2830-virum-01730643__42_______,,,Villa,Free Sale,06-05-1993,1235000.0,3,,,,,,,,,,0,R315
roskildevej-299a-2-tv-2610-roedovre-01750690299a__2__tv,"Roskildevej 299A, 2. tv.",2610.0,Ejerlejlighed,Free Sale,03-04-2025,2450000.0,3,Rødovre,Fjernvarme/blokvarme,/adresse/roskildevej-299a-2-tv-2610-roedovre-01750690299a__2__tv,68.0,Tagpap med stor hældning,3.0,https://www.boligsiden.dk/adresse/roskildevej-299a-2-tv-2610-roedovre-01750690299a__2__tv,Mursten,Ikke oplyst,0,R316
roskildevej-299a-2-tv-2610-roedovre-01750690299a__2__tv,"Roskildevej 299A, 2. tv.",2610.0,Ejerlejlighed,Free Sale,20-07-2004,1300000.0,3,Rødovre,Fjernvarme/blokvarme,/adresse/roskildevej-299a-2-tv-2610-roedovre-01750690299a__2__tv,68.0,Tagpap med stor hældning,3.0,https://www.boligsiden.dk/adresse/roskildevej-299a-2-tv-2610-roedovre-01750690299a__2__tv,Mursten,Ikke oplyst,0,R317
roskildevej-299a-2-tv-2610-roedovre-01750690299a__2__tv,"Roskildevej 299A, 2. tv.",2610.0,Ejerlejlighed,Free Sale,28-03-2003,1055000.0,3,Rødovre,Fjernvarme/blokvarme,/adresse/roskildevej-299a-2-tv-2610-roedovre-01750690299a__2__tv,68.0,Tagpap med stor hældning,3.0,https://www.boligsiden.dk/adresse/roskildevej-299a-2-tv-2610-roedovre-01750690299a__2__tv,Mursten,Ikke oplyst,0,R318
paradisvej-15-2650-hvidovre-01676332__15_______,Paradisvej 15,2650.0,Villa,Free Sale,03-04-2025,3885000.0,3,Hvidovre,Centralvarme med én fyringsenhed,/adresse/paradisvej-15-2650-hvidovre-01676332__15_______,110.0,Tagpap med stor hældning,4.0,https://www.boligsiden.dk/adresse/paradisvej-15-2650-hvidovre-01676332__15_______,Mursten,117.5,0,R319
paradisvej-15-2650-hvidovre-01676332__15_______,Paradisvej 15,2650.0,Villa,Free Sale,21-06-2002,1459308.0,3,Hvidovre,Centralvarme med én fyringsenhed,/adresse/paradisvej-15-2650-hvidovre-01676332__15_______,110.0,Tagpap med stor hældning,4.0,https://www.boligsiden.dk/adresse/paradisvej-15-2650-hvidovre-01676332__15_______,Mursten,117.5,0,R320
paradisvej-15-2650-hvidovre-01676332__15_______,Paradisvej 15,2650.0,Villa,Family Sale,07-02-2001,1272300.0,3,Hvidovre,Centralvarme med én fyringsenhed,/adresse/paradisvej-15-2650-hvidovre-01676332__15_______,110.0,Tagpap med stor hældning,4.0,https://www.boligsiden.dk/adresse/paradisvej-15-2650-hvidovre-01676332__15_______,Mursten,117.5,0,R321
slotsherrensvej-203-2-2-2610-roedovre-01750780_203__2___2,"Slotsherrensvej 203, 2. 2.",2610.0,Ejerlejlighed,Free Sale,03-04-2025,4695000.0,3,Rødovre,Centralvarme med én fyringsenhed,/adresse/slotsherrensvej-203-2-2-2610-roedovre-01750780_203__2___2,83.0,Tagpap med lille hældning,3.0,https://www.boligsiden.dk/adresse/slotsherrensvej-203-2-2-2610-roedovre-01750780_203__2___2,Mursten,Ikke oplyst,0,R322
slotsherrensvej-203-2-2-2610-roedovre-01750780_203__2___2,"Slotsherrensvej 203, 2. 2.",2610.0,Ejerlejlighed,Free Sale,08-08-2018,3295000.0,3,Rødovre,Centralvarme med én fyringsenhed,/adresse/slotsherrensvej-203-2-2-2610-roedovre-01750780_203__2___2,83.0,Tagpap med lille hældning,3.0,https://www.boligsiden.dk/adresse/slotsherrensvej-203-2-2-2610-roedovre-01750780_203__2___2,Mursten,Ikke oplyst,0,R323
slotsherrensvej-203-2-2-2610-roedovre-01750780_203__2___2,"Slotsherrensvej 203, 2. 2.",2610.0,Ejerlejlighed,Free Sale,09-07-2014,2195000.0,3,Rødovre,Centralvarme med én fyringsenhed,/adresse/slotsherrensvej-203-2-2-2610-roedovre-01750780_203__2___2,83.0,Tagpap med lille hældning,3.0,https://www.boligsiden.dk/adresse/slotsherrensvej-203-2-2-2610-roedovre-01750780_203__2___2,Mursten,Ikke oplyst,0,R324
plantevej-23-3-th-2870-dyssegaard-01570631__23__3__th,"Plantevej 23, 3. th.",2870.0,Ejerlejlighed,Free Sale,03-04-2025,2515000.0,3,Dyssegård,Fjernvarme/blokvarme,/adresse/plantevej-23-3-th-2870-dyssegaard-01570631__23__3__th,57.0,Tagpap med stor hældning,2.0,https://www.boligsiden.dk/adresse/plantevej-23-3-th-2870-dyssegaard-01570631__23__3__th,Mursten,Ikke oplyst,0,R325
plantevej-23-3-th-2870-dyssegaard-01570631__23__3__th,"Plantevej 23, 3. th.",2870.0,Ejerlejlighed,Free Sale,14-07-2021,900000.0,3,Dyssegård,Fjernvarme/blokvarme,/adresse/plantevej-23-3-th-2870-dyssegaard-01570631__23__3__th,57.0,Tagpap med stor hældning,2.0,https://www.boligsiden.dk/adresse/plantevej-23-3-th-2870-dyssegaard-01570631__23__3__th,Mursten,Ikke oplyst,0,R326
plantevej-23-3-th-2870-dyssegaard-01570631__23__3__th,"Plantevej 23, 3. th.",2870.0,Ejerlejlighed,Free Sale,26-06-2012,875000.0,3,Dyssegård,Fjernvarme/blokvarme,/adresse/plantevej-23-3-th-2870-dyssegaard-01570631__23__3__th,57.0,Tagpap med stor hældning,2.0,https://www.boligsiden.dk/adresse/plantevej-23-3-th-2870-dyssegaard-01570631__23__3__th,Mursten,Ikke oplyst,0,R327
ejbydalsvej-232-2600-glostrup-01610090_232_______,Ejbydalsvej 232,2600.0,Villa,Free Sale,03-04-2025,1869500.0,3,Glostrup,Centralvarme med én fyringsenhed,/adresse/ejbydalsvej-232-2600-glostrup-01610090_232_______,161.0,Betontagsten,4.0,https://www.boligsiden.dk/adresse/ejbydalsvej-232-2600-glostrup-01610090_232_______,Mursten,167.3,0,R328
ejbydalsvej-232-2600-glostrup-01610090_232_______,Ejbydalsvej 232,2600.0,Villa,Free Sale,19-08-2010,3198000.0,3,Glostrup,Centralvarme med én fyringsenhed,/adresse/ejbydalsvej-232-2600-glostrup-01610090_232_______,161.0,Betontagsten,4.0,https://www.boligsiden.dk/adresse/ejbydalsvej-232-2600-glostrup-01610090_232_______,Mursten,167.3,0,R329
ejbydalsvej-232-2600-glostrup-01610090_232_______,Ejbydalsvej 232,2600.0,Villa,Free Sale,26-05-2005,2670000.0,3,Glostrup,Centralvarme med én fyringsenhed,/adresse/ejbydalsvej-232-2600-glostrup-01610090_232_______,161.0,Betontagsten,4.0,https://www.boligsiden.dk/adresse/ejbydalsvej-232-2600-glostrup-01610090_232_______,Mursten,167.3,0,R330
oernebjergvej-12a-1-tv-2600-glostrup-01610543_12a__1__tv,"Ørnebjergvej 12A, 1. tv.",2600.0,Ejerlejlighed,Free Sale,02-04-2025,1400000.0,3,Glostrup,Centralvarme med én fyringsenhed,/adresse/oernebjergvej-12a-1-tv-2600-glostrup-01610543_12a__1__tv,53.0,Tegl,2.0,https://www.boligsiden.dk/adresse/oernebjergvej-12a-1-tv-2600-glostrup-01610543_12a__1__tv,Mursten,Ikke oplyst,0,R331
oernebjergvej-12a-1-tv-2600-glostrup-01610543_12a__1__tv,"Ørnebjergvej 12A, 1. tv.",2600.0,Ejerlejlighed,Free Sale,18-02-2013,770000.0,3,Glostrup,Centralvarme med én fyringsenhed,/adresse/oernebjergvej-12a-1-tv-2600-glostrup-01610543_12a__1__tv,53.0,Tegl,2.0,https://www.boligsiden.dk/adresse/oernebjergvej-12a-1-tv-2600-glostrup-01610543_12a__1__tv,Mursten,Ikke oplyst,0,R332
oernebjergvej-12a-1-tv-2600-glostrup-01610543_12a__1__tv,"Ørnebjergvej 12A, 1. tv.",2600.0,Ejerlejlighed,Free Sale,14-01-1999,510280.0,3,Glostrup,Centralvarme med én fyringsenhed,/adresse/oernebjergvej-12a-1-tv-2600-glostrup-01610543_12a__1__tv,53.0,Tegl,2.0,https://www.boligsiden.dk/adresse/oernebjergvej-12a-1-tv-2600-glostrup-01610543_12a__1__tv,Mursten,Ikke oplyst,0,R333
broendbyvestervej-68c-1-1-2605-broendby-01530071_68c__1___1,"Brøndbyvestervej 68C, 1. 1.",2605.0,Ejerlejlighed,Family Sale,02-04-2025,1454400.0,3,Brøndby,Fjernvarme/blokvarme,/adresse/broendbyvestervej-68c-1-1-2605-broendby-01530071_68c__1___1,85.0,Metal,3.0,https://www.boligsiden.dk/adresse/broendbyvestervej-68c-1-1-2605-broendby-01530071_68c__1___1,Mursten,Ikke oplyst,0,R334
broendbyvestervej-68c-1-1-2605-broendby-01530071_68c__1___1,"Brøndbyvestervej 68C, 1. 1.",2605.0,Ejerlejlighed,Free Sale,13-03-2003,1150000.0,3,Brøndby,Fjernvarme/blokvarme,/adresse/broendbyvestervej-68c-1-1-2605-broendby-01530071_68c__1___1,85.0,Metal,3.0,https://www.boligsiden.dk/adresse/broendbyvestervej-68c-1-1-2605-broendby-01530071_68c__1___1,Mursten,Ikke oplyst,0,R335
broendbyvestervej-68c-1-1-2605-broendby-01530071_68c__1___1,"Brøndbyvestervej 68C, 1. 1.",2605.0,Ejerlejlighed,Free Sale,12-08-1999,762406.0,3,Brøndby,Fjernvarme/blokvarme,/adresse/broendbyvestervej-68c-1-1-2605-broendby-01530071_68c__1___1,85.0,Metal,3.0,https://www.boligsiden.dk/adresse/broendbyvestervej-68c-1-1-2605-broendby-01530071_68c__1___1,Mursten,Ikke oplyst,0,R336
moelleaaparken-13-2-tv-2800-kongens-lyngby-01730601__13__2__tv,"Mølleåparken 13, 2. tv.",2800.0,Ejerlejlighed,Free Sale,02-04-2025,1550000.0,3,Kongens Lyngby,Fjernvarme/blokvarme,/adresse/moelleaaparken-13-2-tv-2800-kongens-lyngby-01730601__13__2__tv,54.0,Tagpap med stor hældning,1.0,https://www.boligsiden.dk/adresse/moelleaaparken-13-2-tv-2800-kongens-lyngby-01730601__13__2__tv,Mursten,Ikke oplyst,0,R337
moelleaaparken-13-2-tv-2800-kongens-lyngby-01730601__13__2__tv,"Mølleåparken 13, 2. tv.",2800.0,Ejerlejlighed,Free Sale,16-03-2017,1210000.0,3,Kongens Lyngby,Fjernvarme/blokvarme,/adresse/moelleaaparken-13-2-tv-2800-kongens-lyngby-01730601__13__2__tv,54.0,Tagpap med stor hældning,1.0,https://www.boligsiden.dk/adresse/moelleaaparken-13-2-tv-2800-kongens-lyngby-01730601__13__2__tv,Mursten,Ikke oplyst,0,R338
moelleaaparken-13-2-tv-2800-kongens-lyngby-01730601__13__2__tv,"Mølleåparken 13, 2. tv.",2800.0,Ejerlejlighed,Free Sale,16-10-2002,900000.0,3,Kongens Lyngby,Fjernvarme/blokvarme,/adresse/moelleaaparken-13-2-tv-2800-kongens-lyngby-01730601__13__2__tv,54.0,Tagpap med stor hældning,1.0,https://www.boligsiden.dk/adresse/moelleaaparken-13-2-tv-2800-kongens-lyngby-01730601__13__2__tv,Mursten,Ikke oplyst,0,R339
bredebovej-23-6-mf-2800-kongens-lyngby-01730092__23__6__mf,"Bredebovej 23, 6. mf.",2800.0,Ejerlejlighed,Free Sale,02-04-2025,2650000.0,3,Kongens Lyngby,Fjernvarme/blokvarme,/adresse/bredebovej-23-6-mf-2800-kongens-lyngby-01730092__23__6__mf,64.0,Tagpap med lille hældning,2.0,https://www.boligsiden.dk/adresse/bredebovej-23-6-mf-2800-kongens-lyngby-01730092__23__6__mf,Mursten,Ikke oplyst,0,R340
bredebovej-23-6-mf-2800-kongens-lyngby-01730092__23__6__mf,"Bredebovej 23, 6. mf.",2800.0,Ejerlejlighed,Free Sale,18-07-2013,1350000.0,3,Kongens Lyngby,Fjernvarme/blokvarme,/adresse/bredebovej-23-6-mf-2800-kongens-lyngby-01730092__23__6__mf,64.0,Tagpap med lille hældning,2.0,https://www.boligsiden.dk/adresse/bredebovej-23-6-mf-2800-kongens-lyngby-01730092__23__6__mf,Mursten,Ikke oplyst,0,R341
bredebovej-23-6-mf-2800-kongens-lyngby-01730092__23__6__mf,"Bredebovej 23, 6. mf.",2800.0,Ejerlejlighed,Free Sale,10-08-2012,875000.0,3,Kongens Lyngby,Fjernvarme/blokvarme,/adresse/bredebovej-23-6-mf-2800-kongens-lyngby-01730092__23__6__mf,64.0,Tagpap med lille hældning,2.0,https://www.boligsiden.dk/adresse/bredebovej-23-6-mf-2800-kongens-lyngby-01730092__23__6__mf,Mursten,Ikke oplyst,0,R342
lilliendalsvej-9-1-2-2600-glostrup-01610298___9__1___2,"Lilliendalsvej 9, 1. 2.",2600.0,Ejerlejlighed,Free Sale,02-04-2025,1435000.0,3,Glostrup,Fjernvarme/blokvarme,/adresse/lilliendalsvej-9-1-2-2600-glostrup-01610298___9__1___2,39.0,Fibercement herunder asbest,2.0,https://www.boligsiden.dk/adresse/lilliendalsvej-9-1-2-2600-glostrup-01610298___9__1___2,Mursten,Ikke oplyst,0,R343
lilliendalsvej-9-1-2-2600-glostrup-01610298___9__1___2,"Lilliendalsvej 9, 1. 2.",2600.0,Ejerlejlighed,Free Sale,16-04-2019,900000.0,3,Glostrup,Fjernvarme/blokvarme,/adresse/lilliendalsvej-9-1-2-2600-glostrup-01610298___9__1___2,39.0,Fibercement herunder asbest,2.0,https://www.boligsiden.dk/adresse/lilliendalsvej-9-1-2-2600-glostrup-01610298___9__1___2,Mursten,Ikke oplyst,0,R344
lilliendalsvej-9-1-2-2600-glostrup-01610298___9__1___2,"Lilliendalsvej 9, 1. 2.",2600.0,Ejerlejlighed,Free Sale,01-10-2002,620000.0,3,Glostrup,Fjernvarme/blokvarme,/adresse/lilliendalsvej-9-1-2-2600-glostrup-01610298___9__1___2,39.0,Fibercement herunder asbest,2.0,https://www.boligsiden.dk/adresse/lilliendalsvej-9-1-2-2600-glostrup-01610298___9__1___2,Mursten,Ikke oplyst,0,R345
vejledalen-394-2635-ishoej-01830854_394_______,Vejledalen 394,2635.0,Rækkehus,Free Sale,01-04-2025,2300000.0,3,Ishøj,Fjernvarme/blokvarme,/adresse/vejledalen-394-2635-ishoej-01830854_394_______,64.0,Betontagsten,3.0,https://www.boligsiden.dk/adresse/vejledalen-394-2635-ishoej-01830854_394_______,Træ,64,0,R346
vejledalen-394-2635-ishoej-01830854_394_______,Vejledalen 394,2635.0,Rækkehus,Free Sale,29-07-2021,1875000.0,3,Ishøj,Fjernvarme/blokvarme,/adresse/vejledalen-394-2635-ishoej-01830854_394_______,64.0,Betontagsten,3.0,https://www.boligsiden.dk/adresse/vejledalen-394-2635-ishoej-01830854_394_______,Træ,64,0,R347
vejledalen-394-2635-ishoej-01830854_394_______,Vejledalen 394,2635.0,Rækkehus,Free Sale,20-10-2003,1187276.0,3,Ishøj,Fjernvarme/blokvarme,/adresse/vejledalen-394-2635-ishoej-01830854_394_______,64.0,Betontagsten,3.0,https://www.boligsiden.dk/adresse/vejledalen-394-2635-ishoej-01830854_394_______,Træ,64,0,R348
evas-alle-3-0-tv-2600-glostrup-01610144___3_st__tv,"Evas Alle 3, st. tv.",2600.0,Ejerlejlighed,Free Sale,01-04-2025,2200000.0,3,Glostrup,Centralvarme med én fyringsenhed,/adresse/evas-alle-3-0-tv-2600-glostrup-01610144___3_st__tv,69.0,Fibercement herunder asbest,3.0,https://www.boligsiden.dk/adresse/evas-alle-3-0-tv-2600-glostrup-01610144___3_st__tv,Mursten,Ikke oplyst,0,R349
evas-alle-3-0-tv-2600-glostrup-01610144___3_st__tv,"Evas Alle 3, st. tv.",2600.0,Ejerlejlighed,Free Sale,30-12-2019,1875000.0,3,Glostrup,Centralvarme med én fyringsenhed,/adresse/evas-alle-3-0-tv-2600-glostrup-01610144___3_st__tv,69.0,Fibercement herunder asbest,3.0,https://www.boligsiden.dk/adresse/evas-alle-3-0-tv-2600-glostrup-01610144___3_st__tv,Mursten,Ikke oplyst,0,R350
evas-alle-3-0-tv-2600-glostrup-01610144___3_st__tv,"Evas Alle 3, st. tv.",2600.0,Ejerlejlighed,Free Sale,07-06-2013,1180000.0,3,Glostrup,Centralvarme med én fyringsenhed,/adresse/evas-alle-3-0-tv-2600-glostrup-01610144___3_st__tv,69.0,Fibercement herunder asbest,3.0,https://www.boligsiden.dk/adresse/evas-alle-3-0-tv-2600-glostrup-01610144___3_st__tv,Mursten,Ikke oplyst,0,R351
moelleaaparken-57-1-c-2800-kongens-lyngby-01730601__57__1___c,"Mølleåparken 57, 1. c.",2800.0,Ejerlejlighed,Free Sale,01-04-2025,2160000.0,2,Kongens Lyngby,Fjernvarme/blokvarme,/adresse/moelleaaparken-57-1-c-2800-kongens-lyngby-01730601__57__1___c,61.0,Tagpap med lille hældning,2.0,https://www.boligsiden.dk/adresse/moelleaaparken-57-1-c-2800-kongens-lyngby-01730601__57__1___c,Betonelementer,Ikke oplyst,0,R352
moelleaaparken-57-1-c-2800-kongens-lyngby-01730601__57__1___c,"Mølleåparken 57, 1. c.",2800.0,Ejerlejlighed,Free Sale,14-10-2019,1700000.0,2,Kongens Lyngby,Fjernvarme/blokvarme,/adresse/moelleaaparken-57-1-c-2800-kongens-lyngby-01730601__57__1___c,61.0,Tagpap med lille hældning,2.0,https://www.boligsiden.dk/adresse/moelleaaparken-57-1-c-2800-kongens-lyngby-01730601__57__1___c,Betonelementer,Ikke oplyst,0,R353
elmehusene-43-2600-glostrup-01650087__43_______,Elmehusene 43,2600.0,Rækkehus,Free Sale,01-04-2025,2750000.0,3,Glostrup,Fjernvarme/blokvarme,/adresse/elmehusene-43-2600-glostrup-01650087__43_______,100.0,Fibercement herunder asbest,4.0,https://www.boligsiden.dk/adresse/elmehusene-43-2600-glostrup-01650087__43_______,Betonelementer,103,0,R354
elmehusene-43-2600-glostrup-01650087__43_______,Elmehusene 43,2600.0,Rækkehus,Free Sale,07-05-2010,1560000.0,3,Glostrup,Fjernvarme/blokvarme,/adresse/elmehusene-43-2600-glostrup-01650087__43_______,100.0,Fibercement herunder asbest,4.0,https://www.boligsiden.dk/adresse/elmehusene-43-2600-glostrup-01650087__43_______,Betonelementer,103,0,R355
elmehusene-43-2600-glostrup-01650087__43_______,Elmehusene 43,2600.0,Rækkehus,Free Sale,24-08-1993,510000.0,3,Glostrup,Fjernvarme/blokvarme,/adresse/elmehusene-43-2600-glostrup-01650087__43_______,100.0,Fibercement herunder asbest,4.0,https://www.boligsiden.dk/adresse/elmehusene-43-2600-glostrup-01650087__43_______,Betonelementer,103,0,R356
strandvejen-717-2-2930-klampenborg-01730945_717__2____,,,Ejerlejlighed,Family Sale,01-04-2025,4593750.0,3,,,,,,,,,,0,R357
strandvejen-717-2-2930-klampenborg-01730945_717__2____,,,Ejerlejlighed,Free Sale,10-02-2015,4275000.0,3,,,,,,,,,,0,R358
strandvejen-717-2-2930-klampenborg-01730945_717__2____,,,Ejerlejlighed,Free Sale,05-03-2008,3450000.0,3,,,,,,,,,,0,R359
hjortespringvej-37-2730-herlev-01633299__37_______,Hjortespringvej 37,2730.0,Villa,Free Sale,01-04-2025,5400000.0,3,Herlev,Varmepumpe,/adresse/hjortespringvej-37-2730-herlev-01633299__37_______,168.0,Tegl,5.0,https://www.boligsiden.dk/adresse/hjortespringvej-37-2730-herlev-01633299__37_______,Mursten,219.75,0,R360
hjortespringvej-37-2730-herlev-01633299__37_______,Hjortespringvej 37,2730.0,Villa,Free Sale,02-09-2021,5400000.0,3,Herlev,Varmepumpe,/adresse/hjortespringvej-37-2730-herlev-01633299__37_______,168.0,Tegl,5.0,https://www.boligsiden.dk/adresse/hjortespringvej-37-2730-herlev-01633299__37_______,Mursten,219.75,0,R361
hjortespringvej-37-2730-herlev-01633299__37_______,Hjortespringvej 37,2730.0,Villa,Free Sale,27-07-2015,3150000.0,3,Herlev,Varmepumpe,/adresse/hjortespringvej-37-2730-herlev-01633299__37_______,168.0,Tegl,5.0,https://www.boligsiden.dk/adresse/hjortespringvej-37-2730-herlev-01633299__37_______,Mursten,219.75,0,R362
graensevej-15-2650-hvidovre-01673046__15_______,Grænsevej 15,2650.0,Villa,Free Sale,01-04-2025,3780000.0,3,Hvidovre,Centralvarme med én fyringsenhed,/adresse/graensevej-15-2650-hvidovre-01673046__15_______,67.0,Tagpap med stor hældning,2.0,https://www.boligsiden.dk/adresse/graensevej-15-2650-hvidovre-01673046__15_______,Mursten,97.85,0,R363
graensevej-15-2650-hvidovre-01673046__15_______,Grænsevej 15,2650.0,Villa,Free Sale,13-07-2022,3900000.0,3,Hvidovre,Centralvarme med én fyringsenhed,/adresse/graensevej-15-2650-hvidovre-01673046__15_______,67.0,Tagpap med stor hældning,2.0,https://www.boligsiden.dk/adresse/graensevej-15-2650-hvidovre-01673046__15_______,Mursten,97.85,0,R364
graensevej-15-2650-hvidovre-01673046__15_______,Grænsevej 15,2650.0,Villa,Free Sale,27-06-2018,2500000.0,3,Hvidovre,Centralvarme med én fyringsenhed,/adresse/graensevej-15-2650-hvidovre-01673046__15_______,67.0,Tagpap med stor hældning,2.0,https://www.boligsiden.dk/adresse/graensevej-15-2650-hvidovre-01673046__15_______,Mursten,97.85,0,R365
groennevej-15-2630-taastrup-01692355__15_______,Grønnevej 15,2630.0,Rækkehus,Free Sale,01-04-2025,2150000.0,1,Taastrup,Elvarme,/adresse/groennevej-15-2630-taastrup-01692355__15_______,103.0,Fibercement herunder asbest,4.0,https://www.boligsiden.dk/adresse/groennevej-15-2630-taastrup-01692355__15_______,Mursten,102.05,0,R366
hyldegaardsvej-10-2-4-2920-charlottenlund-01570377__10__2___4,"Hyldegårdsvej 10, 2. 4.",2920.0,Ejerlejlighed,Free Sale,01-04-2025,2520000.0,3,Charlottenlund,Fjernvarme/blokvarme,/adresse/hyldegaardsvej-10-2-4-2920-charlottenlund-01570377__10__2___4,58.0,Fibercement herunder asbest,2.0,https://www.boligsiden.dk/adresse/hyldegaardsvej-10-2-4-2920-charlottenlund-01570377__10__2___4,Mursten,Ikke oplyst,0,R367
hyldegaardsvej-10-2-4-2920-charlottenlund-01570377__10__2___4,"Hyldegårdsvej 10, 2. 4.",2920.0,Ejerlejlighed,Free Sale,02-04-2020,2300000.0,3,Charlottenlund,Fjernvarme/blokvarme,/adresse/hyldegaardsvej-10-2-4-2920-charlottenlund-01570377__10__2___4,58.0,Fibercement herunder asbest,2.0,https://www.boligsiden.dk/adresse/hyldegaardsvej-10-2-4-2920-charlottenlund-01570377__10__2___4,Mursten,Ikke oplyst,0,R368
hyldegaardsvej-10-2-4-2920-charlottenlund-01570377__10__2___4,"Hyldegårdsvej 10, 2. 4.",2920.0,Ejerlejlighed,Free Sale,20-03-2015,1490000.0,3,Charlottenlund,Fjernvarme/blokvarme,/adresse/hyldegaardsvej-10-2-4-2920-charlottenlund-01570377__10__2___4,58.0,Fibercement herunder asbest,2.0,https://www.boligsiden.dk/adresse/hyldegaardsvej-10-2-4-2920-charlottenlund-01570377__10__2___4,Mursten,Ikke oplyst,0,R369
batterivej-29-2860-soeborg-01590055__29_______,Batterivej 29,2860.0,Rækkehus,Free Sale,31-03-2025,3650000.0,3,Søborg,Centralvarme med én fyringsenhed,/adresse/batterivej-29-2860-soeborg-01590055__29_______,98.0,Fibercement herunder asbest,4.0,https://www.boligsiden.dk/adresse/batterivej-29-2860-soeborg-01590055__29_______,Mursten,100.5,0,R370
batterivej-29-2860-soeborg-01590055__29_______,Batterivej 29,2860.0,Rækkehus,Free Sale,26-07-2023,1597500.0,3,Søborg,Centralvarme med én fyringsenhed,/adresse/batterivej-29-2860-soeborg-01590055__29_______,98.0,Fibercement herunder asbest,4.0,https://www.boligsiden.dk/adresse/batterivej-29-2860-soeborg-01590055__29_______,Mursten,100.5,0,R371
batterivej-29-2860-soeborg-01590055__29_______,Batterivej 29,2860.0,Rækkehus,Free Sale,05-05-2017,2250000.0,3,Søborg,Centralvarme med én fyringsenhed,/adresse/batterivej-29-2860-soeborg-01590055__29_______,98.0,Fibercement herunder asbest,4.0,https://www.boligsiden.dk/adresse/batterivej-29-2860-soeborg-01590055__29_______,Mursten,100.5,0,R372
zicavej-12-2930-klampenborg-01570967__12_______,,,Villa,Free Sale,31-03-2025,19300000.0,3,,,,,,,,,,0,R373
zicavej-12-2930-klampenborg-01570967__12_______,,,Villa,Free Sale,27-04-2012,9400000.0,3,,,,,,,,,,0,R374
zicavej-12-2930-klampenborg-01570967__12_______,,,Villa,Free Sale,11-12-1996,2615000.0,3,,,,,,,,,,0,R375
hovedvejen-23-2600-glostrup-01610213__23_______,Hovedvejen 23,2600.0,Villa,Free Sale,31-03-2025,3450000.0,1,Glostrup,Centralvarme med én fyringsenhed,/adresse/hovedvejen-23-2600-glostrup-01610213__23_______,134.0,Betontagsten,5.0,https://www.boligsiden.dk/adresse/hovedvejen-23-2600-glostrup-01610213__23_______,Mursten,167.5,0,R376
boegevej-10-2600-glostrup-01610049__10_______,Bøgevej 10,2600.0,Villa,Other,31-03-2025,1555000.0,3,Glostrup,Centralvarme med én fyringsenhed,/adresse/boegevej-10-2600-glostrup-01610049__10_______,94.0,Tegl,3.0,https://www.boligsiden.dk/adresse/boegevej-10-2600-glostrup-01610049__10_______,Mursten,119.85,0,R377
boegevej-10-2600-glostrup-01610049__10_______,Bøgevej 10,2600.0,Villa,Other,14-02-2024,1380500.0,3,Glostrup,Centralvarme med én fyringsenhed,/adresse/boegevej-10-2600-glostrup-01610049__10_______,94.0,Tegl,3.0,https://www.boligsiden.dk/adresse/boegevej-10-2600-glostrup-01610049__10_______,Mursten,119.85,0,R378
boegevej-10-2600-glostrup-01610049__10_______,Bøgevej 10,2600.0,Villa,Free Sale,07-07-2019,2650000.0,3,Glostrup,Centralvarme med én fyringsenhed,/adresse/boegevej-10-2600-glostrup-01610049__10_______,94.0,Tegl,3.0,https://www.boligsiden.dk/adresse/boegevej-10-2600-glostrup-01610049__10_______,Mursten,119.85,0,R379
onsbjerg-alle-21-2860-soeborg-01590637__21_______,Onsbjerg Alle 21,2860.0,Villa,Family Sale,31-03-2025,1759022.0,1,Søborg,Fjernvarme/blokvarme,/adresse/onsbjerg-alle-21-2860-soeborg-01590637__21_______,96.0,Tagpap med stor hældning,3.0,https://www.boligsiden.dk/adresse/onsbjerg-alle-21-2860-soeborg-01590637__21_______,Mursten,98.5,0,R380
roennevangshusene-55-1-th-2630-taastrup-01696605__55__1__th,"Rønnevangshusene 55, 1. th.",2630.0,Ejerlejlighed,Free Sale,31-03-2025,2100000.0,3,Taastrup,Fjernvarme/blokvarme,/adresse/roennevangshusene-55-1-th-2630-taastrup-01696605__55__1__th,96.0,Betontagsten,4.0,https://www.boligsiden.dk/adresse/roennevangshusene-55-1-th-2630-taastrup-01696605__55__1__th,Mursten,Ikke oplyst,0,R381
roennevangshusene-55-1-th-2630-taastrup-01696605__55__1__th,"Rønnevangshusene 55, 1. th.",2630.0,Ejerlejlighed,Free Sale,09-04-2021,1425000.0,3,Taastrup,Fjernvarme/blokvarme,/adresse/roennevangshusene-55-1-th-2630-taastrup-01696605__55__1__th,96.0,Betontagsten,4.0,https://www.boligsiden.dk/adresse/roennevangshusene-55-1-th-2630-taastrup-01696605__55__1__th,Mursten,Ikke oplyst,0,R382
roennevangshusene-55-1-th-2630-taastrup-01696605__55__1__th,"Rønnevangshusene 55, 1. th.",2630.0,Ejerlejlighed,Free Sale,07-03-2021,1425000.0,3,Taastrup,Fjernvarme/blokvarme,/adresse/roennevangshusene-55-1-th-2630-taastrup-01696605__55__1__th,96.0,Betontagsten,4.0,https://www.boligsiden.dk/adresse/roennevangshusene-55-1-th-2630-taastrup-01696605__55__1__th,Mursten,Ikke oplyst,0,R383
taarnvej-151b-2-2610-roedovre-01750897151b__2____,"Tårnvej 151B, 2.",2610.0,Ejerlejlighed,Free Sale,31-03-2025,2000000.0,3,Rødovre,Fjernvarme/blokvarme,/adresse/taarnvej-151b-2-2610-roedovre-01750897151b__2____,72.0,Tagpap med stor hældning,3.0,https://www.boligsiden.dk/adresse/taarnvej-151b-2-2610-roedovre-01750897151b__2____,Mursten,Ikke oplyst,0,R384
taarnvej-151b-2-2610-roedovre-01750897151b__2____,"Tårnvej 151B, 2.",2610.0,Ejerlejlighed,Free Sale,26-03-2017,1720000.0,3,Rødovre,Fjernvarme/blokvarme,/adresse/taarnvej-151b-2-2610-roedovre-01750897151b__2____,72.0,Tagpap med stor hældning,3.0,https://www.boligsiden.dk/adresse/taarnvej-151b-2-2610-roedovre-01750897151b__2____,Mursten,Ikke oplyst,0,R385
taarnvej-151b-2-2610-roedovre-01750897151b__2____,"Tårnvej 151B, 2.",2610.0,Ejerlejlighed,Free Sale,11-04-2008,1250000.0,3,Rødovre,Fjernvarme/blokvarme,/adresse/taarnvej-151b-2-2610-roedovre-01750897151b__2____,72.0,Tagpap med stor hældning,3.0,https://www.boligsiden.dk/adresse/taarnvej-151b-2-2610-roedovre-01750897151b__2____,Mursten,Ikke oplyst,0,R386
vesttoftevej-16-2605-broendby-01530786__16_______,Vesttoftevej 16,2605.0,Villa,Free Sale,31-03-2025,3900000.0,3,Brøndby,Fjernvarme/blokvarme,/adresse/vesttoftevej-16-2605-broendby-01530786__16_______,103.0,Tegl,5.0,https://www.boligsiden.dk/adresse/vesttoftevej-16-2605-broendby-01530786__16_______,Letbetonsten,108.15,0,R387
vesttoftevej-16-2605-broendby-01530786__16_______,Vesttoftevej 16,2605.0,Villa,Free Sale,04-09-2019,3250000.0,3,Brøndby,Fjernvarme/blokvarme,/adresse/vesttoftevej-16-2605-broendby-01530786__16_______,103.0,Tegl,5.0,https://www.boligsiden.dk/adresse/vesttoftevej-16-2605-broendby-01530786__16_______,Letbetonsten,108.15,0,R388
vesttoftevej-16-2605-broendby-01530786__16_______,Vesttoftevej 16,2605.0,Villa,Free Sale,17-09-2006,3050000.0,3,Brøndby,Fjernvarme/blokvarme,/adresse/vesttoftevej-16-2605-broendby-01530786__16_______,103.0,Tegl,5.0,https://www.boligsiden.dk/adresse/vesttoftevej-16-2605-broendby-01530786__16_______,Letbetonsten,108.15,0,R389
haslevgade-14-0-th-2630-taastrup-01692535__14_st__th,"Haslevgade 14, st. th.",2630.0,Ejerlejlighed,Free Sale,31-03-2025,2100000.0,3,Taastrup,Fjernvarme/blokvarme,/adresse/haslevgade-14-0-th-2630-taastrup-01692535__14_st__th,79.0,Betontagsten,3.0,https://www.boligsiden.dk/adresse/haslevgade-14-0-th-2630-taastrup-01692535__14_st__th,Mursten,Ikke oplyst,0,R390
haslevgade-14-0-th-2630-taastrup-01692535__14_st__th,"Haslevgade 14, st. th.",2630.0,Ejerlejlighed,Free Sale,04-02-2020,2000000.0,3,Taastrup,Fjernvarme/blokvarme,/adresse/haslevgade-14-0-th-2630-taastrup-01692535__14_st__th,79.0,Betontagsten,3.0,https://www.boligsiden.dk/adresse/haslevgade-14-0-th-2630-taastrup-01692535__14_st__th,Mursten,Ikke oplyst,0,R391
haslevgade-14-0-th-2630-taastrup-01692535__14_st__th,"Haslevgade 14, st. th.",2630.0,Ejerlejlighed,Free Sale,20-03-2014,1260000.0,3,Taastrup,Fjernvarme/blokvarme,/adresse/haslevgade-14-0-th-2630-taastrup-01692535__14_st__th,79.0,Betontagsten,3.0,https://www.boligsiden.dk/adresse/haslevgade-14-0-th-2630-taastrup-01692535__14_st__th,Mursten,Ikke oplyst,0,R392
tommerupgade-29-3-mf-2630-taastrup-01690038__29__3__mf,,,Ejerlejlighed,Free Sale,31-03-2025,2850000.0,2,,,,,,,,,,0,R393
tommerupgade-29-3-mf-2630-taastrup-01690038__29__3__mf,,,Ejerlejlighed,Free Sale,10-07-2023,2395000.0,2,,,,,,,,,,0,R394
vejlebrovej-118-2-mf-2635-ishoej-01830850_118__2__mf,"Vejlebrovej 118, 2. mf.",2635.0,Ejerlejlighed,Free Sale,31-03-2025,900000.0,3,Ishøj,Fjernvarme/blokvarme,/adresse/vejlebrovej-118-2-mf-2635-ishoej-01830850_118__2__mf,35.0,Tagpap med lille hældning,1.0,https://www.boligsiden.dk/adresse/vejlebrovej-118-2-mf-2635-ishoej-01830850_118__2__mf,Betonelementer,Ikke oplyst,0,R395
vejlebrovej-118-2-mf-2635-ishoej-01830850_118__2__mf,"Vejlebrovej 118, 2. mf.",2635.0,Ejerlejlighed,Free Sale,04-10-2017,600000.0,3,Ishøj,Fjernvarme/blokvarme,/adresse/vejlebrovej-118-2-mf-2635-ishoej-01830850_118__2__mf,35.0,Tagpap med lille hældning,1.0,https://www.boligsiden.dk/adresse/vejlebrovej-118-2-mf-2635-ishoej-01830850_118__2__mf,Betonelementer,Ikke oplyst,0,R396
soevangs-alle-2-2635-ishoej-01830700___2_______,Søvangs Alle 2,2635.0,Villa,Free Sale,31-03-2025,2775000.0,2,Ishøj,Centralvarme med én fyringsenhed,/adresse/soevangs-alle-2-2635-ishoej-01830700___2_______,120.0,Fibercement herunder asbest,5.0,https://www.boligsiden.dk/adresse/soevangs-alle-2-2635-ishoej-01830700___2_______,Letbetonsten,130.5,0,R397
soevangs-alle-2-2635-ishoej-01830700___2_______,Søvangs Alle 2,2635.0,Villa,Free Sale,18-08-1993,683360.0,2,Ishøj,Centralvarme med én fyringsenhed,/adresse/soevangs-alle-2-2635-ishoej-01830700___2_______,120.0,Fibercement herunder asbest,5.0,https://www.boligsiden.dk/adresse/soevangs-alle-2-2635-ishoej-01830700___2_______,Letbetonsten,130.5,0,R398
hedekaeret-5-2-th-2640-hedehusene-01692652___5__2__th,"Hedekæret 5, 2. th.",2640.0,Ejerlejlighed,Free Sale,31-03-2025,1825000.0,3,Hedehusene,Fjernvarme/blokvarme,/adresse/hedekaeret-5-2-th-2640-hedehusene-01692652___5__2__th,70.0,Fibercement herunder asbest,3.0,https://www.boligsiden.dk/adresse/hedekaeret-5-2-th-2640-hedehusene-01692652___5__2__th,Mursten,Ikke oplyst,0,R399
hedekaeret-5-2-th-2640-hedehusene-01692652___5__2__th,"Hedekæret 5, 2. th.",2640.0,Ejerlejlighed,Free Sale,10-08-2011,845000.0,3,Hedehusene,Fjernvarme/blokvarme,/adresse/hedekaeret-5-2-th-2640-hedehusene-01692652___5__2__th,70.0,Fibercement herunder asbest,3.0,https://www.boligsiden.dk/adresse/hedekaeret-5-2-th-2640-hedehusene-01692652___5__2__th,Mursten,Ikke oplyst,0,R400
hedekaeret-5-2-th-2640-hedehusene-01692652___5__2__th,"Hedekæret 5, 2. th.",2640.0,Ejerlejlighed,Free Sale,18-02-2005,930000.0,3,Hedehusene,Fjernvarme/blokvarme,/adresse/hedekaeret-5-2-th-2640-hedehusene-01692652___5__2__th,70.0,Fibercement herunder asbest,3.0,https://www.boligsiden.dk/adresse/hedekaeret-5-2-th-2640-hedehusene-01692652___5__2__th,Mursten,Ikke oplyst,0,R401
taarnvej-93b-3-77-2610-roedovre-01750897_93b__3__77,"Tårnvej 93B, 3. 77.",2610.0,Ejerlejlighed,Family Sale,31-03-2025,1300000.0,3,Rødovre,Fjernvarme/blokvarme,/adresse/taarnvej-93b-3-77-2610-roedovre-01750897_93b__3__77,83.0,Tagpap med stor hældning,4.0,https://www.boligsiden.dk/adresse/taarnvej-93b-3-77-2610-roedovre-01750897_93b__3__77,Betonelementer,Ikke oplyst,0,R402
taarnvej-93b-3-77-2610-roedovre-01750897_93b__3__77,"Tårnvej 93B, 3. 77.",2610.0,Ejerlejlighed,Free Sale,20-04-2023,2500000.0,3,Rødovre,Fjernvarme/blokvarme,/adresse/taarnvej-93b-3-77-2610-roedovre-01750897_93b__3__77,83.0,Tagpap med stor hældning,4.0,https://www.boligsiden.dk/adresse/taarnvej-93b-3-77-2610-roedovre-01750897_93b__3__77,Betonelementer,Ikke oplyst,0,R403
taarnvej-93b-3-77-2610-roedovre-01750897_93b__3__77,"Tårnvej 93B, 3. 77.",2610.0,Ejerlejlighed,Free Sale,15-08-2000,815000.0,3,Rødovre,Fjernvarme/blokvarme,/adresse/taarnvej-93b-3-77-2610-roedovre-01750897_93b__3__77,83.0,Tagpap med stor hældning,4.0,https://www.boligsiden.dk/adresse/taarnvej-93b-3-77-2610-roedovre-01750897_93b__3__77,Betonelementer,Ikke oplyst,0,R404
islevbrovej-34-2610-roedovre-01750391__34_______,Islevbrovej 34,2610.0,Rækkehus,Other,31-03-2025,800000.0,3,Rødovre,Centralvarme med én fyringsenhed,/adresse/islevbrovej-34-2610-roedovre-01750391__34_______,171.0,Tegl,6.0,https://www.boligsiden.dk/adresse/islevbrovej-34-2610-roedovre-01750391__34_______,Mursten,172,0,R405
islevbrovej-34-2610-roedovre-01750391__34_______,Islevbrovej 34,2610.0,Rækkehus,Free Sale,04-01-2016,2800000.0,3,Rødovre,Centralvarme med én fyringsenhed,/adresse/islevbrovej-34-2610-roedovre-01750391__34_______,171.0,Tegl,6.0,https://www.boligsiden.dk/adresse/islevbrovej-34-2610-roedovre-01750391__34_______,Mursten,172,0,R406
islevbrovej-34-2610-roedovre-01750391__34_______,Islevbrovej 34,2610.0,Rækkehus,Free Sale,30-12-2010,3150000.0,3,Rødovre,Centralvarme med én fyringsenhed,/adresse/islevbrovej-34-2610-roedovre-01750391__34_______,171.0,Tegl,6.0,https://www.boligsiden.dk/adresse/islevbrovej-34-2610-roedovre-01750391__34_______,Mursten,172,0,R407
hvidovre-strandvej-3-2650-hvidovre-01673853___3_______,Hvidovre Strandvej 3,2650.0,Villa,Free Sale,31-03-2025,3750000.0,3,Hvidovre,Centralvarme med to fyringsenheder,/adresse/hvidovre-strandvej-3-2650-hvidovre-01673853___3_______,184.0,Fibercement herunder asbest,5.0,https://www.boligsiden.dk/adresse/hvidovre-strandvej-3-2650-hvidovre-01673853___3_______,Mursten,190.5,0,R408
hvidovre-strandvej-3-2650-hvidovre-01673853___3_______,Hvidovre Strandvej 3,2650.0,Villa,Family Sale,30-12-2024,3750000.0,3,Hvidovre,Centralvarme med to fyringsenheder,/adresse/hvidovre-strandvej-3-2650-hvidovre-01673853___3_______,184.0,Fibercement herunder asbest,5.0,https://www.boligsiden.dk/adresse/hvidovre-strandvej-3-2650-hvidovre-01673853___3_______,Mursten,190.5,0,R409
hvidovre-strandvej-3-2650-hvidovre-01673853___3_______,Hvidovre Strandvej 3,2650.0,Villa,Free Sale,24-04-1996,1567200.0,3,Hvidovre,Centralvarme med to fyringsenheder,/adresse/hvidovre-strandvej-3-2650-hvidovre-01673853___3_______,184.0,Fibercement herunder asbest,5.0,https://www.boligsiden.dk/adresse/hvidovre-strandvej-3-2650-hvidovre-01673853___3_______,Mursten,190.5,0,R410
pilegaardsvej-54-0-1-2860-soeborg-01590651__54_st___1,"Pilegårdsvej 54, st. 1.",2860.0,Ejerlejlighed,Free Sale,31-03-2025,1100000.0,3,Søborg,Fjernvarme/blokvarme,/adresse/pilegaardsvej-54-0-1-2860-soeborg-01590651__54_st___1,39.0,Fibercement herunder asbest,1.0,https://www.boligsiden.dk/adresse/pilegaardsvej-54-0-1-2860-soeborg-01590651__54_st___1,Mursten,Ikke oplyst,0,R411
pilegaardsvej-54-0-1-2860-soeborg-01590651__54_st___1,"Pilegårdsvej 54, st. 1.",2860.0,Ejerlejlighed,Free Sale,13-07-2014,495000.0,3,Søborg,Fjernvarme/blokvarme,/adresse/pilegaardsvej-54-0-1-2860-soeborg-01590651__54_st___1,39.0,Fibercement herunder asbest,1.0,https://www.boligsiden.dk/adresse/pilegaardsvej-54-0-1-2860-soeborg-01590651__54_st___1,Mursten,Ikke oplyst,0,R412
pilegaardsvej-54-0-1-2860-soeborg-01590651__54_st___1,"Pilegårdsvej 54, st. 1.",2860.0,Ejerlejlighed,Free Sale,10-08-1996,143000.0,3,Søborg,Fjernvarme/blokvarme,/adresse/pilegaardsvej-54-0-1-2860-soeborg-01590651__54_st___1,39.0,Fibercement herunder asbest,1.0,https://www.boligsiden.dk/adresse/pilegaardsvej-54-0-1-2860-soeborg-01590651__54_st___1,Mursten,Ikke oplyst,0,R413
skiftevej-9-2820-gentofte-01570702___9_______,Skiftevej 9,2820.0,Villa,Family Sale,31-03-2025,1397500.0,3,Gentofte,Fjernvarme/blokvarme,/adresse/skiftevej-9-2820-gentofte-01570702___9_______,165.0,Tegl,3.0,https://www.boligsiden.dk/adresse/skiftevej-9-2820-gentofte-01570702___9_______,Mursten,160.5,0,R414
skiftevej-9-2820-gentofte-01570702___9_______,Skiftevej 9,2820.0,Villa,Free Sale,21-04-2010,4300000.0,3,Gentofte,Fjernvarme/blokvarme,/adresse/skiftevej-9-2820-gentofte-01570702___9_______,165.0,Tegl,3.0,https://www.boligsiden.dk/adresse/skiftevej-9-2820-gentofte-01570702___9_______,Mursten,160.5,0,R415
skiftevej-9-2820-gentofte-01570702___9_______,Skiftevej 9,2820.0,Villa,Free Sale,11-11-1998,1717720.0,3,Gentofte,Fjernvarme/blokvarme,/adresse/skiftevej-9-2820-gentofte-01570702___9_______,165.0,Tegl,3.0,https://www.boligsiden.dk/adresse/skiftevej-9-2820-gentofte-01570702___9_______,Mursten,160.5,0,R416
elverhoejen-1d-2-tv-2730-herlev-01631477__1d__2__tv,"Elverhøjen 1D, 2. tv.",2730.0,Ejerlejlighed,Free Sale,31-03-2025,1700000.0,2,Herlev,Fjernvarme/blokvarme,/adresse/elverhoejen-1d-2-tv-2730-herlev-01631477__1d__2__tv,56.0,Tegl,2.0,https://www.boligsiden.dk/adresse/elverhoejen-1d-2-tv-2730-herlev-01631477__1d__2__tv,Mursten,Ikke oplyst,0,R417
elverhoejen-1d-2-tv-2730-herlev-01631477__1d__2__tv,"Elverhøjen 1D, 2. tv.",2730.0,Ejerlejlighed,Free Sale,11-05-2017,1300000.0,2,Herlev,Fjernvarme/blokvarme,/adresse/elverhoejen-1d-2-tv-2730-herlev-01631477__1d__2__tv,56.0,Tegl,2.0,https://www.boligsiden.dk/adresse/elverhoejen-1d-2-tv-2730-herlev-01631477__1d__2__tv,Mursten,Ikke oplyst,0,R418
vadstrupvej-5a-2-2-2880-bagsvaerd-01590934__5a__2___2,"Vadstrupvej 5A, 2. 2.",2880.0,Ejerlejlighed,Family Sale,31-03-2025,1250000.0,3,Bagsværd,Fjernvarme/blokvarme,/adresse/vadstrupvej-5a-2-2-2880-bagsvaerd-01590934__5a__2___2,60.0,Tagpap med stor hældning,2.0,https://www.boligsiden.dk/adresse/vadstrupvej-5a-2-2-2880-bagsvaerd-01590934__5a__2___2,Mursten,Ikke oplyst,0,R419
vadstrupvej-5a-2-2-2880-bagsvaerd-01590934__5a__2___2,"Vadstrupvej 5A, 2. 2.",2880.0,Ejerlejlighed,Free Sale,02-04-2014,1440000.0,3,Bagsværd,Fjernvarme/blokvarme,/adresse/vadstrupvej-5a-2-2-2880-bagsvaerd-01590934__5a__2___2,60.0,Tagpap med stor hældning,2.0,https://www.boligsiden.dk/adresse/vadstrupvej-5a-2-2-2880-bagsvaerd-01590934__5a__2___2,Mursten,Ikke oplyst,0,R420
vadstrupvej-5a-2-2-2880-bagsvaerd-01590934__5a__2___2,"Vadstrupvej 5A, 2. 2.",2880.0,Ejerlejlighed,Free Sale,08-06-2010,1500000.0,3,Bagsværd,Fjernvarme/blokvarme,/adresse/vadstrupvej-5a-2-2-2880-bagsvaerd-01590934__5a__2___2,60.0,Tagpap med stor hældning,2.0,https://www.boligsiden.dk/adresse/vadstrupvej-5a-2-2-2880-bagsvaerd-01590934__5a__2___2,Mursten,Ikke oplyst,0,R421
tornegaardsvej-7-2860-soeborg-01590897___7_______,Tornegårdsvej 7,2860.0,Rækkehus,Free Sale,31-03-2025,2400000.0,3,Søborg,Elvarme,/adresse/tornegaardsvej-7-2860-soeborg-01590897___7_______,67.0,Fibercement herunder asbest,3.0,https://www.boligsiden.dk/adresse/tornegaardsvej-7-2860-soeborg-01590897___7_______,Mursten,71.35,0,R422
tornegaardsvej-7-2860-soeborg-01590897___7_______,Tornegårdsvej 7,2860.0,Rækkehus,Free Sale,06-09-2019,2150000.0,3,Søborg,Elvarme,/adresse/tornegaardsvej-7-2860-soeborg-01590897___7_______,67.0,Fibercement herunder asbest,3.0,https://www.boligsiden.dk/adresse/tornegaardsvej-7-2860-soeborg-01590897___7_______,Mursten,71.35,0,R423
tornegaardsvej-7-2860-soeborg-01590897___7_______,Tornegårdsvej 7,2860.0,Rækkehus,Free Sale,19-11-2009,1300000.0,3,Søborg,Elvarme,/adresse/tornegaardsvej-7-2860-soeborg-01590897___7_______,67.0,Fibercement herunder asbest,3.0,https://www.boligsiden.dk/adresse/tornegaardsvej-7-2860-soeborg-01590897___7_______,Mursten,71.35,0,R424
brannersvej-25-2-65-2920-charlottenlund-01570078__25__2__65,"Brannersvej 25, 2. 65.",2920.0,Ejerlejlighed,Free Sale,31-03-2025,1950000.0,2,Charlottenlund,Fjernvarme/blokvarme,/adresse/brannersvej-25-2-65-2920-charlottenlund-01570078__25__2__65,47.0,Tagpap med lille hældning,2.0,https://www.boligsiden.dk/adresse/brannersvej-25-2-65-2920-charlottenlund-01570078__25__2__65,Betonelementer,Ikke oplyst,0,R425
brannersvej-25-2-65-2920-charlottenlund-01570078__25__2__65,"Brannersvej 25, 2. 65.",2920.0,Ejerlejlighed,Free Sale,04-09-1994,395000.0,2,Charlottenlund,Fjernvarme/blokvarme,/adresse/brannersvej-25-2-65-2920-charlottenlund-01570078__25__2__65,47.0,Tagpap med lille hældning,2.0,https://www.boligsiden.dk/adresse/brannersvej-25-2-65-2920-charlottenlund-01570078__25__2__65,Betonelementer,Ikke oplyst,0,R426
blidahpark-25-1-2-2900-hellerup-01570064__25__1___2,"Blidahpark 25, 1. 2.",2900.0,Ejerlejlighed,Family Sale,31-03-2025,1425000.0,3,Hellerup,Fjernvarme/blokvarme,/adresse/blidahpark-25-1-2-2900-hellerup-01570064__25__1___2,57.0,Tagpap med stor hældning,2.0,https://www.boligsiden.dk/adresse/blidahpark-25-1-2-2900-hellerup-01570064__25__1___2,Mursten,Ikke oplyst,0,R427
blidahpark-25-1-2-2900-hellerup-01570064__25__1___2,"Blidahpark 25, 1. 2.",2900.0,Ejerlejlighed,Free Sale,23-03-2024,2850000.0,3,Hellerup,Fjernvarme/blokvarme,/adresse/blidahpark-25-1-2-2900-hellerup-01570064__25__1___2,57.0,Tagpap med stor hældning,2.0,https://www.boligsiden.dk/adresse/blidahpark-25-1-2-2900-hellerup-01570064__25__1___2,Mursten,Ikke oplyst,0,R428
blidahpark-25-1-2-2900-hellerup-01570064__25__1___2,"Blidahpark 25, 1. 2.",2900.0,Ejerlejlighed,Free Sale,29-10-2017,2695000.0,3,Hellerup,Fjernvarme/blokvarme,/adresse/blidahpark-25-1-2-2900-hellerup-01570064__25__1___2,57.0,Tagpap med stor hældning,2.0,https://www.boligsiden.dk/adresse/blidahpark-25-1-2-2900-hellerup-01570064__25__1___2,Mursten,Ikke oplyst,0,R429
egekrogen-18a-3500-vaerloese-01510094_18a_______,Egekrogen 18A,3500.0,Rækkehus,Other,31-03-2025,652000.0,3,Værløse,Elvarme,/adresse/egekrogen-18a-3500-vaerloese-01510094_18a_______,132.0,Fibercement uden asbest,5.0,https://www.boligsiden.dk/adresse/egekrogen-18a-3500-vaerloese-01510094_18a_______,Mursten,Ikke oplyst,0,R430
egekrogen-18a-3500-vaerloese-01510094_18a_______,Egekrogen 18A,3500.0,Rækkehus,Other,07-10-2015,1176000.0,3,Værløse,Elvarme,/adresse/egekrogen-18a-3500-vaerloese-01510094_18a_______,132.0,Fibercement uden asbest,5.0,https://www.boligsiden.dk/adresse/egekrogen-18a-3500-vaerloese-01510094_18a_______,Mursten,Ikke oplyst,0,R431
egekrogen-18a-3500-vaerloese-01510094_18a_______,Egekrogen 18A,3500.0,Rækkehus,Other,01-07-2011,915977.0,3,Værløse,Elvarme,/adresse/egekrogen-18a-3500-vaerloese-01510094_18a_______,132.0,Fibercement uden asbest,5.0,https://www.boligsiden.dk/adresse/egekrogen-18a-3500-vaerloese-01510094_18a_______,Mursten,Ikke oplyst,0,R432
hoejagerparken-18-2-2750-ballerup-01510158__18__2____,"Højagerparken 18, 2.",2750.0,Ejerlejlighed,Family Sale,31-03-2025,535500.0,3,Ballerup,Fjernvarme/blokvarme,/adresse/hoejagerparken-18-2-2750-ballerup-01510158__18__2____,46.0,Tagpap med lille hældning,1.0,https://www.boligsiden.dk/adresse/hoejagerparken-18-2-2750-ballerup-01510158__18__2____,Mursten,Ikke oplyst,0,R433
hoejagerparken-18-2-2750-ballerup-01510158__18__2____,"Højagerparken 18, 2.",2750.0,Ejerlejlighed,Free Sale,20-01-2001,575000.0,3,Ballerup,Fjernvarme/blokvarme,/adresse/hoejagerparken-18-2-2750-ballerup-01510158__18__2____,46.0,Tagpap med lille hældning,1.0,https://www.boligsiden.dk/adresse/hoejagerparken-18-2-2750-ballerup-01510158__18__2____,Mursten,Ikke oplyst,0,R434
hoejagerparken-18-2-2750-ballerup-01510158__18__2____,"Højagerparken 18, 2.",2750.0,Ejerlejlighed,Free Sale,31-07-1997,345000.0,3,Ballerup,Fjernvarme/blokvarme,/adresse/hoejagerparken-18-2-2750-ballerup-01510158__18__2____,46.0,Tagpap med lille hældning,1.0,https://www.boligsiden.dk/adresse/hoejagerparken-18-2-2750-ballerup-01510158__18__2____,Mursten,Ikke oplyst,0,R435
vejlebrovej-113-3-tv-2635-ishoej-01830850_113__3__tv,"Vejlebrovej 113, 3. tv.",2635.0,Ejerlejlighed,Free Sale,31-03-2025,2700000.0,3,Ishøj,Fjernvarme/blokvarme,/adresse/vejlebrovej-113-3-tv-2635-ishoej-01830850_113__3__tv,95.0,Tagpap med stor hældning,3.0,https://www.boligsiden.dk/adresse/vejlebrovej-113-3-tv-2635-ishoej-01830850_113__3__tv,Mursten,Ikke oplyst,0,R436
vejlebrovej-113-3-tv-2635-ishoej-01830850_113__3__tv,"Vejlebrovej 113, 3. tv.",2635.0,Ejerlejlighed,Free Sale,04-03-2013,1800000.0,3,Ishøj,Fjernvarme/blokvarme,/adresse/vejlebrovej-113-3-tv-2635-ishoej-01830850_113__3__tv,95.0,Tagpap med stor hældning,3.0,https://www.boligsiden.dk/adresse/vejlebrovej-113-3-tv-2635-ishoej-01830850_113__3__tv,Mursten,Ikke oplyst,0,R437
vejlebrovej-113-3-tv-2635-ishoej-01830850_113__3__tv,"Vejlebrovej 113, 3. tv.",2635.0,Ejerlejlighed,Free Sale,03-12-2007,2125000.0,3,Ishøj,Fjernvarme/blokvarme,/adresse/vejlebrovej-113-3-tv-2635-ishoej-01830850_113__3__tv,95.0,Tagpap med stor hældning,3.0,https://www.boligsiden.dk/adresse/vejlebrovej-113-3-tv-2635-ishoej-01830850_113__3__tv,Mursten,Ikke oplyst,0,R438
delta-park-30-0-th-2665-vallensbaek-strand-01871055__30_st__th,"Delta Park 30, st. th.",2665.0,Ejerlejlighed,Free Sale,31-03-2025,2550000.0,1,Vallensbæk Strand,Fjernvarme/blokvarme,/adresse/delta-park-30-0-th-2665-vallensbaek-strand-01871055__30_st__th,97.0,Tagpap med stor hældning,3.0,https://www.boligsiden.dk/adresse/delta-park-30-0-th-2665-vallensbaek-strand-01871055__30_st__th,Betonelementer,Ikke oplyst,0,R439
nyvej-5-2640-hedehusene-01695522___5_______,Nyvej 5,2640.0,Villa,Free Sale,31-03-2025,2915000.0,3,Hedehusene,Varmepumpe,/adresse/nyvej-5-2640-hedehusene-01695522___5_______,104.0,Betontagsten,4.0,https://www.boligsiden.dk/adresse/nyvej-5-2640-hedehusene-01695522___5_______,Mursten,104.55,0,R440
nyvej-5-2640-hedehusene-01695522___5_______,Nyvej 5,2640.0,Villa,Free Sale,24-09-2015,1600000.0,3,Hedehusene,Varmepumpe,/adresse/nyvej-5-2640-hedehusene-01695522___5_______,104.0,Betontagsten,4.0,https://www.boligsiden.dk/adresse/nyvej-5-2640-hedehusene-01695522___5_______,Mursten,104.55,0,R441
nyvej-5-2640-hedehusene-01695522___5_______,Nyvej 5,2640.0,Villa,Free Sale,03-09-1995,714475.0,3,Hedehusene,Varmepumpe,/adresse/nyvej-5-2640-hedehusene-01695522___5_______,104.0,Betontagsten,4.0,https://www.boligsiden.dk/adresse/nyvej-5-2640-hedehusene-01695522___5_______,Mursten,104.55,0,R442
moellevej-16-2640-hedehusene-01695251__16_______,Møllevej 16,2640.0,Villa,Free Sale,31-03-2025,3135000.0,1,Hedehusene,Fjernvarme/blokvarme,/adresse/moellevej-16-2640-hedehusene-01695251__16_______,132.0,Fibercement herunder asbest,4.0,https://www.boligsiden.dk/adresse/moellevej-16-2640-hedehusene-01695251__16_______,Mursten,139.25,0,R443
bjerringbrovej-99-2610-roedovre-01750050__99_______,Bjerringbrovej 99,2610.0,Villa,Free Sale,31-03-2025,4550000.0,3,Rødovre,Centralvarme med én fyringsenhed,/adresse/bjerringbrovej-99-2610-roedovre-01750050__99_______,137.0,Tegl,4.0,https://www.boligsiden.dk/adresse/bjerringbrovej-99-2610-roedovre-01750050__99_______,Mursten,147.15,0,R444
bjerringbrovej-99-2610-roedovre-01750050__99_______,Bjerringbrovej 99,2610.0,Villa,Free Sale,27-01-2019,3150000.0,3,Rødovre,Centralvarme med én fyringsenhed,/adresse/bjerringbrovej-99-2610-roedovre-01750050__99_______,137.0,Tegl,4.0,https://www.boligsiden.dk/adresse/bjerringbrovej-99-2610-roedovre-01750050__99_______,Mursten,147.15,0,R445
bjerringbrovej-99-2610-roedovre-01750050__99_______,Bjerringbrovej 99,2610.0,Villa,Free Sale,03-05-2015,2795000.0,3,Rødovre,Centralvarme med én fyringsenhed,/adresse/bjerringbrovej-99-2610-roedovre-01750050__99_______,137.0,Tegl,4.0,https://www.boligsiden.dk/adresse/bjerringbrovej-99-2610-roedovre-01750050__99_______,Mursten,147.15,0,R446
moelleaaparken-39-0-2800-kongens-lyngby-01730601__39_st____,"Mølleåparken 39, st.",2800.0,Ejerlejlighed,Free Sale,31-03-2025,2850000.0,3,Kongens Lyngby,Fjernvarme/blokvarme,/adresse/moelleaaparken-39-0-2800-kongens-lyngby-01730601__39_st____,61.0,Tagpap med lille hældning,2.0,https://www.boligsiden.dk/adresse/moelleaaparken-39-0-2800-kongens-lyngby-01730601__39_st____,Betonelementer,Ikke oplyst,0,R447
moelleaaparken-39-0-2800-kongens-lyngby-01730601__39_st____,"Mølleåparken 39, st.",2800.0,Ejerlejlighed,Free Sale,14-06-2011,1500000.0,3,Kongens Lyngby,Fjernvarme/blokvarme,/adresse/moelleaaparken-39-0-2800-kongens-lyngby-01730601__39_st____,61.0,Tagpap med lille hældning,2.0,https://www.boligsiden.dk/adresse/moelleaaparken-39-0-2800-kongens-lyngby-01730601__39_st____,Betonelementer,Ikke oplyst,0,R448
moelleaaparken-39-0-2800-kongens-lyngby-01730601__39_st____,"Mølleåparken 39, st.",2800.0,Ejerlejlighed,Free Sale,04-12-2002,1150000.0,3,Kongens Lyngby,Fjernvarme/blokvarme,/adresse/moelleaaparken-39-0-2800-kongens-lyngby-01730601__39_st____,61.0,Tagpap med lille hældning,2.0,https://www.boligsiden.dk/adresse/moelleaaparken-39-0-2800-kongens-lyngby-01730601__39_st____,Betonelementer,Ikke oplyst,0,R449
buddingevej-15-1-th-2800-kongens-lyngby-01730100__15__1__th,"Buddingevej 15, 1. th.",2800.0,Ejerlejlighed,Free Sale,31-03-2025,3893000.0,2,Kongens Lyngby,Fjernvarme/blokvarme,/adresse/buddingevej-15-1-th-2800-kongens-lyngby-01730100__15__1__th,106.0,Tegl,4.0,https://www.boligsiden.dk/adresse/buddingevej-15-1-th-2800-kongens-lyngby-01730100__15__1__th,Mursten,Ikke oplyst,0,R450
buddingevej-15-1-th-2800-kongens-lyngby-01730100__15__1__th,"Buddingevej 15, 1. th.",2800.0,Ejerlejlighed,Free Sale,26-10-1997,1000000.0,2,Kongens Lyngby,Fjernvarme/blokvarme,/adresse/buddingevej-15-1-th-2800-kongens-lyngby-01730100__15__1__th,106.0,Tegl,4.0,https://www.boligsiden.dk/adresse/buddingevej-15-1-th-2800-kongens-lyngby-01730100__15__1__th,Mursten,Ikke oplyst,0,R451
fyrrevang-21-2640-hedehusene-01691930__21_______,Fyrrevang 21,2640.0,Villa,Free Sale,31-03-2025,4295000.0,3,Hedehusene,Centralvarme med én fyringsenhed,/adresse/fyrrevang-21-2640-hedehusene-01691930__21_______,160.0,Tegl,6.0,https://www.boligsiden.dk/adresse/fyrrevang-21-2640-hedehusene-01691930__21_______,Mursten,163.25,0,R452
fyrrevang-21-2640-hedehusene-01691930__21_______,Fyrrevang 21,2640.0,Villa,Free Sale,16-11-2012,2722500.0,3,Hedehusene,Centralvarme med én fyringsenhed,/adresse/fyrrevang-21-2640-hedehusene-01691930__21_______,160.0,Tegl,6.0,https://www.boligsiden.dk/adresse/fyrrevang-21-2640-hedehusene-01691930__21_______,Mursten,163.25,0,R453
fyrrevang-21-2640-hedehusene-01691930__21_______,Fyrrevang 21,2640.0,Villa,Free Sale,24-05-2004,1840000.0,3,Hedehusene,Centralvarme med én fyringsenhed,/adresse/fyrrevang-21-2640-hedehusene-01691930__21_______,160.0,Tegl,6.0,https://www.boligsiden.dk/adresse/fyrrevang-21-2640-hedehusene-01691930__21_______,Mursten,163.25,0,R454
bomager-28-2640-hedehusene-01690600__28_______,Bomager 28,2640.0,Rækkehus,Free Sale,31-03-2025,2995000.0,3,Hedehusene,Fjernvarme/blokvarme,/adresse/bomager-28-2640-hedehusene-01690600__28_______,97.0,Fibercement herunder asbest,4.0,https://www.boligsiden.dk/adresse/bomager-28-2640-hedehusene-01690600__28_______,Mursten,98.2,0,R455
bomager-28-2640-hedehusene-01690600__28_______,Bomager 28,2640.0,Rækkehus,Free Sale,11-11-2021,2295000.0,3,Hedehusene,Fjernvarme/blokvarme,/adresse/bomager-28-2640-hedehusene-01690600__28_______,97.0,Fibercement herunder asbest,4.0,https://www.boligsiden.dk/adresse/bomager-28-2640-hedehusene-01690600__28_______,Mursten,98.2,0,R456
bomager-28-2640-hedehusene-01690600__28_______,Bomager 28,2640.0,Rækkehus,Free Sale,27-02-2012,800000.0,3,Hedehusene,Fjernvarme/blokvarme,/adresse/bomager-28-2640-hedehusene-01690600__28_______,97.0,Fibercement herunder asbest,4.0,https://www.boligsiden.dk/adresse/bomager-28-2640-hedehusene-01690600__28_______,Mursten,98.2,0,R457
vesterkaersvej-42-2650-hvidovre-01679229__42_______,Vesterkærsvej 42,2650.0,Villa,Family Sale,31-03-2025,2850000.0,2,Hvidovre,Centralvarme med én fyringsenhed,/adresse/vesterkaersvej-42-2650-hvidovre-01679229__42_______,126.0,Tagpap med lille hældning,4.0,https://www.boligsiden.dk/adresse/vesterkaersvej-42-2650-hvidovre-01679229__42_______,Mursten,128.1,0,R458
vesterkaersvej-42-2650-hvidovre-01679229__42_______,Vesterkærsvej 42,2650.0,Villa,Free Sale,03-06-2014,2000000.0,2,Hvidovre,Centralvarme med én fyringsenhed,/adresse/vesterkaersvej-42-2650-hvidovre-01679229__42_______,126.0,Tagpap med lille hældning,4.0,https://www.boligsiden.dk/adresse/vesterkaersvej-42-2650-hvidovre-01679229__42_______,Mursten,128.1,0,R459
stenstykkevej-9-2650-hvidovre-01677646___9_______,Stenstykkevej 9,2650.0,Villa,Free Sale,31-03-2025,6425000.0,1,Hvidovre,Fjernvarme/blokvarme,/adresse/stenstykkevej-9-2650-hvidovre-01677646___9_______,136.0,Tegl,4.0,https://www.boligsiden.dk/adresse/stenstykkevej-9-2650-hvidovre-01677646___9_______,Mursten,162.1,0,R460
rebaek-soepark-3-15-1522-2650-hvidovre-01676690___3_151522,"Rebæk Søpark 3, 15. 1522.",2650.0,Ejerlejlighed,Free Sale,31-03-2025,1999000.0,2,Hvidovre,Fjernvarme/blokvarme,/adresse/rebaek-soepark-3-15-1522-2650-hvidovre-01676690___3_151522,61.0,Tagpap med stor hældning,2.0,https://www.boligsiden.dk/adresse/rebaek-soepark-3-15-1522-2650-hvidovre-01676690___3_151522,Letbetonsten,Ikke oplyst,0,R461
rebaek-soepark-3-15-1522-2650-hvidovre-01676690___3_151522,"Rebæk Søpark 3, 15. 1522.",2650.0,Ejerlejlighed,Free Sale,09-04-2021,1650000.0,2,Hvidovre,Fjernvarme/blokvarme,/adresse/rebaek-soepark-3-15-1522-2650-hvidovre-01676690___3_151522,61.0,Tagpap med stor hældning,2.0,https://www.boligsiden.dk/adresse/rebaek-soepark-3-15-1522-2650-hvidovre-01676690___3_151522,Letbetonsten,Ikke oplyst,0,R462
naesborgvej-22-1-th-2650-hvidovre-01676123__22__1__th,"Næsborgvej 22, 1. th.",2650.0,Ejerlejlighed,Free Sale,31-03-2025,1076294.0,3,Hvidovre,Fjernvarme/blokvarme,/adresse/naesborgvej-22-1-th-2650-hvidovre-01676123__22__1__th,73.0,Fibercement uden asbest,3.0,https://www.boligsiden.dk/adresse/naesborgvej-22-1-th-2650-hvidovre-01676123__22__1__th,Mursten,Ikke oplyst,0,R463
naesborgvej-22-1-th-2650-hvidovre-01676123__22__1__th,"Næsborgvej 22, 1. th.",2650.0,Ejerlejlighed,Free Sale,02-04-2022,2200000.0,3,Hvidovre,Fjernvarme/blokvarme,/adresse/naesborgvej-22-1-th-2650-hvidovre-01676123__22__1__th,73.0,Fibercement uden asbest,3.0,https://www.boligsiden.dk/adresse/naesborgvej-22-1-th-2650-hvidovre-01676123__22__1__th,Mursten,Ikke oplyst,0,R464
naesborgvej-22-1-th-2650-hvidovre-01676123__22__1__th,"Næsborgvej 22, 1. th.",2650.0,Ejerlejlighed,Free Sale,18-02-2016,1550000.0,3,Hvidovre,Fjernvarme/blokvarme,/adresse/naesborgvej-22-1-th-2650-hvidovre-01676123__22__1__th,73.0,Fibercement uden asbest,3.0,https://www.boligsiden.dk/adresse/naesborgvej-22-1-th-2650-hvidovre-01676123__22__1__th,Mursten,Ikke oplyst,0,R465
broendbyvestervej-20-0-3-2600-glostrup-01610044__20_st___3,"Brøndbyvestervej 20, st. 3.",2600.0,Ejerlejlighed,Free Sale,31-03-2025,2050000.0,3,Glostrup,Fjernvarme/blokvarme,/adresse/broendbyvestervej-20-0-3-2600-glostrup-01610044__20_st___3,72.0,Tagpap med lille hældning,2.0,https://www.boligsiden.dk/adresse/broendbyvestervej-20-0-3-2600-glostrup-01610044__20_st___3,Mursten,Ikke oplyst,0,R466
broendbyvestervej-20-0-3-2600-glostrup-01610044__20_st___3,"Brøndbyvestervej 20, st. 3.",2600.0,Ejerlejlighed,Free Sale,16-02-2023,1950000.0,3,Glostrup,Fjernvarme/blokvarme,/adresse/broendbyvestervej-20-0-3-2600-glostrup-01610044__20_st___3,72.0,Tagpap med lille hældning,2.0,https://www.boligsiden.dk/adresse/broendbyvestervej-20-0-3-2600-glostrup-01610044__20_st___3,Mursten,Ikke oplyst,0,R467
broendbyvestervej-20-0-3-2600-glostrup-01610044__20_st___3,"Brøndbyvestervej 20, st. 3.",2600.0,Ejerlejlighed,Free Sale,08-08-2022,1675000.0,3,Glostrup,Fjernvarme/blokvarme,/adresse/broendbyvestervej-20-0-3-2600-glostrup-01610044__20_st___3,72.0,Tagpap med lille hældning,2.0,https://www.boligsiden.dk/adresse/broendbyvestervej-20-0-3-2600-glostrup-01610044__20_st___3,Mursten,Ikke oplyst,0,R468
ved-kagsaa-46-2860-soeborg-01590956__46_______,Ved Kagså 46,2860.0,Rækkehus,Free Sale,31-03-2025,3525000.0,3,Søborg,Centralvarme med én fyringsenhed,/adresse/ved-kagsaa-46-2860-soeborg-01590956__46_______,116.0,Fibercement uden asbest,4.0,https://www.boligsiden.dk/adresse/ved-kagsaa-46-2860-soeborg-01590956__46_______,Betonelementer,153,0,R469
ved-kagsaa-46-2860-soeborg-01590956__46_______,Ved Kagså 46,2860.0,Rækkehus,Free Sale,10-01-2021,3460000.0,3,Søborg,Centralvarme med én fyringsenhed,/adresse/ved-kagsaa-46-2860-soeborg-01590956__46_______,116.0,Fibercement uden asbest,4.0,https://www.boligsiden.dk/adresse/ved-kagsaa-46-2860-soeborg-01590956__46_______,Betonelementer,153,0,R470
ved-kagsaa-46-2860-soeborg-01590956__46_______,Ved Kagså 46,2860.0,Rækkehus,Other,21-09-2003,850000.0,3,Søborg,Centralvarme med én fyringsenhed,/adresse/ved-kagsaa-46-2860-soeborg-01590956__46_______,116.0,Fibercement uden asbest,4.0,https://www.boligsiden.dk/adresse/ved-kagsaa-46-2860-soeborg-01590956__46_______,Betonelementer,153,0,R471
tinghoejvej-40-9-1-2860-soeborg-01590874__40__9___1,"Tinghøjvej 40, 9. 1.",2860.0,Ejerlejlighed,Free Sale,31-03-2025,405428.0,3,Søborg,Fjernvarme/blokvarme,/adresse/tinghoejvej-40-9-1-2860-soeborg-01590874__40__9___1,64.0,Fibercement herunder asbest,2.0,https://www.boligsiden.dk/adresse/tinghoejvej-40-9-1-2860-soeborg-01590874__40__9___1,Mursten,Ikke oplyst,0,R472
tinghoejvej-40-9-1-2860-soeborg-01590874__40__9___1,"Tinghøjvej 40, 9. 1.",2860.0,Ejerlejlighed,Free Sale,17-09-2017,1695000.0,3,Søborg,Fjernvarme/blokvarme,/adresse/tinghoejvej-40-9-1-2860-soeborg-01590874__40__9___1,64.0,Fibercement herunder asbest,2.0,https://www.boligsiden.dk/adresse/tinghoejvej-40-9-1-2860-soeborg-01590874__40__9___1,Mursten,Ikke oplyst,0,R473
tinghoejvej-40-9-1-2860-soeborg-01590874__40__9___1,"Tinghøjvej 40, 9. 1.",2860.0,Ejerlejlighed,Free Sale,24-09-2010,850000.0,3,Søborg,Fjernvarme/blokvarme,/adresse/tinghoejvej-40-9-1-2860-soeborg-01590874__40__9___1,64.0,Fibercement herunder asbest,2.0,https://www.boligsiden.dk/adresse/tinghoejvej-40-9-1-2860-soeborg-01590874__40__9___1,Mursten,Ikke oplyst,0,R474
hedevaenget-66-2800-kongens-lyngby-01590294__66_______,Hedevænget 66,2800.0,Rækkehus,Free Sale,31-03-2025,5450000.0,1,Kongens Lyngby,Centralvarme med én fyringsenhed,/adresse/hedevaenget-66-2800-kongens-lyngby-01590294__66_______,110.0,Fibercement herunder asbest,5.0,https://www.boligsiden.dk/adresse/hedevaenget-66-2800-kongens-lyngby-01590294__66_______,Mursten,129,0,R475
dalstroeget-118-1-2870-dyssegaard-01570133_118__1____,"Dalstrøget 118, 1.",2870.0,Ejerlejlighed,Free Sale,31-03-2025,2375000.0,1,Dyssegård,Fjernvarme/blokvarme,/adresse/dalstroeget-118-1-2870-dyssegaard-01570133_118__1____,76.0,Andet materiale,2.0,https://www.boligsiden.dk/adresse/dalstroeget-118-1-2870-dyssegaard-01570133_118__1____,Mursten,Ikke oplyst,0,R476
dalstroeget-101-3-mf-2870-dyssegaard-01570133_101__3__mf,"Dalstrøget 101, 3. mf.",2870.0,Ejerlejlighed,Family Sale,31-03-2025,1450000.0,2,Dyssegård,Fjernvarme/blokvarme,/adresse/dalstroeget-101-3-mf-2870-dyssegaard-01570133_101__3__mf,58.0,Andet materiale,2.0,https://www.boligsiden.dk/adresse/dalstroeget-101-3-mf-2870-dyssegaard-01570133_101__3__mf,Mursten,Ikke oplyst,0,R477
dalstroeget-101-3-mf-2870-dyssegaard-01570133_101__3__mf,"Dalstrøget 101, 3. mf.",2870.0,Ejerlejlighed,Free Sale,19-02-2015,1011000.0,2,Dyssegård,Fjernvarme/blokvarme,/adresse/dalstroeget-101-3-mf-2870-dyssegaard-01570133_101__3__mf,58.0,Andet materiale,2.0,https://www.boligsiden.dk/adresse/dalstroeget-101-3-mf-2870-dyssegaard-01570133_101__3__mf,Mursten,Ikke oplyst,0,R478
tranebakken-85-2635-ishoej-01830750__85_______,Tranebakken 85,2635.0,Rækkehus,Free Sale,31-03-2025,2950000.0,2,Ishøj,Centralvarme med én fyringsenhed,/adresse/tranebakken-85-2635-ishoej-01830750__85_______,132.0,Tagpap med lille hældning,4.0,https://www.boligsiden.dk/adresse/tranebakken-85-2635-ishoej-01830750__85_______,Mursten,137,0,R479
tranebakken-85-2635-ishoej-01830750__85_______,Tranebakken 85,2635.0,Rækkehus,Free Sale,19-10-2014,1975000.0,2,Ishøj,Centralvarme med én fyringsenhed,/adresse/tranebakken-85-2635-ishoej-01830750__85_______,132.0,Tagpap med lille hældning,4.0,https://www.boligsiden.dk/adresse/tranebakken-85-2635-ishoej-01830750__85_______,Mursten,137,0,R480
ordrup-jagtvej-42d-0-tv-2920-charlottenlund-01570620_42d_st__tv,"Ordrup Jagtvej 42D, st. tv.",2920.0,Ejerlejlighed,Other,31-03-2025,2600000.0,1,Charlottenlund,Fjernvarme/blokvarme,/adresse/ordrup-jagtvej-42d-0-tv-2920-charlottenlund-01570620_42d_st__tv,66.0,Tegl,2.0,https://www.boligsiden.dk/adresse/ordrup-jagtvej-42d-0-tv-2920-charlottenlund-01570620_42d_st__tv,Mursten,Ikke oplyst,0,R481
enighedsvej-27-2920-charlottenlund-01570202__27_______,Enighedsvej 27,2920.0,Villa,Free Sale,31-03-2025,23000000.0,3,Charlottenlund,Fjernvarme/blokvarme,/adresse/enighedsvej-27-2920-charlottenlund-01570202__27_______,234.0,Metal,7.0,https://www.boligsiden.dk/adresse/enighedsvej-27-2920-charlottenlund-01570202__27_______,Mursten,293.85,0,R482
enighedsvej-27-2920-charlottenlund-01570202__27_______,Enighedsvej 27,2920.0,Villa,Free Sale,23-04-1998,2474560.0,3,Charlottenlund,Fjernvarme/blokvarme,/adresse/enighedsvej-27-2920-charlottenlund-01570202__27_______,234.0,Metal,7.0,https://www.boligsiden.dk/adresse/enighedsvej-27-2920-charlottenlund-01570202__27_______,Mursten,293.85,0,R483
enighedsvej-27-2920-charlottenlund-01570202__27_______,Enighedsvej 27,2920.0,Villa,Family Sale,30-01-1993,468500.0,3,Charlottenlund,Fjernvarme/blokvarme,/adresse/enighedsvej-27-2920-charlottenlund-01570202__27_______,234.0,Metal,7.0,https://www.boligsiden.dk/adresse/enighedsvej-27-2920-charlottenlund-01570202__27_______,Mursten,293.85,0,R484
moellemarken-51-2880-bagsvaerd-01590585__51_______,Møllemarken 51,2880.0,Rækkehus,Free Sale,31-03-2025,5000000.0,3,Bagsværd,Varmepumpe,/adresse/moellemarken-51-2880-bagsvaerd-01590585__51_______,86.0,Fibercement herunder asbest,4.0,https://www.boligsiden.dk/adresse/moellemarken-51-2880-bagsvaerd-01590585__51_______,Mursten,85.65,0,R485
moellemarken-51-2880-bagsvaerd-01590585__51_______,Møllemarken 51,2880.0,Rækkehus,Free Sale,28-10-2018,2825000.0,3,Bagsværd,Varmepumpe,/adresse/moellemarken-51-2880-bagsvaerd-01590585__51_______,86.0,Fibercement herunder asbest,4.0,https://www.boligsiden.dk/adresse/moellemarken-51-2880-bagsvaerd-01590585__51_______,Mursten,85.65,0,R486
moellemarken-51-2880-bagsvaerd-01590585__51_______,Møllemarken 51,2880.0,Rækkehus,Family Sale,09-10-2014,1225000.0,3,Bagsværd,Varmepumpe,/adresse/moellemarken-51-2880-bagsvaerd-01590585__51_______,86.0,Fibercement herunder asbest,4.0,https://www.boligsiden.dk/adresse/moellemarken-51-2880-bagsvaerd-01590585__51_______,Mursten,85.65,0,R487
skriverhusene-10-2620-albertslund-01650443__10_______,Skriverhusene 10,2620.0,Rækkehus,Family Sale,31-03-2025,1450000.0,2,Albertslund,Fjernvarme/blokvarme,/adresse/skriverhusene-10-2620-albertslund-01650443__10_______,106.0,Tagpap med lille hældning,4.0,https://www.boligsiden.dk/adresse/skriverhusene-10-2620-albertslund-01650443__10_______,Betonelementer,128.2,0,R488
skriverhusene-10-2620-albertslund-01650443__10_______,Skriverhusene 10,2620.0,Rækkehus,Free Sale,17-06-2021,2710000.0,2,Albertslund,Fjernvarme/blokvarme,/adresse/skriverhusene-10-2620-albertslund-01650443__10_______,106.0,Tagpap med lille hældning,4.0,https://www.boligsiden.dk/adresse/skriverhusene-10-2620-albertslund-01650443__10_______,Betonelementer,128.2,0,R489
lindevangshusene-70-2-mf-2630-taastrup-01694520__70__2__mf,"Lindevangshusene 70, 2. mf.",2630.0,Ejerlejlighed,Free Sale,31-03-2025,1075000.0,3,Taastrup,Fjernvarme/blokvarme,/adresse/lindevangshusene-70-2-mf-2630-taastrup-01694520__70__2__mf,46.0,Betontagsten,1.0,https://www.boligsiden.dk/adresse/lindevangshusene-70-2-mf-2630-taastrup-01694520__70__2__mf,Mursten,Ikke oplyst,0,R490
lindevangshusene-70-2-mf-2630-taastrup-01694520__70__2__mf,"Lindevangshusene 70, 2. mf.",2630.0,Ejerlejlighed,Free Sale,17-08-2020,1100000.0,3,Taastrup,Fjernvarme/blokvarme,/adresse/lindevangshusene-70-2-mf-2630-taastrup-01694520__70__2__mf,46.0,Betontagsten,1.0,https://www.boligsiden.dk/adresse/lindevangshusene-70-2-mf-2630-taastrup-01694520__70__2__mf,Mursten,Ikke oplyst,0,R491
lindevangshusene-70-2-mf-2630-taastrup-01694520__70__2__mf,"Lindevangshusene 70, 2. mf.",2630.0,Ejerlejlighed,Free Sale,13-07-2016,700000.0,3,Taastrup,Fjernvarme/blokvarme,/adresse/lindevangshusene-70-2-mf-2630-taastrup-01694520__70__2__mf,46.0,Betontagsten,1.0,https://www.boligsiden.dk/adresse/lindevangshusene-70-2-mf-2630-taastrup-01694520__70__2__mf,Mursten,Ikke oplyst,0,R492
kallerupvej-9-2640-hedehusene-01693627___9_______,Kallerupvej 9,2640.0,Villa,Family Sale,31-03-2025,1832500.0,2,Hedehusene,Fjernvarme/blokvarme,/adresse/kallerupvej-9-2640-hedehusene-01693627___9_______,135.0,Fibercement herunder asbest,5.0,https://www.boligsiden.dk/adresse/kallerupvej-9-2640-hedehusene-01693627___9_______,Letbetonsten,183.25,0,R493
kallerupvej-9-2640-hedehusene-01693627___9_______,Kallerupvej 9,2640.0,Villa,Free Sale,27-11-2003,1798000.0,2,Hedehusene,Fjernvarme/blokvarme,/adresse/kallerupvej-9-2640-hedehusene-01693627___9_______,135.0,Fibercement herunder asbest,5.0,https://www.boligsiden.dk/adresse/kallerupvej-9-2640-hedehusene-01693627___9_______,Letbetonsten,183.25,0,R494
h-p-olsens-vaenge-46-2630-taastrup-01692950__46_______,H P Olsens Vænge 46,2630.0,Rækkehus,Family Sale,31-03-2025,1892950.0,1,Taastrup,Fjernvarme/blokvarme,/adresse/h-p-olsens-vaenge-46-2630-taastrup-01692950__46_______,80.0,Fibercement herunder asbest,4.0,https://www.boligsiden.dk/adresse/h-p-olsens-vaenge-46-2630-taastrup-01692950__46_______,Mursten,88.8,0,R495
brandholms-alle-22d-0-2610-roedovre-01750085_22d_st____,"Brandholms Alle 22D, st.",2610.0,Ejerlejlighed,Free Sale,31-03-2025,2240000.0,3,Rødovre,Fjernvarme/blokvarme,/adresse/brandholms-alle-22d-0-2610-roedovre-01750085_22d_st____,48.0,Fibercement herunder asbest,2.0,https://www.boligsiden.dk/adresse/brandholms-alle-22d-0-2610-roedovre-01750085_22d_st____,Mursten,Ikke oplyst,0,R496
brandholms-alle-22d-0-2610-roedovre-01750085_22d_st____,"Brandholms Alle 22D, st.",2610.0,Ejerlejlighed,Free Sale,07-09-2017,1395000.0,3,Rødovre,Fjernvarme/blokvarme,/adresse/brandholms-alle-22d-0-2610-roedovre-01750085_22d_st____,48.0,Fibercement herunder asbest,2.0,https://www.boligsiden.dk/adresse/brandholms-alle-22d-0-2610-roedovre-01750085_22d_st____,Mursten,Ikke oplyst,0,R497
brandholms-alle-22d-0-2610-roedovre-01750085_22d_st____,"Brandholms Alle 22D, st.",2610.0,Ejerlejlighed,Free Sale,10-10-2014,960000.0,3,Rødovre,Fjernvarme/blokvarme,/adresse/brandholms-alle-22d-0-2610-roedovre-01750085_22d_st____,48.0,Fibercement herunder asbest,2.0,https://www.boligsiden.dk/adresse/brandholms-alle-22d-0-2610-roedovre-01750085_22d_st____,Mursten,Ikke oplyst,0,R498
skovvej-201-2750-ballerup-01510309_201_______,,,Villa,Free Sale,31-03-2025,7800000.0,1,,,,,,,,,,0,R499
solvej-31b-2635-ishoej-01830620_31b_______,Solvej 31B,2635.0,Villa,Family Sale,31-03-2025,3250000.0,1,Ishøj,Varmepumpe,/adresse/solvej-31b-2635-ishoej-01830620_31b_______,180.0,Betontagsten,5.0,https://www.boligsiden.dk/adresse/solvej-31b-2635-ishoej-01830620_31b_______,Mursten,180,0,R500
vestervej-77-2630-taastrup-01699420__77_______,Vestervej 77,2630.0,Rækkehus,Free Sale,31-03-2025,3850000.0,1,Taastrup,Fjernvarme/blokvarme,/adresse/vestervej-77-2630-taastrup-01699420__77_______,112.0,Tagpap med lille hældning,4.0,https://www.boligsiden.dk/adresse/vestervej-77-2630-taastrup-01699420__77_______,Mursten,Ikke oplyst,0,R501
laerke-alle-13-2635-ishoej-01830450__13_______,Lærke Alle 13,2635.0,Villa,Other,31-03-2025,2186250.0,2,Ishøj,Centralvarme med én fyringsenhed,/adresse/laerke-alle-13-2635-ishoej-01830450__13_______,140.0,Fibercement herunder asbest,5.0,https://www.boligsiden.dk/adresse/laerke-alle-13-2635-ishoej-01830450__13_______,Mursten,158.35,0,R502
laerke-alle-13-2635-ishoej-01830450__13_______,Lærke Alle 13,2635.0,Villa,Free Sale,09-03-2014,2625000.0,2,Ishøj,Centralvarme med én fyringsenhed,/adresse/laerke-alle-13-2635-ishoej-01830450__13_______,140.0,Fibercement herunder asbest,5.0,https://www.boligsiden.dk/adresse/laerke-alle-13-2635-ishoej-01830450__13_______,Mursten,158.35,0,R503
egelunden-53-2635-ishoej-01830143__53_______,Egelunden 53,2635.0,Rækkehus,Free Sale,31-03-2025,3100000.0,3,Ishøj,Fjernvarme/blokvarme,/adresse/egelunden-53-2635-ishoej-01830143__53_______,117.0,Fibercement herunder asbest,4.0,https://www.boligsiden.dk/adresse/egelunden-53-2635-ishoej-01830143__53_______,Mursten,119.55,0,R504
egelunden-53-2635-ishoej-01830143__53_______,Egelunden 53,2635.0,Rækkehus,Free Sale,11-04-2022,3145000.0,3,Ishøj,Fjernvarme/blokvarme,/adresse/egelunden-53-2635-ishoej-01830143__53_______,117.0,Fibercement herunder asbest,4.0,https://www.boligsiden.dk/adresse/egelunden-53-2635-ishoej-01830143__53_______,Mursten,119.55,0,R505
egelunden-53-2635-ishoej-01830143__53_______,Egelunden 53,2635.0,Rækkehus,Free Sale,24-10-2010,1550000.0,3,Ishøj,Fjernvarme/blokvarme,/adresse/egelunden-53-2635-ishoej-01830143__53_______,117.0,Fibercement herunder asbest,4.0,https://www.boligsiden.dk/adresse/egelunden-53-2635-ishoej-01830143__53_______,Mursten,119.55,0,R506
ved-vandloebet-18-2610-roedovre-01750941__18_______,Ved Vandløbet 18,2610.0,Villa,Free Sale,31-03-2025,4075000.0,3,Rødovre,Centralvarme med én fyringsenhed,/adresse/ved-vandloebet-18-2610-roedovre-01750941__18_______,129.0,Tegl,4.0,https://www.boligsiden.dk/adresse/ved-vandloebet-18-2610-roedovre-01750941__18_______,Mursten,127.2,0,R507
ved-vandloebet-18-2610-roedovre-01750941__18_______,Ved Vandløbet 18,2610.0,Villa,Family Sale,18-06-2017,1350000.0,3,Rødovre,Centralvarme med én fyringsenhed,/adresse/ved-vandloebet-18-2610-roedovre-01750941__18_______,129.0,Tegl,4.0,https://www.boligsiden.dk/adresse/ved-vandloebet-18-2610-roedovre-01750941__18_______,Mursten,127.2,0,R508
ved-vandloebet-18-2610-roedovre-01750941__18_______,Ved Vandløbet 18,2610.0,Villa,Free Sale,09-03-2010,2150000.0,3,Rødovre,Centralvarme med én fyringsenhed,/adresse/ved-vandloebet-18-2610-roedovre-01750941__18_______,129.0,Tegl,4.0,https://www.boligsiden.dk/adresse/ved-vandloebet-18-2610-roedovre-01750941__18_______,Mursten,127.2,0,R509
strandvejen-306-2930-klampenborg-01570802_306_______,,,Villa,Family Sale,31-03-2025,19445600.0,3,,,,,,,,,,0,R510
strandvejen-306-2930-klampenborg-01570802_306_______,,,Villa,Free Sale,01-02-2021,23000000.0,3,,,,,,,,,,0,R511
strandvejen-306-2930-klampenborg-01570802_306_______,,,Villa,Free Sale,02-07-2014,7501055.0,3,,,,,,,,,,0,R512
christian-x's-alle-27-0-tv-2800-kongens-lyngby-01730145__27_st__tv,"Christian X's Alle 27, st. tv.",2800.0,Ejerlejlighed,Free Sale,31-03-2025,3450000.0,2,Kongens Lyngby,Fjernvarme/blokvarme,/adresse/christian-x's-alle-27-0-tv-2800-kongens-lyngby-01730145__27_st__tv,82.0,Tegl,4.0,https://www.boligsiden.dk/adresse/christian-x's-alle-27-0-tv-2800-kongens-lyngby-01730145__27_st__tv,Mursten,Ikke oplyst,0,R513
christian-x's-alle-27-0-tv-2800-kongens-lyngby-01730145__27_st__tv,"Christian X's Alle 27, st. tv.",2800.0,Ejerlejlighed,Free Sale,23-12-1992,582000.0,2,Kongens Lyngby,Fjernvarme/blokvarme,/adresse/christian-x's-alle-27-0-tv-2800-kongens-lyngby-01730145__27_st__tv,82.0,Tegl,4.0,https://www.boligsiden.dk/adresse/christian-x's-alle-27-0-tv-2800-kongens-lyngby-01730145__27_st__tv,Mursten,Ikke oplyst,0,R514
cedervaenget-7-3-th-2830-virum-01730143___7__3__th,"Cedervænget 7, 3. th.",2830.0,Ejerlejlighed,Free Sale,31-03-2025,3000000.0,2,Virum,Centralvarme med én fyringsenhed,/adresse/cedervaenget-7-3-th-2830-virum-01730143___7__3__th,75.0,Tagpap med lille hældning,4.0,https://www.boligsiden.dk/adresse/cedervaenget-7-3-th-2830-virum-01730143___7__3__th,Mursten,Ikke oplyst,0,R515
cedervaenget-7-3-th-2830-virum-01730143___7__3__th,"Cedervænget 7, 3. th.",2830.0,Ejerlejlighed,Free Sale,22-02-2013,1500000.0,2,Virum,Centralvarme med én fyringsenhed,/adresse/cedervaenget-7-3-th-2830-virum-01730143___7__3__th,75.0,Tagpap med lille hældning,4.0,https://www.boligsiden.dk/adresse/cedervaenget-7-3-th-2830-virum-01730143___7__3__th,Mursten,Ikke oplyst,0,R516
topperne-6-1-13-2620-albertslund-01650532___6__1__13,"Topperne 6, 1. 13.",2620.0,Ejerlejlighed,Family Sale,31-03-2025,1000000.0,3,Albertslund,Fjernvarme/blokvarme,/adresse/topperne-6-1-13-2620-albertslund-01650532___6__1__13,97.0,Fibercement herunder asbest,4.0,https://www.boligsiden.dk/adresse/topperne-6-1-13-2620-albertslund-01650532___6__1__13,Betonelementer,Ikke oplyst,0,R517
topperne-6-1-13-2620-albertslund-01650532___6__1__13,"Topperne 6, 1. 13.",2620.0,Ejerlejlighed,Free Sale,23-04-2023,2120000.0,3,Albertslund,Fjernvarme/blokvarme,/adresse/topperne-6-1-13-2620-albertslund-01650532___6__1__13,97.0,Fibercement herunder asbest,4.0,https://www.boligsiden.dk/adresse/topperne-6-1-13-2620-albertslund-01650532___6__1__13,Betonelementer,Ikke oplyst,0,R518
topperne-6-1-13-2620-albertslund-01650532___6__1__13,"Topperne 6, 1. 13.",2620.0,Ejerlejlighed,Free Sale,22-05-2017,1925000.0,3,Albertslund,Fjernvarme/blokvarme,/adresse/topperne-6-1-13-2620-albertslund-01650532___6__1__13,97.0,Fibercement herunder asbest,4.0,https://www.boligsiden.dk/adresse/topperne-6-1-13-2620-albertslund-01650532___6__1__13,Betonelementer,Ikke oplyst,0,R519
kratager-7-2620-albertslund-01650283___7_______,Kratager 7,2620.0,Villa,Free Sale,31-03-2025,3800000.0,1,Albertslund,Fjernvarme/blokvarme,/adresse/kratager-7-2620-albertslund-01650283___7_______,178.0,Fibercement herunder asbest,5.0,https://www.boligsiden.dk/adresse/kratager-7-2620-albertslund-01650283___7_______,Mursten,181.2,0,R520
hjorthoej-12-0-th-2800-kongens-lyngby-01730340__12_st__th,,,Villa,Free Sale,31-03-2025,10500000.0,1,,,,,,,,,,0,R521
engelsborgvej-10-1-th-2800-kongens-lyngby-01730200__10__1__th,"Engelsborgvej 10, 1. th.",2800.0,Ejerlejlighed,Family Sale,31-03-2025,2600000.0,3,Kongens Lyngby,Fjernvarme/blokvarme,/adresse/engelsborgvej-10-1-th-2800-kongens-lyngby-01730200__10__1__th,66.0,Tegl,2.0,https://www.boligsiden.dk/adresse/engelsborgvej-10-1-th-2800-kongens-lyngby-01730200__10__1__th,Mursten,Ikke oplyst,0,R522
engelsborgvej-10-1-th-2800-kongens-lyngby-01730200__10__1__th,"Engelsborgvej 10, 1. th.",2800.0,Ejerlejlighed,Free Sale,02-03-2020,2515000.0,3,Kongens Lyngby,Fjernvarme/blokvarme,/adresse/engelsborgvej-10-1-th-2800-kongens-lyngby-01730200__10__1__th,66.0,Tegl,2.0,https://www.boligsiden.dk/adresse/engelsborgvej-10-1-th-2800-kongens-lyngby-01730200__10__1__th,Mursten,Ikke oplyst,0,R523
engelsborgvej-10-1-th-2800-kongens-lyngby-01730200__10__1__th,"Engelsborgvej 10, 1. th.",2800.0,Ejerlejlighed,Free Sale,03-10-2017,2350000.0,3,Kongens Lyngby,Fjernvarme/blokvarme,/adresse/engelsborgvej-10-1-th-2800-kongens-lyngby-01730200__10__1__th,66.0,Tegl,2.0,https://www.boligsiden.dk/adresse/engelsborgvej-10-1-th-2800-kongens-lyngby-01730200__10__1__th,Mursten,Ikke oplyst,0,R524
snogegaardsvej-91-2820-gentofte-01570761__91_______,Snogegårdsvej 91,2820.0,Villa,Free Sale,31-03-2025,5850000.0,2,Gentofte,Centralvarme med én fyringsenhed,/adresse/snogegaardsvej-91-2820-gentofte-01570761__91_______,103.0,Andet materiale,4.0,https://www.boligsiden.dk/adresse/snogegaardsvej-91-2820-gentofte-01570761__91_______,Bindingsværk,109.2,0,R525
snogegaardsvej-91-2820-gentofte-01570761__91_______,Snogegårdsvej 91,2820.0,Villa,Free Sale,11-03-2015,3200000.0,2,Gentofte,Centralvarme med én fyringsenhed,/adresse/snogegaardsvej-91-2820-gentofte-01570761__91_______,103.0,Andet materiale,4.0,https://www.boligsiden.dk/adresse/snogegaardsvej-91-2820-gentofte-01570761__91_______,Bindingsværk,109.2,0,R526
skraenten-11-2820-gentofte-01570745__11_______,Skrænten 11,2820.0,Villa,Free Sale,31-03-2025,9700000.0,3,Gentofte,Fjernvarme/blokvarme,/adresse/skraenten-11-2820-gentofte-01570745__11_______,114.0,Tagpap med stor hældning,4.0,https://www.boligsiden.dk/adresse/skraenten-11-2820-gentofte-01570745__11_______,Mursten,147.7,0,R527
skraenten-11-2820-gentofte-01570745__11_______,Skrænten 11,2820.0,Villa,Free Sale,27-08-2015,6720000.0,3,Gentofte,Fjernvarme/blokvarme,/adresse/skraenten-11-2820-gentofte-01570745__11_______,114.0,Tagpap med stor hældning,4.0,https://www.boligsiden.dk/adresse/skraenten-11-2820-gentofte-01570745__11_______,Mursten,147.7,0,R528
skraenten-11-2820-gentofte-01570745__11_______,Skrænten 11,2820.0,Villa,Free Sale,23-09-2013,4725000.0,3,Gentofte,Fjernvarme/blokvarme,/adresse/skraenten-11-2820-gentofte-01570745__11_______,114.0,Tagpap med stor hældning,4.0,https://www.boligsiden.dk/adresse/skraenten-11-2820-gentofte-01570745__11_______,Mursten,147.7,0,R529
skjoldagervej-88-3-th-2820-gentofte-01570705__88__3__th,"Skjoldagervej 88, 3. th.",2820.0,Ejerlejlighed,Family Sale,31-03-2025,1275000.0,3,Gentofte,Fjernvarme/blokvarme,/adresse/skjoldagervej-88-3-th-2820-gentofte-01570705__88__3__th,63.0,Andet materiale,2.0,https://www.boligsiden.dk/adresse/skjoldagervej-88-3-th-2820-gentofte-01570705__88__3__th,Mursten,Ikke oplyst,0,R530
skjoldagervej-88-3-th-2820-gentofte-01570705__88__3__th,"Skjoldagervej 88, 3. th.",2820.0,Ejerlejlighed,Free Sale,19-06-2024,1237500.0,3,Gentofte,Fjernvarme/blokvarme,/adresse/skjoldagervej-88-3-th-2820-gentofte-01570705__88__3__th,63.0,Andet materiale,2.0,https://www.boligsiden.dk/adresse/skjoldagervej-88-3-th-2820-gentofte-01570705__88__3__th,Mursten,Ikke oplyst,0,R531
skjoldagervej-88-3-th-2820-gentofte-01570705__88__3__th,"Skjoldagervej 88, 3. th.",2820.0,Ejerlejlighed,Free Sale,03-10-2019,2175000.0,3,Gentofte,Fjernvarme/blokvarme,/adresse/skjoldagervej-88-3-th-2820-gentofte-01570705__88__3__th,63.0,Andet materiale,2.0,https://www.boligsiden.dk/adresse/skjoldagervej-88-3-th-2820-gentofte-01570705__88__3__th,Mursten,Ikke oplyst,0,R532
strandvejen-306-2930-klampenborg-01570802_306_______,,,Villa,Family Sale,31-03-2025,19445600.0,3,,,,,,,,,,0,R533
strandvejen-306-2930-klampenborg-01570802_306_______,,,Villa,Free Sale,01-02-2021,23000000.0,3,,,,,,,,,,0,R534
strandvejen-306-2930-klampenborg-01570802_306_______,,,Villa,Free Sale,02-07-2014,7501055.0,3,,,,,,,,,,0,R535
soeborg-hovedgade-60-2-2-2860-soeborg-01590841__60__2___2,"Søborg Hovedgade 60, 2. 2.",2860.0,Ejerlejlighed,Free Sale,31-03-2025,1425000.0,2,Søborg,Fjernvarme/blokvarme,/adresse/soeborg-hovedgade-60-2-2-2860-soeborg-01590841__60__2___2,46.0,Tagpap med lille hældning,1.0,https://www.boligsiden.dk/adresse/soeborg-hovedgade-60-2-2-2860-soeborg-01590841__60__2___2,Mursten,Ikke oplyst,0,R536
soeborg-hovedgade-60-2-2-2860-soeborg-01590841__60__2___2,"Søborg Hovedgade 60, 2. 2.",2860.0,Ejerlejlighed,Free Sale,24-02-1998,250000.0,2,Søborg,Fjernvarme/blokvarme,/adresse/soeborg-hovedgade-60-2-2-2860-soeborg-01590841__60__2___2,46.0,Tagpap med lille hældning,1.0,https://www.boligsiden.dk/adresse/soeborg-hovedgade-60-2-2-2860-soeborg-01590841__60__2___2,Mursten,Ikke oplyst,0,R537
maglegaards-alle-123-1-th-2860-soeborg-01590538_123__1__th,"Maglegårds Alle 123, 1. th.",2860.0,Ejerlejlighed,Other,31-03-2025,855000.0,3,Søborg,Centralvarme med én fyringsenhed,/adresse/maglegaards-alle-123-1-th-2860-soeborg-01590538_123__1__th,64.0,Tegl,3.0,https://www.boligsiden.dk/adresse/maglegaards-alle-123-1-th-2860-soeborg-01590538_123__1__th,Mursten,Ikke oplyst,0,R538
maglegaards-alle-123-1-th-2860-soeborg-01590538_123__1__th,"Maglegårds Alle 123, 1. th.",2860.0,Ejerlejlighed,Free Sale,28-07-2015,1498000.0,3,Søborg,Centralvarme med én fyringsenhed,/adresse/maglegaards-alle-123-1-th-2860-soeborg-01590538_123__1__th,64.0,Tegl,3.0,https://www.boligsiden.dk/adresse/maglegaards-alle-123-1-th-2860-soeborg-01590538_123__1__th,Mursten,Ikke oplyst,0,R539
maglegaards-alle-123-1-th-2860-soeborg-01590538_123__1__th,"Maglegårds Alle 123, 1. th.",2860.0,Ejerlejlighed,Free Sale,28-04-2008,1369000.0,3,Søborg,Centralvarme med én fyringsenhed,/adresse/maglegaards-alle-123-1-th-2860-soeborg-01590538_123__1__th,64.0,Tegl,3.0,https://www.boligsiden.dk/adresse/maglegaards-alle-123-1-th-2860-soeborg-01590538_123__1__th,Mursten,Ikke oplyst,0,R540
krogmosevej-15-2880-bagsvaerd-01590466__15_______,Krogmosevej 15,2880.0,Villa,Free Sale,31-03-2025,2300000.0,3,Bagsværd,Centralvarme med én fyringsenhed,/adresse/krogmosevej-15-2880-bagsvaerd-01590466__15_______,94.0,Fibercement herunder asbest,4.0,https://www.boligsiden.dk/adresse/krogmosevej-15-2880-bagsvaerd-01590466__15_______,Letbetonsten,114.4,0,R541
krogmosevej-15-2880-bagsvaerd-01590466__15_______,Krogmosevej 15,2880.0,Villa,Free Sale,18-10-2013,2995000.0,3,Bagsværd,Centralvarme med én fyringsenhed,/adresse/krogmosevej-15-2880-bagsvaerd-01590466__15_______,94.0,Fibercement herunder asbest,4.0,https://www.boligsiden.dk/adresse/krogmosevej-15-2880-bagsvaerd-01590466__15_______,Letbetonsten,114.4,0,R542
krogmosevej-15-2880-bagsvaerd-01590466__15_______,Krogmosevej 15,2880.0,Villa,Free Sale,15-05-1995,934000.0,3,Bagsværd,Centralvarme med én fyringsenhed,/adresse/krogmosevej-15-2880-bagsvaerd-01590466__15_______,94.0,Fibercement herunder asbest,4.0,https://www.boligsiden.dk/adresse/krogmosevej-15-2880-bagsvaerd-01590466__15_______,Letbetonsten,114.4,0,R543
jensloevs-tvaervej-10-2-th-2920-charlottenlund-01570406__10__2__th,"Jensløvs Tværvej 10, 2. th.",2920.0,Ejerlejlighed,Free Sale,31-03-2025,2995000.0,3,Charlottenlund,Fjernvarme/blokvarme,/adresse/jensloevs-tvaervej-10-2-th-2920-charlottenlund-01570406__10__2__th,69.0,Tegl,2.0,https://www.boligsiden.dk/adresse/jensloevs-tvaervej-10-2-th-2920-charlottenlund-01570406__10__2__th,Mursten,Ikke oplyst,0,R544
jensloevs-tvaervej-10-2-th-2920-charlottenlund-01570406__10__2__th,"Jensløvs Tværvej 10, 2. th.",2920.0,Ejerlejlighed,Family Sale,08-06-2019,1190000.0,3,Charlottenlund,Fjernvarme/blokvarme,/adresse/jensloevs-tvaervej-10-2-th-2920-charlottenlund-01570406__10__2__th,69.0,Tegl,2.0,https://www.boligsiden.dk/adresse/jensloevs-tvaervej-10-2-th-2920-charlottenlund-01570406__10__2__th,Mursten,Ikke oplyst,0,R545
jensloevs-tvaervej-10-2-th-2920-charlottenlund-01570406__10__2__th,"Jensløvs Tværvej 10, 2. th.",2920.0,Ejerlejlighed,Free Sale,19-02-1992,474600.0,3,Charlottenlund,Fjernvarme/blokvarme,/adresse/jensloevs-tvaervej-10-2-th-2920-charlottenlund-01570406__10__2__th,69.0,Tegl,2.0,https://www.boligsiden.dk/adresse/jensloevs-tvaervej-10-2-th-2920-charlottenlund-01570406__10__2__th,Mursten,Ikke oplyst,0,R546
springholm-1-2-th-2600-glostrup-01610455___1__2__th,"Springholm 1, 2. th.",2600.0,Ejerlejlighed,Free Sale,31-03-2025,2455000.0,3,Glostrup,Fjernvarme/blokvarme,/adresse/springholm-1-2-th-2600-glostrup-01610455___1__2__th,86.0,Betontagsten,3.0,https://www.boligsiden.dk/adresse/springholm-1-2-th-2600-glostrup-01610455___1__2__th,Mursten,Ikke oplyst,0,R547
springholm-1-2-th-2600-glostrup-01610455___1__2__th,"Springholm 1, 2. th.",2600.0,Ejerlejlighed,Free Sale,20-11-2016,1770000.0,3,Glostrup,Fjernvarme/blokvarme,/adresse/springholm-1-2-th-2600-glostrup-01610455___1__2__th,86.0,Betontagsten,3.0,https://www.boligsiden.dk/adresse/springholm-1-2-th-2600-glostrup-01610455___1__2__th,Mursten,Ikke oplyst,0,R548
springholm-1-2-th-2600-glostrup-01610455___1__2__th,"Springholm 1, 2. th.",2600.0,Ejerlejlighed,Free Sale,16-01-2011,1350000.0,3,Glostrup,Fjernvarme/blokvarme,/adresse/springholm-1-2-th-2600-glostrup-01610455___1__2__th,86.0,Betontagsten,3.0,https://www.boligsiden.dk/adresse/springholm-1-2-th-2600-glostrup-01610455___1__2__th,Mursten,Ikke oplyst,0,R549
klausdalsbrovej-83-2860-soeborg-01590422__83_______,Klausdalsbrovej 83,2860.0,Rækkehus,Family Sale,31-03-2025,500000.0,3,Søborg,Centralvarme med én fyringsenhed,/adresse/klausdalsbrovej-83-2860-soeborg-01590422__83_______,96.0,Tagpap med stor hældning,4.0,https://www.boligsiden.dk/adresse/klausdalsbrovej-83-2860-soeborg-01590422__83_______,Mursten,138.9,0,R550
klausdalsbrovej-83-2860-soeborg-01590422__83_______,Klausdalsbrovej 83,2860.0,Rækkehus,Family Sale,23-12-2022,450000.0,3,Søborg,Centralvarme med én fyringsenhed,/adresse/klausdalsbrovej-83-2860-soeborg-01590422__83_______,96.0,Tagpap med stor hældning,4.0,https://www.boligsiden.dk/adresse/klausdalsbrovej-83-2860-soeborg-01590422__83_______,Mursten,138.9,0,R551
klausdalsbrovej-83-2860-soeborg-01590422__83_______,Klausdalsbrovej 83,2860.0,Rækkehus,Family Sale,30-08-2016,477500.0,3,Søborg,Centralvarme med én fyringsenhed,/adresse/klausdalsbrovej-83-2860-soeborg-01590422__83_______,96.0,Tagpap med stor hældning,4.0,https://www.boligsiden.dk/adresse/klausdalsbrovej-83-2860-soeborg-01590422__83_______,Mursten,138.9,0,R552
vejlegaardsparken-48-1-12-2665-vallensbaek-strand-01879267__48__1__12,"Vejlegårdsparken 48, 1. 12.",2665.0,Ejerlejlighed,Free Sale,31-03-2025,1200000.0,3,Vallensbæk Strand,Fjernvarme/blokvarme,/adresse/vejlegaardsparken-48-1-12-2665-vallensbaek-strand-01879267__48__1__12,47.0,Tagpap med lille hældning,2.0,https://www.boligsiden.dk/adresse/vejlegaardsparken-48-1-12-2665-vallensbaek-strand-01879267__48__1__12,Betonelementer,Ikke oplyst,0,R553
vejlegaardsparken-48-1-12-2665-vallensbaek-strand-01879267__48__1__12,"Vejlegårdsparken 48, 1. 12.",2665.0,Ejerlejlighed,Free Sale,23-09-2021,1200000.0,3,Vallensbæk Strand,Fjernvarme/blokvarme,/adresse/vejlegaardsparken-48-1-12-2665-vallensbaek-strand-01879267__48__1__12,47.0,Tagpap med lille hældning,2.0,https://www.boligsiden.dk/adresse/vejlegaardsparken-48-1-12-2665-vallensbaek-strand-01879267__48__1__12,Betonelementer,Ikke oplyst,0,R554
vejlegaardsparken-48-1-12-2665-vallensbaek-strand-01879267__48__1__12,"Vejlegårdsparken 48, 1. 12.",2665.0,Ejerlejlighed,Free Sale,13-05-2020,1145000.0,3,Vallensbæk Strand,Fjernvarme/blokvarme,/adresse/vejlegaardsparken-48-1-12-2665-vallensbaek-strand-01879267__48__1__12,47.0,Tagpap med lille hældning,2.0,https://www.boligsiden.dk/adresse/vejlegaardsparken-48-1-12-2665-vallensbaek-strand-01879267__48__1__12,Betonelementer,Ikke oplyst,0,R555
kallerupvej-18-2640-hedehusene-01693627__18_______,Kallerupvej 18,2640.0,Villa,Free Sale,31-03-2025,2725000.0,1,Hedehusene,Fjernvarme/blokvarme,/adresse/kallerupvej-18-2640-hedehusene-01693627__18_______,105.0,Fibercement herunder asbest,5.0,https://www.boligsiden.dk/adresse/kallerupvej-18-2640-hedehusene-01693627__18_______,Letbetonsten,135,0,R556
brinchs-have-9-0-th-2630-taastrup-01690812___9_st__th,"Brinchs Have 9, st. th.",2630.0,Ejerlejlighed,Free Sale,31-03-2025,1400000.0,3,Taastrup,Fjernvarme/blokvarme,/adresse/brinchs-have-9-0-th-2630-taastrup-01690812___9_st__th,58.0,Fibercement uden asbest,2.0,https://www.boligsiden.dk/adresse/brinchs-have-9-0-th-2630-taastrup-01690812___9_st__th,Mursten,Ikke oplyst,0,R557
brinchs-have-9-0-th-2630-taastrup-01690812___9_st__th,"Brinchs Have 9, st. th.",2630.0,Ejerlejlighed,Free Sale,22-03-2007,1125000.0,3,Taastrup,Fjernvarme/blokvarme,/adresse/brinchs-have-9-0-th-2630-taastrup-01690812___9_st__th,58.0,Fibercement uden asbest,2.0,https://www.boligsiden.dk/adresse/brinchs-have-9-0-th-2630-taastrup-01690812___9_st__th,Mursten,Ikke oplyst,0,R558
brinchs-have-9-0-th-2630-taastrup-01690812___9_st__th,"Brinchs Have 9, st. th.",2630.0,Ejerlejlighed,Free Sale,09-10-2000,746000.0,3,Taastrup,Fjernvarme/blokvarme,/adresse/brinchs-have-9-0-th-2630-taastrup-01690812___9_st__th,58.0,Fibercement uden asbest,2.0,https://www.boligsiden.dk/adresse/brinchs-have-9-0-th-2630-taastrup-01690812___9_st__th,Mursten,Ikke oplyst,0,R559
agerlunden-40-2660-broendby-strand-01530002__40_______,Agerlunden 40,2660.0,Villa,Family Sale,31-03-2025,2438400.0,2,Brøndby Strand,Fjernvarme/blokvarme,/adresse/agerlunden-40-2660-broendby-strand-01530002__40_______,160.0,Betontagsten,5.0,https://www.boligsiden.dk/adresse/agerlunden-40-2660-broendby-strand-01530002__40_______,Mursten,165,0,R560
agerlunden-40-2660-broendby-strand-01530002__40_______,Agerlunden 40,2660.0,Villa,Family Sale,31-03-2025,2438400.0,2,Brøndby Strand,Fjernvarme/blokvarme,/adresse/agerlunden-40-2660-broendby-strand-01530002__40_______,160.0,Betontagsten,5.0,https://www.boligsiden.dk/adresse/agerlunden-40-2660-broendby-strand-01530002__40_______,Mursten,165,0,R561
agerlunden-40-2660-broendby-strand-01530002__40_______,Agerlunden 40,2660.0,Villa,Free Sale,10-12-2002,645000.0,2,Brøndby Strand,Fjernvarme/blokvarme,/adresse/agerlunden-40-2660-broendby-strand-01530002__40_______,160.0,Betontagsten,5.0,https://www.boligsiden.dk/adresse/agerlunden-40-2660-broendby-strand-01530002__40_______,Mursten,165,0,R562
agerlunden-40-2660-broendby-strand-01530002__40_______,Agerlunden 40,2660.0,Villa,Free Sale,10-12-2002,645000.0,2,Brøndby Strand,Fjernvarme/blokvarme,/adresse/agerlunden-40-2660-broendby-strand-01530002__40_______,160.0,Betontagsten,5.0,https://www.boligsiden.dk/adresse/agerlunden-40-2660-broendby-strand-01530002__40_______,Mursten,165,0,R563
agerlunden-40-2660-broendby-strand-01530002__40_______,Agerlunden 40,2660.0,Villa,Family Sale,31-03-2025,2438400.0,2,Brøndby Strand,Fjernvarme/blokvarme,/adresse/agerlunden-40-2660-broendby-strand-01530002__40_______,160.0,Betontagsten,5.0,https://www.boligsiden.dk/adresse/agerlunden-40-2660-broendby-strand-01530002__40_______,Mursten,165,0,R564
agerlunden-40-2660-broendby-strand-01530002__40_______,Agerlunden 40,2660.0,Villa,Family Sale,31-03-2025,2438400.0,2,Brøndby Strand,Fjernvarme/blokvarme,/adresse/agerlunden-40-2660-broendby-strand-01530002__40_______,160.0,Betontagsten,5.0,https://www.boligsiden.dk/adresse/agerlunden-40-2660-broendby-strand-01530002__40_______,Mursten,165,0,R565
agerlunden-40-2660-broendby-strand-01530002__40_______,Agerlunden 40,2660.0,Villa,Free Sale,10-12-2002,645000.0,2,Brøndby Strand,Fjernvarme/blokvarme,/adresse/agerlunden-40-2660-broendby-strand-01530002__40_______,160.0,Betontagsten,5.0,https://www.boligsiden.dk/adresse/agerlunden-40-2660-broendby-strand-01530002__40_______,Mursten,165,0,R566
agerlunden-40-2660-broendby-strand-01530002__40_______,Agerlunden 40,2660.0,Villa,Free Sale,10-12-2002,645000.0,2,Brøndby Strand,Fjernvarme/blokvarme,/adresse/agerlunden-40-2660-broendby-strand-01530002__40_______,160.0,Betontagsten,5.0,https://www.boligsiden.dk/adresse/agerlunden-40-2660-broendby-strand-01530002__40_______,Mursten,165,0,R567
stenagervej-24-2900-hellerup-01570782__24_______,Stenagervej 24,2900.0,Villa,Other,30-03-2025,7874429.0,2,Hellerup,Varmepumpe,/adresse/stenagervej-24-2900-hellerup-01570782__24_______,89.0,Tegl,4.0,https://www.boligsiden.dk/adresse/stenagervej-24-2900-hellerup-01570782__24_______,Mursten,124.6,0,R568
stenagervej-24-2900-hellerup-01570782__24_______,Stenagervej 24,2900.0,Villa,Free Sale,07-12-2022,4600000.0,2,Hellerup,Varmepumpe,/adresse/stenagervej-24-2900-hellerup-01570782__24_______,89.0,Tegl,4.0,https://www.boligsiden.dk/adresse/stenagervej-24-2900-hellerup-01570782__24_______,Mursten,124.6,0,R569
j-e-pitznersvej-50-2730-herlev-01634136__50_______,J E Pitznersvej 50,2730.0,Villa,Free Sale,30-03-2025,2686000.0,3,Herlev,Centralvarme med én fyringsenhed,/adresse/j-e-pitznersvej-50-2730-herlev-01634136__50_______,111.0,Tegl,5.0,https://www.boligsiden.dk/adresse/j-e-pitznersvej-50-2730-herlev-01634136__50_______,Mursten,140.65,0,R570
j-e-pitznersvej-50-2730-herlev-01634136__50_______,J E Pitznersvej 50,2730.0,Villa,Free Sale,10-10-2021,5495000.0,3,Herlev,Centralvarme med én fyringsenhed,/adresse/j-e-pitznersvej-50-2730-herlev-01634136__50_______,111.0,Tegl,5.0,https://www.boligsiden.dk/adresse/j-e-pitznersvej-50-2730-herlev-01634136__50_______,Mursten,140.65,0,R571
j-e-pitznersvej-50-2730-herlev-01634136__50_______,J E Pitznersvej 50,2730.0,Villa,Free Sale,16-09-2015,2450000.0,3,Herlev,Centralvarme med én fyringsenhed,/adresse/j-e-pitznersvej-50-2730-herlev-01634136__50_______,111.0,Tegl,5.0,https://www.boligsiden.dk/adresse/j-e-pitznersvej-50-2730-herlev-01634136__50_______,Mursten,140.65,0,R572
soendergaards-alle-37-1-th-2760-maaloev-01510802__37__1__th,"Søndergårds Allé 37, 1. th.",2760.0,Ejerlejlighed,Free Sale,29-03-2025,3995000.0,2,Måløv,Fjernvarme/blokvarme,/adresse/soendergaards-alle-37-1-th-2760-maaloev-01510802__37__1__th,93.0,Andet materiale,3.0,https://www.boligsiden.dk/adresse/soendergaards-alle-37-1-th-2760-maaloev-01510802__37__1__th,Mursten,Ikke oplyst,0,R573
soendergaards-alle-37-1-th-2760-maaloev-01510802__37__1__th,"Søndergårds Allé 37, 1. th.",2760.0,Ejerlejlighed,Free Sale,30-03-2015,2150000.0,2,Måløv,Fjernvarme/blokvarme,/adresse/soendergaards-alle-37-1-th-2760-maaloev-01510802__37__1__th,93.0,Andet materiale,3.0,https://www.boligsiden.dk/adresse/soendergaards-alle-37-1-th-2760-maaloev-01510802__37__1__th,Mursten,Ikke oplyst,0,R574
brunevang-92-0-1-2610-roedovre-01750108__92_st___1,"Brunevang 92, st. 1.",2610.0,Ejerlejlighed,Free Sale,29-03-2025,1750000.0,3,Rødovre,Fjernvarme/blokvarme,/adresse/brunevang-92-0-1-2610-roedovre-01750108__92_st___1,40.0,Tagpap med lille hældning,1.0,https://www.boligsiden.dk/adresse/brunevang-92-0-1-2610-roedovre-01750108__92_st___1,Betonelementer,Ikke oplyst,0,R575
brunevang-92-0-1-2610-roedovre-01750108__92_st___1,"Brunevang 92, st. 1.",2610.0,Ejerlejlighed,Free Sale,01-07-2021,1500000.0,3,Rødovre,Fjernvarme/blokvarme,/adresse/brunevang-92-0-1-2610-roedovre-01750108__92_st___1,40.0,Tagpap med lille hældning,1.0,https://www.boligsiden.dk/adresse/brunevang-92-0-1-2610-roedovre-01750108__92_st___1,Betonelementer,Ikke oplyst,0,R576
brunevang-92-0-1-2610-roedovre-01750108__92_st___1,"Brunevang 92, st. 1.",2610.0,Ejerlejlighed,Free Sale,05-12-2019,1199000.0,3,Rødovre,Fjernvarme/blokvarme,/adresse/brunevang-92-0-1-2610-roedovre-01750108__92_st___1,40.0,Tagpap med lille hældning,1.0,https://www.boligsiden.dk/adresse/brunevang-92-0-1-2610-roedovre-01750108__92_st___1,Betonelementer,Ikke oplyst,0,R577
roedovre-parkvej-219-2-tv-2610-roedovre-01750702_219__2__tv,"Rødovre Parkvej 219, 2. tv.",2610.0,Ejerlejlighed,Free Sale,28-03-2025,2625000.0,2,Rødovre,Fjernvarme/blokvarme,/adresse/roedovre-parkvej-219-2-tv-2610-roedovre-01750702_219__2__tv,78.0,Tagpap med stor hældning,3.0,https://www.boligsiden.dk/adresse/roedovre-parkvej-219-2-tv-2610-roedovre-01750702_219__2__tv,Mursten,Ikke oplyst,0,R578
roedovre-parkvej-219-2-tv-2610-roedovre-01750702_219__2__tv,"Rødovre Parkvej 219, 2. tv.",2610.0,Ejerlejlighed,Free Sale,04-02-2013,955000.0,2,Rødovre,Fjernvarme/blokvarme,/adresse/roedovre-parkvej-219-2-tv-2610-roedovre-01750702_219__2__tv,78.0,Tagpap med stor hældning,3.0,https://www.boligsiden.dk/adresse/roedovre-parkvej-219-2-tv-2610-roedovre-01750702_219__2__tv,Mursten,Ikke oplyst,0,R579
ordrup-jagtvej-20a-1-2920-charlottenlund-01570620_20a__1____,"Ordrup Jagtvej 20A, 1.",2920.0,Ejerlejlighed,Free Sale,28-03-2025,8500000.0,1,Charlottenlund,Centralvarme med én fyringsenhed,/adresse/ordrup-jagtvej-20a-1-2920-charlottenlund-01570620_20a__1____,167.0,Tegl,6.0,https://www.boligsiden.dk/adresse/ordrup-jagtvej-20a-1-2920-charlottenlund-01570620_20a__1____,Mursten,Ikke oplyst,0,R580
bonkesvej-6-2-tv-2650-hvidovre-01670985___6__2__tv,"Bonkesvej 6, 2. tv.",2650.0,Ejerlejlighed,Free Sale,28-03-2025,2400000.0,3,Hvidovre,Fjernvarme/blokvarme,/adresse/bonkesvej-6-2-tv-2650-hvidovre-01670985___6__2__tv,67.0,Tegl,3.0,https://www.boligsiden.dk/adresse/bonkesvej-6-2-tv-2650-hvidovre-01670985___6__2__tv,Mursten,Ikke oplyst,0,R581
bonkesvej-6-2-tv-2650-hvidovre-01670985___6__2__tv,"Bonkesvej 6, 2. tv.",2650.0,Ejerlejlighed,Free Sale,11-07-2018,1700000.0,3,Hvidovre,Fjernvarme/blokvarme,/adresse/bonkesvej-6-2-tv-2650-hvidovre-01670985___6__2__tv,67.0,Tegl,3.0,https://www.boligsiden.dk/adresse/bonkesvej-6-2-tv-2650-hvidovre-01670985___6__2__tv,Mursten,Ikke oplyst,0,R582
bonkesvej-6-2-tv-2650-hvidovre-01670985___6__2__tv,"Bonkesvej 6, 2. tv.",2650.0,Ejerlejlighed,Family Sale,03-04-2005,1285000.0,3,Hvidovre,Fjernvarme/blokvarme,/adresse/bonkesvej-6-2-tv-2650-hvidovre-01670985___6__2__tv,67.0,Tegl,3.0,https://www.boligsiden.dk/adresse/bonkesvej-6-2-tv-2650-hvidovre-01670985___6__2__tv,Mursten,Ikke oplyst,0,R583
parcelvej-127-2830-virum-01730640_127_______,Parcelvej 127,2830.0,Villa,Family Sale,27-03-2025,2052026.0,3,Virum,Centralvarme med én fyringsenhed,/adresse/parcelvej-127-2830-virum-01730640_127_______,175.0,Fibercement herunder asbest,6.0,https://www.boligsiden.dk/adresse/parcelvej-127-2830-virum-01730640_127_______,Mursten,183,0,R584
parcelvej-127-2830-virum-01730640_127_______,Parcelvej 127,2830.0,Villa,Free Sale,19-07-2018,4200000.0,3,Virum,Centralvarme med én fyringsenhed,/adresse/parcelvej-127-2830-virum-01730640_127_______,175.0,Fibercement herunder asbest,6.0,https://www.boligsiden.dk/adresse/parcelvej-127-2830-virum-01730640_127_______,Mursten,183,0,R585
parcelvej-127-2830-virum-01730640_127_______,Parcelvej 127,2830.0,Villa,Free Sale,16-06-1995,633400.0,3,Virum,Centralvarme med én fyringsenhed,/adresse/parcelvej-127-2830-virum-01730640_127_______,175.0,Fibercement herunder asbest,6.0,https://www.boligsiden.dk/adresse/parcelvej-127-2830-virum-01730640_127_______,Mursten,183,0,R586
tuborg-havnepark-11-2-th-2900-hellerup-01570899__11__2__th,"Tuborg Havnepark 11, 2. th.",2900.0,Ejerlejlighed,Family Sale,27-03-2025,4590000.0,2,Hellerup,Fjernvarme/blokvarme,/adresse/tuborg-havnepark-11-2-th-2900-hellerup-01570899__11__2__th,155.0,Tagpap med stor hældning,4.0,https://www.boligsiden.dk/adresse/tuborg-havnepark-11-2-th-2900-hellerup-01570899__11__2__th,Mursten,Ikke oplyst,0,R587
tuborg-havnepark-11-2-th-2900-hellerup-01570899__11__2__th,"Tuborg Havnepark 11, 2. th.",2900.0,Ejerlejlighed,Free Sale,03-03-2008,8900000.0,2,Hellerup,Fjernvarme/blokvarme,/adresse/tuborg-havnepark-11-2-th-2900-hellerup-01570899__11__2__th,155.0,Tagpap med stor hældning,4.0,https://www.boligsiden.dk/adresse/tuborg-havnepark-11-2-th-2900-hellerup-01570899__11__2__th,Mursten,Ikke oplyst,0,R588
soesvinget-8-2635-ishoej-01830680___8_______,Søsvinget 8,2635.0,Villa,Free Sale,27-03-2025,4900000.0,3,Ishøj,Centralvarme med én fyringsenhed,/adresse/soesvinget-8-2635-ishoej-01830680___8_______,137.0,Fibercement herunder asbest,5.0,https://www.boligsiden.dk/adresse/soesvinget-8-2635-ishoej-01830680___8_______,Mursten,145.25,0,R589
soesvinget-8-2635-ishoej-01830680___8_______,Søsvinget 8,2635.0,Villa,Free Sale,18-12-2019,3600000.0,3,Ishøj,Centralvarme med én fyringsenhed,/adresse/soesvinget-8-2635-ishoej-01830680___8_______,137.0,Fibercement herunder asbest,5.0,https://www.boligsiden.dk/adresse/soesvinget-8-2635-ishoej-01830680___8_______,Mursten,145.25,0,R590
soesvinget-8-2635-ishoej-01830680___8_______,Søsvinget 8,2635.0,Villa,Free Sale,02-02-1998,1431000.0,3,Ishøj,Centralvarme med én fyringsenhed,/adresse/soesvinget-8-2635-ishoej-01830680___8_______,137.0,Fibercement herunder asbest,5.0,https://www.boligsiden.dk/adresse/soesvinget-8-2635-ishoej-01830680___8_______,Mursten,145.25,0,R591
hallingdal-5-2800-kongens-lyngby-01730315___5_______,Hallingdal 5,2800.0,Rækkehus,Free Sale,27-03-2025,2875000.0,3,Kongens Lyngby,Centralvarme med én fyringsenhed,/adresse/hallingdal-5-2800-kongens-lyngby-01730315___5_______,95.0,Betontagsten,4.0,https://www.boligsiden.dk/adresse/hallingdal-5-2800-kongens-lyngby-01730315___5_______,Mursten,91,0,R592
hallingdal-5-2800-kongens-lyngby-01730315___5_______,Hallingdal 5,2800.0,Rækkehus,Free Sale,23-06-2022,5850000.0,3,Kongens Lyngby,Centralvarme med én fyringsenhed,/adresse/hallingdal-5-2800-kongens-lyngby-01730315___5_______,95.0,Betontagsten,4.0,https://www.boligsiden.dk/adresse/hallingdal-5-2800-kongens-lyngby-01730315___5_______,Mursten,91,0,R593
hallingdal-5-2800-kongens-lyngby-01730315___5_______,Hallingdal 5,2800.0,Rækkehus,Free Sale,09-01-2014,3200000.0,3,Kongens Lyngby,Centralvarme med én fyringsenhed,/adresse/hallingdal-5-2800-kongens-lyngby-01730315___5_______,95.0,Betontagsten,4.0,https://www.boligsiden.dk/adresse/hallingdal-5-2800-kongens-lyngby-01730315___5_______,Mursten,91,0,R594
niels-finsens-alle-100-4-g-2860-soeborg-01590604_100__4___g,"Niels Finsens Alle 100, 4. g.",2860.0,Ejerlejlighed,Free Sale,27-03-2025,2450000.0,3,Søborg,Fjernvarme/blokvarme,/adresse/niels-finsens-alle-100-4-g-2860-soeborg-01590604_100__4___g,68.0,Tagpap med lille hældning,2.0,https://www.boligsiden.dk/adresse/niels-finsens-alle-100-4-g-2860-soeborg-01590604_100__4___g,Mursten,Ikke oplyst,0,R595
niels-finsens-alle-100-4-g-2860-soeborg-01590604_100__4___g,"Niels Finsens Alle 100, 4. g.",2860.0,Ejerlejlighed,Free Sale,16-07-2007,1540000.0,3,Søborg,Fjernvarme/blokvarme,/adresse/niels-finsens-alle-100-4-g-2860-soeborg-01590604_100__4___g,68.0,Tagpap med lille hældning,2.0,https://www.boligsiden.dk/adresse/niels-finsens-alle-100-4-g-2860-soeborg-01590604_100__4___g,Mursten,Ikke oplyst,0,R596
niels-finsens-alle-100-4-g-2860-soeborg-01590604_100__4___g,"Niels Finsens Alle 100, 4. g.",2860.0,Ejerlejlighed,Free Sale,09-08-2004,970000.0,3,Søborg,Fjernvarme/blokvarme,/adresse/niels-finsens-alle-100-4-g-2860-soeborg-01590604_100__4___g,68.0,Tagpap med lille hældning,2.0,https://www.boligsiden.dk/adresse/niels-finsens-alle-100-4-g-2860-soeborg-01590604_100__4___g,Mursten,Ikke oplyst,0,R597
bagsvaerd-hovedgade-99-14-c-2880-bagsvaerd-01590039__99_14___c,"Bagsværd Hovedgade 99, 14. c.",2880.0,Ejerlejlighed,Free Sale,27-03-2025,1150000.0,3,Bagsværd,Fjernvarme/blokvarme,/adresse/bagsvaerd-hovedgade-99-14-c-2880-bagsvaerd-01590039__99_14___c,49.0,Tagpap med stor hældning,1.0,https://www.boligsiden.dk/adresse/bagsvaerd-hovedgade-99-14-c-2880-bagsvaerd-01590039__99_14___c,Betonelementer,Ikke oplyst,0,R598
bagsvaerd-hovedgade-99-14-c-2880-bagsvaerd-01590039__99_14___c,"Bagsværd Hovedgade 99, 14. c.",2880.0,Ejerlejlighed,Free Sale,06-03-2019,950000.0,3,Bagsværd,Fjernvarme/blokvarme,/adresse/bagsvaerd-hovedgade-99-14-c-2880-bagsvaerd-01590039__99_14___c,49.0,Tagpap med stor hældning,1.0,https://www.boligsiden.dk/adresse/bagsvaerd-hovedgade-99-14-c-2880-bagsvaerd-01590039__99_14___c,Betonelementer,Ikke oplyst,0,R599
bagsvaerd-hovedgade-99-14-c-2880-bagsvaerd-01590039__99_14___c,"Bagsværd Hovedgade 99, 14. c.",2880.0,Ejerlejlighed,Free Sale,06-10-2003,595000.0,3,Bagsværd,Fjernvarme/blokvarme,/adresse/bagsvaerd-hovedgade-99-14-c-2880-bagsvaerd-01590039__99_14___c,49.0,Tagpap med stor hældning,1.0,https://www.boligsiden.dk/adresse/bagsvaerd-hovedgade-99-14-c-2880-bagsvaerd-01590039__99_14___c,Betonelementer,Ikke oplyst,0,R600
clarasvej-1d-0-2-2920-charlottenlund-01570122__1d_st___2,"Clarasvej 1D, st. 2.",2920.0,Ejerlejlighed,Free Sale,27-03-2025,2550000.0,3,Charlottenlund,Fjernvarme/blokvarme,/adresse/clarasvej-1d-0-2-2920-charlottenlund-01570122__1d_st___2,54.0,Tagpap med stor hældning,2.0,https://www.boligsiden.dk/adresse/clarasvej-1d-0-2-2920-charlottenlund-01570122__1d_st___2,Mursten,Ikke oplyst,0,R601
clarasvej-1d-0-2-2920-charlottenlund-01570122__1d_st___2,"Clarasvej 1D, st. 2.",2920.0,Ejerlejlighed,Free Sale,04-04-2021,2550000.0,3,Charlottenlund,Fjernvarme/blokvarme,/adresse/clarasvej-1d-0-2-2920-charlottenlund-01570122__1d_st___2,54.0,Tagpap med stor hældning,2.0,https://www.boligsiden.dk/adresse/clarasvej-1d-0-2-2920-charlottenlund-01570122__1d_st___2,Mursten,Ikke oplyst,0,R602
clarasvej-1d-0-2-2920-charlottenlund-01570122__1d_st___2,"Clarasvej 1D, st. 2.",2920.0,Ejerlejlighed,Free Sale,30-10-2020,1818000.0,3,Charlottenlund,Fjernvarme/blokvarme,/adresse/clarasvej-1d-0-2-2920-charlottenlund-01570122__1d_st___2,54.0,Tagpap med stor hældning,2.0,https://www.boligsiden.dk/adresse/clarasvej-1d-0-2-2920-charlottenlund-01570122__1d_st___2,Mursten,Ikke oplyst,0,R603
kamstrupvej-119a-2610-roedovre-01750425119a_______,Kamstrupvej 119A,2610.0,Villa,Free Sale,27-03-2025,10600000.0,2,Rødovre,Varmepumpe,/adresse/kamstrupvej-119a-2610-roedovre-01750425119a_______,159.0,Tagpap med lille hældning,6.0,https://www.boligsiden.dk/adresse/kamstrupvej-119a-2610-roedovre-01750425119a_______,Mursten,205,0,R604
kamstrupvej-119a-2610-roedovre-01750425119a_______,Kamstrupvej 119A,2610.0,Villa,Free Sale,05-05-2021,3850000.0,2,Rødovre,Varmepumpe,/adresse/kamstrupvej-119a-2610-roedovre-01750425119a_______,159.0,Tagpap med lille hældning,6.0,https://www.boligsiden.dk/adresse/kamstrupvej-119a-2610-roedovre-01750425119a_______,Mursten,205,0,R605
gyngemose-parkvej-22-1-tv-2860-soeborg-01590259__22__1__tv,"Gyngemose Parkvej 22, 1. tv.",2860.0,Ejerlejlighed,Free Sale,27-03-2025,3560000.0,1,Søborg,Fjernvarme/blokvarme,/adresse/gyngemose-parkvej-22-1-tv-2860-soeborg-01590259__22__1__tv,99.0,Tagpap med lille hældning,4.0,https://www.boligsiden.dk/adresse/gyngemose-parkvej-22-1-tv-2860-soeborg-01590259__22__1__tv,Mursten,Ikke oplyst,0,R606
peter-lunds-vej-12a-2800-kongens-lyngby-01730649_12a_______,Peter Lunds Vej 12A,2800.0,Villa,Free Sale,27-03-2025,2900000.0,1,Kongens Lyngby,Fjernvarme/blokvarme,/adresse/peter-lunds-vej-12a-2800-kongens-lyngby-01730649_12a_______,41.0,Stråtag,2.0,https://www.boligsiden.dk/adresse/peter-lunds-vej-12a-2800-kongens-lyngby-01730649_12a_______,Bindingsværk,Ikke oplyst,0,R607
bagsvaerd-hovedgade-99-2-b-2880-bagsvaerd-01590039__99__2___b,"Bagsværd Hovedgade 99, 2. b.",2880.0,Ejerlejlighed,Free Sale,27-03-2025,1050000.0,3,Bagsværd,Fjernvarme/blokvarme,/adresse/bagsvaerd-hovedgade-99-2-b-2880-bagsvaerd-01590039__99__2___b,48.0,Tagpap med stor hældning,1.0,https://www.boligsiden.dk/adresse/bagsvaerd-hovedgade-99-2-b-2880-bagsvaerd-01590039__99__2___b,Betonelementer,Ikke oplyst,0,R608
bagsvaerd-hovedgade-99-2-b-2880-bagsvaerd-01590039__99__2___b,"Bagsværd Hovedgade 99, 2. b.",2880.0,Ejerlejlighed,Free Sale,06-04-2018,1050000.0,3,Bagsværd,Fjernvarme/blokvarme,/adresse/bagsvaerd-hovedgade-99-2-b-2880-bagsvaerd-01590039__99__2___b,48.0,Tagpap med stor hældning,1.0,https://www.boligsiden.dk/adresse/bagsvaerd-hovedgade-99-2-b-2880-bagsvaerd-01590039__99__2___b,Betonelementer,Ikke oplyst,0,R609
bagsvaerd-hovedgade-99-2-b-2880-bagsvaerd-01590039__99__2___b,"Bagsværd Hovedgade 99, 2. b.",2880.0,Ejerlejlighed,Free Sale,09-11-2011,335000.0,3,Bagsværd,Fjernvarme/blokvarme,/adresse/bagsvaerd-hovedgade-99-2-b-2880-bagsvaerd-01590039__99__2___b,48.0,Tagpap med stor hældning,1.0,https://www.boligsiden.dk/adresse/bagsvaerd-hovedgade-99-2-b-2880-bagsvaerd-01590039__99__2___b,Betonelementer,Ikke oplyst,0,R610
stroebyvej-34-2650-hvidovre-01678214__34_______,Strøbyvej 34,2650.0,Villa,Free Sale,26-03-2025,7800000.0,3,Hvidovre,Elvarme,/adresse/stroebyvej-34-2650-hvidovre-01678214__34_______,181.0,Betontagsten,6.0,https://www.boligsiden.dk/adresse/stroebyvej-34-2650-hvidovre-01678214__34_______,Mursten,181,0,R611
stroebyvej-34-2650-hvidovre-01678214__34_______,Strøbyvej 34,2650.0,Villa,Other,12-02-1993,2500000.0,3,Hvidovre,Elvarme,/adresse/stroebyvej-34-2650-hvidovre-01678214__34_______,181.0,Betontagsten,6.0,https://www.boligsiden.dk/adresse/stroebyvej-34-2650-hvidovre-01678214__34_______,Mursten,181,0,R612
bagsvaerd-hovedgade-116a-13-e-2880-bagsvaerd-01590039116a_13___e,"Bagsværd Hovedgade 116A, 13. e.",2880.0,Ejerlejlighed,Free Sale,26-03-2025,2950000.0,3,Bagsværd,Fjernvarme/blokvarme,/adresse/bagsvaerd-hovedgade-116a-13-e-2880-bagsvaerd-01590039116a_13___e,91.0,Tagpap med lille hældning,3.0,https://www.boligsiden.dk/adresse/bagsvaerd-hovedgade-116a-13-e-2880-bagsvaerd-01590039116a_13___e,Letbetonsten,Ikke oplyst,0,R613
bagsvaerd-hovedgade-116a-13-e-2880-bagsvaerd-01590039116a_13___e,"Bagsværd Hovedgade 116A, 13. e.",2880.0,Ejerlejlighed,Free Sale,25-03-2021,2850000.0,3,Bagsværd,Fjernvarme/blokvarme,/adresse/bagsvaerd-hovedgade-116a-13-e-2880-bagsvaerd-01590039116a_13___e,91.0,Tagpap med lille hældning,3.0,https://www.boligsiden.dk/adresse/bagsvaerd-hovedgade-116a-13-e-2880-bagsvaerd-01590039116a_13___e,Letbetonsten,Ikke oplyst,0,R614
bagsvaerd-hovedgade-116a-13-e-2880-bagsvaerd-01590039116a_13___e,"Bagsværd Hovedgade 116A, 13. e.",2880.0,Ejerlejlighed,Free Sale,02-09-2016,1895000.0,3,Bagsværd,Fjernvarme/blokvarme,/adresse/bagsvaerd-hovedgade-116a-13-e-2880-bagsvaerd-01590039116a_13___e,91.0,Tagpap med lille hældning,3.0,https://www.boligsiden.dk/adresse/bagsvaerd-hovedgade-116a-13-e-2880-bagsvaerd-01590039116a_13___e,Letbetonsten,Ikke oplyst,0,R615
nordre-ringvej-12-1-tv-2600-glostrup-01610358__12__1__tv,"Nordre Ringvej 12, 1. tv.",2600.0,Ejerlejlighed,Free Sale,26-03-2025,2000000.0,2,Glostrup,Fjernvarme/blokvarme,/adresse/nordre-ringvej-12-1-tv-2600-glostrup-01610358__12__1__tv,57.0,Tegl,3.0,https://www.boligsiden.dk/adresse/nordre-ringvej-12-1-tv-2600-glostrup-01610358__12__1__tv,Mursten,Ikke oplyst,0,R616
nordre-ringvej-12-1-tv-2600-glostrup-01610358__12__1__tv,"Nordre Ringvej 12, 1. tv.",2600.0,Ejerlejlighed,Free Sale,18-10-2023,1375000.0,2,Glostrup,Fjernvarme/blokvarme,/adresse/nordre-ringvej-12-1-tv-2600-glostrup-01610358__12__1__tv,57.0,Tegl,3.0,https://www.boligsiden.dk/adresse/nordre-ringvej-12-1-tv-2600-glostrup-01610358__12__1__tv,Mursten,Ikke oplyst,0,R617
stengaards-alle-199-1-4-2860-soeborg-01590810_199__1___4,"Stengårds Alle 199, 1. 4.",2860.0,Ejerlejlighed,Free Sale,26-03-2025,3815000.0,3,Søborg,Centralvarme med én fyringsenhed,/adresse/stengaards-alle-199-1-4-2860-soeborg-01590810_199__1___4,99.0,Tagpap med lille hældning,3.0,https://www.boligsiden.dk/adresse/stengaards-alle-199-1-4-2860-soeborg-01590810_199__1___4,Mursten,Ikke oplyst,0,R618
stengaards-alle-199-1-4-2860-soeborg-01590810_199__1___4,"Stengårds Alle 199, 1. 4.",2860.0,Ejerlejlighed,Free Sale,06-10-2023,3400000.0,3,Søborg,Centralvarme med én fyringsenhed,/adresse/stengaards-alle-199-1-4-2860-soeborg-01590810_199__1___4,99.0,Tagpap med lille hældning,3.0,https://www.boligsiden.dk/adresse/stengaards-alle-199-1-4-2860-soeborg-01590810_199__1___4,Mursten,Ikke oplyst,0,R619
stengaards-alle-199-1-4-2860-soeborg-01590810_199__1___4,"Stengårds Alle 199, 1. 4.",2860.0,Ejerlejlighed,Free Sale,11-03-2016,2525000.0,3,Søborg,Centralvarme med én fyringsenhed,/adresse/stengaards-alle-199-1-4-2860-soeborg-01590810_199__1___4,99.0,Tagpap med lille hældning,3.0,https://www.boligsiden.dk/adresse/stengaards-alle-199-1-4-2860-soeborg-01590810_199__1___4,Mursten,Ikke oplyst,0,R620
esperance-alle-10a-0-tv-2920-charlottenlund-01570215_10a_st__tv,"Esperance Alle 10A, st. tv.",2920.0,Ejerlejlighed,Free Sale,26-03-2025,15900000.0,3,Charlottenlund,Centralvarme med én fyringsenhed,/adresse/esperance-alle-10a-0-tv-2920-charlottenlund-01570215_10a_st__tv,176.0,Tagpap med stor hældning,5.0,https://www.boligsiden.dk/adresse/esperance-alle-10a-0-tv-2920-charlottenlund-01570215_10a_st__tv,Mursten,Ikke oplyst,0,R621
esperance-alle-10a-0-tv-2920-charlottenlund-01570215_10a_st__tv,"Esperance Alle 10A, st. tv.",2920.0,Ejerlejlighed,Free Sale,04-03-2015,7500000.0,3,Charlottenlund,Centralvarme med én fyringsenhed,/adresse/esperance-alle-10a-0-tv-2920-charlottenlund-01570215_10a_st__tv,176.0,Tagpap med stor hældning,5.0,https://www.boligsiden.dk/adresse/esperance-alle-10a-0-tv-2920-charlottenlund-01570215_10a_st__tv,Mursten,Ikke oplyst,0,R622
esperance-alle-10a-0-tv-2920-charlottenlund-01570215_10a_st__tv,"Esperance Alle 10A, st. tv.",2920.0,Ejerlejlighed,Free Sale,11-05-2000,3650000.0,3,Charlottenlund,Centralvarme med én fyringsenhed,/adresse/esperance-alle-10a-0-tv-2920-charlottenlund-01570215_10a_st__tv,176.0,Tagpap med stor hældning,5.0,https://www.boligsiden.dk/adresse/esperance-alle-10a-0-tv-2920-charlottenlund-01570215_10a_st__tv,Mursten,Ikke oplyst,0,R623
hoejagerparken-69-0-2750-ballerup-01510158__69_st____,"Højagerparken 69, st.",2750.0,Ejerlejlighed,Free Sale,26-03-2025,1350000.0,1,Ballerup,Fjernvarme/blokvarme,/adresse/hoejagerparken-69-0-2750-ballerup-01510158__69_st____,55.0,Tagpap med lille hældning,1.0,https://www.boligsiden.dk/adresse/hoejagerparken-69-0-2750-ballerup-01510158__69_st____,Mursten,Ikke oplyst,0,R624
jyllingevej-268-2610-roedovre-01750415_268_______,Jyllingevej 268,2610.0,Villa,Free Sale,26-03-2025,3650000.0,3,Rødovre,Varmepumpe,/adresse/jyllingevej-268-2610-roedovre-01750415_268_______,76.0,Fibercement herunder asbest,3.0,https://www.boligsiden.dk/adresse/jyllingevej-268-2610-roedovre-01750415_268_______,Mursten,109.15,0,R625
jyllingevej-268-2610-roedovre-01750415_268_______,Jyllingevej 268,2610.0,Villa,Free Sale,15-09-2022,2500000.0,3,Rødovre,Varmepumpe,/adresse/jyllingevej-268-2610-roedovre-01750415_268_______,76.0,Fibercement herunder asbest,3.0,https://www.boligsiden.dk/adresse/jyllingevej-268-2610-roedovre-01750415_268_______,Mursten,109.15,0,R626
taarnvej-151f-1-2610-roedovre-01750897151f__1____,"Tårnvej 151F, 1.",2610.0,Ejerlejlighed,Free Sale,26-03-2025,2295000.0,3,Rødovre,Fjernvarme/blokvarme,/adresse/taarnvej-151f-1-2610-roedovre-01750897151f__1____,72.0,Tagpap med stor hældning,3.0,https://www.boligsiden.dk/adresse/taarnvej-151f-1-2610-roedovre-01750897151f__1____,Mursten,Ikke oplyst,0,R627
taarnvej-151f-1-2610-roedovre-01750897151f__1____,"Tårnvej 151F, 1.",2610.0,Ejerlejlighed,Free Sale,19-07-2017,1720000.0,3,Rødovre,Fjernvarme/blokvarme,/adresse/taarnvej-151f-1-2610-roedovre-01750897151f__1____,72.0,Tagpap med stor hældning,3.0,https://www.boligsiden.dk/adresse/taarnvej-151f-1-2610-roedovre-01750897151f__1____,Mursten,Ikke oplyst,0,R628
taarnvej-151f-1-2610-roedovre-01750897151f__1____,"Tårnvej 151F, 1.",2610.0,Ejerlejlighed,Free Sale,29-07-2005,1450000.0,3,Rødovre,Fjernvarme/blokvarme,/adresse/taarnvej-151f-1-2610-roedovre-01750897151f__1____,72.0,Tagpap med stor hældning,3.0,https://www.boligsiden.dk/adresse/taarnvej-151f-1-2610-roedovre-01750897151f__1____,Mursten,Ikke oplyst,0,R629
bolystvej-13-2650-hvidovre-01670955__13_______,Bolystvej 13,2650.0,Rækkehus,Free Sale,25-03-2025,3995000.0,1,Hvidovre,Fjernvarme/blokvarme,/adresse/bolystvej-13-2650-hvidovre-01670955__13_______,68.0,Tagpap med stor hældning,3.0,https://www.boligsiden.dk/adresse/bolystvej-13-2650-hvidovre-01670955__13_______,Mursten,82,0,R630
ulrikkenborg-alle-39-0-th-2800-kongens-lyngby-01730831__39_st__th,"Ulrikkenborg Alle 39, st. th.",2800.0,Ejerlejlighed,Free Sale,25-03-2025,2030000.0,3,Kongens Lyngby,Fjernvarme/blokvarme,/adresse/ulrikkenborg-alle-39-0-th-2800-kongens-lyngby-01730831__39_st__th,57.0,Tagpap med stor hældning,2.0,https://www.boligsiden.dk/adresse/ulrikkenborg-alle-39-0-th-2800-kongens-lyngby-01730831__39_st__th,Mursten,Ikke oplyst,0,R631
ulrikkenborg-alle-39-0-th-2800-kongens-lyngby-01730831__39_st__th,"Ulrikkenborg Alle 39, st. th.",2800.0,Ejerlejlighed,Free Sale,02-01-2020,1450000.0,3,Kongens Lyngby,Fjernvarme/blokvarme,/adresse/ulrikkenborg-alle-39-0-th-2800-kongens-lyngby-01730831__39_st__th,57.0,Tagpap med stor hældning,2.0,https://www.boligsiden.dk/adresse/ulrikkenborg-alle-39-0-th-2800-kongens-lyngby-01730831__39_st__th,Mursten,Ikke oplyst,0,R632
ulrikkenborg-alle-39-0-th-2800-kongens-lyngby-01730831__39_st__th,"Ulrikkenborg Alle 39, st. th.",2800.0,Ejerlejlighed,Free Sale,28-02-2017,1525000.0,3,Kongens Lyngby,Fjernvarme/blokvarme,/adresse/ulrikkenborg-alle-39-0-th-2800-kongens-lyngby-01730831__39_st__th,57.0,Tagpap med stor hældning,2.0,https://www.boligsiden.dk/adresse/ulrikkenborg-alle-39-0-th-2800-kongens-lyngby-01730831__39_st__th,Mursten,Ikke oplyst,0,R633
taarbaek-strandvej-55b-2930-klampenborg-01730970_55b_______,Taarbæk Strandvej 55B,2930.0,Villa,Family Sale,25-03-2025,13000000.0,3,Klampenborg,Centralvarme med én fyringsenhed,/adresse/taarbaek-strandvej-55b-2930-klampenborg-01730970_55b_______,138.0,Tegl,4.0,https://www.boligsiden.dk/adresse/taarbaek-strandvej-55b-2930-klampenborg-01730970_55b_______,Mursten,143.85,0,R634
taarbaek-strandvej-55b-2930-klampenborg-01730970_55b_______,Taarbæk Strandvej 55B,2930.0,Villa,Family Sale,04-03-2020,4700000.0,3,Klampenborg,Centralvarme med én fyringsenhed,/adresse/taarbaek-strandvej-55b-2930-klampenborg-01730970_55b_______,138.0,Tegl,4.0,https://www.boligsiden.dk/adresse/taarbaek-strandvej-55b-2930-klampenborg-01730970_55b_______,Mursten,143.85,0,R635
taarbaek-strandvej-55b-2930-klampenborg-01730970_55b_______,Taarbæk Strandvej 55B,2930.0,Villa,Free Sale,18-02-2009,4500000.0,3,Klampenborg,Centralvarme med én fyringsenhed,/adresse/taarbaek-strandvej-55b-2930-klampenborg-01730970_55b_______,138.0,Tegl,4.0,https://www.boligsiden.dk/adresse/taarbaek-strandvej-55b-2930-klampenborg-01730970_55b_______,Mursten,143.85,0,R636
soendertoften-157-2630-taastrup-01698121_157_______,Søndertoften 157,2630.0,Rækkehus,Free Sale,25-03-2025,2896000.0,1,Taastrup,Fjernvarme/blokvarme,/adresse/soendertoften-157-2630-taastrup-01698121_157_______,134.0,Fibercement herunder asbest,6.0,https://www.boligsiden.dk/adresse/soendertoften-157-2630-taastrup-01698121_157_______,Mursten,129.3,0,R637
bellevuevej-1-0-th-2930-klampenborg-01570046___1_st__th,"Bellevuevej 1, st. th.",2930.0,Ejerlejlighed,Free Sale,25-03-2025,7350000.0,3,Klampenborg,Centralvarme med én fyringsenhed,/adresse/bellevuevej-1-0-th-2930-klampenborg-01570046___1_st__th,97.0,Tagpap med stor hældning,3.0,https://www.boligsiden.dk/adresse/bellevuevej-1-0-th-2930-klampenborg-01570046___1_st__th,Mursten,Ikke oplyst,0,R638
bellevuevej-1-0-th-2930-klampenborg-01570046___1_st__th,"Bellevuevej 1, st. th.",2930.0,Ejerlejlighed,Free Sale,02-01-2005,3400000.0,3,Klampenborg,Centralvarme med én fyringsenhed,/adresse/bellevuevej-1-0-th-2930-klampenborg-01570046___1_st__th,97.0,Tagpap med stor hældning,3.0,https://www.boligsiden.dk/adresse/bellevuevej-1-0-th-2930-klampenborg-01570046___1_st__th,Mursten,Ikke oplyst,0,R639
bellevuevej-1-0-th-2930-klampenborg-01570046___1_st__th,"Bellevuevej 1, st. th.",2930.0,Ejerlejlighed,Free Sale,29-03-1999,1950000.0,3,Klampenborg,Centralvarme med én fyringsenhed,/adresse/bellevuevej-1-0-th-2930-klampenborg-01570046___1_st__th,97.0,Tagpap med stor hældning,3.0,https://www.boligsiden.dk/adresse/bellevuevej-1-0-th-2930-klampenborg-01570046___1_st__th,Mursten,Ikke oplyst,0,R640
brandholms-alle-32f-2-2610-roedovre-01750085_32f__2____,"Brandholms Alle 32F, 2.",2610.0,Ejerlejlighed,Free Sale,25-03-2025,1856500.0,3,Rødovre,Fjernvarme/blokvarme,/adresse/brandholms-alle-32f-2-2610-roedovre-01750085_32f__2____,58.0,Tagpap med stor hældning,2.0,https://www.boligsiden.dk/adresse/brandholms-alle-32f-2-2610-roedovre-01750085_32f__2____,Mursten,Ikke oplyst,0,R641
brandholms-alle-32f-2-2610-roedovre-01750085_32f__2____,"Brandholms Alle 32F, 2.",2610.0,Ejerlejlighed,Free Sale,25-11-2019,1550000.0,3,Rødovre,Fjernvarme/blokvarme,/adresse/brandholms-alle-32f-2-2610-roedovre-01750085_32f__2____,58.0,Tagpap med stor hældning,2.0,https://www.boligsiden.dk/adresse/brandholms-alle-32f-2-2610-roedovre-01750085_32f__2____,Mursten,Ikke oplyst,0,R642
brandholms-alle-32f-2-2610-roedovre-01750085_32f__2____,"Brandholms Alle 32F, 2.",2610.0,Ejerlejlighed,Free Sale,24-04-2012,740000.0,3,Rødovre,Fjernvarme/blokvarme,/adresse/brandholms-alle-32f-2-2610-roedovre-01750085_32f__2____,58.0,Tagpap med stor hældning,2.0,https://www.boligsiden.dk/adresse/brandholms-alle-32f-2-2610-roedovre-01750085_32f__2____,Mursten,Ikke oplyst,0,R643
agerskovvej-4k-2-2610-roedovre-01750007__4k__2____,"Agerskovvej 4K, 2.",2610.0,Ejerlejlighed,Free Sale,25-03-2025,2000000.0,2,Rødovre,Fjernvarme/blokvarme,/adresse/agerskovvej-4k-2-2610-roedovre-01750007__4k__2____,70.0,Tagpap med lille hældning,2.0,https://www.boligsiden.dk/adresse/agerskovvej-4k-2-2610-roedovre-01750007__4k__2____,Betonelementer,Ikke oplyst,0,R644
agerskovvej-4k-2-2610-roedovre-01750007__4k__2____,"Agerskovvej 4K, 2.",2610.0,Ejerlejlighed,Free Sale,09-02-1997,475000.0,2,Rødovre,Fjernvarme/blokvarme,/adresse/agerskovvej-4k-2-2610-roedovre-01750007__4k__2____,70.0,Tagpap med lille hældning,2.0,https://www.boligsiden.dk/adresse/agerskovvej-4k-2-2610-roedovre-01750007__4k__2____,Betonelementer,Ikke oplyst,0,R645
granvej-107-4-6-2880-bagsvaerd-01590226_107__4___6,"Granvej 107, 4. 6.",2880.0,Ejerlejlighed,Free Sale,24-03-2025,5395000.0,1,Bagsværd,Fjernvarme/blokvarme,/adresse/granvej-107-4-6-2880-bagsvaerd-01590226_107__4___6,115.0,Levende tage,4.0,https://www.boligsiden.dk/adresse/granvej-107-4-6-2880-bagsvaerd-01590226_107__4___6,Betonelementer,Ikke oplyst,0,R646
hoejagerparken-34-2-tv-2750-ballerup-01510158__34__2__tv,"Højagerparken 34, 2. tv.",2750.0,Ejerlejlighed,Free Sale,24-03-2025,2275000.0,2,Ballerup,Fjernvarme/blokvarme,/adresse/hoejagerparken-34-2-tv-2750-ballerup-01510158__34__2__tv,74.0,Tagpap med lille hældning,3.0,https://www.boligsiden.dk/adresse/hoejagerparken-34-2-tv-2750-ballerup-01510158__34__2__tv,Mursten,Ikke oplyst,0,R647
hoejagerparken-34-2-tv-2750-ballerup-01510158__34__2__tv,"Højagerparken 34, 2. tv.",2750.0,Ejerlejlighed,Free Sale,19-01-2012,1050000.0,2,Ballerup,Fjernvarme/blokvarme,/adresse/hoejagerparken-34-2-tv-2750-ballerup-01510158__34__2__tv,74.0,Tagpap med lille hældning,3.0,https://www.boligsiden.dk/adresse/hoejagerparken-34-2-tv-2750-ballerup-01510158__34__2__tv,Mursten,Ikke oplyst,0,R648
gyngemose-parkvej-49-2-tv-2860-soeborg-01590259__49__2__tv,"Gyngemose Parkvej 49, 2. tv.",2860.0,Ejerlejlighed,Free Sale,24-03-2025,3300000.0,1,Søborg,Fjernvarme/blokvarme,/adresse/gyngemose-parkvej-49-2-tv-2860-soeborg-01590259__49__2__tv,109.0,Tagpap med lille hældning,5.0,https://www.boligsiden.dk/adresse/gyngemose-parkvej-49-2-tv-2860-soeborg-01590259__49__2__tv,Mursten,Ikke oplyst,0,R649
herthavej-5f-1-tv-2920-charlottenlund-01570345__5f__1__tv,"Herthavej 5F, 1. tv.",2920.0,Ejerlejlighed,Free Sale,24-03-2025,7900000.0,3,Charlottenlund,Fjernvarme/blokvarme,/adresse/herthavej-5f-1-tv-2920-charlottenlund-01570345__5f__1__tv,104.0,Tagpap med lille hældning,3.0,https://www.boligsiden.dk/adresse/herthavej-5f-1-tv-2920-charlottenlund-01570345__5f__1__tv,Mursten,Ikke oplyst,0,R650
herthavej-5f-1-tv-2920-charlottenlund-01570345__5f__1__tv,"Herthavej 5F, 1. tv.",2920.0,Ejerlejlighed,Free Sale,04-07-2013,3700000.0,3,Charlottenlund,Fjernvarme/blokvarme,/adresse/herthavej-5f-1-tv-2920-charlottenlund-01570345__5f__1__tv,104.0,Tagpap med lille hældning,3.0,https://www.boligsiden.dk/adresse/herthavej-5f-1-tv-2920-charlottenlund-01570345__5f__1__tv,Mursten,Ikke oplyst,0,R651
herthavej-5f-1-tv-2920-charlottenlund-01570345__5f__1__tv,"Herthavej 5F, 1. tv.",2920.0,Ejerlejlighed,Free Sale,05-07-2007,4100000.0,3,Charlottenlund,Fjernvarme/blokvarme,/adresse/herthavej-5f-1-tv-2920-charlottenlund-01570345__5f__1__tv,104.0,Tagpap med lille hældning,3.0,https://www.boligsiden.dk/adresse/herthavej-5f-1-tv-2920-charlottenlund-01570345__5f__1__tv,Mursten,Ikke oplyst,0,R652
knudslundvej-30a-2605-broendby-01530351_30a_______,Knudslundvej 30A,2605.0,Rækkehus,Free Sale,24-03-2025,3525000.0,3,Brøndby,Centralvarme med to fyringsenheder,/adresse/knudslundvej-30a-2605-broendby-01530351_30a_______,89.0,Tegl,3.0,https://www.boligsiden.dk/adresse/knudslundvej-30a-2605-broendby-01530351_30a_______,Mursten,Ikke oplyst,0,R653
knudslundvej-30a-2605-broendby-01530351_30a_______,Knudslundvej 30A,2605.0,Rækkehus,Free Sale,25-11-2022,2850000.0,3,Brøndby,Centralvarme med to fyringsenheder,/adresse/knudslundvej-30a-2605-broendby-01530351_30a_______,89.0,Tegl,3.0,https://www.boligsiden.dk/adresse/knudslundvej-30a-2605-broendby-01530351_30a_______,Mursten,Ikke oplyst,0,R654
knudslundvej-30a-2605-broendby-01530351_30a_______,Knudslundvej 30A,2605.0,Rækkehus,Free Sale,13-04-2010,2000000.0,3,Brøndby,Centralvarme med to fyringsenheder,/adresse/knudslundvej-30a-2605-broendby-01530351_30a_______,89.0,Tegl,3.0,https://www.boligsiden.dk/adresse/knudslundvej-30a-2605-broendby-01530351_30a_______,Mursten,Ikke oplyst,0,R655
lidsoevej-33-2730-herlev-01635514__33_______,Lidsøvej 33,2730.0,Villa,Free Sale,24-03-2025,4600000.0,2,Herlev,Centralvarme med én fyringsenhed,/adresse/lidsoevej-33-2730-herlev-01635514__33_______,100.0,Fibercement herunder asbest,4.0,https://www.boligsiden.dk/adresse/lidsoevej-33-2730-herlev-01635514__33_______,Mursten,102.7,0,R656
lidsoevej-33-2730-herlev-01635514__33_______,Lidsøvej 33,2730.0,Villa,Free Sale,25-03-1998,1244452.0,2,Herlev,Centralvarme med én fyringsenhed,/adresse/lidsoevej-33-2730-herlev-01635514__33_______,100.0,Fibercement herunder asbest,4.0,https://www.boligsiden.dk/adresse/lidsoevej-33-2730-herlev-01635514__33_______,Mursten,102.7,0,R657
soeborg-hovedgade-199-2-4-2860-soeborg-01590841_199__2___4,"Søborg Hovedgade 199, 2. 4.",2860.0,Ejerlejlighed,Free Sale,24-03-2025,2820000.0,3,Søborg,Fjernvarme/blokvarme,/adresse/soeborg-hovedgade-199-2-4-2860-soeborg-01590841_199__2___4,81.0,Tagpap med stor hældning,3.0,https://www.boligsiden.dk/adresse/soeborg-hovedgade-199-2-4-2860-soeborg-01590841_199__2___4,Mursten,Ikke oplyst,0,R658
soeborg-hovedgade-199-2-4-2860-soeborg-01590841_199__2___4,"Søborg Hovedgade 199, 2. 4.",2860.0,Ejerlejlighed,Free Sale,23-03-2021,2600000.0,3,Søborg,Fjernvarme/blokvarme,/adresse/soeborg-hovedgade-199-2-4-2860-soeborg-01590841_199__2___4,81.0,Tagpap med stor hældning,3.0,https://www.boligsiden.dk/adresse/soeborg-hovedgade-199-2-4-2860-soeborg-01590841_199__2___4,Mursten,Ikke oplyst,0,R659
soeborg-hovedgade-199-2-4-2860-soeborg-01590841_199__2___4,"Søborg Hovedgade 199, 2. 4.",2860.0,Ejerlejlighed,Free Sale,11-08-2014,1380000.0,3,Søborg,Fjernvarme/blokvarme,/adresse/soeborg-hovedgade-199-2-4-2860-soeborg-01590841_199__2___4,81.0,Tagpap med stor hældning,3.0,https://www.boligsiden.dk/adresse/soeborg-hovedgade-199-2-4-2860-soeborg-01590841_199__2___4,Mursten,Ikke oplyst,0,R660
gyngemose-parkvej-22-5-th-2860-soeborg-01590259__22__5__th,"Gyngemose Parkvej 22, 5. th.",2860.0,Ejerlejlighed,Free Sale,24-03-2025,3725000.0,1,Søborg,Fjernvarme/blokvarme,/adresse/gyngemose-parkvej-22-5-th-2860-soeborg-01590259__22__5__th,103.0,Tagpap med lille hældning,4.0,https://www.boligsiden.dk/adresse/gyngemose-parkvej-22-5-th-2860-soeborg-01590259__22__5__th,Mursten,Ikke oplyst,0,R661
rypehusene-74-2620-albertslund-01650426__74_______,Rypehusene 74,2620.0,Rækkehus,Free Sale,24-03-2025,3348000.0,3,Albertslund,Fjernvarme/blokvarme,/adresse/rypehusene-74-2620-albertslund-01650426__74_______,108.0,Tagpap med lille hældning,4.0,https://www.boligsiden.dk/adresse/rypehusene-74-2620-albertslund-01650426__74_______,Betonelementer,131.2,0,R662
rypehusene-74-2620-albertslund-01650426__74_______,Rypehusene 74,2620.0,Rækkehus,Free Sale,18-10-2024,2500000.0,3,Albertslund,Fjernvarme/blokvarme,/adresse/rypehusene-74-2620-albertslund-01650426__74_______,108.0,Tagpap med lille hældning,4.0,https://www.boligsiden.dk/adresse/rypehusene-74-2620-albertslund-01650426__74_______,Betonelementer,131.2,0,R663
rypehusene-74-2620-albertslund-01650426__74_______,Rypehusene 74,2620.0,Rækkehus,Other,16-12-2013,1007100.0,3,Albertslund,Fjernvarme/blokvarme,/adresse/rypehusene-74-2620-albertslund-01650426__74_______,108.0,Tagpap med lille hældning,4.0,https://www.boligsiden.dk/adresse/rypehusene-74-2620-albertslund-01650426__74_______,Betonelementer,131.2,0,R664
aldershvilevej-115-0-b-2880-bagsvaerd-01590009_115_st___b,"Aldershvilevej 115, st. b.",2880.0,Ejerlejlighed,Free Sale,24-03-2025,1710000.0,3,Bagsværd,Fjernvarme/blokvarme,/adresse/aldershvilevej-115-0-b-2880-bagsvaerd-01590009_115_st___b,43.0,Fibercement herunder asbest,2.0,https://www.boligsiden.dk/adresse/aldershvilevej-115-0-b-2880-bagsvaerd-01590009_115_st___b,Mursten,Ikke oplyst,0,R665
aldershvilevej-115-0-b-2880-bagsvaerd-01590009_115_st___b,"Aldershvilevej 115, st. b.",2880.0,Ejerlejlighed,Free Sale,21-01-2020,1333000.0,3,Bagsværd,Fjernvarme/blokvarme,/adresse/aldershvilevej-115-0-b-2880-bagsvaerd-01590009_115_st___b,43.0,Fibercement herunder asbest,2.0,https://www.boligsiden.dk/adresse/aldershvilevej-115-0-b-2880-bagsvaerd-01590009_115_st___b,Mursten,Ikke oplyst,0,R666
aldershvilevej-115-0-b-2880-bagsvaerd-01590009_115_st___b,"Aldershvilevej 115, st. b.",2880.0,Ejerlejlighed,Free Sale,20-07-2007,1385602.0,3,Bagsværd,Fjernvarme/blokvarme,/adresse/aldershvilevej-115-0-b-2880-bagsvaerd-01590009_115_st___b,43.0,Fibercement herunder asbest,2.0,https://www.boligsiden.dk/adresse/aldershvilevej-115-0-b-2880-bagsvaerd-01590009_115_st___b,Mursten,Ikke oplyst,0,R667
viemosebro-29-2610-roedovre-01750957__29_______,Viemosebro 29,2610.0,Rækkehus,Free Sale,23-03-2025,3700000.0,1,Rødovre,Centralvarme med én fyringsenhed,/adresse/viemosebro-29-2610-roedovre-01750957__29_______,122.0,Tagpap med lille hældning,5.0,https://www.boligsiden.dk/adresse/viemosebro-29-2610-roedovre-01750957__29_______,Mursten,125.6,0,R668
hasselhaven-42-2600-glostrup-01650161__42_______,Hasselhaven 42,2600.0,Villa,Free Sale,23-03-2025,5295000.0,3,Glostrup,Varmepumpe,/adresse/hasselhaven-42-2600-glostrup-01650161__42_______,156.0,Betontagsten,5.0,https://www.boligsiden.dk/adresse/hasselhaven-42-2600-glostrup-01650161__42_______,Mursten,159.45,0,R669
hasselhaven-42-2600-glostrup-01650161__42_______,Hasselhaven 42,2600.0,Villa,Free Sale,27-02-2020,3845000.0,3,Glostrup,Varmepumpe,/adresse/hasselhaven-42-2600-glostrup-01650161__42_______,156.0,Betontagsten,5.0,https://www.boligsiden.dk/adresse/hasselhaven-42-2600-glostrup-01650161__42_______,Mursten,159.45,0,R670
hasselhaven-42-2600-glostrup-01650161__42_______,Hasselhaven 42,2600.0,Villa,Free Sale,28-08-2014,2275000.0,3,Glostrup,Varmepumpe,/adresse/hasselhaven-42-2600-glostrup-01650161__42_______,156.0,Betontagsten,5.0,https://www.boligsiden.dk/adresse/hasselhaven-42-2600-glostrup-01650161__42_______,Mursten,159.45,0,R671
gammelgaards-alle-7-4-48-2665-vallensbaek-strand-01871704___7__4__48,"Gammelgårds Alle 7, 4. 48.",2665.0,Ejerlejlighed,Free Sale,23-03-2025,2162500.0,3,Vallensbæk Strand,Fjernvarme/blokvarme,/adresse/gammelgaards-alle-7-4-48-2665-vallensbaek-strand-01871704___7__4__48,88.0,Tagpap med lille hældning,3.0,https://www.boligsiden.dk/adresse/gammelgaards-alle-7-4-48-2665-vallensbaek-strand-01871704___7__4__48,Betonelementer,Ikke oplyst,0,R672
gammelgaards-alle-7-4-48-2665-vallensbaek-strand-01871704___7__4__48,"Gammelgårds Alle 7, 4. 48.",2665.0,Ejerlejlighed,Free Sale,10-07-2021,1965000.0,3,Vallensbæk Strand,Fjernvarme/blokvarme,/adresse/gammelgaards-alle-7-4-48-2665-vallensbaek-strand-01871704___7__4__48,88.0,Tagpap med lille hældning,3.0,https://www.boligsiden.dk/adresse/gammelgaards-alle-7-4-48-2665-vallensbaek-strand-01871704___7__4__48,Betonelementer,Ikke oplyst,0,R673
gammelgaards-alle-7-4-48-2665-vallensbaek-strand-01871704___7__4__48,"Gammelgårds Alle 7, 4. 48.",2665.0,Ejerlejlighed,Free Sale,01-08-2018,704583.0,3,Vallensbæk Strand,Fjernvarme/blokvarme,/adresse/gammelgaards-alle-7-4-48-2665-vallensbaek-strand-01871704___7__4__48,88.0,Tagpap med lille hældning,3.0,https://www.boligsiden.dk/adresse/gammelgaards-alle-7-4-48-2665-vallensbaek-strand-01871704___7__4__48,Betonelementer,Ikke oplyst,0,R674
hans-jensens-vej-21-1-2900-hellerup-01570316__21__1____,"Hans Jensens Vej 21, 1.",2900.0,Ejerlejlighed,Free Sale,23-03-2025,8700000.0,3,Hellerup,Fjernvarme/blokvarme,/adresse/hans-jensens-vej-21-1-2900-hellerup-01570316__21__1____,91.0,Tegl,3.0,https://www.boligsiden.dk/adresse/hans-jensens-vej-21-1-2900-hellerup-01570316__21__1____,Mursten,Ikke oplyst,0,R675
hans-jensens-vej-21-1-2900-hellerup-01570316__21__1____,"Hans Jensens Vej 21, 1.",2900.0,Ejerlejlighed,Free Sale,19-11-2001,2100000.0,3,Hellerup,Fjernvarme/blokvarme,/adresse/hans-jensens-vej-21-1-2900-hellerup-01570316__21__1____,91.0,Tegl,3.0,https://www.boligsiden.dk/adresse/hans-jensens-vej-21-1-2900-hellerup-01570316__21__1____,Mursten,Ikke oplyst,0,R676
hans-jensens-vej-21-1-2900-hellerup-01570316__21__1____,"Hans Jensens Vej 21, 1.",2900.0,Ejerlejlighed,Free Sale,30-05-1999,1750000.0,3,Hellerup,Fjernvarme/blokvarme,/adresse/hans-jensens-vej-21-1-2900-hellerup-01570316__21__1____,91.0,Tegl,3.0,https://www.boligsiden.dk/adresse/hans-jensens-vej-21-1-2900-hellerup-01570316__21__1____,Mursten,Ikke oplyst,0,R677
agnetevej-2-0-th-2800-kongens-lyngby-01730014___2_st__th,"Agnetevej 2, st. th.",2800.0,Ejerlejlighed,Free Sale,23-03-2025,1900000.0,2,Kongens Lyngby,Fjernvarme/blokvarme,/adresse/agnetevej-2-0-th-2800-kongens-lyngby-01730014___2_st__th,49.0,Tegl,2.0,https://www.boligsiden.dk/adresse/agnetevej-2-0-th-2800-kongens-lyngby-01730014___2_st__th,Mursten,Ikke oplyst,0,R678
agnetevej-2-0-th-2800-kongens-lyngby-01730014___2_st__th,"Agnetevej 2, st. th.",2800.0,Ejerlejlighed,Free Sale,29-09-2016,1100000.0,2,Kongens Lyngby,Fjernvarme/blokvarme,/adresse/agnetevej-2-0-th-2800-kongens-lyngby-01730014___2_st__th,49.0,Tegl,2.0,https://www.boligsiden.dk/adresse/agnetevej-2-0-th-2800-kongens-lyngby-01730014___2_st__th,Mursten,Ikke oplyst,0,R679
gyngemose-parkvej-8b-4-th-2860-soeborg-01590259__8b__4__th,"Gyngemose Parkvej 8B, 4. th.",2860.0,Ejerlejlighed,Free Sale,23-03-2025,3900000.0,2,Søborg,Fjernvarme/blokvarme,/adresse/gyngemose-parkvej-8b-4-th-2860-soeborg-01590259__8b__4__th,97.0,Tagpap med lille hældning,4.0,https://www.boligsiden.dk/adresse/gyngemose-parkvej-8b-4-th-2860-soeborg-01590259__8b__4__th,Betonelementer,Ikke oplyst,0,R680
gyngemose-parkvej-8b-4-th-2860-soeborg-01590259__8b__4__th,"Gyngemose Parkvej 8B, 4. th.",2860.0,Ejerlejlighed,Free Sale,15-08-2014,2495000.0,2,Søborg,Fjernvarme/blokvarme,/adresse/gyngemose-parkvej-8b-4-th-2860-soeborg-01590259__8b__4__th,97.0,Tagpap med lille hældning,4.0,https://www.boligsiden.dk/adresse/gyngemose-parkvej-8b-4-th-2860-soeborg-01590259__8b__4__th,Betonelementer,Ikke oplyst,0,R681
park-alle-40-2605-broendby-01530486__40_______,,,Villa,Family Sale,22-03-2025,2507500.0,1,,,,,,,,,,0,R682
broendbyvestervej-38-1-th-2605-broendby-01530071__38__1__th,"Brøndbyvestervej 38, 1. th.",2605.0,Ejerlejlighed,Free Sale,22-03-2025,2255000.0,3,Brøndby,Fjernvarme/blokvarme,/adresse/broendbyvestervej-38-1-th-2605-broendby-01530071__38__1__th,79.0,Betontagsten,3.0,https://www.boligsiden.dk/adresse/broendbyvestervej-38-1-th-2605-broendby-01530071__38__1__th,Mursten,Ikke oplyst,0,R683
broendbyvestervej-38-1-th-2605-broendby-01530071__38__1__th,"Brøndbyvestervej 38, 1. th.",2605.0,Ejerlejlighed,Family Sale,13-05-2005,1068750.0,3,Brøndby,Fjernvarme/blokvarme,/adresse/broendbyvestervej-38-1-th-2605-broendby-01530071__38__1__th,79.0,Betontagsten,3.0,https://www.boligsiden.dk/adresse/broendbyvestervej-38-1-th-2605-broendby-01530071__38__1__th,Mursten,Ikke oplyst,0,R684
broendbyvestervej-38-1-th-2605-broendby-01530071__38__1__th,"Brøndbyvestervej 38, 1. th.",2605.0,Ejerlejlighed,Free Sale,09-02-1996,492831.0,3,Brøndby,Fjernvarme/blokvarme,/adresse/broendbyvestervej-38-1-th-2605-broendby-01530071__38__1__th,79.0,Betontagsten,3.0,https://www.boligsiden.dk/adresse/broendbyvestervej-38-1-th-2605-broendby-01530071__38__1__th,Mursten,Ikke oplyst,0,R685
skodsborgvej-35-2830-virum-01730715__35_______,Skodsborgvej 35,2830.0,Villa,Free Sale,22-03-2025,8750000.0,1,Virum,Varmepumpe,/adresse/skodsborgvej-35-2830-virum-01730715__35_______,174.0,Tegl,8.0,https://www.boligsiden.dk/adresse/skodsborgvej-35-2830-virum-01730715__35_______,Mursten,220.95,0,R686
bolystvej-1e-0-tv-2650-hvidovre-01670955__1e_st__tv,"Bolystvej 1E, st. tv.",2650.0,Ejerlejlighed,Free Sale,22-03-2025,2550000.0,2,Hvidovre,Fjernvarme/blokvarme,/adresse/bolystvej-1e-0-tv-2650-hvidovre-01670955__1e_st__tv,59.0,Tegl,2.0,https://www.boligsiden.dk/adresse/bolystvej-1e-0-tv-2650-hvidovre-01670955__1e_st__tv,Mursten,Ikke oplyst,0,R687
bolystvej-1e-0-tv-2650-hvidovre-01670955__1e_st__tv,"Bolystvej 1E, st. tv.",2650.0,Ejerlejlighed,Free Sale,28-07-1995,539374.0,2,Hvidovre,Fjernvarme/blokvarme,/adresse/bolystvej-1e-0-tv-2650-hvidovre-01670955__1e_st__tv,59.0,Tegl,2.0,https://www.boligsiden.dk/adresse/bolystvej-1e-0-tv-2650-hvidovre-01670955__1e_st__tv,Mursten,Ikke oplyst,0,R688
oernekulsvej-15-2920-charlottenlund-01570980__15_______,Ørnekulsvej 15,2920.0,Villa,Free Sale,22-03-2025,17200000.0,2,Charlottenlund,Fjernvarme/blokvarme,/adresse/oernekulsvej-15-2920-charlottenlund-01570980__15_______,189.0,Tagpap med stor hældning,7.0,https://www.boligsiden.dk/adresse/oernekulsvej-15-2920-charlottenlund-01570980__15_______,Mursten,227,0,R689
oernekulsvej-15-2920-charlottenlund-01570980__15_______,Ørnekulsvej 15,2920.0,Villa,Free Sale,04-10-1994,2096800.0,2,Charlottenlund,Fjernvarme/blokvarme,/adresse/oernekulsvej-15-2920-charlottenlund-01570980__15_______,189.0,Tagpap med stor hældning,7.0,https://www.boligsiden.dk/adresse/oernekulsvej-15-2920-charlottenlund-01570980__15_______,Mursten,227,0,R690
broksoevej-7-2665-vallensbaek-strand-01870639___7_______,Broksøvej 7,2665.0,Villa,Free Sale,21-03-2025,3000000.0,1,Vallensbæk Strand,Centralvarme med én fyringsenhed,/adresse/broksoevej-7-2665-vallensbaek-strand-01870639___7_______,123.0,Tegl,5.0,https://www.boligsiden.dk/adresse/broksoevej-7-2665-vallensbaek-strand-01870639___7_______,Mursten,130.15,0,R691
moellekrogen-19-2800-kongens-lyngby-01590583__19_______,Møllekrogen 19,2800.0,Rækkehus,Free Sale,21-03-2025,6095000.0,3,Kongens Lyngby,Centralvarme med én fyringsenhed,/adresse/moellekrogen-19-2800-kongens-lyngby-01590583__19_______,92.0,Tegl,4.0,https://www.boligsiden.dk/adresse/moellekrogen-19-2800-kongens-lyngby-01590583__19_______,Mursten,105.3,0,R692
moellekrogen-19-2800-kongens-lyngby-01590583__19_______,Møllekrogen 19,2800.0,Rækkehus,Free Sale,11-02-2021,4500000.0,3,Kongens Lyngby,Centralvarme med én fyringsenhed,/adresse/moellekrogen-19-2800-kongens-lyngby-01590583__19_______,92.0,Tegl,4.0,https://www.boligsiden.dk/adresse/moellekrogen-19-2800-kongens-lyngby-01590583__19_______,Mursten,105.3,0,R693
moellekrogen-19-2800-kongens-lyngby-01590583__19_______,Møllekrogen 19,2800.0,Rækkehus,Free Sale,22-11-2017,2700000.0,3,Kongens Lyngby,Centralvarme med én fyringsenhed,/adresse/moellekrogen-19-2800-kongens-lyngby-01590583__19_______,92.0,Tegl,4.0,https://www.boligsiden.dk/adresse/moellekrogen-19-2800-kongens-lyngby-01590583__19_______,Mursten,105.3,0,R694
buddingevej-260-1-l-2860-soeborg-01590088_260__1___l,"Buddingevej 260, 1. l.",2860.0,Ejerlejlighed,Free Sale,21-03-2025,1080000.0,3,Søborg,Fjernvarme/blokvarme,/adresse/buddingevej-260-1-l-2860-soeborg-01590088_260__1___l,36.0,Fibercement herunder asbest,1.0,https://www.boligsiden.dk/adresse/buddingevej-260-1-l-2860-soeborg-01590088_260__1___l,Mursten,Ikke oplyst,0,R695
buddingevej-260-1-l-2860-soeborg-01590088_260__1___l,"Buddingevej 260, 1. l.",2860.0,Ejerlejlighed,Family Sale,18-10-2005,331135.0,3,Søborg,Fjernvarme/blokvarme,/adresse/buddingevej-260-1-l-2860-soeborg-01590088_260__1___l,36.0,Fibercement herunder asbest,1.0,https://www.boligsiden.dk/adresse/buddingevej-260-1-l-2860-soeborg-01590088_260__1___l,Mursten,Ikke oplyst,0,R696
buddingevej-260-1-l-2860-soeborg-01590088_260__1___l,"Buddingevej 260, 1. l.",2860.0,Ejerlejlighed,Free Sale,23-06-2002,576662.0,3,Søborg,Fjernvarme/blokvarme,/adresse/buddingevej-260-1-l-2860-soeborg-01590088_260__1___l,36.0,Fibercement herunder asbest,1.0,https://www.boligsiden.dk/adresse/buddingevej-260-1-l-2860-soeborg-01590088_260__1___l,Mursten,Ikke oplyst,0,R697
maglemosevej-1-2-tv-2900-hellerup-01570536___1__2__tv,"Maglemosevej 1, 2. tv.",2900.0,Ejerlejlighed,Free Sale,21-03-2025,5225000.0,3,Hellerup,Fjernvarme/blokvarme,/adresse/maglemosevej-1-2-tv-2900-hellerup-01570536___1__2__tv,105.0,Tagpap med stor hældning,4.0,https://www.boligsiden.dk/adresse/maglemosevej-1-2-tv-2900-hellerup-01570536___1__2__tv,Mursten,Ikke oplyst,0,R698
maglemosevej-1-2-tv-2900-hellerup-01570536___1__2__tv,"Maglemosevej 1, 2. tv.",2900.0,Ejerlejlighed,Free Sale,17-03-1998,1651000.0,3,Hellerup,Fjernvarme/blokvarme,/adresse/maglemosevej-1-2-tv-2900-hellerup-01570536___1__2__tv,105.0,Tagpap med stor hældning,4.0,https://www.boligsiden.dk/adresse/maglemosevej-1-2-tv-2900-hellerup-01570536___1__2__tv,Mursten,Ikke oplyst,0,R699
maglemosevej-1-2-tv-2900-hellerup-01570536___1__2__tv,"Maglemosevej 1, 2. tv.",2900.0,Ejerlejlighed,Family Sale,10-05-1993,740000.0,3,Hellerup,Fjernvarme/blokvarme,/adresse/maglemosevej-1-2-tv-2900-hellerup-01570536___1__2__tv,105.0,Tagpap med stor hældning,4.0,https://www.boligsiden.dk/adresse/maglemosevej-1-2-tv-2900-hellerup-01570536___1__2__tv,Mursten,Ikke oplyst,0,R700
broendbyvestervej-68a-2-3-2605-broendby-01530071_68a__2___3,"Brøndbyvestervej 68A, 2. 3.",2605.0,Ejerlejlighed,Free Sale,21-03-2025,1350000.0,3,Brøndby,Fjernvarme/blokvarme,/adresse/broendbyvestervej-68a-2-3-2605-broendby-01530071_68a__2___3,46.0,Metal,1.0,https://www.boligsiden.dk/adresse/broendbyvestervej-68a-2-3-2605-broendby-01530071_68a__2___3,Mursten,Ikke oplyst,0,R701
broendbyvestervej-68a-2-3-2605-broendby-01530071_68a__2___3,"Brøndbyvestervej 68A, 2. 3.",2605.0,Ejerlejlighed,Family Sale,06-07-2022,674500.0,3,Brøndby,Fjernvarme/blokvarme,/adresse/broendbyvestervej-68a-2-3-2605-broendby-01530071_68a__2___3,46.0,Metal,1.0,https://www.boligsiden.dk/adresse/broendbyvestervej-68a-2-3-2605-broendby-01530071_68a__2___3,Mursten,Ikke oplyst,0,R702
broendbyvestervej-68a-2-3-2605-broendby-01530071_68a__2___3,"Brøndbyvestervej 68A, 2. 3.",2605.0,Ejerlejlighed,Free Sale,16-02-2021,1275000.0,3,Brøndby,Fjernvarme/blokvarme,/adresse/broendbyvestervej-68a-2-3-2605-broendby-01530071_68a__2___3,46.0,Metal,1.0,https://www.boligsiden.dk/adresse/broendbyvestervej-68a-2-3-2605-broendby-01530071_68a__2___3,Mursten,Ikke oplyst,0,R703
bykrogen-36-2860-soeborg-01590094__36_______,Bykrogen 36,2860.0,Rækkehus,Free Sale,21-03-2025,3050000.0,1,Søborg,Fjernvarme/blokvarme,/adresse/bykrogen-36-2860-soeborg-01590094__36_______,84.0,Tegl,3.0,https://www.boligsiden.dk/adresse/bykrogen-36-2860-soeborg-01590094__36_______,Mursten,80.4,0,R704
vejlegaardsparken-26-1-th-2665-vallensbaek-strand-01879267__26__1__th,"Vejlegårdsparken 26, 1. th.",2665.0,Ejerlejlighed,Free Sale,21-03-2025,2395000.0,3,Vallensbæk Strand,Fjernvarme/blokvarme,/adresse/vejlegaardsparken-26-1-th-2665-vallensbaek-strand-01879267__26__1__th,87.0,Tagpap med lille hældning,3.0,https://www.boligsiden.dk/adresse/vejlegaardsparken-26-1-th-2665-vallensbaek-strand-01879267__26__1__th,Betonelementer,Ikke oplyst,0,R705
vejlegaardsparken-26-1-th-2665-vallensbaek-strand-01879267__26__1__th,"Vejlegårdsparken 26, 1. th.",2665.0,Ejerlejlighed,Free Sale,11-11-2021,2250000.0,3,Vallensbæk Strand,Fjernvarme/blokvarme,/adresse/vejlegaardsparken-26-1-th-2665-vallensbaek-strand-01879267__26__1__th,87.0,Tagpap med lille hældning,3.0,https://www.boligsiden.dk/adresse/vejlegaardsparken-26-1-th-2665-vallensbaek-strand-01879267__26__1__th,Betonelementer,Ikke oplyst,0,R706
vejlegaardsparken-26-1-th-2665-vallensbaek-strand-01879267__26__1__th,"Vejlegårdsparken 26, 1. th.",2665.0,Ejerlejlighed,Other,16-04-2016,1271753.0,3,Vallensbæk Strand,Fjernvarme/blokvarme,/adresse/vejlegaardsparken-26-1-th-2665-vallensbaek-strand-01879267__26__1__th,87.0,Tagpap med lille hældning,3.0,https://www.boligsiden.dk/adresse/vejlegaardsparken-26-1-th-2665-vallensbaek-strand-01879267__26__1__th,Betonelementer,Ikke oplyst,0,R707
erdalsvej-12-2600-glostrup-01610134__12_______,Erdalsvej 12,2600.0,Villa,Free Sale,21-03-2025,4355000.0,1,Glostrup,Centralvarme med én fyringsenhed,/adresse/erdalsvej-12-2600-glostrup-01610134__12_______,118.0,Tegl,5.0,https://www.boligsiden.dk/adresse/erdalsvej-12-2600-glostrup-01610134__12_______,Mursten,147.15,0,R708
ellebaekvej-58-0-th-2820-gentofte-01570177__58_st__th,"Ellebækvej 58, st. th.",2820.0,Ejerlejlighed,Free Sale,20-03-2025,1850000.0,3,Gentofte,Fjernvarme/blokvarme,/adresse/ellebaekvej-58-0-th-2820-gentofte-01570177__58_st__th,49.0,Tagpap med stor hældning,2.0,https://www.boligsiden.dk/adresse/ellebaekvej-58-0-th-2820-gentofte-01570177__58_st__th,Mursten,Ikke oplyst,0,R709
ellebaekvej-58-0-th-2820-gentofte-01570177__58_st__th,"Ellebækvej 58, st. th.",2820.0,Ejerlejlighed,Free Sale,08-10-2019,1530000.0,3,Gentofte,Fjernvarme/blokvarme,/adresse/ellebaekvej-58-0-th-2820-gentofte-01570177__58_st__th,49.0,Tagpap med stor hældning,2.0,https://www.boligsiden.dk/adresse/ellebaekvej-58-0-th-2820-gentofte-01570177__58_st__th,Mursten,Ikke oplyst,0,R710
ellebaekvej-58-0-th-2820-gentofte-01570177__58_st__th,"Ellebækvej 58, st. th.",2820.0,Ejerlejlighed,Free Sale,10-11-2017,830000.0,3,Gentofte,Fjernvarme/blokvarme,/adresse/ellebaekvej-58-0-th-2820-gentofte-01570177__58_st__th,49.0,Tagpap med stor hældning,2.0,https://www.boligsiden.dk/adresse/ellebaekvej-58-0-th-2820-gentofte-01570177__58_st__th,Mursten,Ikke oplyst,0,R711
herlev-bygade-25-2-tv-2730-herlev-01632954__25__2__tv,"Herlev Bygade 25, 2. tv.",2730.0,Ejerlejlighed,Free Sale,20-03-2025,2395000.0,3,Herlev,Fjernvarme/blokvarme,/adresse/herlev-bygade-25-2-tv-2730-herlev-01632954__25__2__tv,75.0,Tegl,3.0,https://www.boligsiden.dk/adresse/herlev-bygade-25-2-tv-2730-herlev-01632954__25__2__tv,Mursten,Ikke oplyst,0,R712
herlev-bygade-25-2-tv-2730-herlev-01632954__25__2__tv,"Herlev Bygade 25, 2. tv.",2730.0,Ejerlejlighed,Free Sale,08-03-2004,1109651.0,3,Herlev,Fjernvarme/blokvarme,/adresse/herlev-bygade-25-2-tv-2730-herlev-01632954__25__2__tv,75.0,Tegl,3.0,https://www.boligsiden.dk/adresse/herlev-bygade-25-2-tv-2730-herlev-01632954__25__2__tv,Mursten,Ikke oplyst,0,R713
herlev-bygade-25-2-tv-2730-herlev-01632954__25__2__tv,"Herlev Bygade 25, 2. tv.",2730.0,Ejerlejlighed,Free Sale,11-04-2002,946534.0,3,Herlev,Fjernvarme/blokvarme,/adresse/herlev-bygade-25-2-tv-2730-herlev-01632954__25__2__tv,75.0,Tegl,3.0,https://www.boligsiden.dk/adresse/herlev-bygade-25-2-tv-2730-herlev-01632954__25__2__tv,Mursten,Ikke oplyst,0,R714
hoejgaards-alle-32-2880-bagsvaerd-01590336__32_______,Højgårds Alle 32,2880.0,Villa,Free Sale,20-03-2025,6300000.0,1,Bagsværd,Varmepumpe,/adresse/hoejgaards-alle-32-2880-bagsvaerd-01590336__32_______,134.0,Tegl,5.0,https://www.boligsiden.dk/adresse/hoejgaards-alle-32-2880-bagsvaerd-01590336__32_______,Mursten,142.5,0,R715
gammel-koege-landevej-306b-2650-hvidovre-01672807306b_______,Gammel Køge Landevej 306B,2650.0,Ejerlejlighed,Free Sale,20-03-2025,2450000.0,3,Hvidovre,Fjernvarme/blokvarme,/adresse/gammel-koege-landevej-306b-2650-hvidovre-01672807306b_______,57.0,Tegl,2.0,https://www.boligsiden.dk/adresse/gammel-koege-landevej-306b-2650-hvidovre-01672807306b_______,Mursten,Ikke oplyst,0,R716
gammel-koege-landevej-306b-2650-hvidovre-01672807306b_______,Gammel Køge Landevej 306B,2650.0,Ejerlejlighed,Free Sale,09-03-2021,2200000.0,3,Hvidovre,Fjernvarme/blokvarme,/adresse/gammel-koege-landevej-306b-2650-hvidovre-01672807306b_______,57.0,Tegl,2.0,https://www.boligsiden.dk/adresse/gammel-koege-landevej-306b-2650-hvidovre-01672807306b_______,Mursten,Ikke oplyst,0,R717
gammel-koege-landevej-306b-2650-hvidovre-01672807306b_______,Gammel Køge Landevej 306B,2650.0,Ejerlejlighed,Free Sale,05-03-2019,1695000.0,3,Hvidovre,Fjernvarme/blokvarme,/adresse/gammel-koege-landevej-306b-2650-hvidovre-01672807306b_______,57.0,Tegl,2.0,https://www.boligsiden.dk/adresse/gammel-koege-landevej-306b-2650-hvidovre-01672807306b_______,Mursten,Ikke oplyst,0,R718
islevvangen-20-2610-roedovre-01750397__20_______,Islevvangen 20,2610.0,Villa,Free Sale,20-03-2025,5500000.0,2,Rødovre,Varmepumpe,/adresse/islevvangen-20-2610-roedovre-01750397__20_______,130.0,Fibercement herunder asbest,5.0,https://www.boligsiden.dk/adresse/islevvangen-20-2610-roedovre-01750397__20_______,Mursten,136,0,R719
islevvangen-20-2610-roedovre-01750397__20_______,Islevvangen 20,2610.0,Villa,Free Sale,27-04-2020,3100000.0,2,Rødovre,Varmepumpe,/adresse/islevvangen-20-2610-roedovre-01750397__20_______,130.0,Fibercement herunder asbest,5.0,https://www.boligsiden.dk/adresse/islevvangen-20-2610-roedovre-01750397__20_______,Mursten,136,0,R720
taarbaek-strandvej-71-2930-klampenborg-01730970__71_______,Taarbæk Strandvej 71,2930.0,Villa,Free Sale,20-03-2025,12500000.0,2,Klampenborg,Centralvarme med én fyringsenhed,/adresse/taarbaek-strandvej-71-2930-klampenborg-01730970__71_______,142.0,Tagpap med stor hældning,5.0,https://www.boligsiden.dk/adresse/taarbaek-strandvej-71-2930-klampenborg-01730970__71_______,Mursten,171.75,0,R721
taarbaek-strandvej-71-2930-klampenborg-01730970__71_______,Taarbæk Strandvej 71,2930.0,Villa,Family Sale,11-11-2004,3200000.0,2,Klampenborg,Centralvarme med én fyringsenhed,/adresse/taarbaek-strandvej-71-2930-klampenborg-01730970__71_______,142.0,Tagpap med stor hældning,5.0,https://www.boligsiden.dk/adresse/taarbaek-strandvej-71-2930-klampenborg-01730970__71_______,Mursten,171.75,0,R722
vejlebrovej-85-3-152-2635-ishoej-01830850__85__3_152,"Vejlebrovej 85, 3. 152.",2635.0,Ejerlejlighed,Free Sale,20-03-2025,2650000.0,3,Ishøj,Fjernvarme/blokvarme,/adresse/vejlebrovej-85-3-152-2635-ishoej-01830850__85__3_152,107.0,Tagpap med lille hældning,4.0,https://www.boligsiden.dk/adresse/vejlebrovej-85-3-152-2635-ishoej-01830850__85__3_152,Mursten,Ikke oplyst,0,R723
vejlebrovej-85-3-152-2635-ishoej-01830850__85__3_152,"Vejlebrovej 85, 3. 152.",2635.0,Ejerlejlighed,Free Sale,18-10-2017,2100000.0,3,Ishøj,Fjernvarme/blokvarme,/adresse/vejlebrovej-85-3-152-2635-ishoej-01830850__85__3_152,107.0,Tagpap med lille hældning,4.0,https://www.boligsiden.dk/adresse/vejlebrovej-85-3-152-2635-ishoej-01830850__85__3_152,Mursten,Ikke oplyst,0,R724
vejlebrovej-85-3-152-2635-ishoej-01830850__85__3_152,"Vejlebrovej 85, 3. 152.",2635.0,Ejerlejlighed,Free Sale,26-07-2001,1248000.0,3,Ishøj,Fjernvarme/blokvarme,/adresse/vejlebrovej-85-3-152-2635-ishoej-01830850__85__3_152,107.0,Tagpap med lille hældning,4.0,https://www.boligsiden.dk/adresse/vejlebrovej-85-3-152-2635-ishoej-01830850__85__3_152,Mursten,Ikke oplyst,0,R725
vejlebrovej-77-2-285-2635-ishoej-01830850__77__2_285,"Vejlebrovej 77, 2. 285.",2635.0,Ejerlejlighed,Free Sale,20-03-2025,1577500.0,3,Ishøj,Fjernvarme/blokvarme,/adresse/vejlebrovej-77-2-285-2635-ishoej-01830850__77__2_285,51.0,Tagpap med lille hældning,2.0,https://www.boligsiden.dk/adresse/vejlebrovej-77-2-285-2635-ishoej-01830850__77__2_285,Mursten,Ikke oplyst,0,R726
vejlebrovej-77-2-285-2635-ishoej-01830850__77__2_285,"Vejlebrovej 77, 2. 285.",2635.0,Ejerlejlighed,Free Sale,23-05-2022,1580000.0,3,Ishøj,Fjernvarme/blokvarme,/adresse/vejlebrovej-77-2-285-2635-ishoej-01830850__77__2_285,51.0,Tagpap med lille hældning,2.0,https://www.boligsiden.dk/adresse/vejlebrovej-77-2-285-2635-ishoej-01830850__77__2_285,Mursten,Ikke oplyst,0,R727
vejlebrovej-77-2-285-2635-ishoej-01830850__77__2_285,"Vejlebrovej 77, 2. 285.",2635.0,Ejerlejlighed,Free Sale,02-10-2013,785000.0,3,Ishøj,Fjernvarme/blokvarme,/adresse/vejlebrovej-77-2-285-2635-ishoej-01830850__77__2_285,51.0,Tagpap med lille hældning,2.0,https://www.boligsiden.dk/adresse/vejlebrovej-77-2-285-2635-ishoej-01830850__77__2_285,Mursten,Ikke oplyst,0,R728
kulsviervej-87a-1-th-2800-kongens-lyngby-01730477_87a__1__th,"Kulsviervej 87A, 1. th.",2800.0,Ejerlejlighed,Free Sale,20-03-2025,2575000.0,3,Kongens Lyngby,Fjernvarme/blokvarme,/adresse/kulsviervej-87a-1-th-2800-kongens-lyngby-01730477_87a__1__th,70.0,Tegl,3.0,https://www.boligsiden.dk/adresse/kulsviervej-87a-1-th-2800-kongens-lyngby-01730477_87a__1__th,Mursten,Ikke oplyst,0,R729
kulsviervej-87a-1-th-2800-kongens-lyngby-01730477_87a__1__th,"Kulsviervej 87A, 1. th.",2800.0,Ejerlejlighed,Free Sale,02-09-2019,2025000.0,3,Kongens Lyngby,Fjernvarme/blokvarme,/adresse/kulsviervej-87a-1-th-2800-kongens-lyngby-01730477_87a__1__th,70.0,Tegl,3.0,https://www.boligsiden.dk/adresse/kulsviervej-87a-1-th-2800-kongens-lyngby-01730477_87a__1__th,Mursten,Ikke oplyst,0,R730
kulsviervej-87a-1-th-2800-kongens-lyngby-01730477_87a__1__th,"Kulsviervej 87A, 1. th.",2800.0,Ejerlejlighed,Free Sale,09-09-2013,1365000.0,3,Kongens Lyngby,Fjernvarme/blokvarme,/adresse/kulsviervej-87a-1-th-2800-kongens-lyngby-01730477_87a__1__th,70.0,Tegl,3.0,https://www.boligsiden.dk/adresse/kulsviervej-87a-1-th-2800-kongens-lyngby-01730477_87a__1__th,Mursten,Ikke oplyst,0,R731
randager-54-2620-albertslund-01650370__54_______,Randager 54,2620.0,Villa,Free Sale,20-03-2025,5325000.0,3,Albertslund,Fjernvarme/blokvarme,/adresse/randager-54-2620-albertslund-01650370__54_______,181.0,Tegl,6.0,https://www.boligsiden.dk/adresse/randager-54-2620-albertslund-01650370__54_______,Mursten,186.75,0,R732
randager-54-2620-albertslund-01650370__54_______,Randager 54,2620.0,Villa,Free Sale,31-07-2022,4745000.0,3,Albertslund,Fjernvarme/blokvarme,/adresse/randager-54-2620-albertslund-01650370__54_______,181.0,Tegl,6.0,https://www.boligsiden.dk/adresse/randager-54-2620-albertslund-01650370__54_______,Mursten,186.75,0,R733
randager-54-2620-albertslund-01650370__54_______,Randager 54,2620.0,Villa,Free Sale,14-02-2001,1725000.0,3,Albertslund,Fjernvarme/blokvarme,/adresse/randager-54-2620-albertslund-01650370__54_______,181.0,Tegl,6.0,https://www.boligsiden.dk/adresse/randager-54-2620-albertslund-01650370__54_______,Mursten,186.75,0,R734
pederstrupvej-46-2750-ballerup-01510252__46_______,Pederstrupvej 46,2750.0,Villa,Free Sale,20-03-2025,8150000.0,3,Ballerup,Centralvarme med én fyringsenhed,/adresse/pederstrupvej-46-2750-ballerup-01510252__46_______,150.0,Tegl,4.0,https://www.boligsiden.dk/adresse/pederstrupvej-46-2750-ballerup-01510252__46_______,Mursten,174.6,0,R735
pederstrupvej-46-2750-ballerup-01510252__46_______,Pederstrupvej 46,2750.0,Villa,Free Sale,12-07-2005,1300000.0,3,Ballerup,Centralvarme med én fyringsenhed,/adresse/pederstrupvej-46-2750-ballerup-01510252__46_______,150.0,Tegl,4.0,https://www.boligsiden.dk/adresse/pederstrupvej-46-2750-ballerup-01510252__46_______,Mursten,174.6,0,R736
pederstrupvej-46-2750-ballerup-01510252__46_______,Pederstrupvej 46,2750.0,Villa,Free Sale,01-05-1997,495000.0,3,Ballerup,Centralvarme med én fyringsenhed,/adresse/pederstrupvej-46-2750-ballerup-01510252__46_______,150.0,Tegl,4.0,https://www.boligsiden.dk/adresse/pederstrupvej-46-2750-ballerup-01510252__46_______,Mursten,174.6,0,R737
aldershvilevej-42a-2880-bagsvaerd-01590009_42a_______,Aldershvilevej 42A,2880.0,Villa,Free Sale,20-03-2025,9500000.0,2,Bagsværd,Centralvarme med én fyringsenhed,/adresse/aldershvilevej-42a-2880-bagsvaerd-01590009_42a_______,176.0,Fibercement herunder asbest,5.0,https://www.boligsiden.dk/adresse/aldershvilevej-42a-2880-bagsvaerd-01590009_42a_______,Mursten,223.65,0,R738
aldershvilevej-42a-2880-bagsvaerd-01590009_42a_______,Aldershvilevej 42A,2880.0,Villa,Free Sale,01-05-1998,2408600.0,2,Bagsværd,Centralvarme med én fyringsenhed,/adresse/aldershvilevej-42a-2880-bagsvaerd-01590009_42a_______,176.0,Fibercement herunder asbest,5.0,https://www.boligsiden.dk/adresse/aldershvilevej-42a-2880-bagsvaerd-01590009_42a_______,Mursten,223.65,0,R739
taastrup-have-15-1-th-2630-taastrup-01698960__15__1__th,"Taastrup Have 15, 1. th.",2630.0,Ejerlejlighed,Free Sale,20-03-2025,1795000.0,2,Taastrup,Fjernvarme/blokvarme,/adresse/taastrup-have-15-1-th-2630-taastrup-01698960__15__1__th,60.0,Fibercement herunder asbest,2.0,https://www.boligsiden.dk/adresse/taastrup-have-15-1-th-2630-taastrup-01698960__15__1__th,Mursten,Ikke oplyst,0,R740
taastrup-have-15-1-th-2630-taastrup-01698960__15__1__th,"Taastrup Have 15, 1. th.",2630.0,Ejerlejlighed,Free Sale,20-03-2019,1345000.0,2,Taastrup,Fjernvarme/blokvarme,/adresse/taastrup-have-15-1-th-2630-taastrup-01698960__15__1__th,60.0,Fibercement herunder asbest,2.0,https://www.boligsiden.dk/adresse/taastrup-have-15-1-th-2630-taastrup-01698960__15__1__th,Mursten,Ikke oplyst,0,R741
roedovre-parkvej-207-1-2610-roedovre-01750702_207__1____,"Rødovre Parkvej 207, 1.",2610.0,Ejerlejlighed,Free Sale,20-03-2025,1370000.0,2,Rødovre,Fjernvarme/blokvarme,/adresse/roedovre-parkvej-207-1-2610-roedovre-01750702_207__1____,47.0,Tagpap med stor hældning,1.0,https://www.boligsiden.dk/adresse/roedovre-parkvej-207-1-2610-roedovre-01750702_207__1____,Mursten,Ikke oplyst,0,R742
roedovre-parkvej-207-1-2610-roedovre-01750702_207__1____,"Rødovre Parkvej 207, 1.",2610.0,Ejerlejlighed,Free Sale,01-09-1998,317800.0,2,Rødovre,Fjernvarme/blokvarme,/adresse/roedovre-parkvej-207-1-2610-roedovre-01750702_207__1____,47.0,Tagpap med stor hældning,1.0,https://www.boligsiden.dk/adresse/roedovre-parkvej-207-1-2610-roedovre-01750702_207__1____,Mursten,Ikke oplyst,0,R743
brannersvej-23-3-48-2920-charlottenlund-01570078__23__3__48,"Brannersvej 23, 3. 48.",2920.0,Ejerlejlighed,Free Sale,20-03-2025,2100000.0,3,Charlottenlund,Fjernvarme/blokvarme,/adresse/brannersvej-23-3-48-2920-charlottenlund-01570078__23__3__48,47.0,Tagpap med lille hældning,1.0,https://www.boligsiden.dk/adresse/brannersvej-23-3-48-2920-charlottenlund-01570078__23__3__48,Betonelementer,Ikke oplyst,0,R744
brannersvej-23-3-48-2920-charlottenlund-01570078__23__3__48,"Brannersvej 23, 3. 48.",2920.0,Ejerlejlighed,Free Sale,07-07-2017,1495000.0,3,Charlottenlund,Fjernvarme/blokvarme,/adresse/brannersvej-23-3-48-2920-charlottenlund-01570078__23__3__48,47.0,Tagpap med lille hældning,1.0,https://www.boligsiden.dk/adresse/brannersvej-23-3-48-2920-charlottenlund-01570078__23__3__48,Betonelementer,Ikke oplyst,0,R745
brannersvej-23-3-48-2920-charlottenlund-01570078__23__3__48,"Brannersvej 23, 3. 48.",2920.0,Ejerlejlighed,Free Sale,26-10-2003,990000.0,3,Charlottenlund,Fjernvarme/blokvarme,/adresse/brannersvej-23-3-48-2920-charlottenlund-01570078__23__3__48,47.0,Tagpap med lille hældning,1.0,https://www.boligsiden.dk/adresse/brannersvej-23-3-48-2920-charlottenlund-01570078__23__3__48,Betonelementer,Ikke oplyst,0,R746
kloeverbo-35-2665-vallensbaek-strand-01873875__35_______,Kløverbo 35,2665.0,Rækkehus,Free Sale,20-03-2025,3515000.0,3,Vallensbæk Strand,Fjernvarme/blokvarme,/adresse/kloeverbo-35-2665-vallensbaek-strand-01873875__35_______,109.0,Betontagsten,4.0,https://www.boligsiden.dk/adresse/kloeverbo-35-2665-vallensbaek-strand-01873875__35_______,Mursten,106.75,0,R747
kloeverbo-35-2665-vallensbaek-strand-01873875__35_______,Kløverbo 35,2665.0,Rækkehus,Free Sale,27-12-2015,2550000.0,3,Vallensbæk Strand,Fjernvarme/blokvarme,/adresse/kloeverbo-35-2665-vallensbaek-strand-01873875__35_______,109.0,Betontagsten,4.0,https://www.boligsiden.dk/adresse/kloeverbo-35-2665-vallensbaek-strand-01873875__35_______,Mursten,106.75,0,R748
kloeverbo-35-2665-vallensbaek-strand-01873875__35_______,Kløverbo 35,2665.0,Rækkehus,Free Sale,02-12-1999,1480360.0,3,Vallensbæk Strand,Fjernvarme/blokvarme,/adresse/kloeverbo-35-2665-vallensbaek-strand-01873875__35_______,109.0,Betontagsten,4.0,https://www.boligsiden.dk/adresse/kloeverbo-35-2665-vallensbaek-strand-01873875__35_______,Mursten,106.75,0,R749
skovridergaardsvej-26-2830-virum-01730727__26_______,Skovridergårdsvej 26,2830.0,Villa,Free Sale,20-03-2025,7800000.0,3,Virum,Centralvarme med én fyringsenhed,/adresse/skovridergaardsvej-26-2830-virum-01730727__26_______,120.0,Tegl,4.0,https://www.boligsiden.dk/adresse/skovridergaardsvej-26-2830-virum-01730727__26_______,Mursten,152.25,0,R750
skovridergaardsvej-26-2830-virum-01730727__26_______,Skovridergårdsvej 26,2830.0,Villa,Free Sale,03-02-1997,1237754.0,3,Virum,Centralvarme med én fyringsenhed,/adresse/skovridergaardsvej-26-2830-virum-01730727__26_______,120.0,Tegl,4.0,https://www.boligsiden.dk/adresse/skovridergaardsvej-26-2830-virum-01730727__26_______,Mursten,152.25,0,R751
skovridergaardsvej-26-2830-virum-01730727__26_______,Skovridergårdsvej 26,2830.0,Villa,Free Sale,13-02-1996,1120000.0,3,Virum,Centralvarme med én fyringsenhed,/adresse/skovridergaardsvej-26-2830-virum-01730727__26_______,120.0,Tegl,4.0,https://www.boligsiden.dk/adresse/skovridergaardsvej-26-2830-virum-01730727__26_______,Mursten,152.25,0,R752
frugtparken-30-2820-gentofte-01570255__30_______,Frugtparken 30,2820.0,Villa,Family Sale,20-03-2025,6000000.0,3,Gentofte,Fjernvarme/blokvarme,/adresse/frugtparken-30-2820-gentofte-01570255__30_______,278.0,Tegl,9.0,https://www.boligsiden.dk/adresse/frugtparken-30-2820-gentofte-01570255__30_______,Mursten,314,0,R753
frugtparken-30-2820-gentofte-01570255__30_______,Frugtparken 30,2820.0,Villa,Free Sale,20-06-2019,9350000.0,3,Gentofte,Fjernvarme/blokvarme,/adresse/frugtparken-30-2820-gentofte-01570255__30_______,278.0,Tegl,9.0,https://www.boligsiden.dk/adresse/frugtparken-30-2820-gentofte-01570255__30_______,Mursten,314,0,R754
frugtparken-30-2820-gentofte-01570255__30_______,Frugtparken 30,2820.0,Villa,Free Sale,31-03-2000,3600000.0,3,Gentofte,Fjernvarme/blokvarme,/adresse/frugtparken-30-2820-gentofte-01570255__30_______,278.0,Tegl,9.0,https://www.boligsiden.dk/adresse/frugtparken-30-2820-gentofte-01570255__30_______,Mursten,314,0,R755
ved-lindelund-51-2605-broendby-01530763__51_______,Ved Lindelund 51,2605.0,Rækkehus,Free Sale,20-03-2025,4200000.0,3,Brøndby,Fjernvarme/blokvarme,/adresse/ved-lindelund-51-2605-broendby-01530763__51_______,130.0,Betontagsten,3.0,https://www.boligsiden.dk/adresse/ved-lindelund-51-2605-broendby-01530763__51_______,Træ,130,0,R756
ved-lindelund-51-2605-broendby-01530763__51_______,Ved Lindelund 51,2605.0,Rækkehus,Free Sale,29-03-1998,1351900.0,3,Brøndby,Fjernvarme/blokvarme,/adresse/ved-lindelund-51-2605-broendby-01530763__51_______,130.0,Betontagsten,3.0,https://www.boligsiden.dk/adresse/ved-lindelund-51-2605-broendby-01530763__51_______,Træ,130,0,R757
ved-lindelund-51-2605-broendby-01530763__51_______,Ved Lindelund 51,2605.0,Rækkehus,Free Sale,20-07-1996,1150000.0,3,Brøndby,Fjernvarme/blokvarme,/adresse/ved-lindelund-51-2605-broendby-01530763__51_______,130.0,Betontagsten,3.0,https://www.boligsiden.dk/adresse/ved-lindelund-51-2605-broendby-01530763__51_______,Træ,130,0,R758
jaegersborgvej-108-2-th-2820-gentofte-01570425_108__2__th,"Jægersborgvej 108, 2. th.",2820.0,Ejerlejlighed,Free Sale,19-03-2025,3150000.0,3,Gentofte,Fjernvarme/blokvarme,/adresse/jaegersborgvej-108-2-th-2820-gentofte-01570425_108__2__th,94.0,Tagpap med stor hældning,4.0,https://www.boligsiden.dk/adresse/jaegersborgvej-108-2-th-2820-gentofte-01570425_108__2__th,Mursten,Ikke oplyst,0,R759
jaegersborgvej-108-2-th-2820-gentofte-01570425_108__2__th,"Jægersborgvej 108, 2. th.",2820.0,Ejerlejlighed,Free Sale,04-12-2017,2095000.0,3,Gentofte,Fjernvarme/blokvarme,/adresse/jaegersborgvej-108-2-th-2820-gentofte-01570425_108__2__th,94.0,Tagpap med stor hældning,4.0,https://www.boligsiden.dk/adresse/jaegersborgvej-108-2-th-2820-gentofte-01570425_108__2__th,Mursten,Ikke oplyst,0,R760
jaegersborgvej-108-2-th-2820-gentofte-01570425_108__2__th,"Jægersborgvej 108, 2. th.",2820.0,Ejerlejlighed,Free Sale,26-02-2001,1234000.0,3,Gentofte,Fjernvarme/blokvarme,/adresse/jaegersborgvej-108-2-th-2820-gentofte-01570425_108__2__th,94.0,Tagpap med stor hældning,4.0,https://www.boligsiden.dk/adresse/jaegersborgvej-108-2-th-2820-gentofte-01570425_108__2__th,Mursten,Ikke oplyst,0,R761
munkely-9-1-2870-dyssegaard-01570580___9__1____,"Munkely 9, 1.",2870.0,Ejerlejlighed,Free Sale,19-03-2025,4595000.0,3,Dyssegård,Fjernvarme/blokvarme,/adresse/munkely-9-1-2870-dyssegaard-01570580___9__1____,90.0,Tegl,4.0,https://www.boligsiden.dk/adresse/munkely-9-1-2870-dyssegaard-01570580___9__1____,Mursten,Ikke oplyst,0,R762
munkely-9-1-2870-dyssegaard-01570580___9__1____,"Munkely 9, 1.",2870.0,Ejerlejlighed,Free Sale,22-12-2021,4027500.0,3,Dyssegård,Fjernvarme/blokvarme,/adresse/munkely-9-1-2870-dyssegaard-01570580___9__1____,90.0,Tegl,4.0,https://www.boligsiden.dk/adresse/munkely-9-1-2870-dyssegaard-01570580___9__1____,Mursten,Ikke oplyst,0,R763
munkely-9-1-2870-dyssegaard-01570580___9__1____,"Munkely 9, 1.",2870.0,Ejerlejlighed,Free Sale,24-03-2015,2090000.0,3,Dyssegård,Fjernvarme/blokvarme,/adresse/munkely-9-1-2870-dyssegaard-01570580___9__1____,90.0,Tegl,4.0,https://www.boligsiden.dk/adresse/munkely-9-1-2870-dyssegaard-01570580___9__1____,Mursten,Ikke oplyst,0,R764
magnoliavej-20-2-th-2600-glostrup-01610323__20__2__th,"Magnoliavej 20, 2. th.",2600.0,Ejerlejlighed,Family Sale,19-03-2025,1400000.0,3,Glostrup,Fjernvarme/blokvarme,/adresse/magnoliavej-20-2-th-2600-glostrup-01610323__20__2__th,51.0,Tegl,2.0,https://www.boligsiden.dk/adresse/magnoliavej-20-2-th-2600-glostrup-01610323__20__2__th,Mursten,Ikke oplyst,0,R765
magnoliavej-20-2-th-2600-glostrup-01610323__20__2__th,"Magnoliavej 20, 2. th.",2600.0,Ejerlejlighed,Free Sale,25-01-2021,1525000.0,3,Glostrup,Fjernvarme/blokvarme,/adresse/magnoliavej-20-2-th-2600-glostrup-01610323__20__2__th,51.0,Tegl,2.0,https://www.boligsiden.dk/adresse/magnoliavej-20-2-th-2600-glostrup-01610323__20__2__th,Mursten,Ikke oplyst,0,R766
magnoliavej-20-2-th-2600-glostrup-01610323__20__2__th,"Magnoliavej 20, 2. th.",2600.0,Ejerlejlighed,Free Sale,28-03-2017,1300000.0,3,Glostrup,Fjernvarme/blokvarme,/adresse/magnoliavej-20-2-th-2600-glostrup-01610323__20__2__th,51.0,Tegl,2.0,https://www.boligsiden.dk/adresse/magnoliavej-20-2-th-2600-glostrup-01610323__20__2__th,Mursten,Ikke oplyst,0,R767
hovedvejen-178-1-tv-2600-glostrup-01610213_178__1__tv,"Hovedvejen 178, 1. tv.",2600.0,Ejerlejlighed,Free Sale,19-03-2025,1870000.0,1,Glostrup,Fjernvarme/blokvarme,/adresse/hovedvejen-178-1-tv-2600-glostrup-01610213_178__1__tv,65.0,Tegl,3.0,https://www.boligsiden.dk/adresse/hovedvejen-178-1-tv-2600-glostrup-01610213_178__1__tv,Mursten,Ikke oplyst,0,R768
lindebo-25-2-154-2630-taastrup-01694470__25__2_154,"Lindebo 25, 2. 154.",2630.0,Ejerlejlighed,Free Sale,19-03-2025,1130000.0,3,Taastrup,Fjernvarme/blokvarme,/adresse/lindebo-25-2-154-2630-taastrup-01694470__25__2_154,42.0,Fibercement herunder asbest,1.0,https://www.boligsiden.dk/adresse/lindebo-25-2-154-2630-taastrup-01694470__25__2_154,Mursten,Ikke oplyst,0,R769
lindebo-25-2-154-2630-taastrup-01694470__25__2_154,"Lindebo 25, 2. 154.",2630.0,Ejerlejlighed,Free Sale,17-03-2021,1175000.0,3,Taastrup,Fjernvarme/blokvarme,/adresse/lindebo-25-2-154-2630-taastrup-01694470__25__2_154,42.0,Fibercement herunder asbest,1.0,https://www.boligsiden.dk/adresse/lindebo-25-2-154-2630-taastrup-01694470__25__2_154,Mursten,Ikke oplyst,0,R770
lindebo-25-2-154-2630-taastrup-01694470__25__2_154,"Lindebo 25, 2. 154.",2630.0,Ejerlejlighed,Free Sale,02-02-2021,950000.0,3,Taastrup,Fjernvarme/blokvarme,/adresse/lindebo-25-2-154-2630-taastrup-01694470__25__2_154,42.0,Fibercement herunder asbest,1.0,https://www.boligsiden.dk/adresse/lindebo-25-2-154-2630-taastrup-01694470__25__2_154,Mursten,Ikke oplyst,0,R771
birkevang-37-2830-virum-01730062__37_______,Birkevang 37,2830.0,Rækkehus,Free Sale,19-03-2025,4400000.0,3,Virum,Centralvarme med én fyringsenhed,/adresse/birkevang-37-2830-virum-01730062__37_______,75.0,Tagpap med stor hældning,4.0,https://www.boligsiden.dk/adresse/birkevang-37-2830-virum-01730062__37_______,Mursten,91,0,R772
birkevang-37-2830-virum-01730062__37_______,Birkevang 37,2830.0,Rækkehus,Free Sale,28-04-2023,3489000.0,3,Virum,Centralvarme med én fyringsenhed,/adresse/birkevang-37-2830-virum-01730062__37_______,75.0,Tagpap med stor hældning,4.0,https://www.boligsiden.dk/adresse/birkevang-37-2830-virum-01730062__37_______,Mursten,91,0,R773
birkevang-37-2830-virum-01730062__37_______,Birkevang 37,2830.0,Rækkehus,Free Sale,20-12-2017,2999000.0,3,Virum,Centralvarme med én fyringsenhed,/adresse/birkevang-37-2830-virum-01730062__37_______,75.0,Tagpap med stor hældning,4.0,https://www.boligsiden.dk/adresse/birkevang-37-2830-virum-01730062__37_______,Mursten,91,0,R774
hoejdevej-17-2750-ballerup-01510159__17_______,Højdevej 17,2750.0,Villa,Free Sale,19-03-2025,4195000.0,3,Ballerup,Centralvarme med én fyringsenhed,/adresse/hoejdevej-17-2750-ballerup-01510159__17_______,70.0,Tegl,3.0,https://www.boligsiden.dk/adresse/hoejdevej-17-2750-ballerup-01510159__17_______,Mursten,105.5,0,R775
hoejdevej-17-2750-ballerup-01510159__17_______,Højdevej 17,2750.0,Villa,Free Sale,06-10-2015,2550000.0,3,Ballerup,Centralvarme med én fyringsenhed,/adresse/hoejdevej-17-2750-ballerup-01510159__17_______,70.0,Tegl,3.0,https://www.boligsiden.dk/adresse/hoejdevej-17-2750-ballerup-01510159__17_______,Mursten,105.5,0,R776
hoejdevej-17-2750-ballerup-01510159__17_______,Højdevej 17,2750.0,Villa,Free Sale,24-02-1994,771920.0,3,Ballerup,Centralvarme med én fyringsenhed,/adresse/hoejdevej-17-2750-ballerup-01510159__17_______,70.0,Tegl,3.0,https://www.boligsiden.dk/adresse/hoejdevej-17-2750-ballerup-01510159__17_______,Mursten,105.5,0,R777
mokkavej-11-3-1-2610-roedovre-01750563__11__3___1,"Mokkavej 11, 3. 1.",2610.0,Ejerlejlighed,Free Sale,19-03-2025,5075000.0,2,Rødovre,Fjernvarme/blokvarme,/adresse/mokkavej-11-3-1-2610-roedovre-01750563__11__3___1,114.0,Tagpap med lille hældning,3.0,https://www.boligsiden.dk/adresse/mokkavej-11-3-1-2610-roedovre-01750563__11__3___1,Betonelementer,Ikke oplyst,0,R778
mokkavej-11-3-1-2610-roedovre-01750563__11__3___1,"Mokkavej 11, 3. 1.",2610.0,Ejerlejlighed,Free Sale,20-03-2018,4206778.0,2,Rødovre,Fjernvarme/blokvarme,/adresse/mokkavej-11-3-1-2610-roedovre-01750563__11__3___1,114.0,Tagpap med lille hældning,3.0,https://www.boligsiden.dk/adresse/mokkavej-11-3-1-2610-roedovre-01750563__11__3___1,Betonelementer,Ikke oplyst,0,R779
eremitageparken-323-2-d-2800-kongens-lyngby-01730209_323__2___d,"Eremitageparken 323, 2. d.",2800.0,Ejerlejlighed,Free Sale,19-03-2025,1765000.0,3,Kongens Lyngby,Fjernvarme/blokvarme,/adresse/eremitageparken-323-2-d-2800-kongens-lyngby-01730209_323__2___d,41.0,Tagpap med stor hældning,1.0,https://www.boligsiden.dk/adresse/eremitageparken-323-2-d-2800-kongens-lyngby-01730209_323__2___d,Betonelementer,Ikke oplyst,0,R780
eremitageparken-323-2-d-2800-kongens-lyngby-01730209_323__2___d,"Eremitageparken 323, 2. d.",2800.0,Ejerlejlighed,Free Sale,14-02-2022,1600000.0,3,Kongens Lyngby,Fjernvarme/blokvarme,/adresse/eremitageparken-323-2-d-2800-kongens-lyngby-01730209_323__2___d,41.0,Tagpap med stor hældning,1.0,https://www.boligsiden.dk/adresse/eremitageparken-323-2-d-2800-kongens-lyngby-01730209_323__2___d,Betonelementer,Ikke oplyst,0,R781
eremitageparken-323-2-d-2800-kongens-lyngby-01730209_323__2___d,"Eremitageparken 323, 2. d.",2800.0,Ejerlejlighed,Free Sale,11-03-2019,1095000.0,3,Kongens Lyngby,Fjernvarme/blokvarme,/adresse/eremitageparken-323-2-d-2800-kongens-lyngby-01730209_323__2___d,41.0,Tagpap med stor hældning,1.0,https://www.boligsiden.dk/adresse/eremitageparken-323-2-d-2800-kongens-lyngby-01730209_323__2___d,Betonelementer,Ikke oplyst,0,R782
gaardager-21-2640-hedehusene-01692436__21_______,Gårdager 21,2640.0,Villa,Free Sale,19-03-2025,4100000.0,3,Hedehusene,Centralvarme med én fyringsenhed,/adresse/gaardager-21-2640-hedehusene-01692436__21_______,134.0,Tagpap med lille hældning,5.0,https://www.boligsiden.dk/adresse/gaardager-21-2640-hedehusene-01692436__21_______,Mursten,164.2,0,R783
gaardager-21-2640-hedehusene-01692436__21_______,Gårdager 21,2640.0,Villa,Free Sale,16-07-2020,3100000.0,3,Hedehusene,Centralvarme med én fyringsenhed,/adresse/gaardager-21-2640-hedehusene-01692436__21_______,134.0,Tagpap med lille hældning,5.0,https://www.boligsiden.dk/adresse/gaardager-21-2640-hedehusene-01692436__21_______,Mursten,164.2,0,R784
gaardager-21-2640-hedehusene-01692436__21_______,Gårdager 21,2640.0,Villa,Free Sale,21-05-2014,2350000.0,3,Hedehusene,Centralvarme med én fyringsenhed,/adresse/gaardager-21-2640-hedehusene-01692436__21_______,134.0,Tagpap med lille hældning,5.0,https://www.boligsiden.dk/adresse/gaardager-21-2640-hedehusene-01692436__21_______,Mursten,164.2,0,R785
tvedvangen-54-2730-herlev-01638715__54_______,Tvedvangen 54,2730.0,Rækkehus,Free Sale,19-03-2025,3930000.0,3,Herlev,Fjernvarme/blokvarme,/adresse/tvedvangen-54-2730-herlev-01638715__54_______,104.0,Fibercement herunder asbest,4.0,https://www.boligsiden.dk/adresse/tvedvangen-54-2730-herlev-01638715__54_______,Mursten,110.4,0,R786
tvedvangen-54-2730-herlev-01638715__54_______,Tvedvangen 54,2730.0,Rækkehus,Free Sale,17-06-2018,3295000.0,3,Herlev,Fjernvarme/blokvarme,/adresse/tvedvangen-54-2730-herlev-01638715__54_______,104.0,Fibercement herunder asbest,4.0,https://www.boligsiden.dk/adresse/tvedvangen-54-2730-herlev-01638715__54_______,Mursten,110.4,0,R787
tvedvangen-54-2730-herlev-01638715__54_______,Tvedvangen 54,2730.0,Rækkehus,Free Sale,27-03-2017,2985000.0,3,Herlev,Fjernvarme/blokvarme,/adresse/tvedvangen-54-2730-herlev-01638715__54_______,104.0,Fibercement herunder asbest,4.0,https://www.boligsiden.dk/adresse/tvedvangen-54-2730-herlev-01638715__54_______,Mursten,110.4,0,R788
blichersvej-11-2630-taastrup-01690514__11_______,Blichersvej 11,2630.0,Villa,Free Sale,19-03-2025,3300000.0,3,Taastrup,Fjernvarme/blokvarme,/adresse/blichersvej-11-2630-taastrup-01690514__11_______,110.0,Tegl,4.0,https://www.boligsiden.dk/adresse/blichersvej-11-2630-taastrup-01690514__11_______,Mursten,113.3,0,R789
blichersvej-11-2630-taastrup-01690514__11_______,Blichersvej 11,2630.0,Villa,Free Sale,07-04-2024,2400000.0,3,Taastrup,Fjernvarme/blokvarme,/adresse/blichersvej-11-2630-taastrup-01690514__11_______,110.0,Tegl,4.0,https://www.boligsiden.dk/adresse/blichersvej-11-2630-taastrup-01690514__11_______,Mursten,113.3,0,R790
blichersvej-11-2630-taastrup-01690514__11_______,Blichersvej 11,2630.0,Villa,Free Sale,01-11-2023,2000000.0,3,Taastrup,Fjernvarme/blokvarme,/adresse/blichersvej-11-2630-taastrup-01690514__11_______,110.0,Tegl,4.0,https://www.boligsiden.dk/adresse/blichersvej-11-2630-taastrup-01690514__11_______,Mursten,113.3,0,R791
naesborgvej-16-0-tv-2650-hvidovre-01676123__16_st__tv,"Næsborgvej 16, st. tv.",2650.0,Ejerlejlighed,Free Sale,19-03-2025,2190000.0,1,Hvidovre,Fjernvarme/blokvarme,/adresse/naesborgvej-16-0-tv-2650-hvidovre-01676123__16_st__tv,73.0,Fibercement uden asbest,3.0,https://www.boligsiden.dk/adresse/naesborgvej-16-0-tv-2650-hvidovre-01676123__16_st__tv,Mursten,Ikke oplyst,0,R792
tvaerbommen-25-1-tv-2820-gentofte-01570895__25__1__tv,"Tværbommen 25, 1. tv.",2820.0,Ejerlejlighed,Family Sale,19-03-2025,2311200.0,3,Gentofte,Fjernvarme/blokvarme,/adresse/tvaerbommen-25-1-tv-2820-gentofte-01570895__25__1__tv,84.0,Tegl,4.0,https://www.boligsiden.dk/adresse/tvaerbommen-25-1-tv-2820-gentofte-01570895__25__1__tv,Mursten,Ikke oplyst,0,R793
tvaerbommen-25-1-tv-2820-gentofte-01570895__25__1__tv,"Tværbommen 25, 1. tv.",2820.0,Ejerlejlighed,Free Sale,18-11-2018,2650000.0,3,Gentofte,Fjernvarme/blokvarme,/adresse/tvaerbommen-25-1-tv-2820-gentofte-01570895__25__1__tv,84.0,Tegl,4.0,https://www.boligsiden.dk/adresse/tvaerbommen-25-1-tv-2820-gentofte-01570895__25__1__tv,Mursten,Ikke oplyst,0,R794
tvaerbommen-25-1-tv-2820-gentofte-01570895__25__1__tv,"Tværbommen 25, 1. tv.",2820.0,Ejerlejlighed,Free Sale,04-09-2006,2893000.0,3,Gentofte,Fjernvarme/blokvarme,/adresse/tvaerbommen-25-1-tv-2820-gentofte-01570895__25__1__tv,84.0,Tegl,4.0,https://www.boligsiden.dk/adresse/tvaerbommen-25-1-tv-2820-gentofte-01570895__25__1__tv,Mursten,Ikke oplyst,0,R795
strandvejen-439-0-mf-2930-klampenborg-01570802_439_st__mf,"Strandvejen 439, st. mf.",2930.0,Ejerlejlighed,Family Sale,19-03-2025,4100000.0,3,Klampenborg,Centralvarme med én fyringsenhed,/adresse/strandvejen-439-0-mf-2930-klampenborg-01570802_439_st__mf,101.0,Tagpap med stor hældning,1.0,https://www.boligsiden.dk/adresse/strandvejen-439-0-mf-2930-klampenborg-01570802_439_st__mf,Mursten,Ikke oplyst,0,R796
strandvejen-439-0-mf-2930-klampenborg-01570802_439_st__mf,"Strandvejen 439, st. mf.",2930.0,Ejerlejlighed,Free Sale,27-05-1999,2223250.0,3,Klampenborg,Centralvarme med én fyringsenhed,/adresse/strandvejen-439-0-mf-2930-klampenborg-01570802_439_st__mf,101.0,Tagpap med stor hældning,1.0,https://www.boligsiden.dk/adresse/strandvejen-439-0-mf-2930-klampenborg-01570802_439_st__mf,Mursten,Ikke oplyst,0,R797
strandvejen-439-0-mf-2930-klampenborg-01570802_439_st__mf,"Strandvejen 439, st. mf.",2930.0,Ejerlejlighed,Free Sale,10-10-1995,1468500.0,3,Klampenborg,Centralvarme med én fyringsenhed,/adresse/strandvejen-439-0-mf-2930-klampenborg-01570802_439_st__mf,101.0,Tagpap med stor hældning,1.0,https://www.boligsiden.dk/adresse/strandvejen-439-0-mf-2930-klampenborg-01570802_439_st__mf,Mursten,Ikke oplyst,0,R798
bagsvaerd-hovedgade-99-11-g-2880-bagsvaerd-01590039__99_11___g,"Bagsværd Hovedgade 99, 11. g.",2880.0,Ejerlejlighed,Free Sale,18-03-2025,1150000.0,3,Bagsværd,Fjernvarme/blokvarme,/adresse/bagsvaerd-hovedgade-99-11-g-2880-bagsvaerd-01590039__99_11___g,46.0,Tagpap med stor hældning,1.0,https://www.boligsiden.dk/adresse/bagsvaerd-hovedgade-99-11-g-2880-bagsvaerd-01590039__99_11___g,Betonelementer,Ikke oplyst,0,R799
bagsvaerd-hovedgade-99-11-g-2880-bagsvaerd-01590039__99_11___g,"Bagsværd Hovedgade 99, 11. g.",2880.0,Ejerlejlighed,Free Sale,09-11-2019,850000.0,3,Bagsværd,Fjernvarme/blokvarme,/adresse/bagsvaerd-hovedgade-99-11-g-2880-bagsvaerd-01590039__99_11___g,46.0,Tagpap med stor hældning,1.0,https://www.boligsiden.dk/adresse/bagsvaerd-hovedgade-99-11-g-2880-bagsvaerd-01590039__99_11___g,Betonelementer,Ikke oplyst,0,R800
bagsvaerd-hovedgade-99-11-g-2880-bagsvaerd-01590039__99_11___g,"Bagsværd Hovedgade 99, 11. g.",2880.0,Ejerlejlighed,Free Sale,01-07-2016,750000.0,3,Bagsværd,Fjernvarme/blokvarme,/adresse/bagsvaerd-hovedgade-99-11-g-2880-bagsvaerd-01590039__99_11___g,46.0,Tagpap med stor hældning,1.0,https://www.boligsiden.dk/adresse/bagsvaerd-hovedgade-99-11-g-2880-bagsvaerd-01590039__99_11___g,Betonelementer,Ikke oplyst,0,R801
jensloevs-tvaervej-5a-1-tv-2920-charlottenlund-01570406__5a__1__tv,"Jensløvs Tværvej 5A, 1. tv.",2920.0,Ejerlejlighed,Family Sale,18-03-2025,2360000.0,2,Charlottenlund,Fjernvarme/blokvarme,/adresse/jensloevs-tvaervej-5a-1-tv-2920-charlottenlund-01570406__5a__1__tv,67.0,Tegl,2.0,https://www.boligsiden.dk/adresse/jensloevs-tvaervej-5a-1-tv-2920-charlottenlund-01570406__5a__1__tv,Mursten,Ikke oplyst,0,R802
jensloevs-tvaervej-5a-1-tv-2920-charlottenlund-01570406__5a__1__tv,"Jensløvs Tværvej 5A, 1. tv.",2920.0,Ejerlejlighed,Family Sale,18-03-2025,2360000.0,2,Charlottenlund,Fjernvarme/blokvarme,/adresse/jensloevs-tvaervej-5a-1-tv-2920-charlottenlund-01570406__5a__1__tv,67.0,Tegl,2.0,https://www.boligsiden.dk/adresse/jensloevs-tvaervej-5a-1-tv-2920-charlottenlund-01570406__5a__1__tv,Mursten,Ikke oplyst,0,R803
jensloevs-tvaervej-5a-1-tv-2920-charlottenlund-01570406__5a__1__tv,"Jensløvs Tværvej 5A, 1. tv.",2920.0,Ejerlejlighed,Free Sale,15-03-2000,950000.0,2,Charlottenlund,Fjernvarme/blokvarme,/adresse/jensloevs-tvaervej-5a-1-tv-2920-charlottenlund-01570406__5a__1__tv,67.0,Tegl,2.0,https://www.boligsiden.dk/adresse/jensloevs-tvaervej-5a-1-tv-2920-charlottenlund-01570406__5a__1__tv,Mursten,Ikke oplyst,0,R804
jensloevs-tvaervej-5a-1-tv-2920-charlottenlund-01570406__5a__1__tv,"Jensløvs Tværvej 5A, 1. tv.",2920.0,Ejerlejlighed,Free Sale,15-03-2000,950000.0,2,Charlottenlund,Fjernvarme/blokvarme,/adresse/jensloevs-tvaervej-5a-1-tv-2920-charlottenlund-01570406__5a__1__tv,67.0,Tegl,2.0,https://www.boligsiden.dk/adresse/jensloevs-tvaervej-5a-1-tv-2920-charlottenlund-01570406__5a__1__tv,Mursten,Ikke oplyst,0,R805
askevang-36-2640-hedehusene-01690060__36_______,Askevang 36,2640.0,Villa,Free Sale,18-03-2025,3750000.0,1,Hedehusene,Elvarme,/adresse/askevang-36-2640-hedehusene-01690060__36_______,164.0,Fibercement herunder asbest,5.0,https://www.boligsiden.dk/adresse/askevang-36-2640-hedehusene-01690060__36_______,Mursten,174.5,0,R806
jensloevs-tvaervej-5a-1-tv-2920-charlottenlund-01570406__5a__1__tv,"Jensløvs Tværvej 5A, 1. tv.",2920.0,Ejerlejlighed,Family Sale,18-03-2025,2360000.0,2,Charlottenlund,Fjernvarme/blokvarme,/adresse/jensloevs-tvaervej-5a-1-tv-2920-charlottenlund-01570406__5a__1__tv,67.0,Tegl,2.0,https://www.boligsiden.dk/adresse/jensloevs-tvaervej-5a-1-tv-2920-charlottenlund-01570406__5a__1__tv,Mursten,Ikke oplyst,0,R807
jensloevs-tvaervej-5a-1-tv-2920-charlottenlund-01570406__5a__1__tv,"Jensløvs Tværvej 5A, 1. tv.",2920.0,Ejerlejlighed,Family Sale,18-03-2025,2360000.0,2,Charlottenlund,Fjernvarme/blokvarme,/adresse/jensloevs-tvaervej-5a-1-tv-2920-charlottenlund-01570406__5a__1__tv,67.0,Tegl,2.0,https://www.boligsiden.dk/adresse/jensloevs-tvaervej-5a-1-tv-2920-charlottenlund-01570406__5a__1__tv,Mursten,Ikke oplyst,0,R808
jensloevs-tvaervej-5a-1-tv-2920-charlottenlund-01570406__5a__1__tv,"Jensløvs Tværvej 5A, 1. tv.",2920.0,Ejerlejlighed,Free Sale,15-03-2000,950000.0,2,Charlottenlund,Fjernvarme/blokvarme,/adresse/jensloevs-tvaervej-5a-1-tv-2920-charlottenlund-01570406__5a__1__tv,67.0,Tegl,2.0,https://www.boligsiden.dk/adresse/jensloevs-tvaervej-5a-1-tv-2920-charlottenlund-01570406__5a__1__tv,Mursten,Ikke oplyst,0,R809
jensloevs-tvaervej-5a-1-tv-2920-charlottenlund-01570406__5a__1__tv,"Jensløvs Tværvej 5A, 1. tv.",2920.0,Ejerlejlighed,Free Sale,15-03-2000,950000.0,2,Charlottenlund,Fjernvarme/blokvarme,/adresse/jensloevs-tvaervej-5a-1-tv-2920-charlottenlund-01570406__5a__1__tv,67.0,Tegl,2.0,https://www.boligsiden.dk/adresse/jensloevs-tvaervej-5a-1-tv-2920-charlottenlund-01570406__5a__1__tv,Mursten,Ikke oplyst,0,R810
jaegersborg-alle-239-1-mf-2820-gentofte-01570423_239__1__mf,"Jægersborg Alle 239, 1. mf.",2820.0,Ejerlejlighed,Free Sale,18-03-2025,1850000.0,3,Gentofte,Fjernvarme/blokvarme,/adresse/jaegersborg-alle-239-1-mf-2820-gentofte-01570423_239__1__mf,54.0,Tagpap med lille hældning,1.0,https://www.boligsiden.dk/adresse/jaegersborg-alle-239-1-mf-2820-gentofte-01570423_239__1__mf,Mursten,Ikke oplyst,0,R811
jaegersborg-alle-239-1-mf-2820-gentofte-01570423_239__1__mf,"Jægersborg Alle 239, 1. mf.",2820.0,Ejerlejlighed,Family Sale,25-03-2022,1167000.0,3,Gentofte,Fjernvarme/blokvarme,/adresse/jaegersborg-alle-239-1-mf-2820-gentofte-01570423_239__1__mf,54.0,Tagpap med lille hældning,1.0,https://www.boligsiden.dk/adresse/jaegersborg-alle-239-1-mf-2820-gentofte-01570423_239__1__mf,Mursten,Ikke oplyst,0,R812
jaegersborg-alle-239-1-mf-2820-gentofte-01570423_239__1__mf,"Jægersborg Alle 239, 1. mf.",2820.0,Ejerlejlighed,Free Sale,29-11-2013,785000.0,3,Gentofte,Fjernvarme/blokvarme,/adresse/jaegersborg-alle-239-1-mf-2820-gentofte-01570423_239__1__mf,54.0,Tagpap med lille hældning,1.0,https://www.boligsiden.dk/adresse/jaegersborg-alle-239-1-mf-2820-gentofte-01570423_239__1__mf,Mursten,Ikke oplyst,0,R813
potentilvej-43-2630-taastrup-01695918__43_______,Potentilvej 43,2630.0,Rækkehus,Free Sale,18-03-2025,4400000.0,2,Taastrup,Fjernvarme/blokvarme,/adresse/potentilvej-43-2630-taastrup-01695918__43_______,118.0,Betontagsten,5.0,https://www.boligsiden.dk/adresse/potentilvej-43-2630-taastrup-01695918__43_______,Mursten,121.3,0,R814
potentilvej-43-2630-taastrup-01695918__43_______,Potentilvej 43,2630.0,Rækkehus,Free Sale,22-01-2004,2095000.0,2,Taastrup,Fjernvarme/blokvarme,/adresse/potentilvej-43-2630-taastrup-01695918__43_______,118.0,Betontagsten,5.0,https://www.boligsiden.dk/adresse/potentilvej-43-2630-taastrup-01695918__43_______,Mursten,121.3,0,R815
brunevang-92-0-12-2610-roedovre-01750108__92_st__12,"Brunevang 92, st. 12.",2610.0,Ejerlejlighed,Free Sale,18-03-2025,1250000.0,3,Rødovre,Fjernvarme/blokvarme,/adresse/brunevang-92-0-12-2610-roedovre-01750108__92_st__12,40.0,Tagpap med lille hældning,1.0,https://www.boligsiden.dk/adresse/brunevang-92-0-12-2610-roedovre-01750108__92_st__12,Betonelementer,Ikke oplyst,0,R816
brunevang-92-0-12-2610-roedovre-01750108__92_st__12,"Brunevang 92, st. 12.",2610.0,Ejerlejlighed,Free Sale,22-05-2006,1087737.0,3,Rødovre,Fjernvarme/blokvarme,/adresse/brunevang-92-0-12-2610-roedovre-01750108__92_st__12,40.0,Tagpap med lille hældning,1.0,https://www.boligsiden.dk/adresse/brunevang-92-0-12-2610-roedovre-01750108__92_st__12,Betonelementer,Ikke oplyst,0,R817
brunevang-92-0-12-2610-roedovre-01750108__92_st__12,"Brunevang 92, st. 12.",2610.0,Ejerlejlighed,Free Sale,06-02-2002,598851.0,3,Rødovre,Fjernvarme/blokvarme,/adresse/brunevang-92-0-12-2610-roedovre-01750108__92_st__12,40.0,Tagpap med lille hældning,1.0,https://www.boligsiden.dk/adresse/brunevang-92-0-12-2610-roedovre-01750108__92_st__12,Betonelementer,Ikke oplyst,0,R818
oktobervej-103-2860-soeborg-01590633_103_______,Oktobervej 103,2860.0,Villa,Free Sale,18-03-2025,3875000.0,3,Søborg,Fjernvarme/blokvarme,/adresse/oktobervej-103-2860-soeborg-01590633_103_______,103.0,Fibercement herunder asbest,4.0,https://www.boligsiden.dk/adresse/oktobervej-103-2860-soeborg-01590633_103_______,Letbetonsten,107.35,0,R819
oktobervej-103-2860-soeborg-01590633_103_______,Oktobervej 103,2860.0,Villa,Free Sale,15-10-2019,2865000.0,3,Søborg,Fjernvarme/blokvarme,/adresse/oktobervej-103-2860-soeborg-01590633_103_______,103.0,Fibercement herunder asbest,4.0,https://www.boligsiden.dk/adresse/oktobervej-103-2860-soeborg-01590633_103_______,Letbetonsten,107.35,0,R820
oktobervej-103-2860-soeborg-01590633_103_______,Oktobervej 103,2860.0,Villa,Free Sale,15-08-2006,936857.0,3,Søborg,Fjernvarme/blokvarme,/adresse/oktobervej-103-2860-soeborg-01590633_103_______,103.0,Fibercement herunder asbest,4.0,https://www.boligsiden.dk/adresse/oktobervej-103-2860-soeborg-01590633_103_______,Letbetonsten,107.35,0,R821
ellemosevej-91-2900-hellerup-01570185__91_______,,,Villa,Free Sale,18-03-2025,6860000.0,1,,,,,,,,,,0,R822
ahornvej-13-2630-taastrup-01690027__13_______,,,Villa,Free Sale,18-03-2025,5795000.0,3,,,,,,,,,,0,R823
ahornvej-13-2630-taastrup-01690027__13_______,,,Villa,Family Sale,16-09-2015,1838438.0,3,,,,,,,,,,0,R824
ahornvej-13-2630-taastrup-01690027__13_______,,,Villa,Free Sale,22-04-2009,3380000.0,3,,,,,,,,,,0,R825
blidahpark-31-2-tv-2900-hellerup-01570064__31__2__tv,"Blidahpark 31, 2. tv.",2900.0,Ejerlejlighed,Free Sale,18-03-2025,5995000.0,3,Hellerup,Fjernvarme/blokvarme,/adresse/blidahpark-31-2-tv-2900-hellerup-01570064__31__2__tv,95.0,Tagpap med stor hældning,4.0,https://www.boligsiden.dk/adresse/blidahpark-31-2-tv-2900-hellerup-01570064__31__2__tv,Mursten,Ikke oplyst,0,R826
blidahpark-31-2-tv-2900-hellerup-01570064__31__2__tv,"Blidahpark 31, 2. tv.",2900.0,Ejerlejlighed,Free Sale,21-02-1999,1412500.0,3,Hellerup,Fjernvarme/blokvarme,/adresse/blidahpark-31-2-tv-2900-hellerup-01570064__31__2__tv,95.0,Tagpap med stor hældning,4.0,https://www.boligsiden.dk/adresse/blidahpark-31-2-tv-2900-hellerup-01570064__31__2__tv,Mursten,Ikke oplyst,0,R827
blidahpark-31-2-tv-2900-hellerup-01570064__31__2__tv,"Blidahpark 31, 2. tv.",2900.0,Ejerlejlighed,Free Sale,21-06-1994,940000.0,3,Hellerup,Fjernvarme/blokvarme,/adresse/blidahpark-31-2-tv-2900-hellerup-01570064__31__2__tv,95.0,Tagpap med stor hældning,4.0,https://www.boligsiden.dk/adresse/blidahpark-31-2-tv-2900-hellerup-01570064__31__2__tv,Mursten,Ikke oplyst,0,R828
blomstervaenget-29-1-3-2800-kongens-lyngby-01730076__29__1___3,"Blomstervænget 29, 1. 3.",2800.0,Ejerlejlighed,Free Sale,18-03-2025,1790000.0,3,Kongens Lyngby,Fjernvarme/blokvarme,/adresse/blomstervaenget-29-1-3-2800-kongens-lyngby-01730076__29__1___3,42.0,Tagpap med stor hældning,1.0,https://www.boligsiden.dk/adresse/blomstervaenget-29-1-3-2800-kongens-lyngby-01730076__29__1___3,Mursten,Ikke oplyst,0,R829
blomstervaenget-29-1-3-2800-kongens-lyngby-01730076__29__1___3,"Blomstervænget 29, 1. 3.",2800.0,Ejerlejlighed,Free Sale,01-02-2024,1650000.0,3,Kongens Lyngby,Fjernvarme/blokvarme,/adresse/blomstervaenget-29-1-3-2800-kongens-lyngby-01730076__29__1___3,42.0,Tagpap med stor hældning,1.0,https://www.boligsiden.dk/adresse/blomstervaenget-29-1-3-2800-kongens-lyngby-01730076__29__1___3,Mursten,Ikke oplyst,0,R830
blomstervaenget-29-1-3-2800-kongens-lyngby-01730076__29__1___3,"Blomstervænget 29, 1. 3.",2800.0,Ejerlejlighed,Free Sale,12-09-2005,1115000.0,3,Kongens Lyngby,Fjernvarme/blokvarme,/adresse/blomstervaenget-29-1-3-2800-kongens-lyngby-01730076__29__1___3,42.0,Tagpap med stor hældning,1.0,https://www.boligsiden.dk/adresse/blomstervaenget-29-1-3-2800-kongens-lyngby-01730076__29__1___3,Mursten,Ikke oplyst,0,R831
bagsvaerdvej-71c-1-th-2800-kongens-lyngby-01730040_71c__1__th,"Bagsværdvej 71C, 1. th.",2800.0,Ejerlejlighed,Family Sale,18-03-2025,1640000.0,3,Kongens Lyngby,Fjernvarme/blokvarme,/adresse/bagsvaerdvej-71c-1-th-2800-kongens-lyngby-01730040_71c__1__th,56.0,Tagpap med stor hældning,2.0,https://www.boligsiden.dk/adresse/bagsvaerdvej-71c-1-th-2800-kongens-lyngby-01730040_71c__1__th,Mursten,Ikke oplyst,0,R832
bagsvaerdvej-71c-1-th-2800-kongens-lyngby-01730040_71c__1__th,"Bagsværdvej 71C, 1. th.",2800.0,Ejerlejlighed,Free Sale,26-01-2020,1570000.0,3,Kongens Lyngby,Fjernvarme/blokvarme,/adresse/bagsvaerdvej-71c-1-th-2800-kongens-lyngby-01730040_71c__1__th,56.0,Tagpap med stor hældning,2.0,https://www.boligsiden.dk/adresse/bagsvaerdvej-71c-1-th-2800-kongens-lyngby-01730040_71c__1__th,Mursten,Ikke oplyst,0,R833
bagsvaerdvej-71c-1-th-2800-kongens-lyngby-01730040_71c__1__th,"Bagsværdvej 71C, 1. th.",2800.0,Ejerlejlighed,Free Sale,21-03-2018,1600000.0,3,Kongens Lyngby,Fjernvarme/blokvarme,/adresse/bagsvaerdvej-71c-1-th-2800-kongens-lyngby-01730040_71c__1__th,56.0,Tagpap med stor hældning,2.0,https://www.boligsiden.dk/adresse/bagsvaerdvej-71c-1-th-2800-kongens-lyngby-01730040_71c__1__th,Mursten,Ikke oplyst,0,R834
syvhoejvaenge-11-2625-vallensbaek-01877882__11_______,Syvhøjvænge 11,2625.0,Villa,Free Sale,18-03-2025,4850000.0,3,Vallensbæk,Centralvarme med én fyringsenhed,/adresse/syvhoejvaenge-11-2625-vallensbaek-01877882__11_______,182.0,Fibercement herunder asbest,6.0,https://www.boligsiden.dk/adresse/syvhoejvaenge-11-2625-vallensbaek-01877882__11_______,Mursten,191.8,0,R835
syvhoejvaenge-11-2625-vallensbaek-01877882__11_______,Syvhøjvænge 11,2625.0,Villa,Free Sale,03-08-2012,2700000.0,3,Vallensbæk,Centralvarme med én fyringsenhed,/adresse/syvhoejvaenge-11-2625-vallensbaek-01877882__11_______,182.0,Fibercement herunder asbest,6.0,https://www.boligsiden.dk/adresse/syvhoejvaenge-11-2625-vallensbaek-01877882__11_______,Mursten,191.8,0,R836
syvhoejvaenge-11-2625-vallensbaek-01877882__11_______,Syvhøjvænge 11,2625.0,Villa,Free Sale,06-03-1998,1342217.0,3,Vallensbæk,Centralvarme med én fyringsenhed,/adresse/syvhoejvaenge-11-2625-vallensbaek-01877882__11_______,182.0,Fibercement herunder asbest,6.0,https://www.boligsiden.dk/adresse/syvhoejvaenge-11-2625-vallensbaek-01877882__11_______,Mursten,191.8,0,R837
j-e-pitznersvej-31a-2730-herlev-01634136_31a_______,J E Pitznersvej 31A,2730.0,Villa,Family Sale,17-03-2025,1908000.0,3,Herlev,Elvarme,/adresse/j-e-pitznersvej-31a-2730-herlev-01634136_31a_______,61.0,Tagpap med stor hældning,3.0,https://www.boligsiden.dk/adresse/j-e-pitznersvej-31a-2730-herlev-01634136_31a_______,Fibercement herunder asbest,68.5,0,R838
j-e-pitznersvej-31a-2730-herlev-01634136_31a_______,J E Pitznersvej 31A,2730.0,Villa,Free Sale,21-02-1997,748360.0,3,Herlev,Elvarme,/adresse/j-e-pitznersvej-31a-2730-herlev-01634136_31a_______,61.0,Tagpap med stor hældning,3.0,https://www.boligsiden.dk/adresse/j-e-pitznersvej-31a-2730-herlev-01634136_31a_______,Fibercement herunder asbest,68.5,0,R839
j-e-pitznersvej-31a-2730-herlev-01634136_31a_______,J E Pitznersvej 31A,2730.0,Villa,Family Sale,02-04-1993,313347.0,3,Herlev,Elvarme,/adresse/j-e-pitznersvej-31a-2730-herlev-01634136_31a_______,61.0,Tagpap med stor hældning,3.0,https://www.boligsiden.dk/adresse/j-e-pitznersvej-31a-2730-herlev-01634136_31a_______,Fibercement herunder asbest,68.5,0,R840
elmehusene-187-2600-glostrup-01650087_187_______,Elmehusene 187,2600.0,Rækkehus,Free Sale,17-03-2025,2600000.0,1,Glostrup,Fjernvarme/blokvarme,/adresse/elmehusene-187-2600-glostrup-01650087_187_______,96.0,Fibercement herunder asbest,4.0,https://www.boligsiden.dk/adresse/elmehusene-187-2600-glostrup-01650087_187_______,Betonelementer,97.5,0,R841
lystoftevej-18b-1-th-2800-kongens-lyngby-01730550_18b__1__th,"Lystoftevej 18B, 1. th.",2800.0,Ejerlejlighed,Free Sale,17-03-2025,2000000.0,3,Kongens Lyngby,Fjernvarme/blokvarme,/adresse/lystoftevej-18b-1-th-2800-kongens-lyngby-01730550_18b__1__th,55.0,Tegl,2.0,https://www.boligsiden.dk/adresse/lystoftevej-18b-1-th-2800-kongens-lyngby-01730550_18b__1__th,Mursten,Ikke oplyst,0,R842
lystoftevej-18b-1-th-2800-kongens-lyngby-01730550_18b__1__th,"Lystoftevej 18B, 1. th.",2800.0,Ejerlejlighed,Free Sale,04-03-2002,850000.0,3,Kongens Lyngby,Fjernvarme/blokvarme,/adresse/lystoftevej-18b-1-th-2800-kongens-lyngby-01730550_18b__1__th,55.0,Tegl,2.0,https://www.boligsiden.dk/adresse/lystoftevej-18b-1-th-2800-kongens-lyngby-01730550_18b__1__th,Mursten,Ikke oplyst,0,R843
lystoftevej-18b-1-th-2800-kongens-lyngby-01730550_18b__1__th,"Lystoftevej 18B, 1. th.",2800.0,Ejerlejlighed,Free Sale,29-09-1997,489745.0,3,Kongens Lyngby,Fjernvarme/blokvarme,/adresse/lystoftevej-18b-1-th-2800-kongens-lyngby-01730550_18b__1__th,55.0,Tegl,2.0,https://www.boligsiden.dk/adresse/lystoftevej-18b-1-th-2800-kongens-lyngby-01730550_18b__1__th,Mursten,Ikke oplyst,0,R844
hoejsgaards-alle-52-2900-hellerup-01570386__52_______,Højsgårds Alle 52,2900.0,Villa,Free Sale,17-03-2025,9375000.0,2,Hellerup,Fjernvarme/blokvarme,/adresse/hoejsgaards-alle-52-2900-hellerup-01570386__52_______,152.0,Tagpap med stor hældning,7.0,https://www.boligsiden.dk/adresse/hoejsgaards-alle-52-2900-hellerup-01570386__52_______,Mursten,178.4,0,R845
hoejsgaards-alle-52-2900-hellerup-01570386__52_______,Højsgårds Alle 52,2900.0,Villa,Free Sale,09-07-2001,2000000.0,2,Hellerup,Fjernvarme/blokvarme,/adresse/hoejsgaards-alle-52-2900-hellerup-01570386__52_______,152.0,Tagpap med stor hældning,7.0,https://www.boligsiden.dk/adresse/hoejsgaards-alle-52-2900-hellerup-01570386__52_______,Mursten,178.4,0,R846
olivenlunden-77-2630-taastrup-01695640__77_______,Olivenlunden 77,2630.0,Rækkehus,Free Sale,17-03-2025,2828000.0,3,Taastrup,Fjernvarme/blokvarme,/adresse/olivenlunden-77-2630-taastrup-01695640__77_______,92.0,Betontagsten,4.0,https://www.boligsiden.dk/adresse/olivenlunden-77-2630-taastrup-01695640__77_______,Mursten,92.75,0,R847
olivenlunden-77-2630-taastrup-01695640__77_______,Olivenlunden 77,2630.0,Rækkehus,Free Sale,14-02-2020,2395000.0,3,Taastrup,Fjernvarme/blokvarme,/adresse/olivenlunden-77-2630-taastrup-01695640__77_______,92.0,Betontagsten,4.0,https://www.boligsiden.dk/adresse/olivenlunden-77-2630-taastrup-01695640__77_______,Mursten,92.75,0,R848
olivenlunden-77-2630-taastrup-01695640__77_______,Olivenlunden 77,2630.0,Rækkehus,Free Sale,10-06-2014,1650000.0,3,Taastrup,Fjernvarme/blokvarme,/adresse/olivenlunden-77-2630-taastrup-01695640__77_______,92.0,Betontagsten,4.0,https://www.boligsiden.dk/adresse/olivenlunden-77-2630-taastrup-01695640__77_______,Mursten,92.75,0,R849
cedervaenget-17-1-th-2830-virum-01730143__17__1__th,"Cedervænget 17, 1. th.",2830.0,Ejerlejlighed,Free Sale,17-03-2025,3200000.0,3,Virum,Centralvarme med én fyringsenhed,/adresse/cedervaenget-17-1-th-2830-virum-01730143__17__1__th,86.0,Tagpap med stor hældning,4.0,https://www.boligsiden.dk/adresse/cedervaenget-17-1-th-2830-virum-01730143__17__1__th,Mursten,Ikke oplyst,0,R850
cedervaenget-17-1-th-2830-virum-01730143__17__1__th,"Cedervænget 17, 1. th.",2830.0,Ejerlejlighed,Free Sale,03-06-2021,3050000.0,3,Virum,Centralvarme med én fyringsenhed,/adresse/cedervaenget-17-1-th-2830-virum-01730143__17__1__th,86.0,Tagpap med stor hældning,4.0,https://www.boligsiden.dk/adresse/cedervaenget-17-1-th-2830-virum-01730143__17__1__th,Mursten,Ikke oplyst,0,R851
cedervaenget-17-1-th-2830-virum-01730143__17__1__th,"Cedervænget 17, 1. th.",2830.0,Ejerlejlighed,Free Sale,29-10-2015,2185000.0,3,Virum,Centralvarme med én fyringsenhed,/adresse/cedervaenget-17-1-th-2830-virum-01730143__17__1__th,86.0,Tagpap med stor hældning,4.0,https://www.boligsiden.dk/adresse/cedervaenget-17-1-th-2830-virum-01730143__17__1__th,Mursten,Ikke oplyst,0,R852
hummeltoften-29-2830-virum-01730354__29_______,Hummeltoften 29,2830.0,Villa,Free Sale,17-03-2025,8050000.0,1,Virum,Varmepumpe,/adresse/hummeltoften-29-2830-virum-01730354__29_______,148.0,Tagpap med lille hældning,4.0,https://www.boligsiden.dk/adresse/hummeltoften-29-2830-virum-01730354__29_______,Mursten,154.5,0,R853
slaavang-alle-16-2610-roedovre-01750790__16_______,Slåvang Alle 16,2610.0,Villa,Family Sale,17-03-2025,3200000.0,2,Rødovre,Centralvarme med én fyringsenhed,/adresse/slaavang-alle-16-2610-roedovre-01750790__16_______,153.0,Tegl,5.0,https://www.boligsiden.dk/adresse/slaavang-alle-16-2610-roedovre-01750790__16_______,Mursten,154.45,0,R854
slaavang-alle-16-2610-roedovre-01750790__16_______,Slåvang Alle 16,2610.0,Villa,Free Sale,15-09-2022,2260000.0,2,Rødovre,Centralvarme med én fyringsenhed,/adresse/slaavang-alle-16-2610-roedovre-01750790__16_______,153.0,Tegl,5.0,https://www.boligsiden.dk/adresse/slaavang-alle-16-2610-roedovre-01750790__16_______,Mursten,154.45,0,R855
brostykkevej-200-2650-hvidovre-01671194_200_______,Brostykkevej 200,2650.0,Villa,Free Sale,17-03-2025,5445000.0,3,Hvidovre,Varmepumpe,/adresse/brostykkevej-200-2650-hvidovre-01671194_200_______,148.0,Fibercement herunder asbest,5.0,https://www.boligsiden.dk/adresse/brostykkevej-200-2650-hvidovre-01671194_200_______,Mursten,158.2,0,R856
brostykkevej-200-2650-hvidovre-01671194_200_______,Brostykkevej 200,2650.0,Villa,Free Sale,09-01-2024,5500000.0,3,Hvidovre,Varmepumpe,/adresse/brostykkevej-200-2650-hvidovre-01671194_200_______,148.0,Fibercement herunder asbest,5.0,https://www.boligsiden.dk/adresse/brostykkevej-200-2650-hvidovre-01671194_200_______,Mursten,158.2,0,R857
brostykkevej-200-2650-hvidovre-01671194_200_______,Brostykkevej 200,2650.0,Villa,Free Sale,31-08-2021,3100000.0,3,Hvidovre,Varmepumpe,/adresse/brostykkevej-200-2650-hvidovre-01671194_200_______,148.0,Fibercement herunder asbest,5.0,https://www.boligsiden.dk/adresse/brostykkevej-200-2650-hvidovre-01671194_200_______,Mursten,158.2,0,R858
bredegaards-alle-50-2650-hvidovre-01671045__50_______,Bredegårds Alle 50,2650.0,Villa,Free Sale,17-03-2025,5495000.0,3,Hvidovre,Centralvarme med én fyringsenhed,/adresse/bredegaards-alle-50-2650-hvidovre-01671045__50_______,156.0,Metal,5.0,https://www.boligsiden.dk/adresse/bredegaards-alle-50-2650-hvidovre-01671045__50_______,Letbetonsten,152.2,0,R859
bredegaards-alle-50-2650-hvidovre-01671045__50_______,Bredegårds Alle 50,2650.0,Villa,Family Sale,11-03-2017,1390948.0,3,Hvidovre,Centralvarme med én fyringsenhed,/adresse/bredegaards-alle-50-2650-hvidovre-01671045__50_______,156.0,Metal,5.0,https://www.boligsiden.dk/adresse/bredegaards-alle-50-2650-hvidovre-01671045__50_______,Letbetonsten,152.2,0,R860
bredegaards-alle-50-2650-hvidovre-01671045__50_______,Bredegårds Alle 50,2650.0,Villa,Free Sale,30-04-1998,839280.0,3,Hvidovre,Centralvarme med én fyringsenhed,/adresse/bredegaards-alle-50-2650-hvidovre-01671045__50_______,156.0,Metal,5.0,https://www.boligsiden.dk/adresse/bredegaards-alle-50-2650-hvidovre-01671045__50_______,Letbetonsten,152.2,0,R861
moerkhoej-parkalle-14e-2860-soeborg-01590596_14e_______,Mørkhøj Parkalle 14E,2860.0,Rækkehus,Free Sale,17-03-2025,5300000.0,3,Søborg,Fjernvarme/blokvarme,/adresse/moerkhoej-parkalle-14e-2860-soeborg-01590596_14e_______,147.0,Tegl,5.0,https://www.boligsiden.dk/adresse/moerkhoej-parkalle-14e-2860-soeborg-01590596_14e_______,Mursten,145.6,0,R862
moerkhoej-parkalle-14e-2860-soeborg-01590596_14e_______,Mørkhøj Parkalle 14E,2860.0,Rækkehus,Family Sale,17-06-2017,2000000.0,3,Søborg,Fjernvarme/blokvarme,/adresse/moerkhoej-parkalle-14e-2860-soeborg-01590596_14e_______,147.0,Tegl,5.0,https://www.boligsiden.dk/adresse/moerkhoej-parkalle-14e-2860-soeborg-01590596_14e_______,Mursten,145.6,0,R863
moerkhoej-parkalle-14e-2860-soeborg-01590596_14e_______,Mørkhøj Parkalle 14E,2860.0,Rækkehus,Free Sale,27-01-2005,2489051.0,3,Søborg,Fjernvarme/blokvarme,/adresse/moerkhoej-parkalle-14e-2860-soeborg-01590596_14e_______,147.0,Tegl,5.0,https://www.boligsiden.dk/adresse/moerkhoej-parkalle-14e-2860-soeborg-01590596_14e_______,Mursten,145.6,0,R864
kaermysse-16-2830-virum-01730484__16_______,Kærmysse 16,2830.0,Rækkehus,Free Sale,17-03-2025,6995000.0,2,Virum,Centralvarme med én fyringsenhed,/adresse/kaermysse-16-2830-virum-01730484__16_______,97.0,Tagpap med stor hældning,3.0,https://www.boligsiden.dk/adresse/kaermysse-16-2830-virum-01730484__16_______,Mursten,98.5,0,R865
kaermysse-16-2830-virum-01730484__16_______,Kærmysse 16,2830.0,Rækkehus,Free Sale,21-09-2015,4500000.0,2,Virum,Centralvarme med én fyringsenhed,/adresse/kaermysse-16-2830-virum-01730484__16_______,97.0,Tagpap med stor hældning,3.0,https://www.boligsiden.dk/adresse/kaermysse-16-2830-virum-01730484__16_______,Mursten,98.5,0,R866
wienerbyen-27-2830-virum-01730850__27_______,Wienerbyen 27,2830.0,Villa,Free Sale,17-03-2025,10500000.0,2,Virum,Centralvarme med én fyringsenhed,/adresse/wienerbyen-27-2830-virum-01730850__27_______,190.0,Tagpap med stor hældning,5.0,https://www.boligsiden.dk/adresse/wienerbyen-27-2830-virum-01730850__27_______,Mursten,209.5,0,R867
wienerbyen-27-2830-virum-01730850__27_______,Wienerbyen 27,2830.0,Villa,Free Sale,20-12-2012,2100000.0,2,Virum,Centralvarme med én fyringsenhed,/adresse/wienerbyen-27-2830-virum-01730850__27_______,190.0,Tagpap med stor hældning,5.0,https://www.boligsiden.dk/adresse/wienerbyen-27-2830-virum-01730850__27_______,Mursten,209.5,0,R868
lauggaards-alle-8-0-tv-2860-soeborg-01590498___8_st__tv,"Lauggårds Alle 8, st. tv.",2860.0,Ejerlejlighed,Free Sale,17-03-2025,2945000.0,3,Søborg,Fjernvarme/blokvarme,/adresse/lauggaards-alle-8-0-tv-2860-soeborg-01590498___8_st__tv,76.0,Tegl,4.0,https://www.boligsiden.dk/adresse/lauggaards-alle-8-0-tv-2860-soeborg-01590498___8_st__tv,Mursten,Ikke oplyst,0,R869
lauggaards-alle-8-0-tv-2860-soeborg-01590498___8_st__tv,"Lauggårds Alle 8, st. tv.",2860.0,Ejerlejlighed,Free Sale,30-10-2017,2075000.0,3,Søborg,Fjernvarme/blokvarme,/adresse/lauggaards-alle-8-0-tv-2860-soeborg-01590498___8_st__tv,76.0,Tegl,4.0,https://www.boligsiden.dk/adresse/lauggaards-alle-8-0-tv-2860-soeborg-01590498___8_st__tv,Mursten,Ikke oplyst,0,R870
lauggaards-alle-8-0-tv-2860-soeborg-01590498___8_st__tv,"Lauggårds Alle 8, st. tv.",2860.0,Ejerlejlighed,Free Sale,30-10-2017,2075000.0,3,Søborg,Fjernvarme/blokvarme,/adresse/lauggaards-alle-8-0-tv-2860-soeborg-01590498___8_st__tv,76.0,Tegl,4.0,https://www.boligsiden.dk/adresse/lauggaards-alle-8-0-tv-2860-soeborg-01590498___8_st__tv,Mursten,Ikke oplyst,0,R871
mellemvej-23-2750-ballerup-01510769__23_______,Mellemvej 23,2750.0,Villa,Free Sale,17-03-2025,7000000.0,3,Ballerup,Centralvarme med én fyringsenhed,/adresse/mellemvej-23-2750-ballerup-01510769__23_______,198.0,Tagpap med stor hældning,7.0,https://www.boligsiden.dk/adresse/mellemvej-23-2750-ballerup-01510769__23_______,Letbetonsten,206.55,0,R872
mellemvej-23-2750-ballerup-01510769__23_______,Mellemvej 23,2750.0,Villa,Family Sale,04-12-2019,1083750.0,3,Ballerup,Centralvarme med én fyringsenhed,/adresse/mellemvej-23-2750-ballerup-01510769__23_______,198.0,Tagpap med stor hældning,7.0,https://www.boligsiden.dk/adresse/mellemvej-23-2750-ballerup-01510769__23_______,Letbetonsten,206.55,0,R873
mellemvej-23-2750-ballerup-01510769__23_______,Mellemvej 23,2750.0,Villa,Family Sale,27-04-2019,1083750.0,3,Ballerup,Centralvarme med én fyringsenhed,/adresse/mellemvej-23-2750-ballerup-01510769__23_______,198.0,Tagpap med stor hældning,7.0,https://www.boligsiden.dk/adresse/mellemvej-23-2750-ballerup-01510769__23_______,Letbetonsten,206.55,0,R874
hvidovrevej-97f-2650-hvidovre-01674032_97f_______,Hvidovrevej 97F,2650.0,Rækkehus,Free Sale,16-03-2025,4495000.0,3,Hvidovre,Fjernvarme/blokvarme,/adresse/hvidovrevej-97f-2650-hvidovre-01674032_97f_______,128.0,Betontagsten,4.0,https://www.boligsiden.dk/adresse/hvidovrevej-97f-2650-hvidovre-01674032_97f_______,Mursten,Ikke oplyst,0,R875
hvidovrevej-97f-2650-hvidovre-01674032_97f_______,Hvidovrevej 97F,2650.0,Rækkehus,Free Sale,11-03-2013,2425000.0,3,Hvidovre,Fjernvarme/blokvarme,/adresse/hvidovrevej-97f-2650-hvidovre-01674032_97f_______,128.0,Betontagsten,4.0,https://www.boligsiden.dk/adresse/hvidovrevej-97f-2650-hvidovre-01674032_97f_______,Mursten,Ikke oplyst,0,R876
hvidovrevej-97f-2650-hvidovre-01674032_97f_______,Hvidovrevej 97F,2650.0,Rækkehus,Free Sale,28-01-1998,1128080.0,3,Hvidovre,Fjernvarme/blokvarme,/adresse/hvidovrevej-97f-2650-hvidovre-01674032_97f_______,128.0,Betontagsten,4.0,https://www.boligsiden.dk/adresse/hvidovrevej-97f-2650-hvidovre-01674032_97f_______,Mursten,Ikke oplyst,0,R877
klintemarken-14a-2860-soeborg-01590425_14a_______,Klintemarken 14A,2860.0,Rækkehus,Free Sale,16-03-2025,3125000.0,2,Søborg,Centralvarme med én fyringsenhed,/adresse/klintemarken-14a-2860-soeborg-01590425_14a_______,70.0,Betontagsten,3.0,https://www.boligsiden.dk/adresse/klintemarken-14a-2860-soeborg-01590425_14a_______,Mursten,Ikke oplyst,0,R878
klintemarken-14a-2860-soeborg-01590425_14a_______,Klintemarken 14A,2860.0,Rækkehus,Free Sale,01-10-2001,1279000.0,2,Søborg,Centralvarme med én fyringsenhed,/adresse/klintemarken-14a-2860-soeborg-01590425_14a_______,70.0,Betontagsten,3.0,https://www.boligsiden.dk/adresse/klintemarken-14a-2860-soeborg-01590425_14a_______,Mursten,Ikke oplyst,0,R879
rytterhusene-41-2620-albertslund-01650427__41_______,Rytterhusene 41,2620.0,Rækkehus,Free Sale,16-03-2025,3052000.0,3,Albertslund,Fjernvarme/blokvarme,/adresse/rytterhusene-41-2620-albertslund-01650427__41_______,108.0,Tagpap med lille hældning,4.0,https://www.boligsiden.dk/adresse/rytterhusene-41-2620-albertslund-01650427__41_______,Betonelementer,130.6,0,R880
rytterhusene-41-2620-albertslund-01650427__41_______,Rytterhusene 41,2620.0,Rækkehus,Free Sale,09-09-2017,2298000.0,3,Albertslund,Fjernvarme/blokvarme,/adresse/rytterhusene-41-2620-albertslund-01650427__41_______,108.0,Tagpap med lille hældning,4.0,https://www.boligsiden.dk/adresse/rytterhusene-41-2620-albertslund-01650427__41_______,Betonelementer,130.6,0,R881
rytterhusene-41-2620-albertslund-01650427__41_______,Rytterhusene 41,2620.0,Rækkehus,Free Sale,02-04-2000,1185000.0,3,Albertslund,Fjernvarme/blokvarme,/adresse/rytterhusene-41-2620-albertslund-01650427__41_______,108.0,Tagpap med lille hældning,4.0,https://www.boligsiden.dk/adresse/rytterhusene-41-2620-albertslund-01650427__41_______,Betonelementer,130.6,0,R882
skovlunde-byvej-78-2740-skovlunde-01510656__78_______,Skovlunde Byvej 78,2740.0,Villa,Free Sale,16-03-2025,3450000.0,1,Skovlunde,Centralvarme med én fyringsenhed,/adresse/skovlunde-byvej-78-2740-skovlunde-01510656__78_______,85.0,Tegl,3.0,https://www.boligsiden.dk/adresse/skovlunde-byvej-78-2740-skovlunde-01510656__78_______,Mursten,126,0,R883
gjoerlingsvej-6-2900-hellerup-01570282___6_______,Gjørlingsvej 6,2900.0,Villa,Free Sale,16-03-2025,19000000.0,2,Hellerup,Fjernvarme/blokvarme,/adresse/gjoerlingsvej-6-2900-hellerup-01570282___6_______,210.0,Tegl,8.0,https://www.boligsiden.dk/adresse/gjoerlingsvej-6-2900-hellerup-01570282___6_______,Mursten,227.85,0,R884
gjoerlingsvej-6-2900-hellerup-01570282___6_______,Gjørlingsvej 6,2900.0,Villa,Free Sale,30-04-2019,9300000.0,2,Hellerup,Fjernvarme/blokvarme,/adresse/gjoerlingsvej-6-2900-hellerup-01570282___6_______,210.0,Tegl,8.0,https://www.boligsiden.dk/adresse/gjoerlingsvej-6-2900-hellerup-01570282___6_______,Mursten,227.85,0,R885
froedings-alle-9-1-tv-2860-soeborg-01590195___9__1__tv,"Frødings Alle 9, 1. tv.",2860.0,Ejerlejlighed,Free Sale,16-03-2025,1560000.0,3,Søborg,Centralvarme med én fyringsenhed,/adresse/froedings-alle-9-1-tv-2860-soeborg-01590195___9__1__tv,46.0,Tagpap med stor hældning,2.0,https://www.boligsiden.dk/adresse/froedings-alle-9-1-tv-2860-soeborg-01590195___9__1__tv,Mursten,Ikke oplyst,0,R886
froedings-alle-9-1-tv-2860-soeborg-01590195___9__1__tv,"Frødings Alle 9, 1. tv.",2860.0,Ejerlejlighed,Free Sale,04-02-2020,1400000.0,3,Søborg,Centralvarme med én fyringsenhed,/adresse/froedings-alle-9-1-tv-2860-soeborg-01590195___9__1__tv,46.0,Tagpap med stor hældning,2.0,https://www.boligsiden.dk/adresse/froedings-alle-9-1-tv-2860-soeborg-01590195___9__1__tv,Mursten,Ikke oplyst,0,R887
rosmosevej-49-2650-hvidovre-01676929__49_______,Rosmosevej 49,2650.0,Villa,Free Sale,16-03-2025,4295000.0,1,Hvidovre,Centralvarme med én fyringsenhed,/adresse/rosmosevej-49-2650-hvidovre-01676929__49_______,115.0,Betontagsten,3.0,https://www.boligsiden.dk/adresse/rosmosevej-49-2650-hvidovre-01676929__49_______,Mursten,128.55,0,R888
pagteroldvej-12-2650-hvidovre-01676302__12_______,Pagteroldvej 12,2650.0,Villa,Family Sale,16-03-2025,1756400.0,2,Hvidovre,Centralvarme med én fyringsenhed,/adresse/pagteroldvej-12-2650-hvidovre-01676302__12_______,192.0,Tegl,4.0,https://www.boligsiden.dk/adresse/pagteroldvej-12-2650-hvidovre-01676302__12_______,Mursten,185.1,0,R889
pagteroldvej-12-2650-hvidovre-01676302__12_______,Pagteroldvej 12,2650.0,Villa,Free Sale,09-03-1999,1275940.0,2,Hvidovre,Centralvarme med én fyringsenhed,/adresse/pagteroldvej-12-2650-hvidovre-01676302__12_______,192.0,Tegl,4.0,https://www.boligsiden.dk/adresse/pagteroldvej-12-2650-hvidovre-01676302__12_______,Mursten,185.1,0,R890
toftemosevej-5-2650-hvidovre-01678781___5_______,Toftemosevej 5,2650.0,Villa,Free Sale,15-03-2025,5850000.0,3,Hvidovre,Centralvarme med én fyringsenhed,/adresse/toftemosevej-5-2650-hvidovre-01678781___5_______,142.0,Fibercement herunder asbest,5.0,https://www.boligsiden.dk/adresse/toftemosevej-5-2650-hvidovre-01678781___5_______,Mursten,175.4,0,R891
toftemosevej-5-2650-hvidovre-01678781___5_______,Toftemosevej 5,2650.0,Villa,Free Sale,11-12-2021,5750000.0,3,Hvidovre,Centralvarme med én fyringsenhed,/adresse/toftemosevej-5-2650-hvidovre-01678781___5_______,142.0,Fibercement herunder asbest,5.0,https://www.boligsiden.dk/adresse/toftemosevej-5-2650-hvidovre-01678781___5_______,Mursten,175.4,0,R892
toftemosevej-5-2650-hvidovre-01678781___5_______,Toftemosevej 5,2650.0,Villa,Free Sale,01-10-2020,4525000.0,3,Hvidovre,Centralvarme med én fyringsenhed,/adresse/toftemosevej-5-2650-hvidovre-01678781___5_______,142.0,Fibercement herunder asbest,5.0,https://www.boligsiden.dk/adresse/toftemosevej-5-2650-hvidovre-01678781___5_______,Mursten,175.4,0,R893
hjortekaersvej-147b-2800-kongens-lyngby-01730338147b_______,Hjortekærsvej 147B,2800.0,Villa,Free Sale,15-03-2025,6900000.0,1,Kongens Lyngby,Centralvarme med én fyringsenhed,/adresse/hjortekaersvej-147b-2800-kongens-lyngby-01730338147b_______,136.0,Fibercement herunder asbest,5.0,https://www.boligsiden.dk/adresse/hjortekaersvej-147b-2800-kongens-lyngby-01730338147b_______,Mursten,141.25,0,R894
frederiksdalsvej-12b-2-tv-2830-virum-01730229_12b__2__tv,"Frederiksdalsvej 12B, 2. tv.",2830.0,Ejerlejlighed,Free Sale,15-03-2025,1895000.0,3,Virum,Centralvarme med én fyringsenhed,/adresse/frederiksdalsvej-12b-2-tv-2830-virum-01730229_12b__2__tv,59.0,Fibercement herunder asbest,2.0,https://www.boligsiden.dk/adresse/frederiksdalsvej-12b-2-tv-2830-virum-01730229_12b__2__tv,Mursten,Ikke oplyst,0,R895
frederiksdalsvej-12b-2-tv-2830-virum-01730229_12b__2__tv,"Frederiksdalsvej 12B, 2. tv.",2830.0,Ejerlejlighed,Free Sale,30-03-2021,1699000.0,3,Virum,Centralvarme med én fyringsenhed,/adresse/frederiksdalsvej-12b-2-tv-2830-virum-01730229_12b__2__tv,59.0,Fibercement herunder asbest,2.0,https://www.boligsiden.dk/adresse/frederiksdalsvej-12b-2-tv-2830-virum-01730229_12b__2__tv,Mursten,Ikke oplyst,0,R896
frederiksdalsvej-12b-2-tv-2830-virum-01730229_12b__2__tv,"Frederiksdalsvej 12B, 2. tv.",2830.0,Ejerlejlighed,Free Sale,02-03-2012,870000.0,3,Virum,Centralvarme med én fyringsenhed,/adresse/frederiksdalsvej-12b-2-tv-2830-virum-01730229_12b__2__tv,59.0,Fibercement herunder asbest,2.0,https://www.boligsiden.dk/adresse/frederiksdalsvej-12b-2-tv-2830-virum-01730229_12b__2__tv,Mursten,Ikke oplyst,0,R897
vejlebrovej-75-3-303-2635-ishoej-01830850__75__3_303,"Vejlebrovej 75, 3. 303.",2635.0,Ejerlejlighed,Free Sale,15-03-2025,2195000.0,3,Ishøj,Fjernvarme/blokvarme,/adresse/vejlebrovej-75-3-303-2635-ishoej-01830850__75__3_303,88.0,Tagpap med lille hældning,3.0,https://www.boligsiden.dk/adresse/vejlebrovej-75-3-303-2635-ishoej-01830850__75__3_303,Mursten,Ikke oplyst,0,R898
vejlebrovej-75-3-303-2635-ishoej-01830850__75__3_303,"Vejlebrovej 75, 3. 303.",2635.0,Ejerlejlighed,Free Sale,06-11-2005,1650000.0,3,Ishøj,Fjernvarme/blokvarme,/adresse/vejlebrovej-75-3-303-2635-ishoej-01830850__75__3_303,88.0,Tagpap med lille hældning,3.0,https://www.boligsiden.dk/adresse/vejlebrovej-75-3-303-2635-ishoej-01830850__75__3_303,Mursten,Ikke oplyst,0,R899
vejlebrovej-75-3-303-2635-ishoej-01830850__75__3_303,"Vejlebrovej 75, 3. 303.",2635.0,Ejerlejlighed,Free Sale,15-11-2001,1181774.0,3,Ishøj,Fjernvarme/blokvarme,/adresse/vejlebrovej-75-3-303-2635-ishoej-01830850__75__3_303,88.0,Tagpap med lille hældning,3.0,https://www.boligsiden.dk/adresse/vejlebrovej-75-3-303-2635-ishoej-01830850__75__3_303,Mursten,Ikke oplyst,0,R900
gildbrovej-51-1-192-2635-ishoej-01830205__51__1_192,"Gildbrovej 51, 1. 192.",2635.0,Ejerlejlighed,Free Sale,15-03-2025,1510000.0,3,Ishøj,Fjernvarme/blokvarme,/adresse/gildbrovej-51-1-192-2635-ishoej-01830205__51__1_192,56.0,Tagpap med lille hældning,2.0,https://www.boligsiden.dk/adresse/gildbrovej-51-1-192-2635-ishoej-01830205__51__1_192,Mursten,Ikke oplyst,0,R901
gildbrovej-51-1-192-2635-ishoej-01830205__51__1_192,"Gildbrovej 51, 1. 192.",2635.0,Ejerlejlighed,Free Sale,18-06-2013,720000.0,3,Ishøj,Fjernvarme/blokvarme,/adresse/gildbrovej-51-1-192-2635-ishoej-01830205__51__1_192,56.0,Tagpap med lille hældning,2.0,https://www.boligsiden.dk/adresse/gildbrovej-51-1-192-2635-ishoej-01830205__51__1_192,Mursten,Ikke oplyst,0,R902
gildbrovej-51-1-192-2635-ishoej-01830205__51__1_192,"Gildbrovej 51, 1. 192.",2635.0,Ejerlejlighed,Free Sale,23-11-1999,294900.0,3,Ishøj,Fjernvarme/blokvarme,/adresse/gildbrovej-51-1-192-2635-ishoej-01830205__51__1_192,56.0,Tagpap med lille hældning,2.0,https://www.boligsiden.dk/adresse/gildbrovej-51-1-192-2635-ishoej-01830205__51__1_192,Mursten,Ikke oplyst,0,R903
strandvejen-323-1-tv-2920-charlottenlund-01570802_323__1__tv,"Strandvejen 323, 1. tv.",2920.0,Ejerlejlighed,Free Sale,15-03-2025,7400000.0,3,Charlottenlund,Centralvarme med én fyringsenhed,/adresse/strandvejen-323-1-tv-2920-charlottenlund-01570802_323__1__tv,83.0,Andet materiale,3.0,https://www.boligsiden.dk/adresse/strandvejen-323-1-tv-2920-charlottenlund-01570802_323__1__tv,Mursten,Ikke oplyst,0,R904
strandvejen-323-1-tv-2920-charlottenlund-01570802_323__1__tv,"Strandvejen 323, 1. tv.",2920.0,Ejerlejlighed,Free Sale,16-11-2017,5150000.0,3,Charlottenlund,Centralvarme med én fyringsenhed,/adresse/strandvejen-323-1-tv-2920-charlottenlund-01570802_323__1__tv,83.0,Andet materiale,3.0,https://www.boligsiden.dk/adresse/strandvejen-323-1-tv-2920-charlottenlund-01570802_323__1__tv,Mursten,Ikke oplyst,0,R905
strandvejen-323-1-tv-2920-charlottenlund-01570802_323__1__tv,"Strandvejen 323, 1. tv.",2920.0,Ejerlejlighed,Free Sale,19-06-2006,4495000.0,3,Charlottenlund,Centralvarme med én fyringsenhed,/adresse/strandvejen-323-1-tv-2920-charlottenlund-01570802_323__1__tv,83.0,Andet materiale,3.0,https://www.boligsiden.dk/adresse/strandvejen-323-1-tv-2920-charlottenlund-01570802_323__1__tv,Mursten,Ikke oplyst,0,R906
vejlebrovej-80-3-tv-2635-ishoej-01830850__80__3__tv,"Vejlebrovej 80, 3. tv.",2635.0,Ejerlejlighed,Free Sale,14-03-2025,1885000.0,1,Ishøj,Fjernvarme/blokvarme,/adresse/vejlebrovej-80-3-tv-2635-ishoej-01830850__80__3__tv,76.0,Tagpap med lille hældning,2.0,https://www.boligsiden.dk/adresse/vejlebrovej-80-3-tv-2635-ishoej-01830850__80__3__tv,Betonelementer,Ikke oplyst,0,R907
virum-stationsvej-141e-1-tv-2830-virum-01730869141e__1__tv,"Virum Stationsvej 141E, 1. tv.",2830.0,Ejerlejlighed,Free Sale,14-03-2025,1870000.0,3,Virum,Centralvarme med én fyringsenhed,/adresse/virum-stationsvej-141e-1-tv-2830-virum-01730869141e__1__tv,50.0,Fibercement herunder asbest,2.0,https://www.boligsiden.dk/adresse/virum-stationsvej-141e-1-tv-2830-virum-01730869141e__1__tv,Mursten,Ikke oplyst,0,R908
virum-stationsvej-141e-1-tv-2830-virum-01730869141e__1__tv,"Virum Stationsvej 141E, 1. tv.",2830.0,Ejerlejlighed,Free Sale,17-07-2019,1150000.0,3,Virum,Centralvarme med én fyringsenhed,/adresse/virum-stationsvej-141e-1-tv-2830-virum-01730869141e__1__tv,50.0,Fibercement herunder asbest,2.0,https://www.boligsiden.dk/adresse/virum-stationsvej-141e-1-tv-2830-virum-01730869141e__1__tv,Mursten,Ikke oplyst,0,R909
virum-stationsvej-141e-1-tv-2830-virum-01730869141e__1__tv,"Virum Stationsvej 141E, 1. tv.",2830.0,Ejerlejlighed,Free Sale,06-05-2010,725000.0,3,Virum,Centralvarme med én fyringsenhed,/adresse/virum-stationsvej-141e-1-tv-2830-virum-01730869141e__1__tv,50.0,Fibercement herunder asbest,2.0,https://www.boligsiden.dk/adresse/virum-stationsvej-141e-1-tv-2830-virum-01730869141e__1__tv,Mursten,Ikke oplyst,0,R910
kraghave-parkvej-4-2630-taastrup-01694060___4_______,Kraghave Parkvej 4,2630.0,Villa,Free Sale,14-03-2025,4525000.0,3,Taastrup,Fjernvarme/blokvarme,/adresse/kraghave-parkvej-4-2630-taastrup-01694060___4_______,187.0,Betontagsten,6.0,https://www.boligsiden.dk/adresse/kraghave-parkvej-4-2630-taastrup-01694060___4_______,Mursten,183.35,0,R911
kraghave-parkvej-4-2630-taastrup-01694060___4_______,Kraghave Parkvej 4,2630.0,Villa,Free Sale,28-03-2022,4935000.0,3,Taastrup,Fjernvarme/blokvarme,/adresse/kraghave-parkvej-4-2630-taastrup-01694060___4_______,187.0,Betontagsten,6.0,https://www.boligsiden.dk/adresse/kraghave-parkvej-4-2630-taastrup-01694060___4_______,Mursten,183.35,0,R912
kraghave-parkvej-4-2630-taastrup-01694060___4_______,Kraghave Parkvej 4,2630.0,Villa,Free Sale,08-08-1999,1794971.0,3,Taastrup,Fjernvarme/blokvarme,/adresse/kraghave-parkvej-4-2630-taastrup-01694060___4_______,187.0,Betontagsten,6.0,https://www.boligsiden.dk/adresse/kraghave-parkvej-4-2630-taastrup-01694060___4_______,Mursten,183.35,0,R913
hedekaeret-18-1-th-2640-hedehusene-01692652__18__1__th,"Hedekæret 18, 1. th.",2640.0,Ejerlejlighed,Free Sale,14-03-2025,1695000.0,3,Hedehusene,Fjernvarme/blokvarme,/adresse/hedekaeret-18-1-th-2640-hedehusene-01692652__18__1__th,73.0,Fibercement herunder asbest,3.0,https://www.boligsiden.dk/adresse/hedekaeret-18-1-th-2640-hedehusene-01692652__18__1__th,Mursten,Ikke oplyst,0,R914
hedekaeret-18-1-th-2640-hedehusene-01692652__18__1__th,"Hedekæret 18, 1. th.",2640.0,Ejerlejlighed,Free Sale,01-05-2022,1600000.0,3,Hedehusene,Fjernvarme/blokvarme,/adresse/hedekaeret-18-1-th-2640-hedehusene-01692652__18__1__th,73.0,Fibercement herunder asbest,3.0,https://www.boligsiden.dk/adresse/hedekaeret-18-1-th-2640-hedehusene-01692652__18__1__th,Mursten,Ikke oplyst,0,R915
hedekaeret-18-1-th-2640-hedehusene-01692652__18__1__th,"Hedekæret 18, 1. th.",2640.0,Ejerlejlighed,Free Sale,23-01-2011,1135000.0,3,Hedehusene,Fjernvarme/blokvarme,/adresse/hedekaeret-18-1-th-2640-hedehusene-01692652__18__1__th,73.0,Fibercement herunder asbest,3.0,https://www.boligsiden.dk/adresse/hedekaeret-18-1-th-2640-hedehusene-01692652__18__1__th,Mursten,Ikke oplyst,0,R916
baunevej-38-2630-taastrup-01690324__38_______,Baunevej 38,2630.0,Rækkehus,Free Sale,14-03-2025,3300000.0,3,Taastrup,Fjernvarme/blokvarme,/adresse/baunevej-38-2630-taastrup-01690324__38_______,107.0,Fibercement herunder asbest,4.0,https://www.boligsiden.dk/adresse/baunevej-38-2630-taastrup-01690324__38_______,Betonelementer,109.75,0,R917
baunevej-38-2630-taastrup-01690324__38_______,Baunevej 38,2630.0,Rækkehus,Free Sale,08-12-2020,2880000.0,3,Taastrup,Fjernvarme/blokvarme,/adresse/baunevej-38-2630-taastrup-01690324__38_______,107.0,Fibercement herunder asbest,4.0,https://www.boligsiden.dk/adresse/baunevej-38-2630-taastrup-01690324__38_______,Betonelementer,109.75,0,R918
baunevej-38-2630-taastrup-01690324__38_______,Baunevej 38,2630.0,Rækkehus,Free Sale,31-10-2013,2000000.0,3,Taastrup,Fjernvarme/blokvarme,/adresse/baunevej-38-2630-taastrup-01690324__38_______,107.0,Fibercement herunder asbest,4.0,https://www.boligsiden.dk/adresse/baunevej-38-2630-taastrup-01690324__38_______,Betonelementer,109.75,0,R919
blokhus-alle-8-2660-broendby-strand-01530031___8_______,Blokhus Allé 8,2660.0,Villa,Free Sale,14-03-2025,4425000.0,3,Brøndby Strand,Centralvarme med én fyringsenhed,/adresse/blokhus-alle-8-2660-broendby-strand-01530031___8_______,112.0,Tagpap med stor hældning,4.0,https://www.boligsiden.dk/adresse/blokhus-alle-8-2660-broendby-strand-01530031___8_______,Mursten,114.05,0,R920
blokhus-alle-8-2660-broendby-strand-01530031___8_______,Blokhus Allé 8,2660.0,Villa,Free Sale,07-09-2018,3075000.0,3,Brøndby Strand,Centralvarme med én fyringsenhed,/adresse/blokhus-alle-8-2660-broendby-strand-01530031___8_______,112.0,Tagpap med stor hældning,4.0,https://www.boligsiden.dk/adresse/blokhus-alle-8-2660-broendby-strand-01530031___8_______,Mursten,114.05,0,R921
blokhus-alle-8-2660-broendby-strand-01530031___8_______,Blokhus Allé 8,2660.0,Villa,Free Sale,11-11-2014,2770000.0,3,Brøndby Strand,Centralvarme med én fyringsenhed,/adresse/blokhus-alle-8-2660-broendby-strand-01530031___8_______,112.0,Tagpap med stor hældning,4.0,https://www.boligsiden.dk/adresse/blokhus-alle-8-2660-broendby-strand-01530031___8_______,Mursten,114.05,0,R922
bystedparken-20-2660-broendby-strand-01530104__20_______,Bystedparken 20,2660.0,Rækkehus,Free Sale,14-03-2025,3200000.0,2,Brøndby Strand,Fjernvarme/blokvarme,/adresse/bystedparken-20-2660-broendby-strand-01530104__20_______,138.0,Fibercement herunder asbest,4.0,https://www.boligsiden.dk/adresse/bystedparken-20-2660-broendby-strand-01530104__20_______,Mursten,135.25,0,R923
bystedparken-20-2660-broendby-strand-01530104__20_______,Bystedparken 20,2660.0,Rækkehus,Family Sale,14-07-1993,286544.0,2,Brøndby Strand,Fjernvarme/blokvarme,/adresse/bystedparken-20-2660-broendby-strand-01530104__20_______,138.0,Fibercement herunder asbest,4.0,https://www.boligsiden.dk/adresse/bystedparken-20-2660-broendby-strand-01530104__20_______,Mursten,135.25,0,R924
strandvejen-178a-2920-charlottenlund-01570802178a_______,,,Villa,Free Sale,14-03-2025,23000000.0,1,,,,,,,,,,0,R925
langkildevej-47-2650-hvidovre-01675306__47_______,Langkildevej 47,2650.0,Rækkehus,Free Sale,14-03-2025,4795000.0,3,Hvidovre,Fjernvarme/blokvarme,/adresse/langkildevej-47-2650-hvidovre-01675306__47_______,122.0,Tagpap med lille hældning,5.0,https://www.boligsiden.dk/adresse/langkildevej-47-2650-hvidovre-01675306__47_______,Mursten,122.5,0,R926
langkildevej-47-2650-hvidovre-01675306__47_______,Langkildevej 47,2650.0,Rækkehus,Other,16-05-2023,1900000.0,3,Hvidovre,Fjernvarme/blokvarme,/adresse/langkildevej-47-2650-hvidovre-01675306__47_______,122.0,Tagpap med lille hældning,5.0,https://www.boligsiden.dk/adresse/langkildevej-47-2650-hvidovre-01675306__47_______,Mursten,122.5,0,R927
langkildevej-47-2650-hvidovre-01675306__47_______,Langkildevej 47,2650.0,Rækkehus,Free Sale,21-04-2021,3995000.0,3,Hvidovre,Fjernvarme/blokvarme,/adresse/langkildevej-47-2650-hvidovre-01675306__47_______,122.0,Tagpap med lille hældning,5.0,https://www.boligsiden.dk/adresse/langkildevej-47-2650-hvidovre-01675306__47_______,Mursten,122.5,0,R928
aertemarken-107a-2860-soeborg-01590981107a_______,Ærtemarken 107A,2860.0,Rækkehus,Family Sale,14-03-2025,4200000.0,1,Søborg,Varmepumpe,/adresse/aertemarken-107a-2860-soeborg-01590981107a_______,135.0,Fibercement herunder asbest,5.0,https://www.boligsiden.dk/adresse/aertemarken-107a-2860-soeborg-01590981107a_______,Mursten,143.25,0,R929
bagsvaerd-hovedgade-99-8-c-2880-bagsvaerd-01590039__99__8___c,"Bagsværd Hovedgade 99, 8. c.",2880.0,Ejerlejlighed,Free Sale,14-03-2025,1060000.0,3,Bagsværd,Fjernvarme/blokvarme,/adresse/bagsvaerd-hovedgade-99-8-c-2880-bagsvaerd-01590039__99__8___c,48.0,Tagpap med stor hældning,1.0,https://www.boligsiden.dk/adresse/bagsvaerd-hovedgade-99-8-c-2880-bagsvaerd-01590039__99__8___c,Betonelementer,Ikke oplyst,0,R930
bagsvaerd-hovedgade-99-8-c-2880-bagsvaerd-01590039__99__8___c,"Bagsværd Hovedgade 99, 8. c.",2880.0,Ejerlejlighed,Free Sale,30-09-2021,1150000.0,3,Bagsværd,Fjernvarme/blokvarme,/adresse/bagsvaerd-hovedgade-99-8-c-2880-bagsvaerd-01590039__99__8___c,48.0,Tagpap med stor hældning,1.0,https://www.boligsiden.dk/adresse/bagsvaerd-hovedgade-99-8-c-2880-bagsvaerd-01590039__99__8___c,Betonelementer,Ikke oplyst,0,R931
bagsvaerd-hovedgade-99-8-c-2880-bagsvaerd-01590039__99__8___c,"Bagsværd Hovedgade 99, 8. c.",2880.0,Ejerlejlighed,Family Sale,20-12-2019,459000.0,3,Bagsværd,Fjernvarme/blokvarme,/adresse/bagsvaerd-hovedgade-99-8-c-2880-bagsvaerd-01590039__99__8___c,48.0,Tagpap med stor hældning,1.0,https://www.boligsiden.dk/adresse/bagsvaerd-hovedgade-99-8-c-2880-bagsvaerd-01590039__99__8___c,Betonelementer,Ikke oplyst,0,R932
borgmester-joergensens-vej-9-2930-klampenborg-01570071___9_______,Borgmester Jørgensens Vej 9,2930.0,Villa,Free Sale,14-03-2025,1800000.0,2,Klampenborg,Centralvarme med én fyringsenhed,/adresse/borgmester-joergensens-vej-9-2930-klampenborg-01570071___9_______,195.0,Fibercement herunder asbest,7.0,https://www.boligsiden.dk/adresse/borgmester-joergensens-vej-9-2930-klampenborg-01570071___9_______,Mursten,209,0,R933
borgmester-joergensens-vej-9-2930-klampenborg-01570071___9_______,Borgmester Jørgensens Vej 9,2930.0,Villa,Free Sale,30-06-2023,10000000.0,2,Klampenborg,Centralvarme med én fyringsenhed,/adresse/borgmester-joergensens-vej-9-2930-klampenborg-01570071___9_______,195.0,Fibercement herunder asbest,7.0,https://www.boligsiden.dk/adresse/borgmester-joergensens-vej-9-2930-klampenborg-01570071___9_______,Mursten,209,0,R934
lindevangshusene-76-0-tv-2630-taastrup-01694520__76_st__tv,"Lindevangshusene 76, st. tv.",2630.0,Ejerlejlighed,Free Sale,14-03-2025,1750000.0,3,Taastrup,Fjernvarme/blokvarme,/adresse/lindevangshusene-76-0-tv-2630-taastrup-01694520__76_st__tv,67.0,Betontagsten,2.0,https://www.boligsiden.dk/adresse/lindevangshusene-76-0-tv-2630-taastrup-01694520__76_st__tv,Mursten,Ikke oplyst,0,R935
lindevangshusene-76-0-tv-2630-taastrup-01694520__76_st__tv,"Lindevangshusene 76, st. tv.",2630.0,Ejerlejlighed,Free Sale,12-04-2005,1145000.0,3,Taastrup,Fjernvarme/blokvarme,/adresse/lindevangshusene-76-0-tv-2630-taastrup-01694520__76_st__tv,67.0,Betontagsten,2.0,https://www.boligsiden.dk/adresse/lindevangshusene-76-0-tv-2630-taastrup-01694520__76_st__tv,Mursten,Ikke oplyst,0,R936
lindevangshusene-76-0-tv-2630-taastrup-01694520__76_st__tv,"Lindevangshusene 76, st. tv.",2630.0,Ejerlejlighed,Free Sale,12-10-1993,312750.0,3,Taastrup,Fjernvarme/blokvarme,/adresse/lindevangshusene-76-0-tv-2630-taastrup-01694520__76_st__tv,67.0,Betontagsten,2.0,https://www.boligsiden.dk/adresse/lindevangshusene-76-0-tv-2630-taastrup-01694520__76_st__tv,Mursten,Ikke oplyst,0,R937
hedekaeret-12-1-th-2640-hedehusene-01692652__12__1__th,"Hedekæret 12, 1. th.",2640.0,Ejerlejlighed,Free Sale,14-03-2025,1725000.0,3,Hedehusene,Fjernvarme/blokvarme,/adresse/hedekaeret-12-1-th-2640-hedehusene-01692652__12__1__th,73.0,Fibercement herunder asbest,3.0,https://www.boligsiden.dk/adresse/hedekaeret-12-1-th-2640-hedehusene-01692652__12__1__th,Mursten,Ikke oplyst,0,R938
hedekaeret-12-1-th-2640-hedehusene-01692652__12__1__th,"Hedekæret 12, 1. th.",2640.0,Ejerlejlighed,Family Sale,09-08-2021,450000.0,3,Hedehusene,Fjernvarme/blokvarme,/adresse/hedekaeret-12-1-th-2640-hedehusene-01692652__12__1__th,73.0,Fibercement herunder asbest,3.0,https://www.boligsiden.dk/adresse/hedekaeret-12-1-th-2640-hedehusene-01692652__12__1__th,Mursten,Ikke oplyst,0,R939
hedekaeret-12-1-th-2640-hedehusene-01692652__12__1__th,"Hedekæret 12, 1. th.",2640.0,Ejerlejlighed,Free Sale,26-02-2018,1490000.0,3,Hedehusene,Fjernvarme/blokvarme,/adresse/hedekaeret-12-1-th-2640-hedehusene-01692652__12__1__th,73.0,Fibercement herunder asbest,3.0,https://www.boligsiden.dk/adresse/hedekaeret-12-1-th-2640-hedehusene-01692652__12__1__th,Mursten,Ikke oplyst,0,R940
noerregaardsvej-148-2610-roedovre-01750614_148_______,Nørregårdsvej 148,2610.0,Rækkehus,Free Sale,14-03-2025,5000000.0,3,Rødovre,Centralvarme med én fyringsenhed,/adresse/noerregaardsvej-148-2610-roedovre-01750614_148_______,131.0,Tegl,5.0,https://www.boligsiden.dk/adresse/noerregaardsvej-148-2610-roedovre-01750614_148_______,Mursten,160.3,0,R941
noerregaardsvej-148-2610-roedovre-01750614_148_______,Nørregårdsvej 148,2610.0,Rækkehus,Free Sale,19-03-2023,4195000.0,3,Rødovre,Centralvarme med én fyringsenhed,/adresse/noerregaardsvej-148-2610-roedovre-01750614_148_______,131.0,Tegl,5.0,https://www.boligsiden.dk/adresse/noerregaardsvej-148-2610-roedovre-01750614_148_______,Mursten,160.3,0,R942
noerregaardsvej-148-2610-roedovre-01750614_148_______,Nørregårdsvej 148,2610.0,Rækkehus,Free Sale,15-02-2022,4725000.0,3,Rødovre,Centralvarme med én fyringsenhed,/adresse/noerregaardsvej-148-2610-roedovre-01750614_148_______,131.0,Tegl,5.0,https://www.boligsiden.dk/adresse/noerregaardsvej-148-2610-roedovre-01750614_148_______,Mursten,160.3,0,R943
gunnarsvej-2-2880-bagsvaerd-01590248___2_______,Gunnarsvej 2,2880.0,Rækkehus,Free Sale,14-03-2025,4200000.0,1,Bagsværd,Centralvarme med én fyringsenhed,/adresse/gunnarsvej-2-2880-bagsvaerd-01590248___2_______,110.0,Tegl,5.0,https://www.boligsiden.dk/adresse/gunnarsvej-2-2880-bagsvaerd-01590248___2_______,Mursten,131,0,R944
baldersvej-22-2635-ishoej-01830060__22_______,,,Villa,Free Sale,14-03-2025,3500000.0,3,,,,,,,,,,0,R945
baldersvej-22-2635-ishoej-01830060__22_______,,,Villa,Other,01-06-2022,4750000.0,3,,,,,,,,,,0,R946
baldersvej-22-2635-ishoej-01830060__22_______,,,Villa,Free Sale,23-06-2021,4750000.0,3,,,,,,,,,,0,R947
agerskovvej-19-2610-roedovre-01750007__19_______,Agerskovvej 19,2610.0,Villa,Family Sale,14-03-2025,2900000.0,2,Rødovre,Centralvarme med én fyringsenhed,/adresse/agerskovvej-19-2610-roedovre-01750007__19_______,130.0,Tegl,6.0,https://www.boligsiden.dk/adresse/agerskovvej-19-2610-roedovre-01750007__19_______,Mursten,153,0,R948
agerskovvej-19-2610-roedovre-01750007__19_______,Agerskovvej 19,2610.0,Villa,Free Sale,08-05-2015,2995000.0,2,Rødovre,Centralvarme med én fyringsenhed,/adresse/agerskovvej-19-2610-roedovre-01750007__19_______,130.0,Tegl,6.0,https://www.boligsiden.dk/adresse/agerskovvej-19-2610-roedovre-01750007__19_______,Mursten,153,0,R949
fyrrevang-47-2830-virum-01730262__47_______,Fyrrevang 47,2830.0,Rækkehus,Free Sale,14-03-2025,5531000.0,3,Virum,Centralvarme med én fyringsenhed,/adresse/fyrrevang-47-2830-virum-01730262__47_______,128.0,Tegl,5.0,https://www.boligsiden.dk/adresse/fyrrevang-47-2830-virum-01730262__47_______,Mursten,136.5,0,R950
fyrrevang-47-2830-virum-01730262__47_______,Fyrrevang 47,2830.0,Rækkehus,Free Sale,14-03-2025,5531000.0,3,Virum,Centralvarme med én fyringsenhed,/adresse/fyrrevang-47-2830-virum-01730262__47_______,128.0,Tegl,5.0,https://www.boligsiden.dk/adresse/fyrrevang-47-2830-virum-01730262__47_______,Mursten,136.5,0,R951
fyrrevang-47-2830-virum-01730262__47_______,Fyrrevang 47,2830.0,Rækkehus,Free Sale,05-08-1995,1019600.0,3,Virum,Centralvarme med én fyringsenhed,/adresse/fyrrevang-47-2830-virum-01730262__47_______,128.0,Tegl,5.0,https://www.boligsiden.dk/adresse/fyrrevang-47-2830-virum-01730262__47_______,Mursten,136.5,0,R952
fyrrevang-47-2830-virum-01730262__47_______,Fyrrevang 47,2830.0,Rækkehus,Free Sale,05-08-1995,1019600.0,3,Virum,Centralvarme med én fyringsenhed,/adresse/fyrrevang-47-2830-virum-01730262__47_______,128.0,Tegl,5.0,https://www.boligsiden.dk/adresse/fyrrevang-47-2830-virum-01730262__47_______,Mursten,136.5,0,R953
fyrrevang-47-2830-virum-01730262__47_______,Fyrrevang 47,2830.0,Rækkehus,Family Sale,17-05-1994,688500.0,3,Virum,Centralvarme med én fyringsenhed,/adresse/fyrrevang-47-2830-virum-01730262__47_______,128.0,Tegl,5.0,https://www.boligsiden.dk/adresse/fyrrevang-47-2830-virum-01730262__47_______,Mursten,136.5,0,R954
fyrrevang-47-2830-virum-01730262__47_______,Fyrrevang 47,2830.0,Rækkehus,Family Sale,17-05-1994,688500.0,3,Virum,Centralvarme med én fyringsenhed,/adresse/fyrrevang-47-2830-virum-01730262__47_______,128.0,Tegl,5.0,https://www.boligsiden.dk/adresse/fyrrevang-47-2830-virum-01730262__47_______,Mursten,136.5,0,R955
maglegaards-alle-142-2860-soeborg-01590538_142_______,Maglegårds Alle 142,2860.0,Villa,Free Sale,14-03-2025,6950000.0,1,Søborg,Centralvarme med én fyringsenhed,/adresse/maglegaards-alle-142-2860-soeborg-01590538_142_______,104.0,Tegl,5.0,https://www.boligsiden.dk/adresse/maglegaards-alle-142-2860-soeborg-01590538_142_______,Mursten,146.8,0,R956
fyrrevang-47-2830-virum-01730262__47_______,Fyrrevang 47,2830.0,Rækkehus,Free Sale,14-03-2025,5531000.0,3,Virum,Centralvarme med én fyringsenhed,/adresse/fyrrevang-47-2830-virum-01730262__47_______,128.0,Tegl,5.0,https://www.boligsiden.dk/adresse/fyrrevang-47-2830-virum-01730262__47_______,Mursten,136.5,0,R957
fyrrevang-47-2830-virum-01730262__47_______,Fyrrevang 47,2830.0,Rækkehus,Free Sale,14-03-2025,5531000.0,3,Virum,Centralvarme med én fyringsenhed,/adresse/fyrrevang-47-2830-virum-01730262__47_______,128.0,Tegl,5.0,https://www.boligsiden.dk/adresse/fyrrevang-47-2830-virum-01730262__47_______,Mursten,136.5,0,R958
fyrrevang-47-2830-virum-01730262__47_______,Fyrrevang 47,2830.0,Rækkehus,Free Sale,05-08-1995,1019600.0,3,Virum,Centralvarme med én fyringsenhed,/adresse/fyrrevang-47-2830-virum-01730262__47_______,128.0,Tegl,5.0,https://www.boligsiden.dk/adresse/fyrrevang-47-2830-virum-01730262__47_______,Mursten,136.5,0,R959
fyrrevang-47-2830-virum-01730262__47_______,Fyrrevang 47,2830.0,Rækkehus,Free Sale,05-08-1995,1019600.0,3,Virum,Centralvarme med én fyringsenhed,/adresse/fyrrevang-47-2830-virum-01730262__47_______,128.0,Tegl,5.0,https://www.boligsiden.dk/adresse/fyrrevang-47-2830-virum-01730262__47_______,Mursten,136.5,0,R960
fyrrevang-47-2830-virum-01730262__47_______,Fyrrevang 47,2830.0,Rækkehus,Family Sale,17-05-1994,688500.0,3,Virum,Centralvarme med én fyringsenhed,/adresse/fyrrevang-47-2830-virum-01730262__47_______,128.0,Tegl,5.0,https://www.boligsiden.dk/adresse/fyrrevang-47-2830-virum-01730262__47_______,Mursten,136.5,0,R961
fyrrevang-47-2830-virum-01730262__47_______,Fyrrevang 47,2830.0,Rækkehus,Family Sale,17-05-1994,688500.0,3,Virum,Centralvarme med én fyringsenhed,/adresse/fyrrevang-47-2830-virum-01730262__47_______,128.0,Tegl,5.0,https://www.boligsiden.dk/adresse/fyrrevang-47-2830-virum-01730262__47_______,Mursten,136.5,0,R962
kathrinebjergvej-22-2665-vallensbaek-strand-01873621__22_______,Kathrinebjergvej 22,2665.0,Villa,Free Sale,14-03-2025,4000000.0,1,Vallensbæk Strand,Centralvarme med én fyringsenhed,/adresse/kathrinebjergvej-22-2665-vallensbaek-strand-01873621__22_______,120.0,Betontagsten,4.0,https://www.boligsiden.dk/adresse/kathrinebjergvej-22-2665-vallensbaek-strand-01873621__22_______,Mursten,125.8,0,R963
vejlebrovej-20f-2635-ishoej-01830850_20f_______,Vejlebrovej 20F,2635.0,Rækkehus,Free Sale,13-03-2025,3200000.0,3,Ishøj,Centralvarme med én fyringsenhed,/adresse/vejlebrovej-20f-2635-ishoej-01830850_20f_______,138.0,Fibercement herunder asbest,5.0,https://www.boligsiden.dk/adresse/vejlebrovej-20f-2635-ishoej-01830850_20f_______,Betonelementer,139.1,0,R964
vejlebrovej-20f-2635-ishoej-01830850_20f_______,Vejlebrovej 20F,2635.0,Rækkehus,Other,21-01-2014,1500000.0,3,Ishøj,Centralvarme med én fyringsenhed,/adresse/vejlebrovej-20f-2635-ishoej-01830850_20f_______,138.0,Fibercement herunder asbest,5.0,https://www.boligsiden.dk/adresse/vejlebrovej-20f-2635-ishoej-01830850_20f_______,Betonelementer,139.1,0,R965
vejlebrovej-20f-2635-ishoej-01830850_20f_______,Vejlebrovej 20F,2635.0,Rækkehus,Free Sale,20-03-2011,1885000.0,3,Ishøj,Centralvarme med én fyringsenhed,/adresse/vejlebrovej-20f-2635-ishoej-01830850_20f_______,138.0,Fibercement herunder asbest,5.0,https://www.boligsiden.dk/adresse/vejlebrovej-20f-2635-ishoej-01830850_20f_______,Betonelementer,139.1,0,R966
sofielundsvej-14-0-th-2600-glostrup-01610427__14_st__th,"Sofielundsvej 14, st. th.",2600.0,Ejerlejlighed,Free Sale,13-03-2025,1700000.0,3,Glostrup,Fjernvarme/blokvarme,/adresse/sofielundsvej-14-0-th-2600-glostrup-01610427__14_st__th,50.0,Tegl,2.0,https://www.boligsiden.dk/adresse/sofielundsvej-14-0-th-2600-glostrup-01610427__14_st__th,Mursten,Ikke oplyst,0,R967
sofielundsvej-14-0-th-2600-glostrup-01610427__14_st__th,"Sofielundsvej 14, st. th.",2600.0,Ejerlejlighed,Free Sale,09-05-2019,1525000.0,3,Glostrup,Fjernvarme/blokvarme,/adresse/sofielundsvej-14-0-th-2600-glostrup-01610427__14_st__th,50.0,Tegl,2.0,https://www.boligsiden.dk/adresse/sofielundsvej-14-0-th-2600-glostrup-01610427__14_st__th,Mursten,Ikke oplyst,0,R968
sofielundsvej-14-0-th-2600-glostrup-01610427__14_st__th,"Sofielundsvej 14, st. th.",2600.0,Ejerlejlighed,Free Sale,23-12-2017,1650000.0,3,Glostrup,Fjernvarme/blokvarme,/adresse/sofielundsvej-14-0-th-2600-glostrup-01610427__14_st__th,50.0,Tegl,2.0,https://www.boligsiden.dk/adresse/sofielundsvej-14-0-th-2600-glostrup-01610427__14_st__th,Mursten,Ikke oplyst,0,R969
elmehusene-149-2600-glostrup-01650087_149_______,Elmehusene 149,2600.0,Rækkehus,Free Sale,13-03-2025,2800000.0,3,Glostrup,Fjernvarme/blokvarme,/adresse/elmehusene-149-2600-glostrup-01650087_149_______,96.0,Fibercement herunder asbest,3.0,https://www.boligsiden.dk/adresse/elmehusene-149-2600-glostrup-01650087_149_______,Betonelementer,97.5,0,R970
elmehusene-149-2600-glostrup-01650087_149_______,Elmehusene 149,2600.0,Rækkehus,Free Sale,05-06-2016,2170000.0,3,Glostrup,Fjernvarme/blokvarme,/adresse/elmehusene-149-2600-glostrup-01650087_149_______,96.0,Fibercement herunder asbest,3.0,https://www.boligsiden.dk/adresse/elmehusene-149-2600-glostrup-01650087_149_______,Betonelementer,97.5,0,R971
elmehusene-149-2600-glostrup-01650087_149_______,Elmehusene 149,2600.0,Rækkehus,Free Sale,11-08-2006,2100000.0,3,Glostrup,Fjernvarme/blokvarme,/adresse/elmehusene-149-2600-glostrup-01650087_149_______,96.0,Fibercement herunder asbest,3.0,https://www.boligsiden.dk/adresse/elmehusene-149-2600-glostrup-01650087_149_______,Betonelementer,97.5,0,R972
lindevangshusene-54-0-th-2630-taastrup-01694520__54_st__th,"Lindevangshusene 54, st. th.",2630.0,Ejerlejlighed,Free Sale,13-03-2025,2025000.0,1,Taastrup,Fjernvarme/blokvarme,/adresse/lindevangshusene-54-0-th-2630-taastrup-01694520__54_st__th,79.0,Betontagsten,3.0,https://www.boligsiden.dk/adresse/lindevangshusene-54-0-th-2630-taastrup-01694520__54_st__th,Mursten,Ikke oplyst,0,R973
nestors-alle-32-2650-hvidovre-01675974__32_______,Nestors Alle 32,2650.0,Villa,Free Sale,13-03-2025,5975000.0,1,Hvidovre,Centralvarme med én fyringsenhed,/adresse/nestors-alle-32-2650-hvidovre-01675974__32_______,171.0,Fibercement herunder asbest,7.0,https://www.boligsiden.dk/adresse/nestors-alle-32-2650-hvidovre-01675974__32_______,Mursten,174.25,0,R974
ordrupvej-67b-3-tv-2920-charlottenlund-01570622_67b__3__tv,"Ordrupvej 67B, 3. tv.",2920.0,Ejerlejlighed,Free Sale,13-03-2025,2900000.0,3,Charlottenlund,Fjernvarme/blokvarme,/adresse/ordrupvej-67b-3-tv-2920-charlottenlund-01570622_67b__3__tv,58.0,Tegl,2.0,https://www.boligsiden.dk/adresse/ordrupvej-67b-3-tv-2920-charlottenlund-01570622_67b__3__tv,Mursten,Ikke oplyst,0,R975
ordrupvej-67b-3-tv-2920-charlottenlund-01570622_67b__3__tv,"Ordrupvej 67B, 3. tv.",2920.0,Ejerlejlighed,Free Sale,12-11-2024,2000000.0,3,Charlottenlund,Fjernvarme/blokvarme,/adresse/ordrupvej-67b-3-tv-2920-charlottenlund-01570622_67b__3__tv,58.0,Tegl,2.0,https://www.boligsiden.dk/adresse/ordrupvej-67b-3-tv-2920-charlottenlund-01570622_67b__3__tv,Mursten,Ikke oplyst,0,R976
ordrupvej-67b-3-tv-2920-charlottenlund-01570622_67b__3__tv,"Ordrupvej 67B, 3. tv.",2920.0,Ejerlejlighed,Free Sale,21-12-2015,1425000.0,3,Charlottenlund,Fjernvarme/blokvarme,/adresse/ordrupvej-67b-3-tv-2920-charlottenlund-01570622_67b__3__tv,58.0,Tegl,2.0,https://www.boligsiden.dk/adresse/ordrupvej-67b-3-tv-2920-charlottenlund-01570622_67b__3__tv,Mursten,Ikke oplyst,0,R977
tranehusene-64-2620-albertslund-01650536__64_______,Tranehusene 64,2620.0,Rækkehus,Free Sale,13-03-2025,3000000.0,3,Albertslund,Fjernvarme/blokvarme,/adresse/tranehusene-64-2620-albertslund-01650536__64_______,108.0,Tagpap med lille hældning,5.0,https://www.boligsiden.dk/adresse/tranehusene-64-2620-albertslund-01650536__64_______,Betonelementer,130.95,0,R978
tranehusene-64-2620-albertslund-01650536__64_______,Tranehusene 64,2620.0,Rækkehus,Free Sale,20-04-2020,2420000.0,3,Albertslund,Fjernvarme/blokvarme,/adresse/tranehusene-64-2620-albertslund-01650536__64_______,108.0,Tagpap med lille hældning,5.0,https://www.boligsiden.dk/adresse/tranehusene-64-2620-albertslund-01650536__64_______,Betonelementer,130.95,0,R979
tranehusene-64-2620-albertslund-01650536__64_______,Tranehusene 64,2620.0,Rækkehus,Free Sale,04-09-2014,1995000.0,3,Albertslund,Fjernvarme/blokvarme,/adresse/tranehusene-64-2620-albertslund-01650536__64_______,108.0,Tagpap med lille hældning,5.0,https://www.boligsiden.dk/adresse/tranehusene-64-2620-albertslund-01650536__64_______,Betonelementer,130.95,0,R980
syvendehusvej-4-2750-ballerup-01510333___4_______,Syvendehusvej 4,2750.0,Villa,Free Sale,13-03-2025,5200000.0,1,Ballerup,Centralvarme med én fyringsenhed,/adresse/syvendehusvej-4-2750-ballerup-01510333___4_______,145.0,Fibercement herunder asbest,5.0,https://www.boligsiden.dk/adresse/syvendehusvej-4-2750-ballerup-01510333___4_______,Mursten,144.45,0,R981
svenstrupvej-1c-2665-vallensbaek-strand-01877775__1c_______,Svenstrupvej 1C,2665.0,Rækkehus,Free Sale,13-03-2025,3100000.0,3,Vallensbæk Strand,Centralvarme med én fyringsenhed,/adresse/svenstrupvej-1c-2665-vallensbaek-strand-01877775__1c_______,94.0,Fibercement herunder asbest,4.0,https://www.boligsiden.dk/adresse/svenstrupvej-1c-2665-vallensbaek-strand-01877775__1c_______,Mursten,95.1,0,R982
svenstrupvej-1c-2665-vallensbaek-strand-01877775__1c_______,Svenstrupvej 1C,2665.0,Rækkehus,Free Sale,07-07-2016,2050000.0,3,Vallensbæk Strand,Centralvarme med én fyringsenhed,/adresse/svenstrupvej-1c-2665-vallensbaek-strand-01877775__1c_______,94.0,Fibercement herunder asbest,4.0,https://www.boligsiden.dk/adresse/svenstrupvej-1c-2665-vallensbaek-strand-01877775__1c_______,Mursten,95.1,0,R983
svenstrupvej-1c-2665-vallensbaek-strand-01877775__1c_______,Svenstrupvej 1C,2665.0,Rækkehus,Free Sale,10-06-2013,1295000.0,3,Vallensbæk Strand,Centralvarme med én fyringsenhed,/adresse/svenstrupvej-1c-2665-vallensbaek-strand-01877775__1c_______,94.0,Fibercement herunder asbest,4.0,https://www.boligsiden.dk/adresse/svenstrupvej-1c-2665-vallensbaek-strand-01877775__1c_______,Mursten,95.1,0,R984
skjoerrings-vaenge-22-2640-hedehusene-01696821__22_______,Skjørrings Vænge 22,2640.0,Villa,Free Sale,13-03-2025,2625000.0,1,Hedehusene,Centralvarme med én fyringsenhed,/adresse/skjoerrings-vaenge-22-2640-hedehusene-01696821__22_______,160.0,Tagpap med stor hældning,6.0,https://www.boligsiden.dk/adresse/skjoerrings-vaenge-22-2640-hedehusene-01696821__22_______,Mursten,161.5,0,R985
fagerbo-69-2640-hedehusene-01691597__69_______,Fagerbo 69,2640.0,Villa,Free Sale,13-03-2025,3100000.0,2,Hedehusene,Centralvarme med én fyringsenhed,/adresse/fagerbo-69-2640-hedehusene-01691597__69_______,152.0,Fibercement uden asbest,6.0,https://www.boligsiden.dk/adresse/fagerbo-69-2640-hedehusene-01691597__69_______,Mursten,166,0,R986
fagerbo-69-2640-hedehusene-01691597__69_______,Fagerbo 69,2640.0,Villa,Free Sale,01-03-2015,1450000.0,2,Hedehusene,Centralvarme med én fyringsenhed,/adresse/fagerbo-69-2640-hedehusene-01691597__69_______,152.0,Fibercement uden asbest,6.0,https://www.boligsiden.dk/adresse/fagerbo-69-2640-hedehusene-01691597__69_______,Mursten,166,0,R987
bredevej-36-2830-virum-01730094__36_______,Bredevej 36,2830.0,Villa,Free Sale,13-03-2025,5770000.0,2,Virum,Centralvarme med én fyringsenhed,/adresse/bredevej-36-2830-virum-01730094__36_______,100.0,Fibercement herunder asbest,3.0,https://www.boligsiden.dk/adresse/bredevej-36-2830-virum-01730094__36_______,Mursten,141.9,0,R988
bredevej-36-2830-virum-01730094__36_______,Bredevej 36,2830.0,Villa,Free Sale,30-08-2001,2010000.0,2,Virum,Centralvarme med én fyringsenhed,/adresse/bredevej-36-2830-virum-01730094__36_______,100.0,Fibercement herunder asbest,3.0,https://www.boligsiden.dk/adresse/bredevej-36-2830-virum-01730094__36_______,Mursten,141.9,0,R989
kollelevbakken-3a-1-2830-virum-01730451__3a__1____,"Kollelevbakken 3A, 1.",2830.0,Ejerlejlighed,Free Sale,13-03-2025,4775000.0,3,Virum,Centralvarme med én fyringsenhed,/adresse/kollelevbakken-3a-1-2830-virum-01730451__3a__1____,109.0,Tegl,5.0,https://www.boligsiden.dk/adresse/kollelevbakken-3a-1-2830-virum-01730451__3a__1____,Mursten,Ikke oplyst,0,R990
kollelevbakken-3a-1-2830-virum-01730451__3a__1____,"Kollelevbakken 3A, 1.",2830.0,Ejerlejlighed,Free Sale,28-01-2021,4200000.0,3,Virum,Centralvarme med én fyringsenhed,/adresse/kollelevbakken-3a-1-2830-virum-01730451__3a__1____,109.0,Tegl,5.0,https://www.boligsiden.dk/adresse/kollelevbakken-3a-1-2830-virum-01730451__3a__1____,Mursten,Ikke oplyst,0,R991
kollelevbakken-3a-1-2830-virum-01730451__3a__1____,"Kollelevbakken 3A, 1.",2830.0,Ejerlejlighed,Free Sale,05-08-2011,887500.0,3,Virum,Centralvarme med én fyringsenhed,/adresse/kollelevbakken-3a-1-2830-virum-01730451__3a__1____,109.0,Tegl,5.0,https://www.boligsiden.dk/adresse/kollelevbakken-3a-1-2830-virum-01730451__3a__1____,Mursten,Ikke oplyst,0,R992
lykkens-gave-26-2630-taastrup-01694640__26_______,Lykkens Gave 26,2630.0,Villa,Free Sale,13-03-2025,3350000.0,3,Taastrup,Fjernvarme/blokvarme,/adresse/lykkens-gave-26-2630-taastrup-01694640__26_______,102.0,Tegl,3.0,https://www.boligsiden.dk/adresse/lykkens-gave-26-2630-taastrup-01694640__26_______,Mursten,104.55,0,R993
lykkens-gave-26-2630-taastrup-01694640__26_______,Lykkens Gave 26,2630.0,Villa,Free Sale,12-07-2010,2050000.0,3,Taastrup,Fjernvarme/blokvarme,/adresse/lykkens-gave-26-2630-taastrup-01694640__26_______,102.0,Tegl,3.0,https://www.boligsiden.dk/adresse/lykkens-gave-26-2630-taastrup-01694640__26_______,Mursten,104.55,0,R994
lykkens-gave-26-2630-taastrup-01694640__26_______,Lykkens Gave 26,2630.0,Villa,Free Sale,12-01-2006,2000000.0,3,Taastrup,Fjernvarme/blokvarme,/adresse/lykkens-gave-26-2630-taastrup-01694640__26_______,102.0,Tegl,3.0,https://www.boligsiden.dk/adresse/lykkens-gave-26-2630-taastrup-01694640__26_______,Mursten,104.55,0,R995
kaffevej-37-1-th-2610-roedovre-01750423__37__1__th,"Kaffevej 37, 1. th.",2610.0,Ejerlejlighed,Free Sale,12-03-2025,3625000.0,3,Rødovre,Fjernvarme/blokvarme,/adresse/kaffevej-37-1-th-2610-roedovre-01750423__37__1__th,87.0,Tagpap med lille hældning,3.0,https://www.boligsiden.dk/adresse/kaffevej-37-1-th-2610-roedovre-01750423__37__1__th,Mursten,Ikke oplyst,0,R996
kaffevej-37-1-th-2610-roedovre-01750423__37__1__th,"Kaffevej 37, 1. th.",2610.0,Ejerlejlighed,Free Sale,07-02-2021,3345000.0,3,Rødovre,Fjernvarme/blokvarme,/adresse/kaffevej-37-1-th-2610-roedovre-01750423__37__1__th,87.0,Tagpap med lille hældning,3.0,https://www.boligsiden.dk/adresse/kaffevej-37-1-th-2610-roedovre-01750423__37__1__th,Mursten,Ikke oplyst,0,R997
kaffevej-37-1-th-2610-roedovre-01750423__37__1__th,"Kaffevej 37, 1. th.",2610.0,Ejerlejlighed,Free Sale,09-10-2017,2345000.0,3,Rødovre,Fjernvarme/blokvarme,/adresse/kaffevej-37-1-th-2610-roedovre-01750423__37__1__th,87.0,Tagpap med lille hældning,3.0,https://www.boligsiden.dk/adresse/kaffevej-37-1-th-2610-roedovre-01750423__37__1__th,Mursten,Ikke oplyst,0,R998
herthavej-5b-2-tv-2920-charlottenlund-01570345__5b__2__tv,"Herthavej 5B, 2. tv.",2920.0,Ejerlejlighed,Free Sale,12-03-2025,7995000.0,1,Charlottenlund,Fjernvarme/blokvarme,/adresse/herthavej-5b-2-tv-2920-charlottenlund-01570345__5b__2__tv,104.0,Tagpap med lille hældning,4.0,https://www.boligsiden.dk/adresse/herthavej-5b-2-tv-2920-charlottenlund-01570345__5b__2__tv,Mursten,Ikke oplyst,0,R999
nordmarksvaenge-37-2625-vallensbaek-01875600__37_______,Nordmarksvænge 37,2625.0,Villa,Free Sale,12-03-2025,5775000.0,2,Vallensbæk,Fjernvarme/blokvarme,/adresse/nordmarksvaenge-37-2625-vallensbaek-01875600__37_______,144.0,Tegl,5.0,https://www.boligsiden.dk/adresse/nordmarksvaenge-37-2625-vallensbaek-01875600__37_______,Mursten,148.45,0,R1000
nordmarksvaenge-37-2625-vallensbaek-01875600__37_______,Nordmarksvænge 37,2625.0,Villa,Free Sale,15-09-2000,650000.0,2,Vallensbæk,Fjernvarme/blokvarme,/adresse/nordmarksvaenge-37-2625-vallensbaek-01875600__37_______,144.0,Tegl,5.0,https://www.boligsiden.dk/adresse/nordmarksvaenge-37-2625-vallensbaek-01875600__37_______,Mursten,148.45,0,R1001
hollandsvej-24-2800-kongens-lyngby-01730344__24_______,Hollandsvej 24,2800.0,Rækkehus,Free Sale,12-03-2025,9425000.0,2,Kongens Lyngby,Centralvarme med én fyringsenhed,/adresse/hollandsvej-24-2800-kongens-lyngby-01730344__24_______,123.0,Tagpap med stor hældning,4.0,https://www.boligsiden.dk/adresse/hollandsvej-24-2800-kongens-lyngby-01730344__24_______,Mursten,149.4,0,R1002
hollandsvej-24-2800-kongens-lyngby-01730344__24_______,Hollandsvej 24,2800.0,Rækkehus,Free Sale,16-04-2008,2950000.0,2,Kongens Lyngby,Centralvarme med én fyringsenhed,/adresse/hollandsvej-24-2800-kongens-lyngby-01730344__24_______,123.0,Tagpap med stor hældning,4.0,https://www.boligsiden.dk/adresse/hollandsvej-24-2800-kongens-lyngby-01730344__24_______,Mursten,149.4,0,R1003
guldborgvej-3-1-th-2660-broendby-strand-01530213___3__1__th,"Guldborgvej 3, 1. th.",2660.0,Ejerlejlighed,Free Sale,12-03-2025,2825000.0,3,Brøndby Strand,Fjernvarme/blokvarme,/adresse/guldborgvej-3-1-th-2660-broendby-strand-01530213___3__1__th,93.0,Tagpap med stor hældning,3.0,https://www.boligsiden.dk/adresse/guldborgvej-3-1-th-2660-broendby-strand-01530213___3__1__th,Andet materiale,Ikke oplyst,0,R1004
guldborgvej-3-1-th-2660-broendby-strand-01530213___3__1__th,"Guldborgvej 3, 1. th.",2660.0,Ejerlejlighed,Free Sale,03-09-2014,61000000.0,3,Brøndby Strand,Fjernvarme/blokvarme,/adresse/guldborgvej-3-1-th-2660-broendby-strand-01530213___3__1__th,93.0,Tagpap med stor hældning,3.0,https://www.boligsiden.dk/adresse/guldborgvej-3-1-th-2660-broendby-strand-01530213___3__1__th,Andet materiale,Ikke oplyst,0,R1005
guldborgvej-3-1-th-2660-broendby-strand-01530213___3__1__th,"Guldborgvej 3, 1. th.",2660.0,Ejerlejlighed,Free Sale,26-05-2011,56192088.0,3,Brøndby Strand,Fjernvarme/blokvarme,/adresse/guldborgvej-3-1-th-2660-broendby-strand-01530213___3__1__th,93.0,Tagpap med stor hældning,3.0,https://www.boligsiden.dk/adresse/guldborgvej-3-1-th-2660-broendby-strand-01530213___3__1__th,Andet materiale,Ikke oplyst,0,R1006
roedovre-parkvej-181-1-th-2610-roedovre-01750702_181__1__th,"Rødovre Parkvej 181, 1. th.",2610.0,Ejerlejlighed,Free Sale,12-03-2025,2700000.0,3,Rødovre,Fjernvarme/blokvarme,/adresse/roedovre-parkvej-181-1-th-2610-roedovre-01750702_181__1__th,76.0,Tagpap med stor hældning,3.0,https://www.boligsiden.dk/adresse/roedovre-parkvej-181-1-th-2610-roedovre-01750702_181__1__th,Mursten,Ikke oplyst,0,R1007
roedovre-parkvej-181-1-th-2610-roedovre-01750702_181__1__th,"Rødovre Parkvej 181, 1. th.",2610.0,Ejerlejlighed,Free Sale,12-03-2024,2040000.0,3,Rødovre,Fjernvarme/blokvarme,/adresse/roedovre-parkvej-181-1-th-2610-roedovre-01750702_181__1__th,76.0,Tagpap med stor hældning,3.0,https://www.boligsiden.dk/adresse/roedovre-parkvej-181-1-th-2610-roedovre-01750702_181__1__th,Mursten,Ikke oplyst,0,R1008
roedovre-parkvej-181-1-th-2610-roedovre-01750702_181__1__th,"Rødovre Parkvej 181, 1. th.",2610.0,Ejerlejlighed,Free Sale,18-12-2020,1895000.0,3,Rødovre,Fjernvarme/blokvarme,/adresse/roedovre-parkvej-181-1-th-2610-roedovre-01750702_181__1__th,76.0,Tagpap med stor hældning,3.0,https://www.boligsiden.dk/adresse/roedovre-parkvej-181-1-th-2610-roedovre-01750702_181__1__th,Mursten,Ikke oplyst,0,R1009
vinkelvej-12d-6-tv-2800-kongens-lyngby-01730858_12d__6__tv,"Vinkelvej 12D, 6. tv.",2800.0,Ejerlejlighed,Free Sale,12-03-2025,3250000.0,3,Kongens Lyngby,Fjernvarme/blokvarme,/adresse/vinkelvej-12d-6-tv-2800-kongens-lyngby-01730858_12d__6__tv,79.0,Metal,2.0,https://www.boligsiden.dk/adresse/vinkelvej-12d-6-tv-2800-kongens-lyngby-01730858_12d__6__tv,Betonelementer,Ikke oplyst,0,R1010
vinkelvej-12d-6-tv-2800-kongens-lyngby-01730858_12d__6__tv,"Vinkelvej 12D, 6. tv.",2800.0,Ejerlejlighed,Free Sale,15-06-2020,2875000.0,3,Kongens Lyngby,Fjernvarme/blokvarme,/adresse/vinkelvej-12d-6-tv-2800-kongens-lyngby-01730858_12d__6__tv,79.0,Metal,2.0,https://www.boligsiden.dk/adresse/vinkelvej-12d-6-tv-2800-kongens-lyngby-01730858_12d__6__tv,Betonelementer,Ikke oplyst,0,R1011
vinkelvej-12d-6-tv-2800-kongens-lyngby-01730858_12d__6__tv,"Vinkelvej 12D, 6. tv.",2800.0,Ejerlejlighed,Free Sale,02-04-2002,1470000.0,3,Kongens Lyngby,Fjernvarme/blokvarme,/adresse/vinkelvej-12d-6-tv-2800-kongens-lyngby-01730858_12d__6__tv,79.0,Metal,2.0,https://www.boligsiden.dk/adresse/vinkelvej-12d-6-tv-2800-kongens-lyngby-01730858_12d__6__tv,Betonelementer,Ikke oplyst,0,R1012
stengaards-alle-64-2800-kongens-lyngby-01590810__64_______,Stengårds Alle 64,2800.0,Rækkehus,Free Sale,12-03-2025,4900000.0,3,Kongens Lyngby,Centralvarme med én fyringsenhed,/adresse/stengaards-alle-64-2800-kongens-lyngby-01590810__64_______,87.0,Fibercement uden asbest,4.0,https://www.boligsiden.dk/adresse/stengaards-alle-64-2800-kongens-lyngby-01590810__64_______,Letbetonsten,97.15,0,R1013
stengaards-alle-64-2800-kongens-lyngby-01590810__64_______,Stengårds Alle 64,2800.0,Rækkehus,Free Sale,30-06-2022,4995000.0,3,Kongens Lyngby,Centralvarme med én fyringsenhed,/adresse/stengaards-alle-64-2800-kongens-lyngby-01590810__64_______,87.0,Fibercement uden asbest,4.0,https://www.boligsiden.dk/adresse/stengaards-alle-64-2800-kongens-lyngby-01590810__64_______,Letbetonsten,97.15,0,R1014
stengaards-alle-64-2800-kongens-lyngby-01590810__64_______,Stengårds Alle 64,2800.0,Rækkehus,Free Sale,13-10-2019,3795000.0,3,Kongens Lyngby,Centralvarme med én fyringsenhed,/adresse/stengaards-alle-64-2800-kongens-lyngby-01590810__64_______,87.0,Fibercement uden asbest,4.0,https://www.boligsiden.dk/adresse/stengaards-alle-64-2800-kongens-lyngby-01590810__64_______,Letbetonsten,97.15,0,R1015
risbystraede-11-2620-albertslund-01650380__11_______,Risbystræde 11,2620.0,Villa,Free Sale,12-03-2025,4800000.0,1,Albertslund,Varmepumpe,/adresse/risbystraede-11-2620-albertslund-01650380__11_______,152.0,Fibercement herunder asbest,4.0,https://www.boligsiden.dk/adresse/risbystraede-11-2620-albertslund-01650380__11_______,Mursten,184.75,0,R1016
birkemosevej-9-2750-ballerup-01510037___9_______,Birkemosevej 9,2750.0,Villa,Free Sale,12-03-2025,6700000.0,2,Ballerup,Centralvarme med én fyringsenhed,/adresse/birkemosevej-9-2750-ballerup-01510037___9_______,175.0,Betontagsten,5.0,https://www.boligsiden.dk/adresse/birkemosevej-9-2750-ballerup-01510037___9_______,Mursten,206.8,0,R1017
birkemosevej-9-2750-ballerup-01510037___9_______,Birkemosevej 9,2750.0,Villa,Free Sale,21-08-2005,3295000.0,2,Ballerup,Centralvarme med én fyringsenhed,/adresse/birkemosevej-9-2750-ballerup-01510037___9_______,175.0,Betontagsten,5.0,https://www.boligsiden.dk/adresse/birkemosevej-9-2750-ballerup-01510037___9_______,Mursten,206.8,0,R1018
lumbyvej-16-2740-skovlunde-01510619__16_______,Lumbyvej 16,2740.0,Rækkehus,Free Sale,12-03-2025,4500000.0,2,Skovlunde,Centralvarme med én fyringsenhed,/adresse/lumbyvej-16-2740-skovlunde-01510619__16_______,124.0,Fibercement uden asbest,4.0,https://www.boligsiden.dk/adresse/lumbyvej-16-2740-skovlunde-01510619__16_______,Mursten,127.35,0,R1019
lumbyvej-16-2740-skovlunde-01510619__16_______,Lumbyvej 16,2740.0,Rækkehus,Family Sale,02-10-2006,1997500.0,2,Skovlunde,Centralvarme med én fyringsenhed,/adresse/lumbyvej-16-2740-skovlunde-01510619__16_______,124.0,Fibercement uden asbest,4.0,https://www.boligsiden.dk/adresse/lumbyvej-16-2740-skovlunde-01510619__16_______,Mursten,127.35,0,R1020
bolystvej-15-2650-hvidovre-01670955__15_______,Bolystvej 15,2650.0,Rækkehus,Free Sale,12-03-2025,3745000.0,3,Hvidovre,Fjernvarme/blokvarme,/adresse/bolystvej-15-2650-hvidovre-01670955__15_______,70.0,Tagpap med stor hældning,3.0,https://www.boligsiden.dk/adresse/bolystvej-15-2650-hvidovre-01670955__15_______,Mursten,83.2,0,R1021
bolystvej-15-2650-hvidovre-01670955__15_______,Bolystvej 15,2650.0,Rækkehus,Free Sale,16-05-2022,2849500.0,3,Hvidovre,Fjernvarme/blokvarme,/adresse/bolystvej-15-2650-hvidovre-01670955__15_______,70.0,Tagpap med stor hældning,3.0,https://www.boligsiden.dk/adresse/bolystvej-15-2650-hvidovre-01670955__15_______,Mursten,83.2,0,R1022
bolystvej-15-2650-hvidovre-01670955__15_______,Bolystvej 15,2650.0,Rækkehus,Free Sale,19-10-1994,475000.0,3,Hvidovre,Fjernvarme/blokvarme,/adresse/bolystvej-15-2650-hvidovre-01670955__15_______,70.0,Tagpap med stor hældning,3.0,https://www.boligsiden.dk/adresse/bolystvej-15-2650-hvidovre-01670955__15_______,Mursten,83.2,0,R1023
m-w-gjoees-vej-2d-2640-hedehusene-01694805__2d_______,M W Gjøes Vej 2D,2640.0,Rækkehus,Free Sale,11-03-2025,2750000.0,2,Hedehusene,Varmepumpe,/adresse/m-w-gjoees-vej-2d-2640-hedehusene-01694805__2d_______,90.0,Tegl,3.0,https://www.boligsiden.dk/adresse/m-w-gjoees-vej-2d-2640-hedehusene-01694805__2d_______,Mursten,90,0,R1024
m-w-gjoees-vej-2d-2640-hedehusene-01694805__2d_______,M W Gjøes Vej 2D,2640.0,Rækkehus,Free Sale,06-07-2018,2325000.0,2,Hedehusene,Varmepumpe,/adresse/m-w-gjoees-vej-2d-2640-hedehusene-01694805__2d_______,90.0,Tegl,3.0,https://www.boligsiden.dk/adresse/m-w-gjoees-vej-2d-2640-hedehusene-01694805__2d_______,Mursten,90,0,R1025
noerrebred-68-2625-vallensbaek-01876178__68_______,Nørrebred 68,2625.0,Villa,Free Sale,11-03-2025,4000000.0,3,Vallensbæk,Centralvarme med én fyringsenhed,/adresse/noerrebred-68-2625-vallensbaek-01876178__68_______,114.0,Fibercement herunder asbest,4.0,https://www.boligsiden.dk/adresse/noerrebred-68-2625-vallensbaek-01876178__68_______,Mursten,119.45,0,R1026
noerrebred-68-2625-vallensbaek-01876178__68_______,Nørrebred 68,2625.0,Villa,Free Sale,09-05-2019,3150000.0,3,Vallensbæk,Centralvarme med én fyringsenhed,/adresse/noerrebred-68-2625-vallensbaek-01876178__68_______,114.0,Fibercement herunder asbest,4.0,https://www.boligsiden.dk/adresse/noerrebred-68-2625-vallensbaek-01876178__68_______,Mursten,119.45,0,R1027
noerrebred-68-2625-vallensbaek-01876178__68_______,Nørrebred 68,2625.0,Villa,Free Sale,04-11-1994,875000.0,3,Vallensbæk,Centralvarme med én fyringsenhed,/adresse/noerrebred-68-2625-vallensbaek-01876178__68_______,114.0,Fibercement herunder asbest,4.0,https://www.boligsiden.dk/adresse/noerrebred-68-2625-vallensbaek-01876178__68_______,Mursten,119.45,0,R1028
odins-vaenge-7-2635-ishoej-01830501___7_______,Odins Vænge 7,2635.0,Villa,Free Sale,11-03-2025,2995000.0,2,Ishøj,Centralvarme med én fyringsenhed,/adresse/odins-vaenge-7-2635-ishoej-01830501___7_______,135.0,Betontagsten,4.0,https://www.boligsiden.dk/adresse/odins-vaenge-7-2635-ishoej-01830501___7_______,Mursten,141.55,0,R1029
odins-vaenge-7-2635-ishoej-01830501___7_______,Odins Vænge 7,2635.0,Villa,Free Sale,10-07-1995,1266580.0,2,Ishøj,Centralvarme med én fyringsenhed,/adresse/odins-vaenge-7-2635-ishoej-01830501___7_______,135.0,Betontagsten,4.0,https://www.boligsiden.dk/adresse/odins-vaenge-7-2635-ishoej-01830501___7_______,Mursten,141.55,0,R1030
elledalen-1-2800-kongens-lyngby-01590145___1_______,Elledalen 1,2800.0,Rækkehus,Free Sale,11-03-2025,4995000.0,3,Kongens Lyngby,Centralvarme med én fyringsenhed,/adresse/elledalen-1-2800-kongens-lyngby-01590145___1_______,104.0,Fibercement uden asbest,4.0,https://www.boligsiden.dk/adresse/elledalen-1-2800-kongens-lyngby-01590145___1_______,Mursten,112.5,0,R1031
elledalen-1-2800-kongens-lyngby-01590145___1_______,Elledalen 1,2800.0,Rækkehus,Free Sale,23-02-2022,4795000.0,3,Kongens Lyngby,Centralvarme med én fyringsenhed,/adresse/elledalen-1-2800-kongens-lyngby-01590145___1_______,104.0,Fibercement uden asbest,4.0,https://www.boligsiden.dk/adresse/elledalen-1-2800-kongens-lyngby-01590145___1_______,Mursten,112.5,0,R1032
elledalen-1-2800-kongens-lyngby-01590145___1_______,Elledalen 1,2800.0,Rækkehus,Free Sale,27-01-2017,3200000.0,3,Kongens Lyngby,Centralvarme med én fyringsenhed,/adresse/elledalen-1-2800-kongens-lyngby-01590145___1_______,104.0,Fibercement uden asbest,4.0,https://www.boligsiden.dk/adresse/elledalen-1-2800-kongens-lyngby-01590145___1_______,Mursten,112.5,0,R1033
kildebakken-45-2-tv-2860-soeborg-01590406__45__2__tv,"Kildebakken 45, 2. tv.",2860.0,Ejerlejlighed,Free Sale,11-03-2025,2305000.0,3,Søborg,Fjernvarme/blokvarme,/adresse/kildebakken-45-2-tv-2860-soeborg-01590406__45__2__tv,68.0,Fibercement herunder asbest,3.0,https://www.boligsiden.dk/adresse/kildebakken-45-2-tv-2860-soeborg-01590406__45__2__tv,Mursten,Ikke oplyst,0,R1034
kildebakken-45-2-tv-2860-soeborg-01590406__45__2__tv,"Kildebakken 45, 2. tv.",2860.0,Ejerlejlighed,Free Sale,01-11-2020,1950000.0,3,Søborg,Fjernvarme/blokvarme,/adresse/kildebakken-45-2-tv-2860-soeborg-01590406__45__2__tv,68.0,Fibercement herunder asbest,3.0,https://www.boligsiden.dk/adresse/kildebakken-45-2-tv-2860-soeborg-01590406__45__2__tv,Mursten,Ikke oplyst,0,R1035
kildebakken-45-2-tv-2860-soeborg-01590406__45__2__tv,"Kildebakken 45, 2. tv.",2860.0,Ejerlejlighed,Free Sale,24-11-2017,1795000.0,3,Søborg,Fjernvarme/blokvarme,/adresse/kildebakken-45-2-tv-2860-soeborg-01590406__45__2__tv,68.0,Fibercement herunder asbest,3.0,https://www.boligsiden.dk/adresse/kildebakken-45-2-tv-2860-soeborg-01590406__45__2__tv,Mursten,Ikke oplyst,0,R1036
kongestien-41-2830-virum-01730456__41_______,Kongestien 41,2830.0,Villa,Free Sale,11-03-2025,9400000.0,3,Virum,Centralvarme med én fyringsenhed,/adresse/kongestien-41-2830-virum-01730456__41_______,168.0,Tegl,5.0,https://www.boligsiden.dk/adresse/kongestien-41-2830-virum-01730456__41_______,Letbetonsten,170.5,0,R1037
kongestien-41-2830-virum-01730456__41_______,Kongestien 41,2830.0,Villa,Free Sale,30-03-2011,5250000.0,3,Virum,Centralvarme med én fyringsenhed,/adresse/kongestien-41-2830-virum-01730456__41_______,168.0,Tegl,5.0,https://www.boligsiden.dk/adresse/kongestien-41-2830-virum-01730456__41_______,Letbetonsten,170.5,0,R1038
kongestien-41-2830-virum-01730456__41_______,Kongestien 41,2830.0,Villa,Free Sale,25-05-2001,1825020.0,3,Virum,Centralvarme med én fyringsenhed,/adresse/kongestien-41-2830-virum-01730456__41_______,168.0,Tegl,5.0,https://www.boligsiden.dk/adresse/kongestien-41-2830-virum-01730456__41_______,Letbetonsten,170.5,0,R1039
klokkerhaven-58-2750-ballerup-01510183__58_______,Klokkerhaven 58,2750.0,Rækkehus,Free Sale,11-03-2025,2600000.0,1,Ballerup,Centralvarme med én fyringsenhed,/adresse/klokkerhaven-58-2750-ballerup-01510183__58_______,75.0,Fibercement herunder asbest,4.0,https://www.boligsiden.dk/adresse/klokkerhaven-58-2750-ballerup-01510183__58_______,Mursten,77,0,R1040
stengaards-alle-204-0-2860-soeborg-01590810_204_st____,"Stengårds Alle 204, st.",2860.0,Ejerlejlighed,Free Sale,11-03-2025,2950000.0,3,Søborg,Centralvarme med én fyringsenhed,/adresse/stengaards-alle-204-0-2860-soeborg-01590810_204_st____,89.0,Tegl,3.0,https://www.boligsiden.dk/adresse/stengaards-alle-204-0-2860-soeborg-01590810_204_st____,Mursten,Ikke oplyst,0,R1041
stengaards-alle-204-0-2860-soeborg-01590810_204_st____,"Stengårds Alle 204, st.",2860.0,Ejerlejlighed,Free Sale,02-08-2023,1800000.0,3,Søborg,Centralvarme med én fyringsenhed,/adresse/stengaards-alle-204-0-2860-soeborg-01590810_204_st____,89.0,Tegl,3.0,https://www.boligsiden.dk/adresse/stengaards-alle-204-0-2860-soeborg-01590810_204_st____,Mursten,Ikke oplyst,0,R1042
stengaards-alle-204-0-2860-soeborg-01590810_204_st____,"Stengårds Alle 204, st.",2860.0,Ejerlejlighed,Free Sale,14-02-2005,1350000.0,3,Søborg,Centralvarme med én fyringsenhed,/adresse/stengaards-alle-204-0-2860-soeborg-01590810_204_st____,89.0,Tegl,3.0,https://www.boligsiden.dk/adresse/stengaards-alle-204-0-2860-soeborg-01590810_204_st____,Mursten,Ikke oplyst,0,R1043
vejledalen-202-2635-ishoej-01830854_202_______,Vejledalen 202,2635.0,Rækkehus,Free Sale,11-03-2025,2000000.0,3,Ishøj,Fjernvarme/blokvarme,/adresse/vejledalen-202-2635-ishoej-01830854_202_______,62.0,Betontagsten,3.0,https://www.boligsiden.dk/adresse/vejledalen-202-2635-ishoej-01830854_202_______,Træ,62,0,R1044
vejledalen-202-2635-ishoej-01830854_202_______,Vejledalen 202,2635.0,Rækkehus,Free Sale,05-12-1997,665320.0,3,Ishøj,Fjernvarme/blokvarme,/adresse/vejledalen-202-2635-ishoej-01830854_202_______,62.0,Betontagsten,3.0,https://www.boligsiden.dk/adresse/vejledalen-202-2635-ishoej-01830854_202_______,Træ,62,0,R1045
vejledalen-202-2635-ishoej-01830854_202_______,Vejledalen 202,2635.0,Rækkehus,Free Sale,24-05-1993,395000.0,3,Ishøj,Fjernvarme/blokvarme,/adresse/vejledalen-202-2635-ishoej-01830854_202_______,62.0,Betontagsten,3.0,https://www.boligsiden.dk/adresse/vejledalen-202-2635-ishoej-01830854_202_______,Træ,62,0,R1046
vejledalen-140b-2635-ishoej-01830854140b_______,Vejledalen 140B,2635.0,Rækkehus,Free Sale,11-03-2025,2675000.0,3,Ishøj,Fjernvarme/blokvarme,/adresse/vejledalen-140b-2635-ishoej-01830854140b_______,97.0,Betontagsten,4.0,https://www.boligsiden.dk/adresse/vejledalen-140b-2635-ishoej-01830854140b_______,Træ,94.7,0,R1047
vejledalen-140b-2635-ishoej-01830854140b_______,Vejledalen 140B,2635.0,Rækkehus,Free Sale,09-07-2019,1780000.0,3,Ishøj,Fjernvarme/blokvarme,/adresse/vejledalen-140b-2635-ishoej-01830854140b_______,97.0,Betontagsten,4.0,https://www.boligsiden.dk/adresse/vejledalen-140b-2635-ishoej-01830854140b_______,Træ,94.7,0,R1048
vejledalen-140b-2635-ishoej-01830854140b_______,Vejledalen 140B,2635.0,Rækkehus,Free Sale,06-11-2013,1440000.0,3,Ishøj,Fjernvarme/blokvarme,/adresse/vejledalen-140b-2635-ishoej-01830854140b_______,97.0,Betontagsten,4.0,https://www.boligsiden.dk/adresse/vejledalen-140b-2635-ishoej-01830854140b_______,Træ,94.7,0,R1049
soeborg-hovedgade-221-3-j-2860-soeborg-01590841_221__3___j,"Søborg Hovedgade 221, 3. j.",2860.0,Ejerlejlighed,Free Sale,11-03-2025,1995000.0,3,Søborg,Fjernvarme/blokvarme,/adresse/soeborg-hovedgade-221-3-j-2860-soeborg-01590841_221__3___j,59.0,Tagpap med stor hældning,2.0,https://www.boligsiden.dk/adresse/soeborg-hovedgade-221-3-j-2860-soeborg-01590841_221__3___j,Mursten,Ikke oplyst,0,R1050
soeborg-hovedgade-221-3-j-2860-soeborg-01590841_221__3___j,"Søborg Hovedgade 221, 3. j.",2860.0,Ejerlejlighed,Free Sale,25-06-2020,1885000.0,3,Søborg,Fjernvarme/blokvarme,/adresse/soeborg-hovedgade-221-3-j-2860-soeborg-01590841_221__3___j,59.0,Tagpap med stor hældning,2.0,https://www.boligsiden.dk/adresse/soeborg-hovedgade-221-3-j-2860-soeborg-01590841_221__3___j,Mursten,Ikke oplyst,0,R1051
soeborg-hovedgade-221-3-j-2860-soeborg-01590841_221__3___j,"Søborg Hovedgade 221, 3. j.",2860.0,Ejerlejlighed,Family Sale,23-03-2020,954500.0,3,Søborg,Fjernvarme/blokvarme,/adresse/soeborg-hovedgade-221-3-j-2860-soeborg-01590841_221__3___j,59.0,Tagpap med stor hældning,2.0,https://www.boligsiden.dk/adresse/soeborg-hovedgade-221-3-j-2860-soeborg-01590841_221__3___j,Mursten,Ikke oplyst,0,R1052
roedovrevej-305-1-th-2610-roedovre-01750705_305__1__th,"Rødovrevej 305, 1. th.",2610.0,Ejerlejlighed,Free Sale,11-03-2025,2525000.0,3,Rødovre,Fjernvarme/blokvarme,/adresse/roedovrevej-305-1-th-2610-roedovre-01750705_305__1__th,86.0,Fibercement uden asbest,3.0,https://www.boligsiden.dk/adresse/roedovrevej-305-1-th-2610-roedovre-01750705_305__1__th,Mursten,Ikke oplyst,0,R1053
roedovrevej-305-1-th-2610-roedovre-01750705_305__1__th,"Rødovrevej 305, 1. th.",2610.0,Ejerlejlighed,Free Sale,28-05-1998,651000.0,3,Rødovre,Fjernvarme/blokvarme,/adresse/roedovrevej-305-1-th-2610-roedovre-01750705_305__1__th,86.0,Fibercement uden asbest,3.0,https://www.boligsiden.dk/adresse/roedovrevej-305-1-th-2610-roedovre-01750705_305__1__th,Mursten,Ikke oplyst,0,R1054
roedovrevej-305-1-th-2610-roedovre-01750705_305__1__th,"Rødovrevej 305, 1. th.",2610.0,Ejerlejlighed,Free Sale,14-05-1992,545000.0,3,Rødovre,Fjernvarme/blokvarme,/adresse/roedovrevej-305-1-th-2610-roedovre-01750705_305__1__th,86.0,Fibercement uden asbest,3.0,https://www.boligsiden.dk/adresse/roedovrevej-305-1-th-2610-roedovre-01750705_305__1__th,Mursten,Ikke oplyst,0,R1055
lyngby-hovedgade-15b-1-2800-kongens-lyngby-01730535_15b__1____,"Lyngby Hovedgade 15B, 1.",2800.0,Ejerlejlighed,Family Sale,11-03-2025,2525000.0,3,Kongens Lyngby,Centralvarme med én fyringsenhed,/adresse/lyngby-hovedgade-15b-1-2800-kongens-lyngby-01730535_15b__1____,97.0,Fibercement herunder asbest,4.0,https://www.boligsiden.dk/adresse/lyngby-hovedgade-15b-1-2800-kongens-lyngby-01730535_15b__1____,Mursten,Ikke oplyst,0,R1056
lyngby-hovedgade-15b-1-2800-kongens-lyngby-01730535_15b__1____,"Lyngby Hovedgade 15B, 1.",2800.0,Ejerlejlighed,Family Sale,25-05-2022,3294000.0,3,Kongens Lyngby,Centralvarme med én fyringsenhed,/adresse/lyngby-hovedgade-15b-1-2800-kongens-lyngby-01730535_15b__1____,97.0,Fibercement herunder asbest,4.0,https://www.boligsiden.dk/adresse/lyngby-hovedgade-15b-1-2800-kongens-lyngby-01730535_15b__1____,Mursten,Ikke oplyst,0,R1057
lyngby-hovedgade-15b-1-2800-kongens-lyngby-01730535_15b__1____,"Lyngby Hovedgade 15B, 1.",2800.0,Ejerlejlighed,Free Sale,20-12-2016,3995000.0,3,Kongens Lyngby,Centralvarme med én fyringsenhed,/adresse/lyngby-hovedgade-15b-1-2800-kongens-lyngby-01730535_15b__1____,97.0,Fibercement herunder asbest,4.0,https://www.boligsiden.dk/adresse/lyngby-hovedgade-15b-1-2800-kongens-lyngby-01730535_15b__1____,Mursten,Ikke oplyst,0,R1058
blaafuglestraede-64-2640-hedehusene-01690029__64_______,,,Rækkehus,Free Sale,11-03-2025,3800000.0,2,,,,,,,,,,0,R1059
blaafuglestraede-64-2640-hedehusene-01690029__64_______,,,Rækkehus,Free Sale,11-03-2022,3685974.0,2,,,,,,,,,,0,R1060
gyngemose-parkvej-14-5-th-2860-soeborg-01590259__14__5__th,"Gyngemose Parkvej 14, 5. th.",2860.0,Ejerlejlighed,Free Sale,11-03-2025,3695000.0,1,Søborg,Fjernvarme/blokvarme,/adresse/gyngemose-parkvej-14-5-th-2860-soeborg-01590259__14__5__th,98.0,Tagpap med lille hældning,4.0,https://www.boligsiden.dk/adresse/gyngemose-parkvej-14-5-th-2860-soeborg-01590259__14__5__th,Mursten,Ikke oplyst,0,R1061
bernstorfflund-alle-78-2920-charlottenlund-01570052__78_______,Bernstorfflund Alle 78,2920.0,Villa,Free Sale,11-03-2025,18800000.0,3,Charlottenlund,Centralvarme med én fyringsenhed,/adresse/bernstorfflund-alle-78-2920-charlottenlund-01570052__78_______,194.0,Tegl,7.0,https://www.boligsiden.dk/adresse/bernstorfflund-alle-78-2920-charlottenlund-01570052__78_______,Mursten,251.95,0,R1062
bernstorfflund-alle-78-2920-charlottenlund-01570052__78_______,Bernstorfflund Alle 78,2920.0,Villa,Free Sale,27-07-2018,9900000.0,3,Charlottenlund,Centralvarme med én fyringsenhed,/adresse/bernstorfflund-alle-78-2920-charlottenlund-01570052__78_______,194.0,Tegl,7.0,https://www.boligsiden.dk/adresse/bernstorfflund-alle-78-2920-charlottenlund-01570052__78_______,Mursten,251.95,0,R1063
bernstorfflund-alle-78-2920-charlottenlund-01570052__78_______,Bernstorfflund Alle 78,2920.0,Villa,Free Sale,23-05-2016,9250000.0,3,Charlottenlund,Centralvarme med én fyringsenhed,/adresse/bernstorfflund-alle-78-2920-charlottenlund-01570052__78_______,194.0,Tegl,7.0,https://www.boligsiden.dk/adresse/bernstorfflund-alle-78-2920-charlottenlund-01570052__78_______,Mursten,251.95,0,R1064
vojensvej-4-1-mf-2610-roedovre-01679409___4__1__mf,"Vojensvej 4, 1. mf.",2610.0,Ejerlejlighed,Free Sale,10-03-2025,1740000.0,3,Rødovre,Elvarme,/adresse/vojensvej-4-1-mf-2610-roedovre-01679409___4__1__mf,52.0,Tegl,2.0,https://www.boligsiden.dk/adresse/vojensvej-4-1-mf-2610-roedovre-01679409___4__1__mf,Mursten,Ikke oplyst,0,R1065
vojensvej-4-1-mf-2610-roedovre-01679409___4__1__mf,"Vojensvej 4, 1. mf.",2610.0,Ejerlejlighed,Free Sale,16-02-2012,450000.0,3,Rødovre,Elvarme,/adresse/vojensvej-4-1-mf-2610-roedovre-01679409___4__1__mf,52.0,Tegl,2.0,https://www.boligsiden.dk/adresse/vojensvej-4-1-mf-2610-roedovre-01679409___4__1__mf,Mursten,Ikke oplyst,0,R1066
vojensvej-4-1-mf-2610-roedovre-01679409___4__1__mf,"Vojensvej 4, 1. mf.",2610.0,Ejerlejlighed,Free Sale,16-02-2012,450000.0,3,Rødovre,Elvarme,/adresse/vojensvej-4-1-mf-2610-roedovre-01679409___4__1__mf,52.0,Tegl,2.0,https://www.boligsiden.dk/adresse/vojensvej-4-1-mf-2610-roedovre-01679409___4__1__mf,Mursten,Ikke oplyst,0,R1067
drivkaer-28-2650-hvidovre-01671732__28_______,Drivkær 28,2650.0,Rækkehus,Free Sale,10-03-2025,4330000.0,3,Hvidovre,Varmepumpe,/adresse/drivkaer-28-2650-hvidovre-01671732__28_______,151.0,Tagpap med lille hældning,4.0,https://www.boligsiden.dk/adresse/drivkaer-28-2650-hvidovre-01671732__28_______,Mursten,151,0,R1068
drivkaer-28-2650-hvidovre-01671732__28_______,Drivkær 28,2650.0,Rækkehus,Family Sale,03-02-2002,1400000.0,3,Hvidovre,Varmepumpe,/adresse/drivkaer-28-2650-hvidovre-01671732__28_______,151.0,Tagpap med lille hældning,4.0,https://www.boligsiden.dk/adresse/drivkaer-28-2650-hvidovre-01671732__28_______,Mursten,151,0,R1069
drivkaer-28-2650-hvidovre-01671732__28_______,Drivkær 28,2650.0,Rækkehus,Free Sale,15-05-1998,1355000.0,3,Hvidovre,Varmepumpe,/adresse/drivkaer-28-2650-hvidovre-01671732__28_______,151.0,Tagpap med lille hældning,4.0,https://www.boligsiden.dk/adresse/drivkaer-28-2650-hvidovre-01671732__28_______,Mursten,151,0,R1070
hvidovre-boulevard-6-2650-hvidovre-01673763___6_______,Hvidovre Boulevard 6,2650.0,Villa,Free Sale,10-03-2025,4100000.0,3,Hvidovre,Centralvarme med én fyringsenhed,/adresse/hvidovre-boulevard-6-2650-hvidovre-01673763___6_______,115.0,Fibercement herunder asbest,4.0,https://www.boligsiden.dk/adresse/hvidovre-boulevard-6-2650-hvidovre-01673763___6_______,Mursten,121.35,0,R1071
hvidovre-boulevard-6-2650-hvidovre-01673763___6_______,Hvidovre Boulevard 6,2650.0,Villa,Free Sale,18-12-2017,3150000.0,3,Hvidovre,Centralvarme med én fyringsenhed,/adresse/hvidovre-boulevard-6-2650-hvidovre-01673763___6_______,115.0,Fibercement herunder asbest,4.0,https://www.boligsiden.dk/adresse/hvidovre-boulevard-6-2650-hvidovre-01673763___6_______,Mursten,121.35,0,R1072
hvidovre-boulevard-6-2650-hvidovre-01673763___6_______,Hvidovre Boulevard 6,2650.0,Villa,Family Sale,05-01-2016,1700000.0,3,Hvidovre,Centralvarme med én fyringsenhed,/adresse/hvidovre-boulevard-6-2650-hvidovre-01673763___6_______,115.0,Fibercement herunder asbest,4.0,https://www.boligsiden.dk/adresse/hvidovre-boulevard-6-2650-hvidovre-01673763___6_______,Mursten,121.35,0,R1073
sofiehaven-1-1-tv-2600-glostrup-01610428___1__1__tv,"Sofiehaven 1, 1. tv.",2600.0,Ejerlejlighed,Free Sale,10-03-2025,3345000.0,3,Glostrup,Centralvarme med én fyringsenhed,/adresse/sofiehaven-1-1-tv-2600-glostrup-01610428___1__1__tv,78.0,Fibercement uden asbest,3.0,https://www.boligsiden.dk/adresse/sofiehaven-1-1-tv-2600-glostrup-01610428___1__1__tv,Mursten,Ikke oplyst,0,R1074
sofiehaven-1-1-tv-2600-glostrup-01610428___1__1__tv,"Sofiehaven 1, 1. tv.",2600.0,Ejerlejlighed,Free Sale,07-05-2021,2750000.0,3,Glostrup,Centralvarme med én fyringsenhed,/adresse/sofiehaven-1-1-tv-2600-glostrup-01610428___1__1__tv,78.0,Fibercement uden asbest,3.0,https://www.boligsiden.dk/adresse/sofiehaven-1-1-tv-2600-glostrup-01610428___1__1__tv,Mursten,Ikke oplyst,0,R1075
sofiehaven-1-1-tv-2600-glostrup-01610428___1__1__tv,"Sofiehaven 1, 1. tv.",2600.0,Ejerlejlighed,Free Sale,05-09-2006,2460000.0,3,Glostrup,Centralvarme med én fyringsenhed,/adresse/sofiehaven-1-1-tv-2600-glostrup-01610428___1__1__tv,78.0,Fibercement uden asbest,3.0,https://www.boligsiden.dk/adresse/sofiehaven-1-1-tv-2600-glostrup-01610428___1__1__tv,Mursten,Ikke oplyst,0,R1076
brydegaardsvej-21c-2760-maaloev-01510713_21c_______,Brydegårdsvej 21C,2760.0,Villa,Free Sale,10-03-2025,6525000.0,3,Måløv,Centralvarme med én fyringsenhed,/adresse/brydegaardsvej-21c-2760-maaloev-01510713_21c_______,156.0,Betontagsten,6.0,https://www.boligsiden.dk/adresse/brydegaardsvej-21c-2760-maaloev-01510713_21c_______,Mursten,161.5,0,R1077
brydegaardsvej-21c-2760-maaloev-01510713_21c_______,Brydegårdsvej 21C,2760.0,Villa,Free Sale,21-04-2015,4520000.0,3,Måløv,Centralvarme med én fyringsenhed,/adresse/brydegaardsvej-21c-2760-maaloev-01510713_21c_______,156.0,Betontagsten,6.0,https://www.boligsiden.dk/adresse/brydegaardsvej-21c-2760-maaloev-01510713_21c_______,Mursten,161.5,0,R1078
brydegaardsvej-21c-2760-maaloev-01510713_21c_______,Brydegårdsvej 21C,2760.0,Villa,Free Sale,01-06-2008,4500000.0,3,Måløv,Centralvarme med én fyringsenhed,/adresse/brydegaardsvej-21c-2760-maaloev-01510713_21c_______,156.0,Betontagsten,6.0,https://www.boligsiden.dk/adresse/brydegaardsvej-21c-2760-maaloev-01510713_21c_______,Mursten,161.5,0,R1079
hoejagerparken-59-2-2750-ballerup-01510158__59__2____,"Højagerparken 59, 2.",2750.0,Ejerlejlighed,Free Sale,10-03-2025,1340000.0,3,Ballerup,Fjernvarme/blokvarme,/adresse/hoejagerparken-59-2-2750-ballerup-01510158__59__2____,55.0,Tagpap med lille hældning,1.0,https://www.boligsiden.dk/adresse/hoejagerparken-59-2-2750-ballerup-01510158__59__2____,Mursten,Ikke oplyst,0,R1080
hoejagerparken-59-2-2750-ballerup-01510158__59__2____,"Højagerparken 59, 2.",2750.0,Ejerlejlighed,Free Sale,16-11-2022,1050000.0,3,Ballerup,Fjernvarme/blokvarme,/adresse/hoejagerparken-59-2-2750-ballerup-01510158__59__2____,55.0,Tagpap med lille hældning,1.0,https://www.boligsiden.dk/adresse/hoejagerparken-59-2-2750-ballerup-01510158__59__2____,Mursten,Ikke oplyst,0,R1081
hoejagerparken-59-2-2750-ballerup-01510158__59__2____,"Højagerparken 59, 2.",2750.0,Ejerlejlighed,Free Sale,17-04-2008,900000.0,3,Ballerup,Fjernvarme/blokvarme,/adresse/hoejagerparken-59-2-2750-ballerup-01510158__59__2____,55.0,Tagpap med lille hældning,1.0,https://www.boligsiden.dk/adresse/hoejagerparken-59-2-2750-ballerup-01510158__59__2____,Mursten,Ikke oplyst,0,R1082
roennevangshusene-33-0-th-2630-taastrup-01696605__33_st__th,"Rønnevangshusene 33, st. th.",2630.0,Ejerlejlighed,Free Sale,10-03-2025,2100000.0,1,Taastrup,Fjernvarme/blokvarme,/adresse/roennevangshusene-33-0-th-2630-taastrup-01696605__33_st__th,80.0,Betontagsten,3.0,https://www.boligsiden.dk/adresse/roennevangshusene-33-0-th-2630-taastrup-01696605__33_st__th,Mursten,Ikke oplyst,0,R1083
mosevej-4-0-tv-2800-kongens-lyngby-01730587___4_st__tv,"Mosevej 4, st. tv.",2800.0,Ejerlejlighed,Free Sale,10-03-2025,3885000.0,1,Kongens Lyngby,Fjernvarme/blokvarme,/adresse/mosevej-4-0-tv-2800-kongens-lyngby-01730587___4_st__tv,87.0,Tegl,3.0,https://www.boligsiden.dk/adresse/mosevej-4-0-tv-2800-kongens-lyngby-01730587___4_st__tv,Mursten,Ikke oplyst,0,R1084
granparken-189-2800-kongens-lyngby-01730298_189_______,Granparken 189,2800.0,Rækkehus,Free Sale,10-03-2025,5500000.0,1,Kongens Lyngby,Fjernvarme/blokvarme,/adresse/granparken-189-2800-kongens-lyngby-01730298_189_______,119.0,Fibercement herunder asbest,4.0,https://www.boligsiden.dk/adresse/granparken-189-2800-kongens-lyngby-01730298_189_______,Mursten,128.2,0,R1085
rebaek-soepark-17-4-th-2650-hvidovre-01676690__17__4__th,"Rebæk Søpark 17, 4. th.",2650.0,Ejerlejlighed,Free Sale,10-03-2025,2500000.0,1,Hvidovre,Fjernvarme/blokvarme,/adresse/rebaek-soepark-17-4-th-2650-hvidovre-01676690__17__4__th,86.0,Tagpap med stor hældning,3.0,https://www.boligsiden.dk/adresse/rebaek-soepark-17-4-th-2650-hvidovre-01676690__17__4__th,Mursten,Ikke oplyst,0,R1086
tvaerbommen-15-2-th-2820-gentofte-01570895__15__2__th,"Tværbommen 15, 2. th.",2820.0,Ejerlejlighed,Free Sale,10-03-2025,2750000.0,3,Gentofte,Fjernvarme/blokvarme,/adresse/tvaerbommen-15-2-th-2820-gentofte-01570895__15__2__th,65.0,Tegl,3.0,https://www.boligsiden.dk/adresse/tvaerbommen-15-2-th-2820-gentofte-01570895__15__2__th,Mursten,Ikke oplyst,0,R1087
tvaerbommen-15-2-th-2820-gentofte-01570895__15__2__th,"Tværbommen 15, 2. th.",2820.0,Ejerlejlighed,Free Sale,15-04-2018,1995000.0,3,Gentofte,Fjernvarme/blokvarme,/adresse/tvaerbommen-15-2-th-2820-gentofte-01570895__15__2__th,65.0,Tegl,3.0,https://www.boligsiden.dk/adresse/tvaerbommen-15-2-th-2820-gentofte-01570895__15__2__th,Mursten,Ikke oplyst,0,R1088
tvaerbommen-15-2-th-2820-gentofte-01570895__15__2__th,"Tværbommen 15, 2. th.",2820.0,Ejerlejlighed,Free Sale,20-07-1999,775000.0,3,Gentofte,Fjernvarme/blokvarme,/adresse/tvaerbommen-15-2-th-2820-gentofte-01570895__15__2__th,65.0,Tegl,3.0,https://www.boligsiden.dk/adresse/tvaerbommen-15-2-th-2820-gentofte-01570895__15__2__th,Mursten,Ikke oplyst,0,R1089
taastrup-have-53-2-th-2630-taastrup-01698960__53__2__th,"Taastrup Have 53, 2. th.",2630.0,Ejerlejlighed,Free Sale,10-03-2025,1545000.0,3,Taastrup,Fjernvarme/blokvarme,/adresse/taastrup-have-53-2-th-2630-taastrup-01698960__53__2__th,53.0,Fibercement herunder asbest,2.0,https://www.boligsiden.dk/adresse/taastrup-have-53-2-th-2630-taastrup-01698960__53__2__th,Mursten,Ikke oplyst,0,R1090
taastrup-have-53-2-th-2630-taastrup-01698960__53__2__th,"Taastrup Have 53, 2. th.",2630.0,Ejerlejlighed,Free Sale,28-12-2018,1350000.0,3,Taastrup,Fjernvarme/blokvarme,/adresse/taastrup-have-53-2-th-2630-taastrup-01698960__53__2__th,53.0,Fibercement herunder asbest,2.0,https://www.boligsiden.dk/adresse/taastrup-have-53-2-th-2630-taastrup-01698960__53__2__th,Mursten,Ikke oplyst,0,R1091
taastrup-have-53-2-th-2630-taastrup-01698960__53__2__th,"Taastrup Have 53, 2. th.",2630.0,Ejerlejlighed,Family Sale,21-03-2017,800000.0,3,Taastrup,Fjernvarme/blokvarme,/adresse/taastrup-have-53-2-th-2630-taastrup-01698960__53__2__th,53.0,Fibercement herunder asbest,2.0,https://www.boligsiden.dk/adresse/taastrup-have-53-2-th-2630-taastrup-01698960__53__2__th,Mursten,Ikke oplyst,0,R1092
poppelhusene-42-2600-glostrup-01650364__42_______,Poppelhusene 42,2600.0,Rækkehus,Free Sale,10-03-2025,3300000.0,3,Glostrup,Fjernvarme/blokvarme,/adresse/poppelhusene-42-2600-glostrup-01650364__42_______,122.0,Tagpap med lille hældning,5.0,https://www.boligsiden.dk/adresse/poppelhusene-42-2600-glostrup-01650364__42_______,Træ,147.9,0,R1093
poppelhusene-42-2600-glostrup-01650364__42_______,Poppelhusene 42,2600.0,Rækkehus,Free Sale,08-04-2020,2900000.0,3,Glostrup,Fjernvarme/blokvarme,/adresse/poppelhusene-42-2600-glostrup-01650364__42_______,122.0,Tagpap med lille hældning,5.0,https://www.boligsiden.dk/adresse/poppelhusene-42-2600-glostrup-01650364__42_______,Træ,147.9,0,R1094
poppelhusene-42-2600-glostrup-01650364__42_______,Poppelhusene 42,2600.0,Rækkehus,Other,28-08-2006,1548924.0,3,Glostrup,Fjernvarme/blokvarme,/adresse/poppelhusene-42-2600-glostrup-01650364__42_______,122.0,Tagpap med lille hældning,5.0,https://www.boligsiden.dk/adresse/poppelhusene-42-2600-glostrup-01650364__42_______,Træ,147.9,0,R1095
jaegersborg-alle-237-1-th-2820-gentofte-01570423_237__1__th,"Jægersborg Alle 237, 1. th.",2820.0,Ejerlejlighed,Free Sale,10-03-2025,3995000.0,2,Gentofte,Fjernvarme/blokvarme,/adresse/jaegersborg-alle-237-1-th-2820-gentofte-01570423_237__1__th,111.0,Tagpap med lille hældning,3.0,https://www.boligsiden.dk/adresse/jaegersborg-alle-237-1-th-2820-gentofte-01570423_237__1__th,Mursten,Ikke oplyst,0,R1096
jaegersborg-alle-237-1-th-2820-gentofte-01570423_237__1__th,"Jægersborg Alle 237, 1. th.",2820.0,Ejerlejlighed,Free Sale,12-08-2004,1925000.0,2,Gentofte,Fjernvarme/blokvarme,/adresse/jaegersborg-alle-237-1-th-2820-gentofte-01570423_237__1__th,111.0,Tagpap med lille hældning,3.0,https://www.boligsiden.dk/adresse/jaegersborg-alle-237-1-th-2820-gentofte-01570423_237__1__th,Mursten,Ikke oplyst,0,R1097
birkemosen-1-2640-hedehusene-01690406___1_______,Birkemosen 1,2640.0,Villa,Family Sale,09-03-2025,1600000.0,2,Hedehusene,Fjernvarme/blokvarme,/adresse/birkemosen-1-2640-hedehusene-01690406___1_______,98.0,Fibercement herunder asbest,4.0,https://www.boligsiden.dk/adresse/birkemosen-1-2640-hedehusene-01690406___1_______,Mursten,139.7,0,R1098
birkemosen-1-2640-hedehusene-01690406___1_______,Birkemosen 1,2640.0,Villa,Free Sale,12-06-2018,2350000.0,2,Hedehusene,Fjernvarme/blokvarme,/adresse/birkemosen-1-2640-hedehusene-01690406___1_______,98.0,Fibercement herunder asbest,4.0,https://www.boligsiden.dk/adresse/birkemosen-1-2640-hedehusene-01690406___1_______,Mursten,139.7,0,R1099
roedhoejgaardsvej-96-2630-taastrup-01696496__96_______,Rødhøjgårdsvej 96,2630.0,Villa,Free Sale,09-03-2025,3775000.0,3,Taastrup,Fjernvarme/blokvarme,/adresse/roedhoejgaardsvej-96-2630-taastrup-01696496__96_______,149.0,Fibercement herunder asbest,5.0,https://www.boligsiden.dk/adresse/roedhoejgaardsvej-96-2630-taastrup-01696496__96_______,Mursten,158,0,R1100
roedhoejgaardsvej-96-2630-taastrup-01696496__96_______,Rødhøjgårdsvej 96,2630.0,Villa,Free Sale,17-07-2012,2100000.0,3,Taastrup,Fjernvarme/blokvarme,/adresse/roedhoejgaardsvej-96-2630-taastrup-01696496__96_______,149.0,Fibercement herunder asbest,5.0,https://www.boligsiden.dk/adresse/roedhoejgaardsvej-96-2630-taastrup-01696496__96_______,Mursten,158,0,R1101
roedhoejgaardsvej-96-2630-taastrup-01696496__96_______,Rødhøjgårdsvej 96,2630.0,Villa,Free Sale,09-07-1999,1680195.0,3,Taastrup,Fjernvarme/blokvarme,/adresse/roedhoejgaardsvej-96-2630-taastrup-01696496__96_______,149.0,Fibercement herunder asbest,5.0,https://www.boligsiden.dk/adresse/roedhoejgaardsvej-96-2630-taastrup-01696496__96_______,Mursten,158,0,R1102
esberns-alle-1-0-1-2860-soeborg-01590172___1_st___1,"Esberns Alle 1, st. 1.",2860.0,Ejerlejlighed,Free Sale,09-03-2025,1700000.0,1,Søborg,Fjernvarme/blokvarme,/adresse/esberns-alle-1-0-1-2860-soeborg-01590172___1_st___1,55.0,Fibercement herunder asbest,2.0,https://www.boligsiden.dk/adresse/esberns-alle-1-0-1-2860-soeborg-01590172___1_st___1,Mursten,Ikke oplyst,0,R1103
skaerbaekvej-64-2610-roedovre-01750760__64_______,Skærbækvej 64,2610.0,Villa,Free Sale,09-03-2025,5500000.0,1,Rødovre,Centralvarme med én fyringsenhed,/adresse/skaerbaekvej-64-2610-roedovre-01750760__64_______,102.0,Tagpap med stor hældning,4.0,https://www.boligsiden.dk/adresse/skaerbaekvej-64-2610-roedovre-01750760__64_______,Mursten,134.2,0,R1104
lauggaards-alle-19-2860-soeborg-01590498__19_______,Lauggårds Alle 19,2860.0,Villa,Family Sale,09-03-2025,1723200.0,1,Søborg,Centralvarme med én fyringsenhed,/adresse/lauggaards-alle-19-2860-soeborg-01590498__19_______,57.0,Metal,3.0,https://www.boligsiden.dk/adresse/lauggaards-alle-19-2860-soeborg-01590498__19_______,Mursten,90.3,0,R1105
strandfogedvej-6-2660-broendby-strand-01530636___6_______,Strandfogedvej 6,2660.0,Villa,Free Sale,08-03-2025,5325000.0,3,Brøndby Strand,Centralvarme med én fyringsenhed,/adresse/strandfogedvej-6-2660-broendby-strand-01530636___6_______,164.0,Tegl,5.0,https://www.boligsiden.dk/adresse/strandfogedvej-6-2660-broendby-strand-01530636___6_______,Mursten,194.6,0,R1106
strandfogedvej-6-2660-broendby-strand-01530636___6_______,Strandfogedvej 6,2660.0,Villa,Free Sale,19-01-2022,5850000.0,3,Brøndby Strand,Centralvarme med én fyringsenhed,/adresse/strandfogedvej-6-2660-broendby-strand-01530636___6_______,164.0,Tegl,5.0,https://www.boligsiden.dk/adresse/strandfogedvej-6-2660-broendby-strand-01530636___6_______,Mursten,194.6,0,R1107
strandfogedvej-6-2660-broendby-strand-01530636___6_______,Strandfogedvej 6,2660.0,Villa,Free Sale,08-11-2012,1700000.0,3,Brøndby Strand,Centralvarme med én fyringsenhed,/adresse/strandfogedvej-6-2660-broendby-strand-01530636___6_______,164.0,Tegl,5.0,https://www.boligsiden.dk/adresse/strandfogedvej-6-2660-broendby-strand-01530636___6_______,Mursten,194.6,0,R1108
augustvej-132-2860-soeborg-01590033_132_______,Augustvej 132,2860.0,Villa,Free Sale,08-03-2025,3600000.0,2,Søborg,Fjernvarme/blokvarme,/adresse/augustvej-132-2860-soeborg-01590033_132_______,108.0,Tegl,6.0,https://www.boligsiden.dk/adresse/augustvej-132-2860-soeborg-01590033_132_______,Mursten,113,0,R1109
augustvej-132-2860-soeborg-01590033_132_______,Augustvej 132,2860.0,Villa,Free Sale,02-09-2020,3250000.0,2,Søborg,Fjernvarme/blokvarme,/adresse/augustvej-132-2860-soeborg-01590033_132_______,108.0,Tegl,6.0,https://www.boligsiden.dk/adresse/augustvej-132-2860-soeborg-01590033_132_______,Mursten,113,0,R1110
borgevej-27-2800-kongens-lyngby-01730082__27_______,,,Villa,Free Sale,08-03-2025,14500000.0,1,,,,,,,,,,0,R1111
sandkrogen-27-2800-kongens-lyngby-01590729__27_______,Sandkrogen 27,2800.0,Rækkehus,Free Sale,08-03-2025,6500000.0,3,Kongens Lyngby,Centralvarme med én fyringsenhed,/adresse/sandkrogen-27-2800-kongens-lyngby-01590729__27_______,106.0,Tegl,4.0,https://www.boligsiden.dk/adresse/sandkrogen-27-2800-kongens-lyngby-01590729__27_______,Mursten,127.7,0,R1112
sandkrogen-27-2800-kongens-lyngby-01590729__27_______,Sandkrogen 27,2800.0,Rækkehus,Family Sale,15-04-2020,2250000.0,3,Kongens Lyngby,Centralvarme med én fyringsenhed,/adresse/sandkrogen-27-2800-kongens-lyngby-01590729__27_______,106.0,Tegl,4.0,https://www.boligsiden.dk/adresse/sandkrogen-27-2800-kongens-lyngby-01590729__27_______,Mursten,127.7,0,R1113
sandkrogen-27-2800-kongens-lyngby-01590729__27_______,Sandkrogen 27,2800.0,Rækkehus,Free Sale,16-10-2014,4400000.0,3,Kongens Lyngby,Centralvarme med én fyringsenhed,/adresse/sandkrogen-27-2800-kongens-lyngby-01590729__27_______,106.0,Tegl,4.0,https://www.boligsiden.dk/adresse/sandkrogen-27-2800-kongens-lyngby-01590729__27_______,Mursten,127.7,0,R1114
gentoftegade-38-0-th-2820-gentofte-01570278__38_st__th,"Gentoftegade 38, st. th.",2820.0,Ejerlejlighed,Free Sale,07-03-2025,7750000.0,3,Gentofte,Fjernvarme/blokvarme,/adresse/gentoftegade-38-0-th-2820-gentofte-01570278__38_st__th,112.0,Tagpap med stor hældning,4.0,https://www.boligsiden.dk/adresse/gentoftegade-38-0-th-2820-gentofte-01570278__38_st__th,Mursten,Ikke oplyst,0,R1115
gentoftegade-38-0-th-2820-gentofte-01570278__38_st__th,"Gentoftegade 38, st. th.",2820.0,Ejerlejlighed,Free Sale,10-05-2012,2495000.0,3,Gentofte,Fjernvarme/blokvarme,/adresse/gentoftegade-38-0-th-2820-gentofte-01570278__38_st__th,112.0,Tagpap med stor hældning,4.0,https://www.boligsiden.dk/adresse/gentoftegade-38-0-th-2820-gentofte-01570278__38_st__th,Mursten,Ikke oplyst,0,R1116
gentoftegade-38-0-th-2820-gentofte-01570278__38_st__th,"Gentoftegade 38, st. th.",2820.0,Ejerlejlighed,Family Sale,10-12-2001,2095000.0,3,Gentofte,Fjernvarme/blokvarme,/adresse/gentoftegade-38-0-th-2820-gentofte-01570278__38_st__th,112.0,Tagpap med stor hældning,4.0,https://www.boligsiden.dk/adresse/gentoftegade-38-0-th-2820-gentofte-01570278__38_st__th,Mursten,Ikke oplyst,0,R1117
ejby-mosevej-121-2600-glostrup-01610094_121_______,Ejby Mosevej 121,2600.0,Villa,Free Sale,07-03-2025,3200000.0,1,Glostrup,Centralvarme med én fyringsenhed,/adresse/ejby-mosevej-121-2600-glostrup-01610094_121_______,117.0,Fibercement herunder asbest,4.0,https://www.boligsiden.dk/adresse/ejby-mosevej-121-2600-glostrup-01610094_121_______,Mursten,124.4,0,R1118
skaerager-1-2620-albertslund-01650447___1_______,Skærager 1,2620.0,Villa,Free Sale,07-03-2025,4300000.0,2,Albertslund,Fjernvarme/blokvarme,/adresse/skaerager-1-2620-albertslund-01650447___1_______,172.0,Fibercement herunder asbest,5.0,https://www.boligsiden.dk/adresse/skaerager-1-2620-albertslund-01650447___1_______,Mursten,188.7,0,R1119
skaerager-1-2620-albertslund-01650447___1_______,Skærager 1,2620.0,Villa,Free Sale,05-03-2003,2195000.0,2,Albertslund,Fjernvarme/blokvarme,/adresse/skaerager-1-2620-albertslund-01650447___1_______,172.0,Fibercement herunder asbest,5.0,https://www.boligsiden.dk/adresse/skaerager-1-2620-albertslund-01650447___1_______,Mursten,188.7,0,R1120
hvidovrevej-22b-2610-roedovre-01750365_22b_______,Hvidovrevej 22B,2610.0,Rækkehus,Other,07-03-2025,1900000.0,3,Rødovre,Elvarme,/adresse/hvidovrevej-22b-2610-roedovre-01750365_22b_______,89.0,Fibercement herunder asbest,3.0,https://www.boligsiden.dk/adresse/hvidovrevej-22b-2610-roedovre-01750365_22b_______,Mursten,Ikke oplyst,0,R1121
hvidovrevej-22b-2610-roedovre-01750365_22b_______,Hvidovrevej 22B,2610.0,Rækkehus,Free Sale,14-12-2020,3100000.0,3,Rødovre,Elvarme,/adresse/hvidovrevej-22b-2610-roedovre-01750365_22b_______,89.0,Fibercement herunder asbest,3.0,https://www.boligsiden.dk/adresse/hvidovrevej-22b-2610-roedovre-01750365_22b_______,Mursten,Ikke oplyst,0,R1122
hvidovrevej-22b-2610-roedovre-01750365_22b_______,Hvidovrevej 22B,2610.0,Rækkehus,Free Sale,22-10-1996,836318.0,3,Rødovre,Elvarme,/adresse/hvidovrevej-22b-2610-roedovre-01750365_22b_______,89.0,Fibercement herunder asbest,3.0,https://www.boligsiden.dk/adresse/hvidovrevej-22b-2610-roedovre-01750365_22b_______,Mursten,Ikke oplyst,0,R1123
pligtgaardsvej-22-2660-broendby-strand-01530501__22_______,Pligtgårdsvej 22,2660.0,Villa,Free Sale,07-03-2025,5300000.0,2,Brøndby Strand,Centralvarme med én fyringsenhed,/adresse/pligtgaardsvej-22-2660-broendby-strand-01530501__22_______,187.0,Betontagsten,5.0,https://www.boligsiden.dk/adresse/pligtgaardsvej-22-2660-broendby-strand-01530501__22_______,Mursten,188.75,0,R1124
pligtgaardsvej-22-2660-broendby-strand-01530501__22_______,Pligtgårdsvej 22,2660.0,Villa,Free Sale,20-08-1993,1097000.0,2,Brøndby Strand,Centralvarme med én fyringsenhed,/adresse/pligtgaardsvej-22-2660-broendby-strand-01530501__22_______,187.0,Betontagsten,5.0,https://www.boligsiden.dk/adresse/pligtgaardsvej-22-2660-broendby-strand-01530501__22_______,Mursten,188.75,0,R1125
macgregor-alle-7-2750-ballerup-01510134___7_______,MacGregor Alle 7,2750.0,Rækkehus,Free Sale,07-03-2025,3650000.0,3,Ballerup,Centralvarme med én fyringsenhed,/adresse/macgregor-alle-7-2750-ballerup-01510134___7_______,107.0,Tagpap med lille hældning,4.0,https://www.boligsiden.dk/adresse/macgregor-alle-7-2750-ballerup-01510134___7_______,Betonelementer,114.25,0,R1126
macgregor-alle-7-2750-ballerup-01510134___7_______,MacGregor Alle 7,2750.0,Rækkehus,Free Sale,09-11-2017,2920000.0,3,Ballerup,Centralvarme med én fyringsenhed,/adresse/macgregor-alle-7-2750-ballerup-01510134___7_______,107.0,Tagpap med lille hældning,4.0,https://www.boligsiden.dk/adresse/macgregor-alle-7-2750-ballerup-01510134___7_______,Betonelementer,114.25,0,R1127
macgregor-alle-7-2750-ballerup-01510134___7_______,MacGregor Alle 7,2750.0,Rækkehus,Free Sale,28-08-2014,2375000.0,3,Ballerup,Centralvarme med én fyringsenhed,/adresse/macgregor-alle-7-2750-ballerup-01510134___7_______,107.0,Tagpap med lille hældning,4.0,https://www.boligsiden.dk/adresse/macgregor-alle-7-2750-ballerup-01510134___7_______,Betonelementer,114.25,0,R1128
ordrupvej-98b-4-tv-2920-charlottenlund-01570622_98b__4__tv,"Ordrupvej 98B, 4. tv.",2920.0,Ejerlejlighed,Free Sale,07-03-2025,2920000.0,3,Charlottenlund,Fjernvarme/blokvarme,/adresse/ordrupvej-98b-4-tv-2920-charlottenlund-01570622_98b__4__tv,58.0,Tegl,2.0,https://www.boligsiden.dk/adresse/ordrupvej-98b-4-tv-2920-charlottenlund-01570622_98b__4__tv,Mursten,Ikke oplyst,0,R1129
ordrupvej-98b-4-tv-2920-charlottenlund-01570622_98b__4__tv,"Ordrupvej 98B, 4. tv.",2920.0,Ejerlejlighed,Free Sale,13-07-2022,2400000.0,3,Charlottenlund,Fjernvarme/blokvarme,/adresse/ordrupvej-98b-4-tv-2920-charlottenlund-01570622_98b__4__tv,58.0,Tegl,2.0,https://www.boligsiden.dk/adresse/ordrupvej-98b-4-tv-2920-charlottenlund-01570622_98b__4__tv,Mursten,Ikke oplyst,0,R1130
ordrupvej-98b-4-tv-2920-charlottenlund-01570622_98b__4__tv,"Ordrupvej 98B, 4. tv.",2920.0,Ejerlejlighed,Free Sale,24-02-2003,1086081.0,3,Charlottenlund,Fjernvarme/blokvarme,/adresse/ordrupvej-98b-4-tv-2920-charlottenlund-01570622_98b__4__tv,58.0,Tegl,2.0,https://www.boligsiden.dk/adresse/ordrupvej-98b-4-tv-2920-charlottenlund-01570622_98b__4__tv,Mursten,Ikke oplyst,0,R1131
sandtoften-35-2800-kongens-lyngby-01590731__35_______,Sandtoften 35,2800.0,Rækkehus,Free Sale,07-03-2025,4350000.0,3,Kongens Lyngby,Centralvarme med én fyringsenhed,/adresse/sandtoften-35-2800-kongens-lyngby-01590731__35_______,95.0,Tegl,3.0,https://www.boligsiden.dk/adresse/sandtoften-35-2800-kongens-lyngby-01590731__35_______,Mursten,112.75,0,R1132
sandtoften-35-2800-kongens-lyngby-01590731__35_______,Sandtoften 35,2800.0,Rækkehus,Free Sale,29-05-2013,2410000.0,3,Kongens Lyngby,Centralvarme med én fyringsenhed,/adresse/sandtoften-35-2800-kongens-lyngby-01590731__35_______,95.0,Tegl,3.0,https://www.boligsiden.dk/adresse/sandtoften-35-2800-kongens-lyngby-01590731__35_______,Mursten,112.75,0,R1133
sandtoften-35-2800-kongens-lyngby-01590731__35_______,Sandtoften 35,2800.0,Rækkehus,Free Sale,03-02-2011,2365000.0,3,Kongens Lyngby,Centralvarme med én fyringsenhed,/adresse/sandtoften-35-2800-kongens-lyngby-01590731__35_______,95.0,Tegl,3.0,https://www.boligsiden.dk/adresse/sandtoften-35-2800-kongens-lyngby-01590731__35_______,Mursten,112.75,0,R1134
dalstroeget-81-3-tv-2870-dyssegaard-01570133__81__3__tv,"Dalstrøget 81, 3. tv.",2870.0,Ejerlejlighed,Free Sale,07-03-2025,2370000.0,1,Dyssegård,Fjernvarme/blokvarme,/adresse/dalstroeget-81-3-tv-2870-dyssegaard-01570133__81__3__tv,64.0,Andet materiale,2.0,https://www.boligsiden.dk/adresse/dalstroeget-81-3-tv-2870-dyssegaard-01570133__81__3__tv,Mursten,Ikke oplyst,0,R1135
draebyvej-8-2740-skovlunde-01510543___8_______,Dræbyvej 8,2740.0,Villa,Free Sale,07-03-2025,5100000.0,1,Skovlunde,Centralvarme med én fyringsenhed,/adresse/draebyvej-8-2740-skovlunde-01510543___8_______,110.0,Tagpap med lille hældning,4.0,https://www.boligsiden.dk/adresse/draebyvej-8-2740-skovlunde-01510543___8_______,Mursten,147.05,0,R1136
moellevaenget-2-2640-hedehusene-01695278___2_______,Møllevænget 2,2640.0,Villa,Free Sale,07-03-2025,2500000.0,1,Hedehusene,Fjernvarme/blokvarme,/adresse/moellevaenget-2-2640-hedehusene-01695278___2_______,110.0,Metal,5.0,https://www.boligsiden.dk/adresse/moellevaenget-2-2640-hedehusene-01695278___2_______,Letbetonsten,143.6,0,R1137
moellevaenget-2-2640-hedehusene-01695278___2_______,Møllevænget 2,2640.0,Villa,Free Sale,07-03-2025,2500000.0,1,Hedehusene,Fjernvarme/blokvarme,/adresse/moellevaenget-2-2640-hedehusene-01695278___2_______,110.0,Metal,5.0,https://www.boligsiden.dk/adresse/moellevaenget-2-2640-hedehusene-01695278___2_______,Letbetonsten,143.6,0,R1138
multebaervaenget-18-2650-hvidovre-01675764__18_______,Multebærvænget 18,2650.0,Rækkehus,Free Sale,07-03-2025,4225000.0,3,Hvidovre,Varmepumpe,/adresse/multebaervaenget-18-2650-hvidovre-01675764__18_______,110.0,Fibercement uden asbest,3.0,https://www.boligsiden.dk/adresse/multebaervaenget-18-2650-hvidovre-01675764__18_______,Letbetonsten,113.3,0,R1139
multebaervaenget-18-2650-hvidovre-01675764__18_______,Multebærvænget 18,2650.0,Rækkehus,Family Sale,24-01-2017,1600000.0,3,Hvidovre,Varmepumpe,/adresse/multebaervaenget-18-2650-hvidovre-01675764__18_______,110.0,Fibercement uden asbest,3.0,https://www.boligsiden.dk/adresse/multebaervaenget-18-2650-hvidovre-01675764__18_______,Letbetonsten,113.3,0,R1140
multebaervaenget-18-2650-hvidovre-01675764__18_______,Multebærvænget 18,2650.0,Rækkehus,Free Sale,06-12-2007,1750000.0,3,Hvidovre,Varmepumpe,/adresse/multebaervaenget-18-2650-hvidovre-01675764__18_______,110.0,Fibercement uden asbest,3.0,https://www.boligsiden.dk/adresse/multebaervaenget-18-2650-hvidovre-01675764__18_______,Letbetonsten,113.3,0,R1141
leen-b-6-0-1-2630-taastrup-01694316___6_st___1,"Leen B 6, st. 1.",2630.0,Ejerlejlighed,Free Sale,07-03-2025,1550000.0,3,Taastrup,Fjernvarme/blokvarme,/adresse/leen-b-6-0-1-2630-taastrup-01694316___6_st___1,57.0,Tagpap med lille hældning,2.0,https://www.boligsiden.dk/adresse/leen-b-6-0-1-2630-taastrup-01694316___6_st___1,Betonelementer,Ikke oplyst,0,R1142
leen-b-6-0-1-2630-taastrup-01694316___6_st___1,"Leen B 6, st. 1.",2630.0,Ejerlejlighed,Free Sale,07-03-2025,1550000.0,3,Taastrup,Fjernvarme/blokvarme,/adresse/leen-b-6-0-1-2630-taastrup-01694316___6_st___1,57.0,Tagpap med lille hældning,2.0,https://www.boligsiden.dk/adresse/leen-b-6-0-1-2630-taastrup-01694316___6_st___1,Betonelementer,Ikke oplyst,0,R1143
leen-b-6-0-1-2630-taastrup-01694316___6_st___1,"Leen B 6, st. 1.",2630.0,Ejerlejlighed,Free Sale,02-05-2007,1235000.0,3,Taastrup,Fjernvarme/blokvarme,/adresse/leen-b-6-0-1-2630-taastrup-01694316___6_st___1,57.0,Tagpap med lille hældning,2.0,https://www.boligsiden.dk/adresse/leen-b-6-0-1-2630-taastrup-01694316___6_st___1,Betonelementer,Ikke oplyst,0,R1144
leen-b-6-0-1-2630-taastrup-01694316___6_st___1,"Leen B 6, st. 1.",2630.0,Ejerlejlighed,Free Sale,02-05-2007,1235000.0,3,Taastrup,Fjernvarme/blokvarme,/adresse/leen-b-6-0-1-2630-taastrup-01694316___6_st___1,57.0,Tagpap med lille hældning,2.0,https://www.boligsiden.dk/adresse/leen-b-6-0-1-2630-taastrup-01694316___6_st___1,Betonelementer,Ikke oplyst,0,R1145
leen-b-6-0-1-2630-taastrup-01694316___6_st___1,"Leen B 6, st. 1.",2630.0,Ejerlejlighed,Free Sale,01-07-2006,1085000.0,3,Taastrup,Fjernvarme/blokvarme,/adresse/leen-b-6-0-1-2630-taastrup-01694316___6_st___1,57.0,Tagpap med lille hældning,2.0,https://www.boligsiden.dk/adresse/leen-b-6-0-1-2630-taastrup-01694316___6_st___1,Betonelementer,Ikke oplyst,0,R1146
leen-b-6-0-1-2630-taastrup-01694316___6_st___1,"Leen B 6, st. 1.",2630.0,Ejerlejlighed,Free Sale,01-07-2006,1085000.0,3,Taastrup,Fjernvarme/blokvarme,/adresse/leen-b-6-0-1-2630-taastrup-01694316___6_st___1,57.0,Tagpap med lille hældning,2.0,https://www.boligsiden.dk/adresse/leen-b-6-0-1-2630-taastrup-01694316___6_st___1,Betonelementer,Ikke oplyst,0,R1147
moellevaenget-2-2640-hedehusene-01695278___2_______,Møllevænget 2,2640.0,Villa,Free Sale,07-03-2025,2500000.0,1,Hedehusene,Fjernvarme/blokvarme,/adresse/moellevaenget-2-2640-hedehusene-01695278___2_______,110.0,Metal,5.0,https://www.boligsiden.dk/adresse/moellevaenget-2-2640-hedehusene-01695278___2_______,Letbetonsten,143.6,0,R1148
moellevaenget-2-2640-hedehusene-01695278___2_______,Møllevænget 2,2640.0,Villa,Free Sale,07-03-2025,2500000.0,1,Hedehusene,Fjernvarme/blokvarme,/adresse/moellevaenget-2-2640-hedehusene-01695278___2_______,110.0,Metal,5.0,https://www.boligsiden.dk/adresse/moellevaenget-2-2640-hedehusene-01695278___2_______,Letbetonsten,143.6,0,R1149
leen-b-6-0-1-2630-taastrup-01694316___6_st___1,"Leen B 6, st. 1.",2630.0,Ejerlejlighed,Free Sale,07-03-2025,1550000.0,3,Taastrup,Fjernvarme/blokvarme,/adresse/leen-b-6-0-1-2630-taastrup-01694316___6_st___1,57.0,Tagpap med lille hældning,2.0,https://www.boligsiden.dk/adresse/leen-b-6-0-1-2630-taastrup-01694316___6_st___1,Betonelementer,Ikke oplyst,0,R1150
leen-b-6-0-1-2630-taastrup-01694316___6_st___1,"Leen B 6, st. 1.",2630.0,Ejerlejlighed,Free Sale,07-03-2025,1550000.0,3,Taastrup,Fjernvarme/blokvarme,/adresse/leen-b-6-0-1-2630-taastrup-01694316___6_st___1,57.0,Tagpap med lille hældning,2.0,https://www.boligsiden.dk/adresse/leen-b-6-0-1-2630-taastrup-01694316___6_st___1,Betonelementer,Ikke oplyst,0,R1151
leen-b-6-0-1-2630-taastrup-01694316___6_st___1,"Leen B 6, st. 1.",2630.0,Ejerlejlighed,Free Sale,02-05-2007,1235000.0,3,Taastrup,Fjernvarme/blokvarme,/adresse/leen-b-6-0-1-2630-taastrup-01694316___6_st___1,57.0,Tagpap med lille hældning,2.0,https://www.boligsiden.dk/adresse/leen-b-6-0-1-2630-taastrup-01694316___6_st___1,Betonelementer,Ikke oplyst,0,R1152
leen-b-6-0-1-2630-taastrup-01694316___6_st___1,"Leen B 6, st. 1.",2630.0,Ejerlejlighed,Free Sale,02-05-2007,1235000.0,3,Taastrup,Fjernvarme/blokvarme,/adresse/leen-b-6-0-1-2630-taastrup-01694316___6_st___1,57.0,Tagpap med lille hældning,2.0,https://www.boligsiden.dk/adresse/leen-b-6-0-1-2630-taastrup-01694316___6_st___1,Betonelementer,Ikke oplyst,0,R1153
leen-b-6-0-1-2630-taastrup-01694316___6_st___1,"Leen B 6, st. 1.",2630.0,Ejerlejlighed,Free Sale,01-07-2006,1085000.0,3,Taastrup,Fjernvarme/blokvarme,/adresse/leen-b-6-0-1-2630-taastrup-01694316___6_st___1,57.0,Tagpap med lille hældning,2.0,https://www.boligsiden.dk/adresse/leen-b-6-0-1-2630-taastrup-01694316___6_st___1,Betonelementer,Ikke oplyst,0,R1154
leen-b-6-0-1-2630-taastrup-01694316___6_st___1,"Leen B 6, st. 1.",2630.0,Ejerlejlighed,Free Sale,01-07-2006,1085000.0,3,Taastrup,Fjernvarme/blokvarme,/adresse/leen-b-6-0-1-2630-taastrup-01694316___6_st___1,57.0,Tagpap med lille hældning,2.0,https://www.boligsiden.dk/adresse/leen-b-6-0-1-2630-taastrup-01694316___6_st___1,Betonelementer,Ikke oplyst,0,R1155
ordrupvej-75a-2-th-2920-charlottenlund-01570622_75a__2__th,"Ordrupvej 75A, 2. th.",2920.0,Ejerlejlighed,Free Sale,06-03-2025,2525000.0,3,Charlottenlund,Fjernvarme/blokvarme,/adresse/ordrupvej-75a-2-th-2920-charlottenlund-01570622_75a__2__th,63.0,Tegl,2.0,https://www.boligsiden.dk/adresse/ordrupvej-75a-2-th-2920-charlottenlund-01570622_75a__2__th,Mursten,Ikke oplyst,0,R1156
ordrupvej-75a-2-th-2920-charlottenlund-01570622_75a__2__th,"Ordrupvej 75A, 2. th.",2920.0,Ejerlejlighed,Family Sale,01-06-2022,1200000.0,3,Charlottenlund,Fjernvarme/blokvarme,/adresse/ordrupvej-75a-2-th-2920-charlottenlund-01570622_75a__2__th,63.0,Tegl,2.0,https://www.boligsiden.dk/adresse/ordrupvej-75a-2-th-2920-charlottenlund-01570622_75a__2__th,Mursten,Ikke oplyst,0,R1157
ordrupvej-75a-2-th-2920-charlottenlund-01570622_75a__2__th,"Ordrupvej 75A, 2. th.",2920.0,Ejerlejlighed,Free Sale,19-02-2022,2275000.0,3,Charlottenlund,Fjernvarme/blokvarme,/adresse/ordrupvej-75a-2-th-2920-charlottenlund-01570622_75a__2__th,63.0,Tegl,2.0,https://www.boligsiden.dk/adresse/ordrupvej-75a-2-th-2920-charlottenlund-01570622_75a__2__th,Mursten,Ikke oplyst,0,R1158
vejlegaardsparken-82-4-mf-2665-vallensbaek-strand-01879267__82__4__mf,"Vejlegårdsparken 82, 4. mf.",2665.0,Ejerlejlighed,Free Sale,06-03-2025,1420000.0,3,Vallensbæk Strand,Fjernvarme/blokvarme,/adresse/vejlegaardsparken-82-4-mf-2665-vallensbaek-strand-01879267__82__4__mf,60.0,Tagpap med stor hældning,2.0,https://www.boligsiden.dk/adresse/vejlegaardsparken-82-4-mf-2665-vallensbaek-strand-01879267__82__4__mf,Betonelementer,Ikke oplyst,0,R1159
vejlegaardsparken-82-4-mf-2665-vallensbaek-strand-01879267__82__4__mf,"Vejlegårdsparken 82, 4. mf.",2665.0,Ejerlejlighed,Free Sale,26-03-1998,492000.0,3,Vallensbæk Strand,Fjernvarme/blokvarme,/adresse/vejlegaardsparken-82-4-mf-2665-vallensbaek-strand-01879267__82__4__mf,60.0,Tagpap med stor hældning,2.0,https://www.boligsiden.dk/adresse/vejlegaardsparken-82-4-mf-2665-vallensbaek-strand-01879267__82__4__mf,Betonelementer,Ikke oplyst,0,R1160
vejlegaardsparken-82-4-mf-2665-vallensbaek-strand-01879267__82__4__mf,"Vejlegårdsparken 82, 4. mf.",2665.0,Ejerlejlighed,Free Sale,11-04-1994,378000.0,3,Vallensbæk Strand,Fjernvarme/blokvarme,/adresse/vejlegaardsparken-82-4-mf-2665-vallensbaek-strand-01879267__82__4__mf,60.0,Tagpap med stor hældning,2.0,https://www.boligsiden.dk/adresse/vejlegaardsparken-82-4-mf-2665-vallensbaek-strand-01879267__82__4__mf,Betonelementer,Ikke oplyst,0,R1161
hoejdevej-11b-2830-virum-01730364_11b_______,Højdevej 11B,2830.0,Villa,Free Sale,06-03-2025,5800000.0,1,Virum,Centralvarme med én fyringsenhed,/adresse/hoejdevej-11b-2830-virum-01730364_11b_______,128.0,Fibercement herunder asbest,5.0,https://www.boligsiden.dk/adresse/hoejdevej-11b-2830-virum-01730364_11b_______,Letbetonsten,133.2,0,R1162
holmevej-17-2830-virum-01730350__17_______,Holmevej 17,2830.0,Villa,Free Sale,06-03-2025,9075000.0,2,Virum,Centralvarme med én fyringsenhed,/adresse/holmevej-17-2830-virum-01730350__17_______,134.0,Tegl,5.0,https://www.boligsiden.dk/adresse/holmevej-17-2830-virum-01730350__17_______,Mursten,139.7,0,R1163
holmevej-17-2830-virum-01730350__17_______,Holmevej 17,2830.0,Villa,Free Sale,06-11-1993,1390490.0,2,Virum,Centralvarme med én fyringsenhed,/adresse/holmevej-17-2830-virum-01730350__17_______,134.0,Tegl,5.0,https://www.boligsiden.dk/adresse/holmevej-17-2830-virum-01730350__17_______,Mursten,139.7,0,R1164
toftholmvaenget-9-2740-skovlunde-01510682___9_______,Toftholmvænget 9,2740.0,Villa,Free Sale,06-03-2025,4800000.0,1,Skovlunde,Centralvarme med én fyringsenhed,/adresse/toftholmvaenget-9-2740-skovlunde-01510682___9_______,151.0,Metal,6.0,https://www.boligsiden.dk/adresse/toftholmvaenget-9-2740-skovlunde-01510682___9_______,Mursten,167.3,0,R1165
vejledalen-326-2635-ishoej-01830854_326_______,Vejledalen 326,2635.0,Rækkehus,Free Sale,06-03-2025,2595000.0,3,Ishøj,Fjernvarme/blokvarme,/adresse/vejledalen-326-2635-ishoej-01830854_326_______,76.0,Betontagsten,3.0,https://www.boligsiden.dk/adresse/vejledalen-326-2635-ishoej-01830854_326_______,Træ,76,0,R1166
vejledalen-326-2635-ishoej-01830854_326_______,Vejledalen 326,2635.0,Rækkehus,Free Sale,20-04-2022,2490000.0,3,Ishøj,Fjernvarme/blokvarme,/adresse/vejledalen-326-2635-ishoej-01830854_326_______,76.0,Betontagsten,3.0,https://www.boligsiden.dk/adresse/vejledalen-326-2635-ishoej-01830854_326_______,Træ,76,0,R1167
vejledalen-326-2635-ishoej-01830854_326_______,Vejledalen 326,2635.0,Rækkehus,Free Sale,03-05-2021,2095000.0,3,Ishøj,Fjernvarme/blokvarme,/adresse/vejledalen-326-2635-ishoej-01830854_326_______,76.0,Betontagsten,3.0,https://www.boligsiden.dk/adresse/vejledalen-326-2635-ishoej-01830854_326_______,Træ,76,0,R1168
engelsborgvej-28b-2-th-2800-kongens-lyngby-01730200_28b__2__th,"Engelsborgvej 28B, 2. th.",2800.0,Ejerlejlighed,Free Sale,06-03-2025,2734000.0,3,Kongens Lyngby,Fjernvarme/blokvarme,/adresse/engelsborgvej-28b-2-th-2800-kongens-lyngby-01730200_28b__2__th,64.0,Tegl,3.0,https://www.boligsiden.dk/adresse/engelsborgvej-28b-2-th-2800-kongens-lyngby-01730200_28b__2__th,Mursten,Ikke oplyst,0,R1169
engelsborgvej-28b-2-th-2800-kongens-lyngby-01730200_28b__2__th,"Engelsborgvej 28B, 2. th.",2800.0,Ejerlejlighed,Free Sale,20-07-2015,1450000.0,3,Kongens Lyngby,Fjernvarme/blokvarme,/adresse/engelsborgvej-28b-2-th-2800-kongens-lyngby-01730200_28b__2__th,64.0,Tegl,3.0,https://www.boligsiden.dk/adresse/engelsborgvej-28b-2-th-2800-kongens-lyngby-01730200_28b__2__th,Mursten,Ikke oplyst,0,R1170
engelsborgvej-28b-2-th-2800-kongens-lyngby-01730200_28b__2__th,"Engelsborgvej 28B, 2. th.",2800.0,Ejerlejlighed,Free Sale,01-05-1995,402320.0,3,Kongens Lyngby,Fjernvarme/blokvarme,/adresse/engelsborgvej-28b-2-th-2800-kongens-lyngby-01730200_28b__2__th,64.0,Tegl,3.0,https://www.boligsiden.dk/adresse/engelsborgvej-28b-2-th-2800-kongens-lyngby-01730200_28b__2__th,Mursten,Ikke oplyst,0,R1171
tinghoejvej-40-0-1-2860-soeborg-01590874__40_st___1,"Tinghøjvej 40, st. 1.",2860.0,Ejerlejlighed,Free Sale,06-03-2025,2010000.0,3,Søborg,Fjernvarme/blokvarme,/adresse/tinghoejvej-40-0-1-2860-soeborg-01590874__40_st___1,64.0,Fibercement herunder asbest,2.0,https://www.boligsiden.dk/adresse/tinghoejvej-40-0-1-2860-soeborg-01590874__40_st___1,Mursten,Ikke oplyst,0,R1172
tinghoejvej-40-0-1-2860-soeborg-01590874__40_st___1,"Tinghøjvej 40, st. 1.",2860.0,Ejerlejlighed,Free Sale,30-11-2017,1550000.0,3,Søborg,Fjernvarme/blokvarme,/adresse/tinghoejvej-40-0-1-2860-soeborg-01590874__40_st___1,64.0,Fibercement herunder asbest,2.0,https://www.boligsiden.dk/adresse/tinghoejvej-40-0-1-2860-soeborg-01590874__40_st___1,Mursten,Ikke oplyst,0,R1173
tinghoejvej-40-0-1-2860-soeborg-01590874__40_st___1,"Tinghøjvej 40, st. 1.",2860.0,Ejerlejlighed,Free Sale,16-08-2012,930000.0,3,Søborg,Fjernvarme/blokvarme,/adresse/tinghoejvej-40-0-1-2860-soeborg-01590874__40_st___1,64.0,Fibercement herunder asbest,2.0,https://www.boligsiden.dk/adresse/tinghoejvej-40-0-1-2860-soeborg-01590874__40_st___1,Mursten,Ikke oplyst,0,R1174
kirkeskellet-9-2605-broendby-01530346___9_______,Kirkeskellet 9,2605.0,Villa,Free Sale,06-03-2025,4500000.0,2,Brøndby,Varmepumpe,/adresse/kirkeskellet-9-2605-broendby-01530346___9_______,110.0,Fibercement herunder asbest,3.0,https://www.boligsiden.dk/adresse/kirkeskellet-9-2605-broendby-01530346___9_______,Mursten,160.8,0,R1175
kirkeskellet-9-2605-broendby-01530346___9_______,Kirkeskellet 9,2605.0,Villa,Free Sale,02-11-2008,2700000.0,2,Brøndby,Varmepumpe,/adresse/kirkeskellet-9-2605-broendby-01530346___9_______,110.0,Fibercement herunder asbest,3.0,https://www.boligsiden.dk/adresse/kirkeskellet-9-2605-broendby-01530346___9_______,Mursten,160.8,0,R1176
taaregaardsvej-13-2750-ballerup-01510359__13_______,Tåregårdsvej 13,2750.0,Villa,Free Sale,06-03-2025,5450000.0,3,Ballerup,Centralvarme med én fyringsenhed,/adresse/taaregaardsvej-13-2750-ballerup-01510359__13_______,130.0,Tegl,6.0,https://www.boligsiden.dk/adresse/taaregaardsvej-13-2750-ballerup-01510359__13_______,Mursten,175.45,0,R1177
taaregaardsvej-13-2750-ballerup-01510359__13_______,Tåregårdsvej 13,2750.0,Villa,Free Sale,28-04-2022,4485000.0,3,Ballerup,Centralvarme med én fyringsenhed,/adresse/taaregaardsvej-13-2750-ballerup-01510359__13_______,130.0,Tegl,6.0,https://www.boligsiden.dk/adresse/taaregaardsvej-13-2750-ballerup-01510359__13_______,Mursten,175.45,0,R1178
taaregaardsvej-13-2750-ballerup-01510359__13_______,Tåregårdsvej 13,2750.0,Villa,Free Sale,02-08-2016,3220000.0,3,Ballerup,Centralvarme med én fyringsenhed,/adresse/taaregaardsvej-13-2750-ballerup-01510359__13_______,130.0,Tegl,6.0,https://www.boligsiden.dk/adresse/taaregaardsvej-13-2750-ballerup-01510359__13_______,Mursten,175.45,0,R1179
viemosebro-16-2610-roedovre-01750957__16_______,Viemosebro 16,2610.0,Villa,Free Sale,06-03-2025,4250000.0,3,Rødovre,Centralvarme med én fyringsenhed,/adresse/viemosebro-16-2610-roedovre-01750957__16_______,84.0,Fibercement herunder asbest,4.0,https://www.boligsiden.dk/adresse/viemosebro-16-2610-roedovre-01750957__16_______,Mursten,102.95,0,R1180
viemosebro-16-2610-roedovre-01750957__16_______,Viemosebro 16,2610.0,Villa,Free Sale,02-02-2003,1790979.0,3,Rødovre,Centralvarme med én fyringsenhed,/adresse/viemosebro-16-2610-roedovre-01750957__16_______,84.0,Fibercement herunder asbest,4.0,https://www.boligsiden.dk/adresse/viemosebro-16-2610-roedovre-01750957__16_______,Mursten,102.95,0,R1181
viemosebro-16-2610-roedovre-01750957__16_______,Viemosebro 16,2610.0,Villa,Free Sale,11-10-1998,1103430.0,3,Rødovre,Centralvarme med én fyringsenhed,/adresse/viemosebro-16-2610-roedovre-01750957__16_______,84.0,Fibercement herunder asbest,4.0,https://www.boligsiden.dk/adresse/viemosebro-16-2610-roedovre-01750957__16_______,Mursten,102.95,0,R1182
taarnvej-95b-0-95-2610-roedovre-01750897_95b_st__95,"Tårnvej 95B, st. 95.",2610.0,Ejerlejlighed,Free Sale,06-03-2025,1300000.0,3,Rødovre,Fjernvarme/blokvarme,/adresse/taarnvej-95b-0-95-2610-roedovre-01750897_95b_st__95,35.0,Tagpap med stor hældning,1.0,https://www.boligsiden.dk/adresse/taarnvej-95b-0-95-2610-roedovre-01750897_95b_st__95,Betonelementer,Ikke oplyst,0,R1183
taarnvej-95b-0-95-2610-roedovre-01750897_95b_st__95,"Tårnvej 95B, st. 95.",2610.0,Ejerlejlighed,Free Sale,01-10-2001,550650.0,3,Rødovre,Fjernvarme/blokvarme,/adresse/taarnvej-95b-0-95-2610-roedovre-01750897_95b_st__95,35.0,Tagpap med stor hældning,1.0,https://www.boligsiden.dk/adresse/taarnvej-95b-0-95-2610-roedovre-01750897_95b_st__95,Betonelementer,Ikke oplyst,0,R1184
taarnvej-95b-0-95-2610-roedovre-01750897_95b_st__95,"Tårnvej 95B, st. 95.",2610.0,Ejerlejlighed,Free Sale,14-06-1995,174000.0,3,Rødovre,Fjernvarme/blokvarme,/adresse/taarnvej-95b-0-95-2610-roedovre-01750897_95b_st__95,35.0,Tagpap med stor hældning,1.0,https://www.boligsiden.dk/adresse/taarnvej-95b-0-95-2610-roedovre-01750897_95b_st__95,Betonelementer,Ikke oplyst,0,R1185
skanderupvej-18-0-tv-2610-roedovre-01750740__18_st__tv,"Skanderupvej 18, st. tv.",2610.0,Ejerlejlighed,Free Sale,06-03-2025,2650000.0,1,Rødovre,Fjernvarme/blokvarme,/adresse/skanderupvej-18-0-tv-2610-roedovre-01750740__18_st__tv,80.0,Tagpap med stor hældning,2.0,https://www.boligsiden.dk/adresse/skanderupvej-18-0-tv-2610-roedovre-01750740__18_st__tv,Betonelementer,Ikke oplyst,0,R1186
kanaltorvet-8-2-23-2620-albertslund-01650257___8__2__23,"Kanaltorvet 8, 2. 23.",2620.0,Ejerlejlighed,Free Sale,06-03-2025,1230000.0,3,Albertslund,Fjernvarme/blokvarme,/adresse/kanaltorvet-8-2-23-2620-albertslund-01650257___8__2__23,59.0,Tagpap med lille hældning,1.0,https://www.boligsiden.dk/adresse/kanaltorvet-8-2-23-2620-albertslund-01650257___8__2__23,Betonelementer,Ikke oplyst,0,R1187
kanaltorvet-8-2-23-2620-albertslund-01650257___8__2__23,"Kanaltorvet 8, 2. 23.",2620.0,Ejerlejlighed,Free Sale,14-06-2015,645000.0,3,Albertslund,Fjernvarme/blokvarme,/adresse/kanaltorvet-8-2-23-2620-albertslund-01650257___8__2__23,59.0,Tagpap med lille hældning,1.0,https://www.boligsiden.dk/adresse/kanaltorvet-8-2-23-2620-albertslund-01650257___8__2__23,Betonelementer,Ikke oplyst,0,R1188
kanaltorvet-8-2-23-2620-albertslund-01650257___8__2__23,"Kanaltorvet 8, 2. 23.",2620.0,Ejerlejlighed,Free Sale,19-11-2009,600000.0,3,Albertslund,Fjernvarme/blokvarme,/adresse/kanaltorvet-8-2-23-2620-albertslund-01650257___8__2__23,59.0,Tagpap med lille hældning,1.0,https://www.boligsiden.dk/adresse/kanaltorvet-8-2-23-2620-albertslund-01650257___8__2__23,Betonelementer,Ikke oplyst,0,R1189
fyrrehusene-52-2600-glostrup-01650111__52_______,Fyrrehusene 52,2600.0,Rækkehus,Free Sale,06-03-2025,3000000.0,3,Glostrup,Fjernvarme/blokvarme,/adresse/fyrrehusene-52-2600-glostrup-01650111__52_______,110.0,Tagpap med lille hældning,4.0,https://www.boligsiden.dk/adresse/fyrrehusene-52-2600-glostrup-01650111__52_______,Betonelementer,133.75,0,R1190
fyrrehusene-52-2600-glostrup-01650111__52_______,Fyrrehusene 52,2600.0,Rækkehus,Free Sale,26-09-1997,1020000.0,3,Glostrup,Fjernvarme/blokvarme,/adresse/fyrrehusene-52-2600-glostrup-01650111__52_______,110.0,Tagpap med lille hældning,4.0,https://www.boligsiden.dk/adresse/fyrrehusene-52-2600-glostrup-01650111__52_______,Betonelementer,133.75,0,R1191
fyrrehusene-52-2600-glostrup-01650111__52_______,Fyrrehusene 52,2600.0,Rækkehus,Free Sale,29-02-1992,775000.0,3,Glostrup,Fjernvarme/blokvarme,/adresse/fyrrehusene-52-2600-glostrup-01650111__52_______,110.0,Tagpap med lille hældning,4.0,https://www.boligsiden.dk/adresse/fyrrehusene-52-2600-glostrup-01650111__52_______,Betonelementer,133.75,0,R1192
sandkrogen-19-2800-kongens-lyngby-01590729__19_______,Sandkrogen 19,2800.0,Rækkehus,Free Sale,06-03-2025,5400000.0,1,Kongens Lyngby,Centralvarme med én fyringsenhed,/adresse/sandkrogen-19-2800-kongens-lyngby-01590729__19_______,92.0,Tegl,4.0,https://www.boligsiden.dk/adresse/sandkrogen-19-2800-kongens-lyngby-01590729__19_______,Mursten,110.4,0,R1193
vangede-bygade-64-2-tv-2820-gentofte-01570903__64__2__tv,"Vangede Bygade 64, 2. tv.",2820.0,Ejerlejlighed,Free Sale,06-03-2025,1995000.0,2,Gentofte,Fjernvarme/blokvarme,/adresse/vangede-bygade-64-2-tv-2820-gentofte-01570903__64__2__tv,51.0,Tagpap med stor hældning,2.0,https://www.boligsiden.dk/adresse/vangede-bygade-64-2-tv-2820-gentofte-01570903__64__2__tv,Mursten,Ikke oplyst,0,R1194
vangede-bygade-64-2-tv-2820-gentofte-01570903__64__2__tv,"Vangede Bygade 64, 2. tv.",2820.0,Ejerlejlighed,Free Sale,31-10-2022,1300000.0,2,Gentofte,Fjernvarme/blokvarme,/adresse/vangede-bygade-64-2-tv-2820-gentofte-01570903__64__2__tv,51.0,Tagpap med stor hældning,2.0,https://www.boligsiden.dk/adresse/vangede-bygade-64-2-tv-2820-gentofte-01570903__64__2__tv,Mursten,Ikke oplyst,0,R1195
marievej-35-2740-skovlunde-01510629__35_______,Marievej 35,2740.0,Villa,Free Sale,06-03-2025,943750.0,3,Skovlunde,Ikke oplyst,/adresse/marievej-35-2740-skovlunde-01510629__35_______,88.0,Ikke oplyst,0.0,https://www.boligsiden.dk/adresse/marievej-35-2740-skovlunde-01510629__35_______,Ikke oplyst,Ikke oplyst,0,R1196
marievej-35-2740-skovlunde-01510629__35_______,Marievej 35,2740.0,Villa,Free Sale,23-02-2024,3775000.0,3,Skovlunde,Ikke oplyst,/adresse/marievej-35-2740-skovlunde-01510629__35_______,88.0,Ikke oplyst,0.0,https://www.boligsiden.dk/adresse/marievej-35-2740-skovlunde-01510629__35_______,Ikke oplyst,Ikke oplyst,0,R1197
marievej-35-2740-skovlunde-01510629__35_______,Marievej 35,2740.0,Villa,Free Sale,11-03-2003,1625000.0,3,Skovlunde,Ikke oplyst,/adresse/marievej-35-2740-skovlunde-01510629__35_______,88.0,Ikke oplyst,0.0,https://www.boligsiden.dk/adresse/marievej-35-2740-skovlunde-01510629__35_______,Ikke oplyst,Ikke oplyst,0,R1198
albertslundvej-85-2-tv-2625-vallensbaek-01870106__85__2__tv,"Albertslundvej 85, 2. tv.",2625.0,Ejerlejlighed,Free Sale,06-03-2025,1700000.0,2,Vallensbæk,Fjernvarme/blokvarme,/adresse/albertslundvej-85-2-tv-2625-vallensbaek-01870106__85__2__tv,104.0,Tagpap med lille hældning,4.0,https://www.boligsiden.dk/adresse/albertslundvej-85-2-tv-2625-vallensbaek-01870106__85__2__tv,Mursten,Ikke oplyst,0,R1199
albertslundvej-85-2-tv-2625-vallensbaek-01870106__85__2__tv,"Albertslundvej 85, 2. tv.",2625.0,Ejerlejlighed,Free Sale,25-10-1993,466130.0,2,Vallensbæk,Fjernvarme/blokvarme,/adresse/albertslundvej-85-2-tv-2625-vallensbaek-01870106__85__2__tv,104.0,Tagpap med lille hældning,4.0,https://www.boligsiden.dk/adresse/albertslundvej-85-2-tv-2625-vallensbaek-01870106__85__2__tv,Mursten,Ikke oplyst,0,R1200
kloeverprisvej-22-2650-hvidovre-01674809__22_______,Kløverprisvej 22,2650.0,Villa,Free Sale,06-03-2025,4600000.0,2,Hvidovre,Fjernvarme/blokvarme,/adresse/kloeverprisvej-22-2650-hvidovre-01674809__22_______,100.0,Fibercement herunder asbest,4.0,https://www.boligsiden.dk/adresse/kloeverprisvej-22-2650-hvidovre-01674809__22_______,Mursten,102.1,0,R1201
kloeverprisvej-22-2650-hvidovre-01674809__22_______,Kløverprisvej 22,2650.0,Villa,Free Sale,30-03-2001,1430802.0,2,Hvidovre,Fjernvarme/blokvarme,/adresse/kloeverprisvej-22-2650-hvidovre-01674809__22_______,100.0,Fibercement herunder asbest,4.0,https://www.boligsiden.dk/adresse/kloeverprisvej-22-2650-hvidovre-01674809__22_______,Mursten,102.1,0,R1202
gammel-bagsvaerdvej-40-2800-kongens-lyngby-01730273__40_______,Gammel Bagsværdvej 40,2800.0,Villa,Free Sale,06-03-2025,8750000.0,2,Kongens Lyngby,Varmepumpe,/adresse/gammel-bagsvaerdvej-40-2800-kongens-lyngby-01730273__40_______,126.0,Tagpap med stor hældning,3.0,https://www.boligsiden.dk/adresse/gammel-bagsvaerdvej-40-2800-kongens-lyngby-01730273__40_______,Mursten,154.1,0,R1203
gammel-bagsvaerdvej-40-2800-kongens-lyngby-01730273__40_______,Gammel Bagsværdvej 40,2800.0,Villa,Free Sale,08-11-1999,2533385.0,2,Kongens Lyngby,Varmepumpe,/adresse/gammel-bagsvaerdvej-40-2800-kongens-lyngby-01730273__40_______,126.0,Tagpap med stor hældning,3.0,https://www.boligsiden.dk/adresse/gammel-bagsvaerdvej-40-2800-kongens-lyngby-01730273__40_______,Mursten,154.1,0,R1204
egebjergtoften-4-2750-ballerup-01510410___4_______,Egebjergtoften 4,2750.0,Rækkehus,Free Sale,06-03-2025,2500000.0,3,Ballerup,Centralvarme med én fyringsenhed,/adresse/egebjergtoften-4-2750-ballerup-01510410___4_______,72.0,Betontagsten,3.0,https://www.boligsiden.dk/adresse/egebjergtoften-4-2750-ballerup-01510410___4_______,Andet materiale,72,0,R1205
egebjergtoften-4-2750-ballerup-01510410___4_______,Egebjergtoften 4,2750.0,Rækkehus,Free Sale,16-07-2009,1375000.0,3,Ballerup,Centralvarme med én fyringsenhed,/adresse/egebjergtoften-4-2750-ballerup-01510410___4_______,72.0,Betontagsten,3.0,https://www.boligsiden.dk/adresse/egebjergtoften-4-2750-ballerup-01510410___4_______,Andet materiale,72,0,R1206
egebjergtoften-4-2750-ballerup-01510410___4_______,Egebjergtoften 4,2750.0,Rækkehus,Free Sale,01-03-2004,1215000.0,3,Ballerup,Centralvarme med én fyringsenhed,/adresse/egebjergtoften-4-2750-ballerup-01510410___4_______,72.0,Betontagsten,3.0,https://www.boligsiden.dk/adresse/egebjergtoften-4-2750-ballerup-01510410___4_______,Andet materiale,72,0,R1207
strandvejen-232-2920-charlottenlund-01570802_232_______,,,Villa,Free Sale,05-03-2025,20000000.0,3,,,,,,,,,,0,R1208
strandvejen-232-2920-charlottenlund-01570802_232_______,,,Villa,Free Sale,25-05-2009,6600000.0,3,,,,,,,,,,0,R1209
strandvejen-232-2920-charlottenlund-01570802_232_______,,,Villa,Free Sale,19-03-2000,4800000.0,3,,,,,,,,,,0,R1210
vejlebrovej-122-3-2-2635-ishoej-01830850_122__3___2,"Vejlebrovej 122, 3. 2.",2635.0,Ejerlejlighed,Free Sale,05-03-2025,1050000.0,3,Ishøj,Fjernvarme/blokvarme,/adresse/vejlebrovej-122-3-2-2635-ishoej-01830850_122__3___2,44.0,Tagpap med lille hældning,1.0,https://www.boligsiden.dk/adresse/vejlebrovej-122-3-2-2635-ishoej-01830850_122__3___2,Betonelementer,Ikke oplyst,0,R1211
vejlebrovej-122-3-2-2635-ishoej-01830850_122__3___2,"Vejlebrovej 122, 3. 2.",2635.0,Ejerlejlighed,Family Sale,10-09-2006,178333.0,3,Ishøj,Fjernvarme/blokvarme,/adresse/vejlebrovej-122-3-2-2635-ishoej-01830850_122__3___2,44.0,Tagpap med lille hældning,1.0,https://www.boligsiden.dk/adresse/vejlebrovej-122-3-2-2635-ishoej-01830850_122__3___2,Betonelementer,Ikke oplyst,0,R1212
vejlebrovej-122-3-2-2635-ishoej-01830850_122__3___2,"Vejlebrovej 122, 3. 2.",2635.0,Ejerlejlighed,Free Sale,19-05-2004,680825.0,3,Ishøj,Fjernvarme/blokvarme,/adresse/vejlebrovej-122-3-2-2635-ishoej-01830850_122__3___2,44.0,Tagpap med lille hældning,1.0,https://www.boligsiden.dk/adresse/vejlebrovej-122-3-2-2635-ishoej-01830850_122__3___2,Betonelementer,Ikke oplyst,0,R1213
vangede-bygade-48-2-3-2820-gentofte-01570903__48__2___3,"Vangede Bygade 48, 2. 3.",2820.0,Ejerlejlighed,Family Sale,05-03-2025,1615000.0,3,Gentofte,Fjernvarme/blokvarme,/adresse/vangede-bygade-48-2-3-2820-gentofte-01570903__48__2___3,52.0,Tagpap med stor hældning,2.0,https://www.boligsiden.dk/adresse/vangede-bygade-48-2-3-2820-gentofte-01570903__48__2___3,Mursten,Ikke oplyst,0,R1214
vangede-bygade-48-2-3-2820-gentofte-01570903__48__2___3,"Vangede Bygade 48, 2. 3.",2820.0,Ejerlejlighed,Free Sale,20-03-2018,1615000.0,3,Gentofte,Fjernvarme/blokvarme,/adresse/vangede-bygade-48-2-3-2820-gentofte-01570903__48__2___3,52.0,Tagpap med stor hældning,2.0,https://www.boligsiden.dk/adresse/vangede-bygade-48-2-3-2820-gentofte-01570903__48__2___3,Mursten,Ikke oplyst,0,R1215
vangede-bygade-48-2-3-2820-gentofte-01570903__48__2___3,"Vangede Bygade 48, 2. 3.",2820.0,Ejerlejlighed,Free Sale,07-01-2014,975000.0,3,Gentofte,Fjernvarme/blokvarme,/adresse/vangede-bygade-48-2-3-2820-gentofte-01570903__48__2___3,52.0,Tagpap med stor hældning,2.0,https://www.boligsiden.dk/adresse/vangede-bygade-48-2-3-2820-gentofte-01570903__48__2___3,Mursten,Ikke oplyst,0,R1216
vadgaardsvej-2-2-4-2860-soeborg-01590927___2__2___4,"Vadgårdsvej 2, 2. 4.",2860.0,Ejerlejlighed,Free Sale,05-03-2025,1995000.0,3,Søborg,Fjernvarme/blokvarme,/adresse/vadgaardsvej-2-2-4-2860-soeborg-01590927___2__2___4,56.0,Tagpap med stor hældning,3.0,https://www.boligsiden.dk/adresse/vadgaardsvej-2-2-4-2860-soeborg-01590927___2__2___4,Mursten,Ikke oplyst,0,R1217
vadgaardsvej-2-2-4-2860-soeborg-01590927___2__2___4,"Vadgårdsvej 2, 2. 4.",2860.0,Ejerlejlighed,Free Sale,30-09-2018,1650000.0,3,Søborg,Fjernvarme/blokvarme,/adresse/vadgaardsvej-2-2-4-2860-soeborg-01590927___2__2___4,56.0,Tagpap med stor hældning,3.0,https://www.boligsiden.dk/adresse/vadgaardsvej-2-2-4-2860-soeborg-01590927___2__2___4,Mursten,Ikke oplyst,0,R1218
vadgaardsvej-2-2-4-2860-soeborg-01590927___2__2___4,"Vadgårdsvej 2, 2. 4.",2860.0,Ejerlejlighed,Free Sale,07-07-2015,1150000.0,3,Søborg,Fjernvarme/blokvarme,/adresse/vadgaardsvej-2-2-4-2860-soeborg-01590927___2__2___4,56.0,Tagpap med stor hældning,3.0,https://www.boligsiden.dk/adresse/vadgaardsvej-2-2-4-2860-soeborg-01590927___2__2___4,Mursten,Ikke oplyst,0,R1219
hermelinvaenget-34-2880-bagsvaerd-01590305__34_______,Hermelinvænget 34,2880.0,Villa,Free Sale,05-03-2025,5700000.0,2,Bagsværd,Centralvarme med én fyringsenhed,/adresse/hermelinvaenget-34-2880-bagsvaerd-01590305__34_______,106.0,Tegl,4.0,https://www.boligsiden.dk/adresse/hermelinvaenget-34-2880-bagsvaerd-01590305__34_______,Mursten,130.65,0,R1220
hermelinvaenget-34-2880-bagsvaerd-01590305__34_______,Hermelinvænget 34,2880.0,Villa,Free Sale,25-09-1995,980000.0,2,Bagsværd,Centralvarme med én fyringsenhed,/adresse/hermelinvaenget-34-2880-bagsvaerd-01590305__34_______,106.0,Tegl,4.0,https://www.boligsiden.dk/adresse/hermelinvaenget-34-2880-bagsvaerd-01590305__34_______,Mursten,130.65,0,R1221
gammel-koege-landevej-237-2-2-2650-hvidovre-01672807_237__2___2,"Gammel Køge Landevej 237, 2. 2.",2650.0,Ejerlejlighed,Free Sale,05-03-2025,2400000.0,3,Hvidovre,Fjernvarme/blokvarme,/adresse/gammel-koege-landevej-237-2-2-2650-hvidovre-01672807_237__2___2,70.0,Fibercement uden asbest,3.0,https://www.boligsiden.dk/adresse/gammel-koege-landevej-237-2-2-2650-hvidovre-01672807_237__2___2,Mursten,Ikke oplyst,0,R1222
gammel-koege-landevej-237-2-2-2650-hvidovre-01672807_237__2___2,"Gammel Køge Landevej 237, 2. 2.",2650.0,Ejerlejlighed,Free Sale,25-07-2012,830000.0,3,Hvidovre,Fjernvarme/blokvarme,/adresse/gammel-koege-landevej-237-2-2-2650-hvidovre-01672807_237__2___2,70.0,Fibercement uden asbest,3.0,https://www.boligsiden.dk/adresse/gammel-koege-landevej-237-2-2-2650-hvidovre-01672807_237__2___2,Mursten,Ikke oplyst,0,R1223
gammel-koege-landevej-237-2-2-2650-hvidovre-01672807_237__2___2,"Gammel Køge Landevej 237, 2. 2.",2650.0,Ejerlejlighed,Free Sale,23-10-2009,800000.0,3,Hvidovre,Fjernvarme/blokvarme,/adresse/gammel-koege-landevej-237-2-2-2650-hvidovre-01672807_237__2___2,70.0,Fibercement uden asbest,3.0,https://www.boligsiden.dk/adresse/gammel-koege-landevej-237-2-2-2650-hvidovre-01672807_237__2___2,Mursten,Ikke oplyst,0,R1224
gammel-koege-landevej-268-1-c-2650-hvidovre-01672807_268__1___c,"Gammel Køge Landevej 268, 1. c.",2650.0,Ejerlejlighed,Free Sale,05-03-2025,1650000.0,3,Hvidovre,Fjernvarme/blokvarme,/adresse/gammel-koege-landevej-268-1-c-2650-hvidovre-01672807_268__1___c,52.0,Fibercement herunder asbest,2.0,https://www.boligsiden.dk/adresse/gammel-koege-landevej-268-1-c-2650-hvidovre-01672807_268__1___c,Mursten,Ikke oplyst,0,R1225
gammel-koege-landevej-268-1-c-2650-hvidovre-01672807_268__1___c,"Gammel Køge Landevej 268, 1. c.",2650.0,Ejerlejlighed,Free Sale,07-02-2020,1500000.0,3,Hvidovre,Fjernvarme/blokvarme,/adresse/gammel-koege-landevej-268-1-c-2650-hvidovre-01672807_268__1___c,52.0,Fibercement herunder asbest,2.0,https://www.boligsiden.dk/adresse/gammel-koege-landevej-268-1-c-2650-hvidovre-01672807_268__1___c,Mursten,Ikke oplyst,0,R1226
gammel-koege-landevej-268-1-c-2650-hvidovre-01672807_268__1___c,"Gammel Køge Landevej 268, 1. c.",2650.0,Ejerlejlighed,Free Sale,17-05-2017,1225000.0,3,Hvidovre,Fjernvarme/blokvarme,/adresse/gammel-koege-landevej-268-1-c-2650-hvidovre-01672807_268__1___c,52.0,Fibercement herunder asbest,2.0,https://www.boligsiden.dk/adresse/gammel-koege-landevej-268-1-c-2650-hvidovre-01672807_268__1___c,Mursten,Ikke oplyst,0,R1227
rebaek-soepark-3-2-220-2650-hvidovre-01676690___3__2_220,"Rebæk Søpark 3, 2. 220.",2650.0,Ejerlejlighed,Free Sale,05-03-2025,1625000.0,2,Hvidovre,Fjernvarme/blokvarme,/adresse/rebaek-soepark-3-2-220-2650-hvidovre-01676690___3__2_220,61.0,Tagpap med stor hældning,2.0,https://www.boligsiden.dk/adresse/rebaek-soepark-3-2-220-2650-hvidovre-01676690___3__2_220,Letbetonsten,Ikke oplyst,0,R1228
rebaek-soepark-3-2-220-2650-hvidovre-01676690___3__2_220,"Rebæk Søpark 3, 2. 220.",2650.0,Ejerlejlighed,Free Sale,27-01-2017,1175000.0,2,Hvidovre,Fjernvarme/blokvarme,/adresse/rebaek-soepark-3-2-220-2650-hvidovre-01676690___3__2_220,61.0,Tagpap med stor hældning,2.0,https://www.boligsiden.dk/adresse/rebaek-soepark-3-2-220-2650-hvidovre-01676690___3__2_220,Letbetonsten,Ikke oplyst,0,R1229
bondehavevej-80-2880-bagsvaerd-01590069__80_______,Bondehavevej 80,2880.0,Rækkehus,Free Sale,05-03-2025,4500000.0,2,Bagsværd,Centralvarme med én fyringsenhed,/adresse/bondehavevej-80-2880-bagsvaerd-01590069__80_______,88.0,Fibercement herunder asbest,3.0,https://www.boligsiden.dk/adresse/bondehavevej-80-2880-bagsvaerd-01590069__80_______,Mursten,106.35,0,R1230
bondehavevej-80-2880-bagsvaerd-01590069__80_______,Bondehavevej 80,2880.0,Rækkehus,Free Sale,07-10-1997,370517.0,2,Bagsværd,Centralvarme med én fyringsenhed,/adresse/bondehavevej-80-2880-bagsvaerd-01590069__80_______,88.0,Fibercement herunder asbest,3.0,https://www.boligsiden.dk/adresse/bondehavevej-80-2880-bagsvaerd-01590069__80_______,Mursten,106.35,0,R1231
bagsvaerd-hovedgade-30a-2880-bagsvaerd-01590039_30a_______,Bagsværd Hovedgade 30A,2880.0,Rækkehus,Free Sale,05-03-2025,5200000.0,3,Bagsværd,Fjernvarme/blokvarme,/adresse/bagsvaerd-hovedgade-30a-2880-bagsvaerd-01590039_30a_______,105.0,Tegl,3.0,https://www.boligsiden.dk/adresse/bagsvaerd-hovedgade-30a-2880-bagsvaerd-01590039_30a_______,Mursten,121.7,0,R1232
bagsvaerd-hovedgade-30a-2880-bagsvaerd-01590039_30a_______,Bagsværd Hovedgade 30A,2880.0,Rækkehus,Free Sale,01-05-2020,2905000.0,3,Bagsværd,Fjernvarme/blokvarme,/adresse/bagsvaerd-hovedgade-30a-2880-bagsvaerd-01590039_30a_______,105.0,Tegl,3.0,https://www.boligsiden.dk/adresse/bagsvaerd-hovedgade-30a-2880-bagsvaerd-01590039_30a_______,Mursten,121.7,0,R1233
bagsvaerd-hovedgade-30a-2880-bagsvaerd-01590039_30a_______,Bagsværd Hovedgade 30A,2880.0,Rækkehus,Free Sale,26-04-2016,2800000.0,3,Bagsværd,Fjernvarme/blokvarme,/adresse/bagsvaerd-hovedgade-30a-2880-bagsvaerd-01590039_30a_______,105.0,Tegl,3.0,https://www.boligsiden.dk/adresse/bagsvaerd-hovedgade-30a-2880-bagsvaerd-01590039_30a_______,Mursten,121.7,0,R1234
ejbydalsvej-8-2600-glostrup-01610090___8_______,Ejbydalsvej 8,2600.0,Villa,Free Sale,05-03-2025,4650000.0,3,Glostrup,Centralvarme med én fyringsenhed,/adresse/ejbydalsvej-8-2600-glostrup-01610090___8_______,159.0,Tegl,4.0,https://www.boligsiden.dk/adresse/ejbydalsvej-8-2600-glostrup-01610090___8_______,Mursten,159,0,R1235
ejbydalsvej-8-2600-glostrup-01610090___8_______,Ejbydalsvej 8,2600.0,Villa,Free Sale,17-02-2017,3800000.0,3,Glostrup,Centralvarme med én fyringsenhed,/adresse/ejbydalsvej-8-2600-glostrup-01610090___8_______,159.0,Tegl,4.0,https://www.boligsiden.dk/adresse/ejbydalsvej-8-2600-glostrup-01610090___8_______,Mursten,159,0,R1236
ejbydalsvej-8-2600-glostrup-01610090___8_______,Ejbydalsvej 8,2600.0,Villa,Free Sale,03-09-2003,733290.0,3,Glostrup,Centralvarme med én fyringsenhed,/adresse/ejbydalsvej-8-2600-glostrup-01610090___8_______,159.0,Tegl,4.0,https://www.boligsiden.dk/adresse/ejbydalsvej-8-2600-glostrup-01610090___8_______,Mursten,159,0,R1237
vadbro-4-2-th-2860-soeborg-01590925___4__2__th,"Vadbro 4, 2. th.",2860.0,Ejerlejlighed,Free Sale,05-03-2025,2725000.0,3,Søborg,Centralvarme med én fyringsenhed,/adresse/vadbro-4-2-th-2860-soeborg-01590925___4__2__th,84.0,Metal,3.0,https://www.boligsiden.dk/adresse/vadbro-4-2-th-2860-soeborg-01590925___4__2__th,Mursten,Ikke oplyst,0,R1238
vadbro-4-2-th-2860-soeborg-01590925___4__2__th,"Vadbro 4, 2. th.",2860.0,Ejerlejlighed,Free Sale,18-11-2021,2600000.0,3,Søborg,Centralvarme med én fyringsenhed,/adresse/vadbro-4-2-th-2860-soeborg-01590925___4__2__th,84.0,Metal,3.0,https://www.boligsiden.dk/adresse/vadbro-4-2-th-2860-soeborg-01590925___4__2__th,Mursten,Ikke oplyst,0,R1239
vadbro-4-2-th-2860-soeborg-01590925___4__2__th,"Vadbro 4, 2. th.",2860.0,Ejerlejlighed,Free Sale,20-07-2017,2250000.0,3,Søborg,Centralvarme med én fyringsenhed,/adresse/vadbro-4-2-th-2860-soeborg-01590925___4__2__th,84.0,Metal,3.0,https://www.boligsiden.dk/adresse/vadbro-4-2-th-2860-soeborg-01590925___4__2__th,Mursten,Ikke oplyst,0,R1240
gladsaxevej-71-2-th-2860-soeborg-01590215__71__2__th,"Gladsaxevej 71, 2. th.",2860.0,Ejerlejlighed,Free Sale,05-03-2025,2150000.0,3,Søborg,Fjernvarme/blokvarme,/adresse/gladsaxevej-71-2-th-2860-soeborg-01590215__71__2__th,67.0,Tegl,3.0,https://www.boligsiden.dk/adresse/gladsaxevej-71-2-th-2860-soeborg-01590215__71__2__th,Mursten,Ikke oplyst,0,R1241
gladsaxevej-71-2-th-2860-soeborg-01590215__71__2__th,"Gladsaxevej 71, 2. th.",2860.0,Ejerlejlighed,Free Sale,18-08-2008,1350000.0,3,Søborg,Fjernvarme/blokvarme,/adresse/gladsaxevej-71-2-th-2860-soeborg-01590215__71__2__th,67.0,Tegl,3.0,https://www.boligsiden.dk/adresse/gladsaxevej-71-2-th-2860-soeborg-01590215__71__2__th,Mursten,Ikke oplyst,0,R1242
gladsaxevej-71-2-th-2860-soeborg-01590215__71__2__th,"Gladsaxevej 71, 2. th.",2860.0,Ejerlejlighed,Free Sale,24-09-2001,954000.0,3,Søborg,Fjernvarme/blokvarme,/adresse/gladsaxevej-71-2-th-2860-soeborg-01590215__71__2__th,67.0,Tegl,3.0,https://www.boligsiden.dk/adresse/gladsaxevej-71-2-th-2860-soeborg-01590215__71__2__th,Mursten,Ikke oplyst,0,R1243
kratvej-63-2760-maaloev-01510757__63_______,Kratvej 63,2760.0,Villa,Free Sale,05-03-2025,3750000.0,1,Måløv,Centralvarme med én fyringsenhed,/adresse/kratvej-63-2760-maaloev-01510757__63_______,137.0,Fibercement herunder asbest,4.0,https://www.boligsiden.dk/adresse/kratvej-63-2760-maaloev-01510757__63_______,Letbetonsten,145.75,0,R1244
agerbaekvej-18-2650-hvidovre-01670059__18_______,Agerbækvej 18,2650.0,Villa,Free Sale,05-03-2025,4125000.0,1,Hvidovre,Centralvarme med én fyringsenhed,/adresse/agerbaekvej-18-2650-hvidovre-01670059__18_______,145.0,Betontagsten,3.0,https://www.boligsiden.dk/adresse/agerbaekvej-18-2650-hvidovre-01670059__18_______,Mursten,144.7,0,R1245
sofielundsvej-20-0-th-2600-glostrup-01610427__20_st__th,"Sofielundsvej 20, st. th.",2600.0,Ejerlejlighed,Free Sale,05-03-2025,1975000.0,3,Glostrup,Fjernvarme/blokvarme,/adresse/sofielundsvej-20-0-th-2600-glostrup-01610427__20_st__th,57.0,Tegl,2.0,https://www.boligsiden.dk/adresse/sofielundsvej-20-0-th-2600-glostrup-01610427__20_st__th,Mursten,Ikke oplyst,0,R1246
sofielundsvej-20-0-th-2600-glostrup-01610427__20_st__th,"Sofielundsvej 20, st. th.",2600.0,Ejerlejlighed,Free Sale,04-09-2023,370000.0,3,Glostrup,Fjernvarme/blokvarme,/adresse/sofielundsvej-20-0-th-2600-glostrup-01610427__20_st__th,57.0,Tegl,2.0,https://www.boligsiden.dk/adresse/sofielundsvej-20-0-th-2600-glostrup-01610427__20_st__th,Mursten,Ikke oplyst,0,R1247
sofielundsvej-20-0-th-2600-glostrup-01610427__20_st__th,"Sofielundsvej 20, st. th.",2600.0,Ejerlejlighed,Free Sale,01-08-2022,2000000.0,3,Glostrup,Fjernvarme/blokvarme,/adresse/sofielundsvej-20-0-th-2600-glostrup-01610427__20_st__th,57.0,Tegl,2.0,https://www.boligsiden.dk/adresse/sofielundsvej-20-0-th-2600-glostrup-01610427__20_st__th,Mursten,Ikke oplyst,0,R1248
onsgaardsvej-35-1-2900-hellerup-01570611__35__1____,"Onsgårdsvej 35, 1.",2900.0,Ejerlejlighed,Free Sale,05-03-2025,15000000.0,3,Hellerup,Fjernvarme/blokvarme,/adresse/onsgaardsvej-35-1-2900-hellerup-01570611__35__1____,153.0,Tegl,5.0,https://www.boligsiden.dk/adresse/onsgaardsvej-35-1-2900-hellerup-01570611__35__1____,Mursten,Ikke oplyst,0,R1249
onsgaardsvej-35-1-2900-hellerup-01570611__35__1____,"Onsgårdsvej 35, 1.",2900.0,Ejerlejlighed,Free Sale,12-11-2020,10000000.0,3,Hellerup,Fjernvarme/blokvarme,/adresse/onsgaardsvej-35-1-2900-hellerup-01570611__35__1____,153.0,Tegl,5.0,https://www.boligsiden.dk/adresse/onsgaardsvej-35-1-2900-hellerup-01570611__35__1____,Mursten,Ikke oplyst,0,R1250
onsgaardsvej-35-1-2900-hellerup-01570611__35__1____,"Onsgårdsvej 35, 1.",2900.0,Ejerlejlighed,Free Sale,12-04-2002,4075077.0,3,Hellerup,Fjernvarme/blokvarme,/adresse/onsgaardsvej-35-1-2900-hellerup-01570611__35__1____,153.0,Tegl,5.0,https://www.boligsiden.dk/adresse/onsgaardsvej-35-1-2900-hellerup-01570611__35__1____,Mursten,Ikke oplyst,0,R1251
klosterdammen-19-2605-broendby-01530348__19_______,Klosterdammen 19,2605.0,Villa,Family Sale,05-03-2025,2900000.0,1,Brøndby,Fjernvarme/blokvarme,/adresse/klosterdammen-19-2605-broendby-01530348__19_______,115.0,Fibercement herunder asbest,5.0,https://www.boligsiden.dk/adresse/klosterdammen-19-2605-broendby-01530348__19_______,Mursten,117.1,0,R1252
agersoevej-29-2630-taastrup-01690006__29_______,Agersøvej 29,2630.0,Rækkehus,Free Sale,05-03-2025,4350000.0,2,Taastrup,Fjernvarme/blokvarme,/adresse/agersoevej-29-2630-taastrup-01690006__29_______,120.0,Tegl,4.0,https://www.boligsiden.dk/adresse/agersoevej-29-2630-taastrup-01690006__29_______,Mursten,120,0,R1253
agersoevej-29-2630-taastrup-01690006__29_______,Agersøvej 29,2630.0,Rækkehus,Free Sale,31-05-2019,3505000.0,2,Taastrup,Fjernvarme/blokvarme,/adresse/agersoevej-29-2630-taastrup-01690006__29_______,120.0,Tegl,4.0,https://www.boligsiden.dk/adresse/agersoevej-29-2630-taastrup-01690006__29_______,Mursten,120,0,R1254
vildtbaneparken-101-2635-ishoej-01830889_101_______,Vildtbaneparken 101,2635.0,Rækkehus,Free Sale,05-03-2025,3110000.0,3,Ishøj,Centralvarme med én fyringsenhed,/adresse/vildtbaneparken-101-2635-ishoej-01830889_101_______,132.0,Tagpap med lille hældning,4.0,https://www.boligsiden.dk/adresse/vildtbaneparken-101-2635-ishoej-01830889_101_______,Mursten,137,0,R1255
vildtbaneparken-101-2635-ishoej-01830889_101_______,Vildtbaneparken 101,2635.0,Rækkehus,Free Sale,18-02-2023,2850000.0,3,Ishøj,Centralvarme med én fyringsenhed,/adresse/vildtbaneparken-101-2635-ishoej-01830889_101_______,132.0,Tagpap med lille hældning,4.0,https://www.boligsiden.dk/adresse/vildtbaneparken-101-2635-ishoej-01830889_101_______,Mursten,137,0,R1256
vildtbaneparken-101-2635-ishoej-01830889_101_______,Vildtbaneparken 101,2635.0,Rækkehus,Free Sale,03-02-2021,2600000.0,3,Ishøj,Centralvarme med én fyringsenhed,/adresse/vildtbaneparken-101-2635-ishoej-01830889_101_______,132.0,Tagpap med lille hældning,4.0,https://www.boligsiden.dk/adresse/vildtbaneparken-101-2635-ishoej-01830889_101_______,Mursten,137,0,R1257
buddingevej-190-2-206-2860-soeborg-01590088_190__2_206,"Buddingevej 190, 2. 206.",2860.0,Ejerlejlighed,Family Sale,05-03-2025,1063200.0,2,Søborg,Fjernvarme/blokvarme,/adresse/buddingevej-190-2-206-2860-soeborg-01590088_190__2_206,45.0,Tagpap med lille hældning,2.0,https://www.boligsiden.dk/adresse/buddingevej-190-2-206-2860-soeborg-01590088_190__2_206,Mursten,Ikke oplyst,0,R1258
buddingevej-190-2-206-2860-soeborg-01590088_190__2_206,"Buddingevej 190, 2. 206.",2860.0,Ejerlejlighed,Free Sale,04-06-2021,1425000.0,2,Søborg,Fjernvarme/blokvarme,/adresse/buddingevej-190-2-206-2860-soeborg-01590088_190__2_206,45.0,Tagpap med lille hældning,2.0,https://www.boligsiden.dk/adresse/buddingevej-190-2-206-2860-soeborg-01590088_190__2_206,Mursten,Ikke oplyst,0,R1259
auroravej-32a-2610-roedovre-01750030_32a_______,Auroravej 32A,2610.0,Villa,Free Sale,05-03-2025,10500000.0,2,Rødovre,Centralvarme med én fyringsenhed,/adresse/auroravej-32a-2610-roedovre-01750030_32a_______,146.0,Tegl,5.0,https://www.boligsiden.dk/adresse/auroravej-32a-2610-roedovre-01750030_32a_______,Mursten,172.9,0,R1260
auroravej-32a-2610-roedovre-01750030_32a_______,Auroravej 32A,2610.0,Villa,Free Sale,19-03-2019,7000000.0,2,Rødovre,Centralvarme med én fyringsenhed,/adresse/auroravej-32a-2610-roedovre-01750030_32a_______,146.0,Tegl,5.0,https://www.boligsiden.dk/adresse/auroravej-32a-2610-roedovre-01750030_32a_______,Mursten,172.9,0,R1261
moelleaaparken-15-4-th-2800-kongens-lyngby-01730601__15__4__th,"Mølleåparken 15, 4. th.",2800.0,Ejerlejlighed,Free Sale,05-03-2025,4050000.0,3,Kongens Lyngby,Fjernvarme/blokvarme,/adresse/moelleaaparken-15-4-th-2800-kongens-lyngby-01730601__15__4__th,90.0,Tagpap med lille hældning,3.0,https://www.boligsiden.dk/adresse/moelleaaparken-15-4-th-2800-kongens-lyngby-01730601__15__4__th,Mursten,Ikke oplyst,0,R1262
moelleaaparken-15-4-th-2800-kongens-lyngby-01730601__15__4__th,"Mølleåparken 15, 4. th.",2800.0,Ejerlejlighed,Free Sale,12-11-2015,2910000.0,3,Kongens Lyngby,Fjernvarme/blokvarme,/adresse/moelleaaparken-15-4-th-2800-kongens-lyngby-01730601__15__4__th,90.0,Tagpap med lille hældning,3.0,https://www.boligsiden.dk/adresse/moelleaaparken-15-4-th-2800-kongens-lyngby-01730601__15__4__th,Mursten,Ikke oplyst,0,R1263
moelleaaparken-15-4-th-2800-kongens-lyngby-01730601__15__4__th,"Mølleåparken 15, 4. th.",2800.0,Ejerlejlighed,Free Sale,14-03-2008,2885000.0,3,Kongens Lyngby,Fjernvarme/blokvarme,/adresse/moelleaaparken-15-4-th-2800-kongens-lyngby-01730601__15__4__th,90.0,Tagpap med lille hældning,3.0,https://www.boligsiden.dk/adresse/moelleaaparken-15-4-th-2800-kongens-lyngby-01730601__15__4__th,Mursten,Ikke oplyst,0,R1264
ejbydalsvej-3-2600-glostrup-01610090___3_______,Ejbydalsvej 3,2600.0,Villa,Free Sale,04-03-2025,4495000.0,1,Glostrup,Centralvarme med én fyringsenhed,/adresse/ejbydalsvej-3-2600-glostrup-01610090___3_______,161.0,Fibercement herunder asbest,6.0,https://www.boligsiden.dk/adresse/ejbydalsvej-3-2600-glostrup-01610090___3_______,Mursten,165.35,0,R1265
klintemarken-20-2860-soeborg-01590425__20_______,Klintemarken 20,2860.0,Villa,Free Sale,04-03-2025,4220000.0,1,Søborg,Centralvarme med én fyringsenhed,/adresse/klintemarken-20-2860-soeborg-01590425__20_______,119.0,Tagpap med stor hældning,4.0,https://www.boligsiden.dk/adresse/klintemarken-20-2860-soeborg-01590425__20_______,Mursten,121,0,R1266
ulrikkenborg-alle-26-1-th-2800-kongens-lyngby-01730831__26__1__th,"Ulrikkenborg Alle 26, 1. th.",2800.0,Ejerlejlighed,Free Sale,04-03-2025,2300000.0,3,Kongens Lyngby,Fjernvarme/blokvarme,/adresse/ulrikkenborg-alle-26-1-th-2800-kongens-lyngby-01730831__26__1__th,54.0,Tegl,2.0,https://www.boligsiden.dk/adresse/ulrikkenborg-alle-26-1-th-2800-kongens-lyngby-01730831__26__1__th,Mursten,Ikke oplyst,0,R1267
ulrikkenborg-alle-26-1-th-2800-kongens-lyngby-01730831__26__1__th,"Ulrikkenborg Alle 26, 1. th.",2800.0,Ejerlejlighed,Free Sale,05-05-2014,1150000.0,3,Kongens Lyngby,Fjernvarme/blokvarme,/adresse/ulrikkenborg-alle-26-1-th-2800-kongens-lyngby-01730831__26__1__th,54.0,Tegl,2.0,https://www.boligsiden.dk/adresse/ulrikkenborg-alle-26-1-th-2800-kongens-lyngby-01730831__26__1__th,Mursten,Ikke oplyst,0,R1268
ulrikkenborg-alle-26-1-th-2800-kongens-lyngby-01730831__26__1__th,"Ulrikkenborg Alle 26, 1. th.",2800.0,Ejerlejlighed,Free Sale,16-06-2010,1095000.0,3,Kongens Lyngby,Fjernvarme/blokvarme,/adresse/ulrikkenborg-alle-26-1-th-2800-kongens-lyngby-01730831__26__1__th,54.0,Tegl,2.0,https://www.boligsiden.dk/adresse/ulrikkenborg-alle-26-1-th-2800-kongens-lyngby-01730831__26__1__th,Mursten,Ikke oplyst,0,R1269
roedovre-parkvej-179-1-th-2610-roedovre-01750702_179__1__th,"Rødovre Parkvej 179, 1. th.",2610.0,Ejerlejlighed,Free Sale,04-03-2025,2325000.0,2,Rødovre,Fjernvarme/blokvarme,/adresse/roedovre-parkvej-179-1-th-2610-roedovre-01750702_179__1__th,76.0,Tagpap med stor hældning,3.0,https://www.boligsiden.dk/adresse/roedovre-parkvej-179-1-th-2610-roedovre-01750702_179__1__th,Mursten,Ikke oplyst,0,R1270
roedovre-parkvej-179-1-th-2610-roedovre-01750702_179__1__th,"Rødovre Parkvej 179, 1. th.",2610.0,Ejerlejlighed,Free Sale,01-05-2019,1900000.0,2,Rødovre,Fjernvarme/blokvarme,/adresse/roedovre-parkvej-179-1-th-2610-roedovre-01750702_179__1__th,76.0,Tagpap med stor hældning,3.0,https://www.boligsiden.dk/adresse/roedovre-parkvej-179-1-th-2610-roedovre-01750702_179__1__th,Mursten,Ikke oplyst,0,R1271
dalsvinget-9-2900-hellerup-01570135___9_______,Dalsvinget 9,2900.0,Villa,Free Sale,04-03-2025,8000000.0,1,Hellerup,Fjernvarme/blokvarme,/adresse/dalsvinget-9-2900-hellerup-01570135___9_______,158.0,Tagpap med stor hældning,5.0,https://www.boligsiden.dk/adresse/dalsvinget-9-2900-hellerup-01570135___9_______,Mursten,202.9,0,R1272
vejporten-97-2800-kongens-lyngby-01730847__97_______,Vejporten 97,2800.0,Villa,Free Sale,04-03-2025,7900000.0,2,Kongens Lyngby,Centralvarme med én fyringsenhed,/adresse/vejporten-97-2800-kongens-lyngby-01730847__97_______,167.0,Betontagsten,6.0,https://www.boligsiden.dk/adresse/vejporten-97-2800-kongens-lyngby-01730847__97_______,Mursten,210.55,0,R1273
vejporten-97-2800-kongens-lyngby-01730847__97_______,Vejporten 97,2800.0,Villa,Family Sale,04-05-1992,900000.0,2,Kongens Lyngby,Centralvarme med én fyringsenhed,/adresse/vejporten-97-2800-kongens-lyngby-01730847__97_______,167.0,Betontagsten,6.0,https://www.boligsiden.dk/adresse/vejporten-97-2800-kongens-lyngby-01730847__97_______,Mursten,210.55,0,R1274
cedervaenget-41-1-th-2830-virum-01730143__41__1__th,"Cedervænget 41, 1. th.",2830.0,Ejerlejlighed,Free Sale,04-03-2025,3450000.0,3,Virum,Centralvarme med én fyringsenhed,/adresse/cedervaenget-41-1-th-2830-virum-01730143__41__1__th,85.0,Tagpap med stor hældning,4.0,https://www.boligsiden.dk/adresse/cedervaenget-41-1-th-2830-virum-01730143__41__1__th,Mursten,Ikke oplyst,0,R1275
cedervaenget-41-1-th-2830-virum-01730143__41__1__th,"Cedervænget 41, 1. th.",2830.0,Ejerlejlighed,Free Sale,22-09-2019,2859000.0,3,Virum,Centralvarme med én fyringsenhed,/adresse/cedervaenget-41-1-th-2830-virum-01730143__41__1__th,85.0,Tagpap med stor hældning,4.0,https://www.boligsiden.dk/adresse/cedervaenget-41-1-th-2830-virum-01730143__41__1__th,Mursten,Ikke oplyst,0,R1276
cedervaenget-41-1-th-2830-virum-01730143__41__1__th,"Cedervænget 41, 1. th.",2830.0,Ejerlejlighed,Free Sale,26-07-2017,2650000.0,3,Virum,Centralvarme med én fyringsenhed,/adresse/cedervaenget-41-1-th-2830-virum-01730143__41__1__th,85.0,Tagpap med stor hældning,4.0,https://www.boligsiden.dk/adresse/cedervaenget-41-1-th-2830-virum-01730143__41__1__th,Mursten,Ikke oplyst,0,R1277
tvaerbommen-41-1-th-2820-gentofte-01570895__41__1__th,"Tværbommen 41, 1. th.",2820.0,Ejerlejlighed,Free Sale,04-03-2025,2750000.0,3,Gentofte,Fjernvarme/blokvarme,/adresse/tvaerbommen-41-1-th-2820-gentofte-01570895__41__1__th,67.0,Tegl,3.0,https://www.boligsiden.dk/adresse/tvaerbommen-41-1-th-2820-gentofte-01570895__41__1__th,Mursten,Ikke oplyst,0,R1278
tvaerbommen-41-1-th-2820-gentofte-01570895__41__1__th,"Tværbommen 41, 1. th.",2820.0,Ejerlejlighed,Free Sale,22-08-2018,2450000.0,3,Gentofte,Fjernvarme/blokvarme,/adresse/tvaerbommen-41-1-th-2820-gentofte-01570895__41__1__th,67.0,Tegl,3.0,https://www.boligsiden.dk/adresse/tvaerbommen-41-1-th-2820-gentofte-01570895__41__1__th,Mursten,Ikke oplyst,0,R1279
tvaerbommen-41-1-th-2820-gentofte-01570895__41__1__th,"Tværbommen 41, 1. th.",2820.0,Ejerlejlighed,Free Sale,06-03-2015,1524700.0,3,Gentofte,Fjernvarme/blokvarme,/adresse/tvaerbommen-41-1-th-2820-gentofte-01570895__41__1__th,67.0,Tegl,3.0,https://www.boligsiden.dk/adresse/tvaerbommen-41-1-th-2820-gentofte-01570895__41__1__th,Mursten,Ikke oplyst,0,R1280
broendbyvestervej-60b-0-3-2605-broendby-01530071_60b_st___3,"Brøndbyvestervej 60B, st. 3.",2605.0,Ejerlejlighed,Free Sale,04-03-2025,1535000.0,2,Brøndby,Fjernvarme/blokvarme,/adresse/broendbyvestervej-60b-0-3-2605-broendby-01530071_60b_st___3,46.0,Metal,1.0,https://www.boligsiden.dk/adresse/broendbyvestervej-60b-0-3-2605-broendby-01530071_60b_st___3,Mursten,Ikke oplyst,0,R1281
broendbyvestervej-60b-0-3-2605-broendby-01530071_60b_st___3,"Brøndbyvestervej 60B, st. 3.",2605.0,Ejerlejlighed,Free Sale,14-04-2011,268517.0,2,Brøndby,Fjernvarme/blokvarme,/adresse/broendbyvestervej-60b-0-3-2605-broendby-01530071_60b_st___3,46.0,Metal,1.0,https://www.boligsiden.dk/adresse/broendbyvestervej-60b-0-3-2605-broendby-01530071_60b_st___3,Mursten,Ikke oplyst,0,R1282
rygaards-alle-5d-2900-hellerup-01570665__5d_______,Rygårds Alle 5D,2900.0,Rækkehus,Free Sale,04-03-2025,6225000.0,3,Hellerup,Fjernvarme/blokvarme,/adresse/rygaards-alle-5d-2900-hellerup-01570665__5d_______,109.0,Tegl,4.0,https://www.boligsiden.dk/adresse/rygaards-alle-5d-2900-hellerup-01570665__5d_______,Mursten,Ikke oplyst,0,R1283
rygaards-alle-5d-2900-hellerup-01570665__5d_______,Rygårds Alle 5D,2900.0,Rækkehus,Free Sale,24-08-2016,5450000.0,3,Hellerup,Fjernvarme/blokvarme,/adresse/rygaards-alle-5d-2900-hellerup-01570665__5d_______,109.0,Tegl,4.0,https://www.boligsiden.dk/adresse/rygaards-alle-5d-2900-hellerup-01570665__5d_______,Mursten,Ikke oplyst,0,R1284
rygaards-alle-5d-2900-hellerup-01570665__5d_______,Rygårds Alle 5D,2900.0,Rækkehus,Free Sale,11-08-2013,4200000.0,3,Hellerup,Fjernvarme/blokvarme,/adresse/rygaards-alle-5d-2900-hellerup-01570665__5d_______,109.0,Tegl,4.0,https://www.boligsiden.dk/adresse/rygaards-alle-5d-2900-hellerup-01570665__5d_______,Mursten,Ikke oplyst,0,R1285
elmevej-6-2600-glostrup-01610104___6_______,Elmevej 6,2600.0,Villa,Free Sale,04-03-2025,5050000.0,3,Glostrup,Centralvarme med én fyringsenhed,/adresse/elmevej-6-2600-glostrup-01610104___6_______,149.0,Tegl,6.0,https://www.boligsiden.dk/adresse/elmevej-6-2600-glostrup-01610104___6_______,Mursten,180.5,0,R1286
elmevej-6-2600-glostrup-01610104___6_______,Elmevej 6,2600.0,Villa,Free Sale,09-09-2021,2199500.0,3,Glostrup,Centralvarme med én fyringsenhed,/adresse/elmevej-6-2600-glostrup-01610104___6_______,149.0,Tegl,6.0,https://www.boligsiden.dk/adresse/elmevej-6-2600-glostrup-01610104___6_______,Mursten,180.5,0,R1287
elmevej-6-2600-glostrup-01610104___6_______,Elmevej 6,2600.0,Villa,Free Sale,12-03-2015,2895000.0,3,Glostrup,Centralvarme med én fyringsenhed,/adresse/elmevej-6-2600-glostrup-01610104___6_______,149.0,Tegl,6.0,https://www.boligsiden.dk/adresse/elmevej-6-2600-glostrup-01610104___6_______,Mursten,180.5,0,R1288
ejgaardsparken-4-1-th-2920-charlottenlund-01570173___4__1__th,"Ejgårdsparken 4, 1. th.",2920.0,Ejerlejlighed,Free Sale,04-03-2025,9650000.0,3,Charlottenlund,Fjernvarme/blokvarme,/adresse/ejgaardsparken-4-1-th-2920-charlottenlund-01570173___4__1__th,115.0,Tagpap med stor hældning,3.0,https://www.boligsiden.dk/adresse/ejgaardsparken-4-1-th-2920-charlottenlund-01570173___4__1__th,Mursten,Ikke oplyst,0,R1289
ejgaardsparken-4-1-th-2920-charlottenlund-01570173___4__1__th,"Ejgårdsparken 4, 1. th.",2920.0,Ejerlejlighed,Free Sale,07-01-2008,5100000.0,3,Charlottenlund,Fjernvarme/blokvarme,/adresse/ejgaardsparken-4-1-th-2920-charlottenlund-01570173___4__1__th,115.0,Tagpap med stor hældning,3.0,https://www.boligsiden.dk/adresse/ejgaardsparken-4-1-th-2920-charlottenlund-01570173___4__1__th,Mursten,Ikke oplyst,0,R1290
ejgaardsparken-4-1-th-2920-charlottenlund-01570173___4__1__th,"Ejgårdsparken 4, 1. th.",2920.0,Ejerlejlighed,Free Sale,01-11-2006,4395000.0,3,Charlottenlund,Fjernvarme/blokvarme,/adresse/ejgaardsparken-4-1-th-2920-charlottenlund-01570173___4__1__th,115.0,Tagpap med stor hældning,3.0,https://www.boligsiden.dk/adresse/ejgaardsparken-4-1-th-2920-charlottenlund-01570173___4__1__th,Mursten,Ikke oplyst,0,R1291
tranevaenget-6-1-tv-2900-hellerup-01570883___6__1__tv,"Tranevænget 6, 1. tv.",2900.0,Ejerlejlighed,Free Sale,04-03-2025,9350000.0,3,Hellerup,Fjernvarme/blokvarme,/adresse/tranevaenget-6-1-tv-2900-hellerup-01570883___6__1__tv,142.0,Tegl,5.0,https://www.boligsiden.dk/adresse/tranevaenget-6-1-tv-2900-hellerup-01570883___6__1__tv,Mursten,Ikke oplyst,0,R1292
tranevaenget-6-1-tv-2900-hellerup-01570883___6__1__tv,"Tranevænget 6, 1. tv.",2900.0,Ejerlejlighed,Free Sale,19-12-2016,5995000.0,3,Hellerup,Fjernvarme/blokvarme,/adresse/tranevaenget-6-1-tv-2900-hellerup-01570883___6__1__tv,142.0,Tegl,5.0,https://www.boligsiden.dk/adresse/tranevaenget-6-1-tv-2900-hellerup-01570883___6__1__tv,Mursten,Ikke oplyst,0,R1293
roskildevej-327-2-th-2610-roedovre-01750690_327__2__th,"Roskildevej 327, 2. th.",2610.0,Ejerlejlighed,Free Sale,04-03-2025,2820000.0,3,Rødovre,Fjernvarme/blokvarme,/adresse/roskildevej-327-2-th-2610-roedovre-01750690_327__2__th,104.0,Tegl,4.0,https://www.boligsiden.dk/adresse/roskildevej-327-2-th-2610-roedovre-01750690_327__2__th,Mursten,Ikke oplyst,0,R1294
roskildevej-327-2-th-2610-roedovre-01750690_327__2__th,"Roskildevej 327, 2. th.",2610.0,Ejerlejlighed,Family Sale,31-10-2021,1490000.0,3,Rødovre,Fjernvarme/blokvarme,/adresse/roskildevej-327-2-th-2610-roedovre-01750690_327__2__th,104.0,Tegl,4.0,https://www.boligsiden.dk/adresse/roskildevej-327-2-th-2610-roedovre-01750690_327__2__th,Mursten,Ikke oplyst,0,R1295
roskildevej-327-2-th-2610-roedovre-01750690_327__2__th,"Roskildevej 327, 2. th.",2610.0,Ejerlejlighed,Free Sale,05-04-2015,1875000.0,3,Rødovre,Fjernvarme/blokvarme,/adresse/roskildevej-327-2-th-2610-roedovre-01750690_327__2__th,104.0,Tegl,4.0,https://www.boligsiden.dk/adresse/roskildevej-327-2-th-2610-roedovre-01750690_327__2__th,Mursten,Ikke oplyst,0,R1296
kikkerthoejen-10-2800-kongens-lyngby-01730422__10_______,Kikkerthøjen 10,2800.0,Villa,Free Sale,04-03-2025,7000000.0,2,Kongens Lyngby,Centralvarme med én fyringsenhed,/adresse/kikkerthoejen-10-2800-kongens-lyngby-01730422__10_______,113.0,Fibercement herunder asbest,5.0,https://www.boligsiden.dk/adresse/kikkerthoejen-10-2800-kongens-lyngby-01730422__10_______,Mursten,124,0,R1297
kikkerthoejen-10-2800-kongens-lyngby-01730422__10_______,Kikkerthøjen 10,2800.0,Villa,Free Sale,24-02-2003,2450000.0,2,Kongens Lyngby,Centralvarme med én fyringsenhed,/adresse/kikkerthoejen-10-2800-kongens-lyngby-01730422__10_______,113.0,Fibercement herunder asbest,5.0,https://www.boligsiden.dk/adresse/kikkerthoejen-10-2800-kongens-lyngby-01730422__10_______,Mursten,124,0,R1298
brogaardsvaenget-4-1-th-2820-gentofte-01570088___4__1__th,"Brogårdsvænget 4, 1. th.",2820.0,Ejerlejlighed,Free Sale,04-03-2025,8000000.0,3,Gentofte,Centralvarme med én fyringsenhed,/adresse/brogaardsvaenget-4-1-th-2820-gentofte-01570088___4__1__th,190.0,Fibercement herunder asbest,6.0,https://www.boligsiden.dk/adresse/brogaardsvaenget-4-1-th-2820-gentofte-01570088___4__1__th,Mursten,Ikke oplyst,0,R1299
brogaardsvaenget-4-1-th-2820-gentofte-01570088___4__1__th,"Brogårdsvænget 4, 1. th.",2820.0,Ejerlejlighed,Family Sale,19-07-2018,2000000.0,3,Gentofte,Centralvarme med én fyringsenhed,/adresse/brogaardsvaenget-4-1-th-2820-gentofte-01570088___4__1__th,190.0,Fibercement herunder asbest,6.0,https://www.boligsiden.dk/adresse/brogaardsvaenget-4-1-th-2820-gentofte-01570088___4__1__th,Mursten,Ikke oplyst,0,R1300
brogaardsvaenget-4-1-th-2820-gentofte-01570088___4__1__th,"Brogårdsvænget 4, 1. th.",2820.0,Ejerlejlighed,Free Sale,25-01-2012,2563000.0,3,Gentofte,Centralvarme med én fyringsenhed,/adresse/brogaardsvaenget-4-1-th-2820-gentofte-01570088___4__1__th,190.0,Fibercement herunder asbest,6.0,https://www.boligsiden.dk/adresse/brogaardsvaenget-4-1-th-2820-gentofte-01570088___4__1__th,Mursten,Ikke oplyst,0,R1301
tvaerbommen-39-1-th-2820-gentofte-01570895__39__1__th,"Tværbommen 39, 1. th.",2820.0,Ejerlejlighed,Free Sale,04-03-2025,2550000.0,2,Gentofte,Fjernvarme/blokvarme,/adresse/tvaerbommen-39-1-th-2820-gentofte-01570895__39__1__th,65.0,Tegl,3.0,https://www.boligsiden.dk/adresse/tvaerbommen-39-1-th-2820-gentofte-01570895__39__1__th,Mursten,Ikke oplyst,0,R1302
tvaerbommen-39-1-th-2820-gentofte-01570895__39__1__th,"Tværbommen 39, 1. th.",2820.0,Ejerlejlighed,Free Sale,10-03-2014,1150000.0,2,Gentofte,Fjernvarme/blokvarme,/adresse/tvaerbommen-39-1-th-2820-gentofte-01570895__39__1__th,65.0,Tegl,3.0,https://www.boligsiden.dk/adresse/tvaerbommen-39-1-th-2820-gentofte-01570895__39__1__th,Mursten,Ikke oplyst,0,R1303
vadgaardsvej-2-2-1-2860-soeborg-01590927___2__2___1,"Vadgårdsvej 2, 2. 1.",2860.0,Ejerlejlighed,Free Sale,03-03-2025,1825000.0,3,Søborg,Fjernvarme/blokvarme,/adresse/vadgaardsvej-2-2-1-2860-soeborg-01590927___2__2___1,44.0,Tagpap med stor hældning,2.0,https://www.boligsiden.dk/adresse/vadgaardsvej-2-2-1-2860-soeborg-01590927___2__2___1,Mursten,Ikke oplyst,0,R1304
vadgaardsvej-2-2-1-2860-soeborg-01590927___2__2___1,"Vadgårdsvej 2, 2. 1.",2860.0,Ejerlejlighed,Free Sale,21-08-2019,1545000.0,3,Søborg,Fjernvarme/blokvarme,/adresse/vadgaardsvej-2-2-1-2860-soeborg-01590927___2__2___1,44.0,Tagpap med stor hældning,2.0,https://www.boligsiden.dk/adresse/vadgaardsvej-2-2-1-2860-soeborg-01590927___2__2___1,Mursten,Ikke oplyst,0,R1305
vadgaardsvej-2-2-1-2860-soeborg-01590927___2__2___1,"Vadgårdsvej 2, 2. 1.",2860.0,Ejerlejlighed,Free Sale,07-06-2016,1195000.0,3,Søborg,Fjernvarme/blokvarme,/adresse/vadgaardsvej-2-2-1-2860-soeborg-01590927___2__2___1,44.0,Tagpap med stor hældning,2.0,https://www.boligsiden.dk/adresse/vadgaardsvej-2-2-1-2860-soeborg-01590927___2__2___1,Mursten,Ikke oplyst,0,R1306
roedovrevej-314-1-2610-roedovre-01750705_314__1____,"Rødovrevej 314, 1.",2610.0,Ejerlejlighed,Free Sale,03-03-2025,3950000.0,3,Rødovre,Varmepumpe,/adresse/roedovrevej-314-1-2610-roedovre-01750705_314__1____,111.0,Fibercement herunder asbest,4.0,https://www.boligsiden.dk/adresse/roedovrevej-314-1-2610-roedovre-01750705_314__1____,Mursten,Ikke oplyst,0,R1307
roedovrevej-314-1-2610-roedovre-01750705_314__1____,"Rødovrevej 314, 1.",2610.0,Ejerlejlighed,Free Sale,27-04-2009,1500000.0,3,Rødovre,Varmepumpe,/adresse/roedovrevej-314-1-2610-roedovre-01750705_314__1____,111.0,Fibercement herunder asbest,4.0,https://www.boligsiden.dk/adresse/roedovrevej-314-1-2610-roedovre-01750705_314__1____,Mursten,Ikke oplyst,0,R1308
roedovrevej-314-1-2610-roedovre-01750705_314__1____,"Rødovrevej 314, 1.",2610.0,Ejerlejlighed,Free Sale,27-04-2009,1500000.0,3,Rødovre,Varmepumpe,/adresse/roedovrevej-314-1-2610-roedovre-01750705_314__1____,111.0,Fibercement herunder asbest,4.0,https://www.boligsiden.dk/adresse/roedovrevej-314-1-2610-roedovre-01750705_314__1____,Mursten,Ikke oplyst,0,R1309
hvidovrevej-88-2-tv-2610-roedovre-01674032__88__2__tv,"Hvidovrevej 88, 2. tv.",2610.0,Ejerlejlighed,Free Sale,03-03-2025,1650000.0,3,Rødovre,Ovn til fast og flydende brændsel,/adresse/hvidovrevej-88-2-tv-2610-roedovre-01674032__88__2__tv,54.0,Tegl,2.0,https://www.boligsiden.dk/adresse/hvidovrevej-88-2-tv-2610-roedovre-01674032__88__2__tv,Mursten,Ikke oplyst,0,R1310
hvidovrevej-88-2-tv-2610-roedovre-01674032__88__2__tv,"Hvidovrevej 88, 2. tv.",2610.0,Ejerlejlighed,Free Sale,26-04-2022,1655000.0,3,Rødovre,Ovn til fast og flydende brændsel,/adresse/hvidovrevej-88-2-tv-2610-roedovre-01674032__88__2__tv,54.0,Tegl,2.0,https://www.boligsiden.dk/adresse/hvidovrevej-88-2-tv-2610-roedovre-01674032__88__2__tv,Mursten,Ikke oplyst,0,R1311
hvidovrevej-88-2-tv-2610-roedovre-01674032__88__2__tv,"Hvidovrevej 88, 2. tv.",2610.0,Ejerlejlighed,Free Sale,21-11-2019,1270000.0,3,Rødovre,Ovn til fast og flydende brændsel,/adresse/hvidovrevej-88-2-tv-2610-roedovre-01674032__88__2__tv,54.0,Tegl,2.0,https://www.boligsiden.dk/adresse/hvidovrevej-88-2-tv-2610-roedovre-01674032__88__2__tv,Mursten,Ikke oplyst,0,R1312
lindevangshusene-106-0-tv-2630-taastrup-01694520_106_st__tv,"Lindevangshusene 106, st. tv.",2630.0,Ejerlejlighed,Free Sale,03-03-2025,1785000.0,3,Taastrup,Fjernvarme/blokvarme,/adresse/lindevangshusene-106-0-tv-2630-taastrup-01694520_106_st__tv,68.0,Betontagsten,2.0,https://www.boligsiden.dk/adresse/lindevangshusene-106-0-tv-2630-taastrup-01694520_106_st__tv,Mursten,Ikke oplyst,0,R1313
lindevangshusene-106-0-tv-2630-taastrup-01694520_106_st__tv,"Lindevangshusene 106, st. tv.",2630.0,Ejerlejlighed,Free Sale,17-10-2010,1175000.0,3,Taastrup,Fjernvarme/blokvarme,/adresse/lindevangshusene-106-0-tv-2630-taastrup-01694520_106_st__tv,68.0,Betontagsten,2.0,https://www.boligsiden.dk/adresse/lindevangshusene-106-0-tv-2630-taastrup-01694520_106_st__tv,Mursten,Ikke oplyst,0,R1314
lindevangshusene-106-0-tv-2630-taastrup-01694520_106_st__tv,"Lindevangshusene 106, st. tv.",2630.0,Ejerlejlighed,Free Sale,07-09-1993,410865.0,3,Taastrup,Fjernvarme/blokvarme,/adresse/lindevangshusene-106-0-tv-2630-taastrup-01694520_106_st__tv,68.0,Betontagsten,2.0,https://www.boligsiden.dk/adresse/lindevangshusene-106-0-tv-2630-taastrup-01694520_106_st__tv,Mursten,Ikke oplyst,0,R1315
nybrovej-247-0-th-2800-kongens-lyngby-01730614_247_st__th,"Nybrovej 247, st. th.",2800.0,Rækkehus,Family Sale,03-03-2025,2450000.0,3,Kongens Lyngby,Centralvarme med én fyringsenhed,/adresse/nybrovej-247-0-th-2800-kongens-lyngby-01730614_247_st__th,129.0,Tagpap med stor hældning,5.0,https://www.boligsiden.dk/adresse/nybrovej-247-0-th-2800-kongens-lyngby-01730614_247_st__th,Mursten,261.75,0,R1316
nybrovej-247-0-th-2800-kongens-lyngby-01730614_247_st__th,"Nybrovej 247, st. th.",2800.0,Rækkehus,Free Sale,17-09-2024,4150000.0,3,Kongens Lyngby,Centralvarme med én fyringsenhed,/adresse/nybrovej-247-0-th-2800-kongens-lyngby-01730614_247_st__th,129.0,Tagpap med stor hældning,5.0,https://www.boligsiden.dk/adresse/nybrovej-247-0-th-2800-kongens-lyngby-01730614_247_st__th,Mursten,261.75,0,R1317
nybrovej-247-0-th-2800-kongens-lyngby-01730614_247_st__th,"Nybrovej 247, st. th.",2800.0,Rækkehus,Free Sale,07-06-2007,3000000.0,3,Kongens Lyngby,Centralvarme med én fyringsenhed,/adresse/nybrovej-247-0-th-2800-kongens-lyngby-01730614_247_st__th,129.0,Tagpap med stor hældning,5.0,https://www.boligsiden.dk/adresse/nybrovej-247-0-th-2800-kongens-lyngby-01730614_247_st__th,Mursten,261.75,0,R1318
hyldegaards-tvaervej-15a-1-th-2920-charlottenlund-01570376_15a__1__th,"Hyldegårds Tværvej 15A, 1. th.",2920.0,Ejerlejlighed,Free Sale,03-03-2025,2500000.0,3,Charlottenlund,Fjernvarme/blokvarme,/adresse/hyldegaards-tvaervej-15a-1-th-2920-charlottenlund-01570376_15a__1__th,50.0,Tagpap med stor hældning,2.0,https://www.boligsiden.dk/adresse/hyldegaards-tvaervej-15a-1-th-2920-charlottenlund-01570376_15a__1__th,Mursten,Ikke oplyst,0,R1319
hyldegaards-tvaervej-15a-1-th-2920-charlottenlund-01570376_15a__1__th,"Hyldegårds Tværvej 15A, 1. th.",2920.0,Ejerlejlighed,Free Sale,30-11-2021,2350000.0,3,Charlottenlund,Fjernvarme/blokvarme,/adresse/hyldegaards-tvaervej-15a-1-th-2920-charlottenlund-01570376_15a__1__th,50.0,Tagpap med stor hældning,2.0,https://www.boligsiden.dk/adresse/hyldegaards-tvaervej-15a-1-th-2920-charlottenlund-01570376_15a__1__th,Mursten,Ikke oplyst,0,R1320
hyldegaards-tvaervej-15a-1-th-2920-charlottenlund-01570376_15a__1__th,"Hyldegårds Tværvej 15A, 1. th.",2920.0,Ejerlejlighed,Free Sale,08-11-2020,2100000.0,3,Charlottenlund,Fjernvarme/blokvarme,/adresse/hyldegaards-tvaervej-15a-1-th-2920-charlottenlund-01570376_15a__1__th,50.0,Tagpap med stor hældning,2.0,https://www.boligsiden.dk/adresse/hyldegaards-tvaervej-15a-1-th-2920-charlottenlund-01570376_15a__1__th,Mursten,Ikke oplyst,0,R1321
slettetoften-35-2630-taastrup-01697011__35_______,Slettetoften 35,2630.0,Villa,Free Sale,03-03-2025,3350000.0,1,Taastrup,Fjernvarme/blokvarme,/adresse/slettetoften-35-2630-taastrup-01697011__35_______,128.0,Fibercement uden asbest,4.0,https://www.boligsiden.dk/adresse/slettetoften-35-2630-taastrup-01697011__35_______,Mursten,132,0,R1322
nybrovej-247-0-tv-2800-kongens-lyngby-01730614_247_st__tv,"Nybrovej 247, st. tv.",2800.0,Rækkehus,Family Sale,03-03-2025,2450000.0,3,Kongens Lyngby,Centralvarme med én fyringsenhed,/adresse/nybrovej-247-0-tv-2800-kongens-lyngby-01730614_247_st__tv,113.0,Tagpap med stor hældning,4.0,https://www.boligsiden.dk/adresse/nybrovej-247-0-tv-2800-kongens-lyngby-01730614_247_st__tv,Mursten,261.75,0,R1323
nybrovej-247-0-tv-2800-kongens-lyngby-01730614_247_st__tv,"Nybrovej 247, st. tv.",2800.0,Rækkehus,Free Sale,17-09-2024,4150000.0,3,Kongens Lyngby,Centralvarme med én fyringsenhed,/adresse/nybrovej-247-0-tv-2800-kongens-lyngby-01730614_247_st__tv,113.0,Tagpap med stor hældning,4.0,https://www.boligsiden.dk/adresse/nybrovej-247-0-tv-2800-kongens-lyngby-01730614_247_st__tv,Mursten,261.75,0,R1324
nybrovej-247-0-tv-2800-kongens-lyngby-01730614_247_st__tv,"Nybrovej 247, st. tv.",2800.0,Rækkehus,Free Sale,07-06-2007,3000000.0,3,Kongens Lyngby,Centralvarme med én fyringsenhed,/adresse/nybrovej-247-0-tv-2800-kongens-lyngby-01730614_247_st__tv,113.0,Tagpap med stor hældning,4.0,https://www.boligsiden.dk/adresse/nybrovej-247-0-tv-2800-kongens-lyngby-01730614_247_st__tv,Mursten,261.75,0,R1325
lavager-7-2620-albertslund-01650296___7_______,Lavager 7,2620.0,Villa,Free Sale,03-03-2025,4000000.0,1,Albertslund,Fjernvarme/blokvarme,/adresse/lavager-7-2620-albertslund-01650296___7_______,136.0,Fibercement herunder asbest,4.0,https://www.boligsiden.dk/adresse/lavager-7-2620-albertslund-01650296___7_______,Mursten,167.7,0,R1326
taastrup-hovedgade-40-6-62-2630-taastrup-01694250__40__6__62,"Taastrup Hovedgade 40, 6. 62.",2630.0,Ejerlejlighed,Free Sale,02-03-2025,1595000.0,3,Taastrup,Fjernvarme/blokvarme,/adresse/taastrup-hovedgade-40-6-62-2630-taastrup-01694250__40__6__62,67.0,Fibercement herunder asbest,2.0,https://www.boligsiden.dk/adresse/taastrup-hovedgade-40-6-62-2630-taastrup-01694250__40__6__62,Mursten,Ikke oplyst,0,R1327
taastrup-hovedgade-40-6-62-2630-taastrup-01694250__40__6__62,"Taastrup Hovedgade 40, 6. 62.",2630.0,Ejerlejlighed,Free Sale,11-04-2021,1600000.0,3,Taastrup,Fjernvarme/blokvarme,/adresse/taastrup-hovedgade-40-6-62-2630-taastrup-01694250__40__6__62,67.0,Fibercement herunder asbest,2.0,https://www.boligsiden.dk/adresse/taastrup-hovedgade-40-6-62-2630-taastrup-01694250__40__6__62,Mursten,Ikke oplyst,0,R1328
taastrup-hovedgade-40-6-62-2630-taastrup-01694250__40__6__62,"Taastrup Hovedgade 40, 6. 62.",2630.0,Ejerlejlighed,Free Sale,25-10-2018,1475000.0,3,Taastrup,Fjernvarme/blokvarme,/adresse/taastrup-hovedgade-40-6-62-2630-taastrup-01694250__40__6__62,67.0,Fibercement herunder asbest,2.0,https://www.boligsiden.dk/adresse/taastrup-hovedgade-40-6-62-2630-taastrup-01694250__40__6__62,Mursten,Ikke oplyst,0,R1329
augustvej-89-2860-soeborg-01590033__89_______,Augustvej 89,2860.0,Villa,Free Sale,02-03-2025,4500000.0,2,Søborg,Centralvarme med én fyringsenhed,/adresse/augustvej-89-2860-soeborg-01590033__89_______,136.0,Fibercement uden asbest,4.0,https://www.boligsiden.dk/adresse/augustvej-89-2860-soeborg-01590033__89_______,Mursten,137.15,0,R1330
augustvej-89-2860-soeborg-01590033__89_______,Augustvej 89,2860.0,Villa,Free Sale,28-10-1996,1005192.0,2,Søborg,Centralvarme med én fyringsenhed,/adresse/augustvej-89-2860-soeborg-01590033__89_______,136.0,Fibercement uden asbest,4.0,https://www.boligsiden.dk/adresse/augustvej-89-2860-soeborg-01590033__89_______,Mursten,137.15,0,R1331
ishoej-bygade-109-2635-ishoej-01830290_109_______,,,Villa,Free Sale,02-03-2025,3450000.0,3,,,,,,,,,,0,R1332
ishoej-bygade-109-2635-ishoej-01830290_109_______,,,Villa,Family Sale,01-04-2015,722500.0,3,,,,,,,,,,0,R1333
ishoej-bygade-109-2635-ishoej-01830290_109_______,,,Villa,Free Sale,01-05-2000,1360000.0,3,,,,,,,,,,0,R1334
naesborgvej-12-1-th-2650-hvidovre-01676123__12__1__th,"Næsborgvej 12, 1. th.",2650.0,Ejerlejlighed,Free Sale,01-03-2025,2085000.0,1,Hvidovre,Fjernvarme/blokvarme,/adresse/naesborgvej-12-1-th-2650-hvidovre-01676123__12__1__th,73.0,Fibercement uden asbest,3.0,https://www.boligsiden.dk/adresse/naesborgvej-12-1-th-2650-hvidovre-01676123__12__1__th,Mursten,Ikke oplyst,0,R1335
hoejstrupvej-25-2665-vallensbaek-strand-01873408__25_______,Højstrupvej 25,2665.0,Villa,Family Sale,01-03-2025,3000000.0,2,Vallensbæk Strand,Centralvarme med én fyringsenhed,/adresse/hoejstrupvej-25-2665-vallensbaek-strand-01873408__25_______,216.0,Tagpap med stor hældning,6.0,https://www.boligsiden.dk/adresse/hoejstrupvej-25-2665-vallensbaek-strand-01873408__25_______,Træ,215.7,0,R1336
hoejstrupvej-25-2665-vallensbaek-strand-01873408__25_______,Højstrupvej 25,2665.0,Villa,Free Sale,09-02-2017,2775000.0,2,Vallensbæk Strand,Centralvarme med én fyringsenhed,/adresse/hoejstrupvej-25-2665-vallensbaek-strand-01873408__25_______,216.0,Tagpap med stor hældning,6.0,https://www.boligsiden.dk/adresse/hoejstrupvej-25-2665-vallensbaek-strand-01873408__25_______,Træ,215.7,0,R1337
soegaardsvej-5a-2-tv-2820-gentofte-01570827__5a__2__tv,"Søgårdsvej 5A, 2. tv.",2820.0,Ejerlejlighed,Free Sale,01-03-2025,3270000.0,3,Gentofte,Fjernvarme/blokvarme,/adresse/soegaardsvej-5a-2-tv-2820-gentofte-01570827__5a__2__tv,68.0,Tegl,2.0,https://www.boligsiden.dk/adresse/soegaardsvej-5a-2-tv-2820-gentofte-01570827__5a__2__tv,Mursten,Ikke oplyst,0,R1338
soegaardsvej-5a-2-tv-2820-gentofte-01570827__5a__2__tv,"Søgårdsvej 5A, 2. tv.",2820.0,Ejerlejlighed,Free Sale,10-08-2014,1800000.0,3,Gentofte,Fjernvarme/blokvarme,/adresse/soegaardsvej-5a-2-tv-2820-gentofte-01570827__5a__2__tv,68.0,Tegl,2.0,https://www.boligsiden.dk/adresse/soegaardsvej-5a-2-tv-2820-gentofte-01570827__5a__2__tv,Mursten,Ikke oplyst,0,R1339
soegaardsvej-5a-2-tv-2820-gentofte-01570827__5a__2__tv,"Søgårdsvej 5A, 2. tv.",2820.0,Ejerlejlighed,Free Sale,13-09-1998,969340.0,3,Gentofte,Fjernvarme/blokvarme,/adresse/soegaardsvej-5a-2-tv-2820-gentofte-01570827__5a__2__tv,68.0,Tegl,2.0,https://www.boligsiden.dk/adresse/soegaardsvej-5a-2-tv-2820-gentofte-01570827__5a__2__tv,Mursten,Ikke oplyst,0,R1340
elmehusene-74-2600-glostrup-01650087__74_______,Elmehusene 74,2600.0,Rækkehus,Free Sale,01-03-2025,2735000.0,3,Glostrup,Fjernvarme/blokvarme,/adresse/elmehusene-74-2600-glostrup-01650087__74_______,96.0,Fibercement herunder asbest,4.0,https://www.boligsiden.dk/adresse/elmehusene-74-2600-glostrup-01650087__74_______,Betonelementer,97.5,0,R1341
elmehusene-74-2600-glostrup-01650087__74_______,Elmehusene 74,2600.0,Rækkehus,Free Sale,30-07-2018,2130000.0,3,Glostrup,Fjernvarme/blokvarme,/adresse/elmehusene-74-2600-glostrup-01650087__74_______,96.0,Fibercement herunder asbest,4.0,https://www.boligsiden.dk/adresse/elmehusene-74-2600-glostrup-01650087__74_______,Betonelementer,97.5,0,R1342
elmehusene-74-2600-glostrup-01650087__74_______,Elmehusene 74,2600.0,Rækkehus,Free Sale,26-11-2014,1725000.0,3,Glostrup,Fjernvarme/blokvarme,/adresse/elmehusene-74-2600-glostrup-01650087__74_______,96.0,Fibercement herunder asbest,4.0,https://www.boligsiden.dk/adresse/elmehusene-74-2600-glostrup-01650087__74_______,Betonelementer,97.5,0,R1343
hoeje-taastrup-vej-3e-2630-taastrup-01693248__3e_______,Høje Taastrup Vej 3E,2630.0,Ejerlejlighed,Free Sale,01-03-2025,3000000.0,3,Taastrup,Fjernvarme/blokvarme,/adresse/hoeje-taastrup-vej-3e-2630-taastrup-01693248__3e_______,138.0,Tagpap med stor hældning,5.0,https://www.boligsiden.dk/adresse/hoeje-taastrup-vej-3e-2630-taastrup-01693248__3e_______,Betonelementer,Ikke oplyst,0,R1344
hoeje-taastrup-vej-3e-2630-taastrup-01693248__3e_______,Høje Taastrup Vej 3E,2630.0,Ejerlejlighed,Free Sale,23-10-2023,2700000.0,3,Taastrup,Fjernvarme/blokvarme,/adresse/hoeje-taastrup-vej-3e-2630-taastrup-01693248__3e_______,138.0,Tagpap med stor hældning,5.0,https://www.boligsiden.dk/adresse/hoeje-taastrup-vej-3e-2630-taastrup-01693248__3e_______,Betonelementer,Ikke oplyst,0,R1345
hoeje-taastrup-vej-3e-2630-taastrup-01693248__3e_______,Høje Taastrup Vej 3E,2630.0,Ejerlejlighed,Free Sale,23-08-2007,2295000.0,3,Taastrup,Fjernvarme/blokvarme,/adresse/hoeje-taastrup-vej-3e-2630-taastrup-01693248__3e_______,138.0,Tagpap med stor hældning,5.0,https://www.boligsiden.dk/adresse/hoeje-taastrup-vej-3e-2630-taastrup-01693248__3e_______,Betonelementer,Ikke oplyst,0,R1346
nordvang-16-2640-hedehusene-01695468__16_______,Nordvang 16,2640.0,Villa,Free Sale,01-03-2025,2350000.0,2,Hedehusene,Fjernvarme/blokvarme,/adresse/nordvang-16-2640-hedehusene-01695468__16_______,110.0,Fibercement herunder asbest,3.0,https://www.boligsiden.dk/adresse/nordvang-16-2640-hedehusene-01695468__16_______,Letbetonsten,118.75,0,R1347
nordvang-16-2640-hedehusene-01695468__16_______,Nordvang 16,2640.0,Villa,Free Sale,08-12-1992,714550.0,2,Hedehusene,Fjernvarme/blokvarme,/adresse/nordvang-16-2640-hedehusene-01695468__16_______,110.0,Fibercement herunder asbest,3.0,https://www.boligsiden.dk/adresse/nordvang-16-2640-hedehusene-01695468__16_______,Letbetonsten,118.75,0,R1348
bavneaasen-11-2640-hedehusene-01690330__11_______,Bavneåsen 11,2640.0,Rækkehus,Free Sale,01-03-2025,3365000.0,3,Hedehusene,Elvarme,/adresse/bavneaasen-11-2640-hedehusene-01690330__11_______,104.0,Fibercement herunder asbest,3.0,https://www.boligsiden.dk/adresse/bavneaasen-11-2640-hedehusene-01690330__11_______,Mursten,105.8,0,R1349
bavneaasen-11-2640-hedehusene-01690330__11_______,Bavneåsen 11,2640.0,Rækkehus,Free Sale,11-03-2022,3150000.0,3,Hedehusene,Elvarme,/adresse/bavneaasen-11-2640-hedehusene-01690330__11_______,104.0,Fibercement herunder asbest,3.0,https://www.boligsiden.dk/adresse/bavneaasen-11-2640-hedehusene-01690330__11_______,Mursten,105.8,0,R1350
bavneaasen-11-2640-hedehusene-01690330__11_______,Bavneåsen 11,2640.0,Rækkehus,Free Sale,26-06-2013,1400000.0,3,Hedehusene,Elvarme,/adresse/bavneaasen-11-2640-hedehusene-01690330__11_______,104.0,Fibercement herunder asbest,3.0,https://www.boligsiden.dk/adresse/bavneaasen-11-2640-hedehusene-01690330__11_______,Mursten,105.8,0,R1351
bagsvaerdvej-103-0-2800-kongens-lyngby-01590045_103_st____,"Bagsværdvej 103, st.",2800.0,Ejerlejlighed,Free Sale,01-03-2025,3275000.0,3,Kongens Lyngby,Centralvarme med én fyringsenhed,/adresse/bagsvaerdvej-103-0-2800-kongens-lyngby-01590045_103_st____,109.0,Tagpap med stor hældning,4.0,https://www.boligsiden.dk/adresse/bagsvaerdvej-103-0-2800-kongens-lyngby-01590045_103_st____,Mursten,Ikke oplyst,0,R1352
bagsvaerdvej-103-0-2800-kongens-lyngby-01590045_103_st____,"Bagsværdvej 103, st.",2800.0,Ejerlejlighed,Free Sale,12-10-2020,3200000.0,3,Kongens Lyngby,Centralvarme med én fyringsenhed,/adresse/bagsvaerdvej-103-0-2800-kongens-lyngby-01590045_103_st____,109.0,Tagpap med stor hældning,4.0,https://www.boligsiden.dk/adresse/bagsvaerdvej-103-0-2800-kongens-lyngby-01590045_103_st____,Mursten,Ikke oplyst,0,R1353
bagsvaerdvej-103-0-2800-kongens-lyngby-01590045_103_st____,"Bagsværdvej 103, st.",2800.0,Ejerlejlighed,Free Sale,12-10-2020,3200000.0,3,Kongens Lyngby,Centralvarme med én fyringsenhed,/adresse/bagsvaerdvej-103-0-2800-kongens-lyngby-01590045_103_st____,109.0,Tagpap med stor hældning,4.0,https://www.boligsiden.dk/adresse/bagsvaerdvej-103-0-2800-kongens-lyngby-01590045_103_st____,Mursten,Ikke oplyst,0,R1354
kirkebjerg-parkvej-2a-3-tv-2600-glostrup-01610245__2a__3__tv,"Kirkebjerg Parkvej 2A, 3. tv.",2600.0,Ejerlejlighed,Family Sale,28-02-2025,1739000.0,2,Glostrup,Fjernvarme/blokvarme,/adresse/kirkebjerg-parkvej-2a-3-tv-2600-glostrup-01610245__2a__3__tv,107.0,Tagpap med lille hældning,4.0,https://www.boligsiden.dk/adresse/kirkebjerg-parkvej-2a-3-tv-2600-glostrup-01610245__2a__3__tv,Mursten,Ikke oplyst,0,R1355
kirkebjerg-parkvej-2a-3-tv-2600-glostrup-01610245__2a__3__tv,"Kirkebjerg Parkvej 2A, 3. tv.",2600.0,Ejerlejlighed,Free Sale,08-04-2020,3045000.0,2,Glostrup,Fjernvarme/blokvarme,/adresse/kirkebjerg-parkvej-2a-3-tv-2600-glostrup-01610245__2a__3__tv,107.0,Tagpap med lille hældning,4.0,https://www.boligsiden.dk/adresse/kirkebjerg-parkvej-2a-3-tv-2600-glostrup-01610245__2a__3__tv,Mursten,Ikke oplyst,0,R1356
brentedalen-6g-2635-ishoej-01830085__6g_______,Brentedalen 6G,2635.0,Villa,Family Sale,28-02-2025,2750000.0,3,Ishøj,Centralvarme med én fyringsenhed,/adresse/brentedalen-6g-2635-ishoej-01830085__6g_______,189.0,Tegl,5.0,https://www.boligsiden.dk/adresse/brentedalen-6g-2635-ishoej-01830085__6g_______,Mursten,191.65,0,R1357
brentedalen-6g-2635-ishoej-01830085__6g_______,Brentedalen 6G,2635.0,Villa,Other,09-05-2023,5250000.0,3,Ishøj,Centralvarme med én fyringsenhed,/adresse/brentedalen-6g-2635-ishoej-01830085__6g_______,189.0,Tegl,5.0,https://www.boligsiden.dk/adresse/brentedalen-6g-2635-ishoej-01830085__6g_______,Mursten,191.65,0,R1358
brentedalen-6g-2635-ishoej-01830085__6g_______,Brentedalen 6G,2635.0,Villa,Free Sale,28-12-2021,6800000.0,3,Ishøj,Centralvarme med én fyringsenhed,/adresse/brentedalen-6g-2635-ishoej-01830085__6g_______,189.0,Tegl,5.0,https://www.boligsiden.dk/adresse/brentedalen-6g-2635-ishoej-01830085__6g_______,Mursten,191.65,0,R1359
vejledalen-274-2635-ishoej-01830854_274_______,Vejledalen 274,2635.0,Rækkehus,Free Sale,28-02-2025,2195000.0,3,Ishøj,Fjernvarme/blokvarme,/adresse/vejledalen-274-2635-ishoej-01830854_274_______,81.0,Betontagsten,4.0,https://www.boligsiden.dk/adresse/vejledalen-274-2635-ishoej-01830854_274_______,Træ,79.1,0,R1360
vejledalen-274-2635-ishoej-01830854_274_______,Vejledalen 274,2635.0,Rækkehus,Family Sale,03-12-2019,895000.0,3,Ishøj,Fjernvarme/blokvarme,/adresse/vejledalen-274-2635-ishoej-01830854_274_______,81.0,Betontagsten,4.0,https://www.boligsiden.dk/adresse/vejledalen-274-2635-ishoej-01830854_274_______,Træ,79.1,0,R1361
vejledalen-274-2635-ishoej-01830854_274_______,Vejledalen 274,2635.0,Rækkehus,Free Sale,01-03-2000,835000.0,3,Ishøj,Fjernvarme/blokvarme,/adresse/vejledalen-274-2635-ishoej-01830854_274_______,81.0,Betontagsten,4.0,https://www.boligsiden.dk/adresse/vejledalen-274-2635-ishoej-01830854_274_______,Træ,79.1,0,R1362
vesterhusvej-14-2610-roedovre-01750953__14_______,Vesterhusvej 14,2610.0,Villa,Free Sale,28-02-2025,6300000.0,2,Rødovre,Centralvarme med én fyringsenhed,/adresse/vesterhusvej-14-2610-roedovre-01750953__14_______,159.0,Betontagsten,6.0,https://www.boligsiden.dk/adresse/vesterhusvej-14-2610-roedovre-01750953__14_______,Mursten,166.6,0,R1363
vesterhusvej-14-2610-roedovre-01750953__14_______,Vesterhusvej 14,2610.0,Villa,Free Sale,23-10-2017,2625000.0,2,Rødovre,Centralvarme med én fyringsenhed,/adresse/vesterhusvej-14-2610-roedovre-01750953__14_______,159.0,Betontagsten,6.0,https://www.boligsiden.dk/adresse/vesterhusvej-14-2610-roedovre-01750953__14_______,Mursten,166.6,0,R1364
snogegaardsvej-4-2-th-2820-gentofte-01570761___4__2__th,"Snogegårdsvej 4, 2. th.",2820.0,Ejerlejlighed,Free Sale,28-02-2025,1400000.0,3,Gentofte,Fjernvarme/blokvarme,/adresse/snogegaardsvej-4-2-th-2820-gentofte-01570761___4__2__th,53.0,Tagpap med stor hældning,2.0,https://www.boligsiden.dk/adresse/snogegaardsvej-4-2-th-2820-gentofte-01570761___4__2__th,Mursten,Ikke oplyst,0,R1365
snogegaardsvej-4-2-th-2820-gentofte-01570761___4__2__th,"Snogegårdsvej 4, 2. th.",2820.0,Ejerlejlighed,Other,04-05-2011,1200000.0,3,Gentofte,Fjernvarme/blokvarme,/adresse/snogegaardsvej-4-2-th-2820-gentofte-01570761___4__2__th,53.0,Tagpap med stor hældning,2.0,https://www.boligsiden.dk/adresse/snogegaardsvej-4-2-th-2820-gentofte-01570761___4__2__th,Mursten,Ikke oplyst,0,R1366
snogegaardsvej-4-2-th-2820-gentofte-01570761___4__2__th,"Snogegårdsvej 4, 2. th.",2820.0,Ejerlejlighed,Free Sale,07-01-2008,1000000.0,3,Gentofte,Fjernvarme/blokvarme,/adresse/snogegaardsvej-4-2-th-2820-gentofte-01570761___4__2__th,53.0,Tagpap med stor hældning,2.0,https://www.boligsiden.dk/adresse/snogegaardsvej-4-2-th-2820-gentofte-01570761___4__2__th,Mursten,Ikke oplyst,0,R1367
ejbydalsvej-71-2600-glostrup-01610090__71_______,Ejbydalsvej 71,2600.0,Villa,Free Sale,28-02-2025,3725000.0,1,Glostrup,Centralvarme med én fyringsenhed,/adresse/ejbydalsvej-71-2600-glostrup-01610090__71_______,162.0,Tegl,5.0,https://www.boligsiden.dk/adresse/ejbydalsvej-71-2600-glostrup-01610090__71_______,Mursten,161.3,0,R1368
muldvad-20-2800-kongens-lyngby-01590580__20_______,Muldvad 20,2800.0,Rækkehus,Free Sale,28-02-2025,5550000.0,3,Kongens Lyngby,Centralvarme med én fyringsenhed,/adresse/muldvad-20-2800-kongens-lyngby-01590580__20_______,87.0,Fibercement herunder asbest,4.0,https://www.boligsiden.dk/adresse/muldvad-20-2800-kongens-lyngby-01590580__20_______,Letbetonsten,106.15,0,R1369
muldvad-20-2800-kongens-lyngby-01590580__20_______,Muldvad 20,2800.0,Rækkehus,Free Sale,03-10-2016,3675000.0,3,Kongens Lyngby,Centralvarme med én fyringsenhed,/adresse/muldvad-20-2800-kongens-lyngby-01590580__20_______,87.0,Fibercement herunder asbest,4.0,https://www.boligsiden.dk/adresse/muldvad-20-2800-kongens-lyngby-01590580__20_______,Letbetonsten,106.15,0,R1370
muldvad-20-2800-kongens-lyngby-01590580__20_______,Muldvad 20,2800.0,Rækkehus,Free Sale,06-12-2009,2400000.0,3,Kongens Lyngby,Centralvarme med én fyringsenhed,/adresse/muldvad-20-2800-kongens-lyngby-01590580__20_______,87.0,Fibercement herunder asbest,4.0,https://www.boligsiden.dk/adresse/muldvad-20-2800-kongens-lyngby-01590580__20_______,Letbetonsten,106.15,0,R1371
taastrup-hovedgade-105-2-2630-taastrup-01694250_105__2____,"Taastrup Hovedgade 105, 2.",2630.0,Ejerlejlighed,Other,28-02-2025,1329949.0,3,Taastrup,Elvarme,/adresse/taastrup-hovedgade-105-2-2630-taastrup-01694250_105__2____,219.0,Tagpap med lille hældning,4.0,https://www.boligsiden.dk/adresse/taastrup-hovedgade-105-2-2630-taastrup-01694250_105__2____,Mursten,Ikke oplyst,0,R1372
taastrup-hovedgade-105-2-2630-taastrup-01694250_105__2____,"Taastrup Hovedgade 105, 2.",2630.0,Ejerlejlighed,Free Sale,19-11-2015,2990000.0,3,Taastrup,Elvarme,/adresse/taastrup-hovedgade-105-2-2630-taastrup-01694250_105__2____,219.0,Tagpap med lille hældning,4.0,https://www.boligsiden.dk/adresse/taastrup-hovedgade-105-2-2630-taastrup-01694250_105__2____,Mursten,Ikke oplyst,0,R1373
taastrup-hovedgade-105-2-2630-taastrup-01694250_105__2____,"Taastrup Hovedgade 105, 2.",2630.0,Ejerlejlighed,Family Sale,19-10-2004,328750.0,3,Taastrup,Elvarme,/adresse/taastrup-hovedgade-105-2-2630-taastrup-01694250_105__2____,219.0,Tagpap med lille hældning,4.0,https://www.boligsiden.dk/adresse/taastrup-hovedgade-105-2-2630-taastrup-01694250_105__2____,Mursten,Ikke oplyst,0,R1374
kloeverholmen-12-2630-taastrup-01693898__12_______,Kløverholmen 12,2630.0,Villa,Free Sale,28-02-2025,5100000.0,2,Taastrup,Fjernvarme/blokvarme,/adresse/kloeverholmen-12-2630-taastrup-01693898__12_______,174.0,Tegl,6.0,https://www.boligsiden.dk/adresse/kloeverholmen-12-2630-taastrup-01693898__12_______,Mursten,177.6,0,R1375
kloeverholmen-12-2630-taastrup-01693898__12_______,Kløverholmen 12,2630.0,Villa,Free Sale,17-05-2004,2400000.0,2,Taastrup,Fjernvarme/blokvarme,/adresse/kloeverholmen-12-2630-taastrup-01693898__12_______,174.0,Tegl,6.0,https://www.boligsiden.dk/adresse/kloeverholmen-12-2630-taastrup-01693898__12_______,Mursten,177.6,0,R1376
hallandsparken-116-2630-taastrup-01692520_116_______,Hallandsparken 116,2630.0,Rækkehus,Free Sale,28-02-2025,2950000.0,3,Taastrup,Fjernvarme/blokvarme,/adresse/hallandsparken-116-2630-taastrup-01692520_116_______,116.0,Betontagsten,5.0,https://www.boligsiden.dk/adresse/hallandsparken-116-2630-taastrup-01692520_116_______,Mursten,117.25,0,R1377
hallandsparken-116-2630-taastrup-01692520_116_______,Hallandsparken 116,2630.0,Rækkehus,Free Sale,23-04-2015,1800000.0,3,Taastrup,Fjernvarme/blokvarme,/adresse/hallandsparken-116-2630-taastrup-01692520_116_______,116.0,Betontagsten,5.0,https://www.boligsiden.dk/adresse/hallandsparken-116-2630-taastrup-01692520_116_______,Mursten,117.25,0,R1378
roedovrevej-38-0-tv-2610-roedovre-01750705__38_st__tv,"Rødovrevej 38, st. tv.",2610.0,Ejerlejlighed,Family Sale,28-02-2025,1750000.0,3,Rødovre,Centralvarme med én fyringsenhed,/adresse/roedovrevej-38-0-tv-2610-roedovre-01750705__38_st__tv,54.0,Tagpap med stor hældning,2.0,https://www.boligsiden.dk/adresse/roedovrevej-38-0-tv-2610-roedovre-01750705__38_st__tv,Mursten,Ikke oplyst,0,R1379
roedovrevej-38-0-tv-2610-roedovre-01750705__38_st__tv,"Rødovrevej 38, st. tv.",2610.0,Ejerlejlighed,Free Sale,22-03-2020,1400000.0,3,Rødovre,Centralvarme med én fyringsenhed,/adresse/roedovrevej-38-0-tv-2610-roedovre-01750705__38_st__tv,54.0,Tagpap med stor hældning,2.0,https://www.boligsiden.dk/adresse/roedovrevej-38-0-tv-2610-roedovre-01750705__38_st__tv,Mursten,Ikke oplyst,0,R1380
roedovrevej-38-0-tv-2610-roedovre-01750705__38_st__tv,"Rødovrevej 38, st. tv.",2610.0,Ejerlejlighed,Family Sale,18-01-2015,920000.0,3,Rødovre,Centralvarme med én fyringsenhed,/adresse/roedovrevej-38-0-tv-2610-roedovre-01750705__38_st__tv,54.0,Tagpap med stor hældning,2.0,https://www.boligsiden.dk/adresse/roedovrevej-38-0-tv-2610-roedovre-01750705__38_st__tv,Mursten,Ikke oplyst,0,R1381
vejlebrovej-103-2-th-2635-ishoej-01830850_103__2__th,"Vejlebrovej 103, 2. th.",2635.0,Ejerlejlighed,Other,28-02-2025,2375000.0,3,Ishøj,Fjernvarme/blokvarme,/adresse/vejlebrovej-103-2-th-2635-ishoej-01830850_103__2__th,93.0,Tagpap med stor hældning,3.0,https://www.boligsiden.dk/adresse/vejlebrovej-103-2-th-2635-ishoej-01830850_103__2__th,Mursten,Ikke oplyst,0,R1382
vejlebrovej-103-2-th-2635-ishoej-01830850_103__2__th,"Vejlebrovej 103, 2. th.",2635.0,Ejerlejlighed,Free Sale,09-02-2022,2650000.0,3,Ishøj,Fjernvarme/blokvarme,/adresse/vejlebrovej-103-2-th-2635-ishoej-01830850_103__2__th,93.0,Tagpap med stor hældning,3.0,https://www.boligsiden.dk/adresse/vejlebrovej-103-2-th-2635-ishoej-01830850_103__2__th,Mursten,Ikke oplyst,0,R1383
vejlebrovej-103-2-th-2635-ishoej-01830850_103__2__th,"Vejlebrovej 103, 2. th.",2635.0,Ejerlejlighed,Free Sale,26-02-2002,1490000.0,3,Ishøj,Fjernvarme/blokvarme,/adresse/vejlebrovej-103-2-th-2635-ishoej-01830850_103__2__th,93.0,Tagpap med stor hældning,3.0,https://www.boligsiden.dk/adresse/vejlebrovej-103-2-th-2635-ishoej-01830850_103__2__th,Mursten,Ikke oplyst,0,R1384
aabrinken-20-2830-virum-01730890__20_______,Åbrinken 20,2830.0,Rækkehus,Free Sale,28-02-2025,6900000.0,3,Virum,Fjernvarme/blokvarme,/adresse/aabrinken-20-2830-virum-01730890__20_______,149.0,Fibercement uden asbest,6.0,https://www.boligsiden.dk/adresse/aabrinken-20-2830-virum-01730890__20_______,Fibercement herunder asbest,152.75,0,R1385
aabrinken-20-2830-virum-01730890__20_______,Åbrinken 20,2830.0,Rækkehus,Free Sale,20-06-2017,4950000.0,3,Virum,Fjernvarme/blokvarme,/adresse/aabrinken-20-2830-virum-01730890__20_______,149.0,Fibercement uden asbest,6.0,https://www.boligsiden.dk/adresse/aabrinken-20-2830-virum-01730890__20_______,Fibercement herunder asbest,152.75,0,R1386
aabrinken-20-2830-virum-01730890__20_______,Åbrinken 20,2830.0,Rækkehus,Free Sale,30-07-2004,2484114.0,3,Virum,Fjernvarme/blokvarme,/adresse/aabrinken-20-2830-virum-01730890__20_______,149.0,Fibercement uden asbest,6.0,https://www.boligsiden.dk/adresse/aabrinken-20-2830-virum-01730890__20_______,Fibercement herunder asbest,152.75,0,R1387
virumbakken-18-2830-virum-01730864__18_______,,,Villa,Free Sale,28-02-2025,9900000.0,3,,,,,,,,,,0,R1388
virumbakken-18-2830-virum-01730864__18_______,,,Villa,Family Sale,01-04-2002,1225625.0,3,,,,,,,,,,0,R1389
virumbakken-18-2830-virum-01730864__18_______,,,Villa,Free Sale,28-04-1996,1599000.0,3,,,,,,,,,,0,R1390
benvedvaenget-5-2830-virum-01730053___5_______,Benvedvænget 5,2830.0,Rækkehus,Family Sale,28-02-2025,4362400.0,2,Virum,Centralvarme med én fyringsenhed,/adresse/benvedvaenget-5-2830-virum-01730053___5_______,135.0,Tegl,6.0,https://www.boligsiden.dk/adresse/benvedvaenget-5-2830-virum-01730053___5_______,Mursten,169.8,0,R1391
benvedvaenget-5-2830-virum-01730053___5_______,Benvedvænget 5,2830.0,Rækkehus,Family Sale,29-03-1992,550000.0,2,Virum,Centralvarme med én fyringsenhed,/adresse/benvedvaenget-5-2830-virum-01730053___5_______,135.0,Tegl,6.0,https://www.boligsiden.dk/adresse/benvedvaenget-5-2830-virum-01730053___5_______,Mursten,169.8,0,R1392
lehwaldsvej-5-4-l-2800-kongens-lyngby-01730505___5__4___l,"Lehwaldsvej 5, 4. l.",2800.0,Ejerlejlighed,Free Sale,28-02-2025,3450000.0,1,Kongens Lyngby,Fjernvarme/blokvarme,/adresse/lehwaldsvej-5-4-l-2800-kongens-lyngby-01730505___5__4___l,101.0,Tagpap med stor hældning,3.0,https://www.boligsiden.dk/adresse/lehwaldsvej-5-4-l-2800-kongens-lyngby-01730505___5__4___l,Letbetonsten,Ikke oplyst,0,R1393
granparken-79-2800-kongens-lyngby-01730298__79_______,Granparken 79,2800.0,Rækkehus,Free Sale,28-02-2025,6300000.0,2,Kongens Lyngby,Fjernvarme/blokvarme,/adresse/granparken-79-2800-kongens-lyngby-01730298__79_______,127.0,Fibercement herunder asbest,4.0,https://www.boligsiden.dk/adresse/granparken-79-2800-kongens-lyngby-01730298__79_______,Mursten,133,0,R1394
granparken-79-2800-kongens-lyngby-01730298__79_______,Granparken 79,2800.0,Rækkehus,Free Sale,12-05-2023,4720000.0,2,Kongens Lyngby,Fjernvarme/blokvarme,/adresse/granparken-79-2800-kongens-lyngby-01730298__79_______,127.0,Fibercement herunder asbest,4.0,https://www.boligsiden.dk/adresse/granparken-79-2800-kongens-lyngby-01730298__79_______,Mursten,133,0,R1395
soeager-25-2820-gentofte-01570816__25_______,Søager 25,2820.0,Villa,Free Sale,28-02-2025,8175000.0,3,Gentofte,Fjernvarme/blokvarme,/adresse/soeager-25-2820-gentofte-01570816__25_______,140.0,Tegl,4.0,https://www.boligsiden.dk/adresse/soeager-25-2820-gentofte-01570816__25_______,Mursten,195.5,0,R1396
soeager-25-2820-gentofte-01570816__25_______,Søager 25,2820.0,Villa,Free Sale,14-02-2013,4350000.0,3,Gentofte,Fjernvarme/blokvarme,/adresse/soeager-25-2820-gentofte-01570816__25_______,140.0,Tegl,4.0,https://www.boligsiden.dk/adresse/soeager-25-2820-gentofte-01570816__25_______,Mursten,195.5,0,R1397
soeager-25-2820-gentofte-01570816__25_______,Søager 25,2820.0,Villa,Free Sale,08-09-2008,4645000.0,3,Gentofte,Fjernvarme/blokvarme,/adresse/soeager-25-2820-gentofte-01570816__25_______,140.0,Tegl,4.0,https://www.boligsiden.dk/adresse/soeager-25-2820-gentofte-01570816__25_______,Mursten,195.5,0,R1398
pilegaardsvej-48-0-th-2860-soeborg-01590651__48_st__th,"Pilegårdsvej 48, st. th.",2860.0,Ejerlejlighed,Free Sale,28-02-2025,1790000.0,3,Søborg,Fjernvarme/blokvarme,/adresse/pilegaardsvej-48-0-th-2860-soeborg-01590651__48_st__th,55.0,Fibercement herunder asbest,2.0,https://www.boligsiden.dk/adresse/pilegaardsvej-48-0-th-2860-soeborg-01590651__48_st__th,Mursten,Ikke oplyst,0,R1399
pilegaardsvej-48-0-th-2860-soeborg-01590651__48_st__th,"Pilegårdsvej 48, st. th.",2860.0,Ejerlejlighed,Free Sale,21-02-2018,1385000.0,3,Søborg,Fjernvarme/blokvarme,/adresse/pilegaardsvej-48-0-th-2860-soeborg-01590651__48_st__th,55.0,Fibercement herunder asbest,2.0,https://www.boligsiden.dk/adresse/pilegaardsvej-48-0-th-2860-soeborg-01590651__48_st__th,Mursten,Ikke oplyst,0,R1400
pilegaardsvej-48-0-th-2860-soeborg-01590651__48_st__th,"Pilegårdsvej 48, st. th.",2860.0,Ejerlejlighed,Free Sale,15-11-2004,955000.0,3,Søborg,Fjernvarme/blokvarme,/adresse/pilegaardsvej-48-0-th-2860-soeborg-01590651__48_st__th,55.0,Fibercement herunder asbest,2.0,https://www.boligsiden.dk/adresse/pilegaardsvej-48-0-th-2860-soeborg-01590651__48_st__th,Mursten,Ikke oplyst,0,R1401
muldvad-51-2800-kongens-lyngby-01590580__51_______,Muldvad 51,2800.0,Rækkehus,Family Sale,28-02-2025,3250000.0,3,Kongens Lyngby,Centralvarme med én fyringsenhed,/adresse/muldvad-51-2800-kongens-lyngby-01590580__51_______,104.0,Fibercement herunder asbest,5.0,https://www.boligsiden.dk/adresse/muldvad-51-2800-kongens-lyngby-01590580__51_______,Letbetonsten,131.7,0,R1402
muldvad-51-2800-kongens-lyngby-01590580__51_______,Muldvad 51,2800.0,Rækkehus,Free Sale,19-01-2008,3670000.0,3,Kongens Lyngby,Centralvarme med én fyringsenhed,/adresse/muldvad-51-2800-kongens-lyngby-01590580__51_______,104.0,Fibercement herunder asbest,5.0,https://www.boligsiden.dk/adresse/muldvad-51-2800-kongens-lyngby-01590580__51_______,Letbetonsten,131.7,0,R1403
muldvad-51-2800-kongens-lyngby-01590580__51_______,Muldvad 51,2800.0,Rækkehus,Free Sale,14-04-1998,1108805.0,3,Kongens Lyngby,Centralvarme med én fyringsenhed,/adresse/muldvad-51-2800-kongens-lyngby-01590580__51_______,104.0,Fibercement herunder asbest,5.0,https://www.boligsiden.dk/adresse/muldvad-51-2800-kongens-lyngby-01590580__51_______,Letbetonsten,131.7,0,R1404
roentoftevej-4-0-2870-dyssegaard-01570672___4_st____,"Røntoftevej 4, st.",2870.0,Villalejlighed,Free Sale,28-02-2025,7050000.0,3,Dyssegård,Fjernvarme/blokvarme,/adresse/roentoftevej-4-0-2870-dyssegaard-01570672___4_st____,98.0,Tegl,4.0,https://www.boligsiden.dk/adresse/roentoftevej-4-0-2870-dyssegaard-01570672___4_st____,Mursten,Ikke oplyst,0,R1405
roentoftevej-4-0-2870-dyssegaard-01570672___4_st____,"Røntoftevej 4, st.",2870.0,Villalejlighed,Free Sale,31-10-2019,5150000.0,3,Dyssegård,Fjernvarme/blokvarme,/adresse/roentoftevej-4-0-2870-dyssegaard-01570672___4_st____,98.0,Tegl,4.0,https://www.boligsiden.dk/adresse/roentoftevej-4-0-2870-dyssegaard-01570672___4_st____,Mursten,Ikke oplyst,0,R1406
roentoftevej-4-0-2870-dyssegaard-01570672___4_st____,"Røntoftevej 4, st.",2870.0,Villalejlighed,Other,25-04-2018,1831000.0,3,Dyssegård,Fjernvarme/blokvarme,/adresse/roentoftevej-4-0-2870-dyssegaard-01570672___4_st____,98.0,Tegl,4.0,https://www.boligsiden.dk/adresse/roentoftevej-4-0-2870-dyssegaard-01570672___4_st____,Mursten,Ikke oplyst,0,R1407
ericavej-163-2-307-2820-gentofte-01570203_163__2_307,"Ericavej 163, 2. 307.",2820.0,Ejerlejlighed,Free Sale,28-02-2025,1600000.0,3,Gentofte,Centralvarme med én fyringsenhed,/adresse/ericavej-163-2-307-2820-gentofte-01570203_163__2_307,50.0,Fibercement herunder asbest,1.0,https://www.boligsiden.dk/adresse/ericavej-163-2-307-2820-gentofte-01570203_163__2_307,Mursten,Ikke oplyst,0,R1408
ericavej-163-2-307-2820-gentofte-01570203_163__2_307,"Ericavej 163, 2. 307.",2820.0,Ejerlejlighed,Free Sale,02-01-2020,1520000.0,3,Gentofte,Centralvarme med én fyringsenhed,/adresse/ericavej-163-2-307-2820-gentofte-01570203_163__2_307,50.0,Fibercement herunder asbest,1.0,https://www.boligsiden.dk/adresse/ericavej-163-2-307-2820-gentofte-01570203_163__2_307,Mursten,Ikke oplyst,0,R1409
ericavej-163-2-307-2820-gentofte-01570203_163__2_307,"Ericavej 163, 2. 307.",2820.0,Ejerlejlighed,Free Sale,30-05-2016,1175000.0,3,Gentofte,Centralvarme med én fyringsenhed,/adresse/ericavej-163-2-307-2820-gentofte-01570203_163__2_307,50.0,Fibercement herunder asbest,1.0,https://www.boligsiden.dk/adresse/ericavej-163-2-307-2820-gentofte-01570203_163__2_307,Mursten,Ikke oplyst,0,R1410
callisensvej-14-3-tv-2900-hellerup-01570103__14__3__tv,"Callisensvej 14, 3. tv.",2900.0,Ejerlejlighed,Free Sale,28-02-2025,6400000.0,3,Hellerup,Fjernvarme/blokvarme,/adresse/callisensvej-14-3-tv-2900-hellerup-01570103__14__3__tv,109.0,Fibercement herunder asbest,4.0,https://www.boligsiden.dk/adresse/callisensvej-14-3-tv-2900-hellerup-01570103__14__3__tv,Mursten,Ikke oplyst,0,R1411
callisensvej-14-3-tv-2900-hellerup-01570103__14__3__tv,"Callisensvej 14, 3. tv.",2900.0,Ejerlejlighed,Free Sale,31-01-2019,4650000.0,3,Hellerup,Fjernvarme/blokvarme,/adresse/callisensvej-14-3-tv-2900-hellerup-01570103__14__3__tv,109.0,Fibercement herunder asbest,4.0,https://www.boligsiden.dk/adresse/callisensvej-14-3-tv-2900-hellerup-01570103__14__3__tv,Mursten,Ikke oplyst,0,R1412
callisensvej-14-3-tv-2900-hellerup-01570103__14__3__tv,"Callisensvej 14, 3. tv.",2900.0,Ejerlejlighed,Free Sale,05-01-2005,2798000.0,3,Hellerup,Fjernvarme/blokvarme,/adresse/callisensvej-14-3-tv-2900-hellerup-01570103__14__3__tv,109.0,Fibercement herunder asbest,4.0,https://www.boligsiden.dk/adresse/callisensvej-14-3-tv-2900-hellerup-01570103__14__3__tv,Mursten,Ikke oplyst,0,R1413
rytterdammen-8-2605-broendby-01530573___8_______,Rytterdammen 8,2605.0,Rækkehus,Free Sale,28-02-2025,3600000.0,2,Brøndby,Fjernvarme/blokvarme,/adresse/rytterdammen-8-2605-broendby-01530573___8_______,93.0,Betontagsten,4.0,https://www.boligsiden.dk/adresse/rytterdammen-8-2605-broendby-01530573___8_______,Mursten,95.6,0,R1414
rytterdammen-8-2605-broendby-01530573___8_______,Rytterdammen 8,2605.0,Rækkehus,Free Sale,01-08-1994,652751.0,2,Brøndby,Fjernvarme/blokvarme,/adresse/rytterdammen-8-2605-broendby-01530573___8_______,93.0,Betontagsten,4.0,https://www.boligsiden.dk/adresse/rytterdammen-8-2605-broendby-01530573___8_______,Mursten,95.6,0,R1415
vaseholmen-26-2760-maaloev-01510811__26_______,Vaseholmen 26,2760.0,Rækkehus,Free Sale,28-02-2025,1566666.0,3,Måløv,Centralvarme med én fyringsenhed,/adresse/vaseholmen-26-2760-maaloev-01510811__26_______,134.0,Andet materiale,5.0,https://www.boligsiden.dk/adresse/vaseholmen-26-2760-maaloev-01510811__26_______,Mursten,134,0,R1416
vaseholmen-26-2760-maaloev-01510811__26_______,Vaseholmen 26,2760.0,Rækkehus,Free Sale,27-02-2012,2700000.0,3,Måløv,Centralvarme med én fyringsenhed,/adresse/vaseholmen-26-2760-maaloev-01510811__26_______,134.0,Andet materiale,5.0,https://www.boligsiden.dk/adresse/vaseholmen-26-2760-maaloev-01510811__26_______,Mursten,134,0,R1417
vaseholmen-26-2760-maaloev-01510811__26_______,Vaseholmen 26,2760.0,Rækkehus,Free Sale,13-08-2003,805000.0,3,Måløv,Centralvarme med én fyringsenhed,/adresse/vaseholmen-26-2760-maaloev-01510811__26_______,134.0,Andet materiale,5.0,https://www.boligsiden.dk/adresse/vaseholmen-26-2760-maaloev-01510811__26_______,Mursten,134,0,R1418
pilehavevaenge-8-2625-vallensbaek-01876391___8_______,Pilehavevænge 8,2625.0,Villa,Free Sale,28-02-2025,4400000.0,1,Vallensbæk,Fjernvarme/blokvarme,/adresse/pilehavevaenge-8-2625-vallensbaek-01876391___8_______,156.0,Andet materiale,6.0,https://www.boligsiden.dk/adresse/pilehavevaenge-8-2625-vallensbaek-01876391___8_______,Mursten,162,0,R1419
roedovre-parkvej-319-2-2610-roedovre-01750702_319__2____,"Rødovre Parkvej 319, 2.",2610.0,Ejerlejlighed,Family Sale,28-02-2025,2600000.0,3,Rødovre,Fjernvarme/blokvarme,/adresse/roedovre-parkvej-319-2-2610-roedovre-01750702_319__2____,90.0,Tagpap med stor hældning,3.0,https://www.boligsiden.dk/adresse/roedovre-parkvej-319-2-2610-roedovre-01750702_319__2____,Mursten,Ikke oplyst,0,R1420
roedovre-parkvej-319-2-2610-roedovre-01750702_319__2____,"Rødovre Parkvej 319, 2.",2610.0,Ejerlejlighed,Free Sale,22-09-2021,2930000.0,3,Rødovre,Fjernvarme/blokvarme,/adresse/roedovre-parkvej-319-2-2610-roedovre-01750702_319__2____,90.0,Tagpap med stor hældning,3.0,https://www.boligsiden.dk/adresse/roedovre-parkvej-319-2-2610-roedovre-01750702_319__2____,Mursten,Ikke oplyst,0,R1421
roedovre-parkvej-319-2-2610-roedovre-01750702_319__2____,"Rødovre Parkvej 319, 2.",2610.0,Ejerlejlighed,Free Sale,08-10-2018,2495000.0,3,Rødovre,Fjernvarme/blokvarme,/adresse/roedovre-parkvej-319-2-2610-roedovre-01750702_319__2____,90.0,Tagpap med stor hældning,3.0,https://www.boligsiden.dk/adresse/roedovre-parkvej-319-2-2610-roedovre-01750702_319__2____,Mursten,Ikke oplyst,0,R1422
islandsvej-22b-2800-kongens-lyngby-01730382_22b_______,Islandsvej 22B,2800.0,Rækkehus,Free Sale,28-02-2025,6595000.0,2,Kongens Lyngby,Centralvarme med én fyringsenhed,/adresse/islandsvej-22b-2800-kongens-lyngby-01730382_22b_______,131.0,Betontagsten,4.0,https://www.boligsiden.dk/adresse/islandsvej-22b-2800-kongens-lyngby-01730382_22b_______,Mursten,Ikke oplyst,0,R1423
islandsvej-22b-2800-kongens-lyngby-01730382_22b_______,Islandsvej 22B,2800.0,Rækkehus,Free Sale,02-07-2018,4475000.0,2,Kongens Lyngby,Centralvarme med én fyringsenhed,/adresse/islandsvej-22b-2800-kongens-lyngby-01730382_22b_______,131.0,Betontagsten,4.0,https://www.boligsiden.dk/adresse/islandsvej-22b-2800-kongens-lyngby-01730382_22b_______,Mursten,Ikke oplyst,0,R1424
phistersvej-9-0-tv-2900-hellerup-01570627___9_st__tv,"Phistersvej 9, st. tv.",2900.0,Ejerlejlighed,Free Sale,28-02-2025,4720000.0,2,Hellerup,Fjernvarme/blokvarme,/adresse/phistersvej-9-0-tv-2900-hellerup-01570627___9_st__tv,77.0,Tagpap med stor hældning,2.0,https://www.boligsiden.dk/adresse/phistersvej-9-0-tv-2900-hellerup-01570627___9_st__tv,Mursten,Ikke oplyst,0,R1425
phistersvej-9-0-tv-2900-hellerup-01570627___9_st__tv,"Phistersvej 9, st. tv.",2900.0,Ejerlejlighed,Free Sale,27-12-1996,837000.0,2,Hellerup,Fjernvarme/blokvarme,/adresse/phistersvej-9-0-tv-2900-hellerup-01570627___9_st__tv,77.0,Tagpap med stor hældning,2.0,https://www.boligsiden.dk/adresse/phistersvej-9-0-tv-2900-hellerup-01570627___9_st__tv,Mursten,Ikke oplyst,0,R1426
ulstrupvej-19-2650-hvidovre-01679140__19_______,Ulstrupvej 19,2650.0,Villa,Free Sale,28-02-2025,6045000.0,1,Hvidovre,Varmepumpe,/adresse/ulstrupvej-19-2650-hvidovre-01679140__19_______,145.0,Tegl,7.0,https://www.boligsiden.dk/adresse/ulstrupvej-19-2650-hvidovre-01679140__19_______,Mursten,179.9,0,R1427
novembervej-11-0-tv-2860-soeborg-01590623__11_st__tv,"Novembervej 11, st. tv.",2860.0,Ejerlejlighed,Free Sale,28-02-2025,1895000.0,3,Søborg,Fjernvarme/blokvarme,/adresse/novembervej-11-0-tv-2860-soeborg-01590623__11_st__tv,55.0,Tegl,2.0,https://www.boligsiden.dk/adresse/novembervej-11-0-tv-2860-soeborg-01590623__11_st__tv,Mursten,Ikke oplyst,0,R1428
novembervej-11-0-tv-2860-soeborg-01590623__11_st__tv,"Novembervej 11, st. tv.",2860.0,Ejerlejlighed,Free Sale,05-04-2022,1780000.0,3,Søborg,Fjernvarme/blokvarme,/adresse/novembervej-11-0-tv-2860-soeborg-01590623__11_st__tv,55.0,Tegl,2.0,https://www.boligsiden.dk/adresse/novembervej-11-0-tv-2860-soeborg-01590623__11_st__tv,Mursten,Ikke oplyst,0,R1429
novembervej-11-0-tv-2860-soeborg-01590623__11_st__tv,"Novembervej 11, st. tv.",2860.0,Ejerlejlighed,Free Sale,29-09-2013,825000.0,3,Søborg,Fjernvarme/blokvarme,/adresse/novembervej-11-0-tv-2860-soeborg-01590623__11_st__tv,55.0,Tegl,2.0,https://www.boligsiden.dk/adresse/novembervej-11-0-tv-2860-soeborg-01590623__11_st__tv,Mursten,Ikke oplyst,0,R1430
muldager-25-2605-broendby-01530441__25_______,Muldager 25,2605.0,Villa,Free Sale,28-02-2025,3000000.0,3,Brøndby,Centralvarme med én fyringsenhed,/adresse/muldager-25-2605-broendby-01530441__25_______,79.0,Fibercement herunder asbest,3.0,https://www.boligsiden.dk/adresse/muldager-25-2605-broendby-01530441__25_______,Letbetonsten,94,0,R1431
muldager-25-2605-broendby-01530441__25_______,Muldager 25,2605.0,Villa,Family Sale,27-01-2022,1232500.0,3,Brøndby,Centralvarme med én fyringsenhed,/adresse/muldager-25-2605-broendby-01530441__25_______,79.0,Fibercement herunder asbest,3.0,https://www.boligsiden.dk/adresse/muldager-25-2605-broendby-01530441__25_______,Letbetonsten,94,0,R1432
muldager-25-2605-broendby-01530441__25_______,Muldager 25,2605.0,Villa,Family Sale,26-05-2021,1232500.0,3,Brøndby,Centralvarme med én fyringsenhed,/adresse/muldager-25-2605-broendby-01530441__25_______,79.0,Fibercement herunder asbest,3.0,https://www.boligsiden.dk/adresse/muldager-25-2605-broendby-01530441__25_______,Letbetonsten,94,0,R1433
havremarksvej-18-2605-broendby-01530226__18_______,Havremarksvej 18,2605.0,Villa,Family Sale,28-02-2025,1000000.0,3,Brøndby,Centralvarme med to fyringsenheder,/adresse/havremarksvej-18-2605-broendby-01530226__18_______,136.0,Betontagsten,5.0,https://www.boligsiden.dk/adresse/havremarksvej-18-2605-broendby-01530226__18_______,Mursten,146.75,0,R1434
havremarksvej-18-2605-broendby-01530226__18_______,Havremarksvej 18,2605.0,Villa,Other,23-10-2013,1568399.0,3,Brøndby,Centralvarme med to fyringsenheder,/adresse/havremarksvej-18-2605-broendby-01530226__18_______,136.0,Betontagsten,5.0,https://www.boligsiden.dk/adresse/havremarksvej-18-2605-broendby-01530226__18_______,Mursten,146.75,0,R1435
havremarksvej-18-2605-broendby-01530226__18_______,Havremarksvej 18,2605.0,Villa,Free Sale,07-09-2006,3195000.0,3,Brøndby,Centralvarme med to fyringsenheder,/adresse/havremarksvej-18-2605-broendby-01530226__18_______,136.0,Betontagsten,5.0,https://www.boligsiden.dk/adresse/havremarksvej-18-2605-broendby-01530226__18_______,Mursten,146.75,0,R1436
koellegaardsvej-57-2730-herlev-01635416__57_______,Køllegårdsvej 57,2730.0,Villa,Free Sale,28-02-2025,4000000.0,1,Herlev,Centralvarme med én fyringsenhed,/adresse/koellegaardsvej-57-2730-herlev-01635416__57_______,95.0,Tegl,4.0,https://www.boligsiden.dk/adresse/koellegaardsvej-57-2730-herlev-01635416__57_______,Letbetonsten,121.5,0,R1437
krebsevej-25-2650-hvidovre-01674958__25_______,Krebsevej 25,2650.0,Villa,Family Sale,28-02-2025,2330500.0,2,Hvidovre,Centralvarme med én fyringsenhed,/adresse/krebsevej-25-2650-hvidovre-01674958__25_______,133.0,Betontagsten,4.0,https://www.boligsiden.dk/adresse/krebsevej-25-2650-hvidovre-01674958__25_______,Mursten,135.7,0,R1438
krebsevej-25-2650-hvidovre-01674958__25_______,Krebsevej 25,2650.0,Villa,Free Sale,06-06-1994,1375000.0,2,Hvidovre,Centralvarme med én fyringsenhed,/adresse/krebsevej-25-2650-hvidovre-01674958__25_______,133.0,Betontagsten,4.0,https://www.boligsiden.dk/adresse/krebsevej-25-2650-hvidovre-01674958__25_______,Mursten,135.7,0,R1439
havlykkevej-18b-2730-herlev-01632708_18b_______,Havlykkevej 18B,2730.0,Rækkehus,Free Sale,28-02-2025,3600000.0,3,Herlev,Elvarme,/adresse/havlykkevej-18b-2730-herlev-01632708_18b_______,94.0,Fibercement herunder asbest,3.0,https://www.boligsiden.dk/adresse/havlykkevej-18b-2730-herlev-01632708_18b_______,Mursten,100,0,R1440
havlykkevej-18b-2730-herlev-01632708_18b_______,Havlykkevej 18B,2730.0,Rækkehus,Free Sale,11-05-2022,1806000.0,3,Herlev,Elvarme,/adresse/havlykkevej-18b-2730-herlev-01632708_18b_______,94.0,Fibercement herunder asbest,3.0,https://www.boligsiden.dk/adresse/havlykkevej-18b-2730-herlev-01632708_18b_______,Mursten,100,0,R1441
havlykkevej-18b-2730-herlev-01632708_18b_______,Havlykkevej 18B,2730.0,Rækkehus,Free Sale,17-08-2016,2425000.0,3,Herlev,Elvarme,/adresse/havlykkevej-18b-2730-herlev-01632708_18b_______,94.0,Fibercement herunder asbest,3.0,https://www.boligsiden.dk/adresse/havlykkevej-18b-2730-herlev-01632708_18b_______,Mursten,100,0,R1442
